solid OpenSCAD_Model
  facet normal 0.0491626 -0.998791 0
    outer loop
      vertex 26 -25 0
      vertex 26.3921 -24.9807 34
      vertex 26 -25 34
    endloop
  endfacet
  facet normal 0.0491626 -0.998791 0
    outer loop
      vertex 26.3921 -24.9807 34
      vertex 26 -25 0
      vertex 26.3921 -24.9807 0
    endloop
  endfacet
  facet normal -0.0491626 0.998791 0
    outer loop
      vertex -26 25 0
      vertex -26.3921 24.9807 34
      vertex -26 25 34
    endloop
  endfacet
  facet normal -0.0491626 0.998791 0
    outer loop
      vertex -26.3921 24.9807 34
      vertex -26 25 0
      vertex -26.3921 24.9807 0
    endloop
  endfacet
  facet normal 0.803137 -0.595794 0
    outer loop
      vertex 29.092 -23.5376 34
      vertex 29.3259 -23.2223 0
      vertex 29.3259 -23.2223 34
    endloop
  endfacet
  facet normal 0.803137 -0.595794 0
    outer loop
      vertex 29.3259 -23.2223 0
      vertex 29.092 -23.5376 34
      vertex 29.092 -23.5376 0
    endloop
  endfacet
  facet normal 0.595794 0.803137 -0
    outer loop
      vertex 28.5376 24.092 0
      vertex 28.2223 24.3259 34
      vertex 28.5376 24.092 34
    endloop
  endfacet
  facet normal 0.595794 0.803137 0
    outer loop
      vertex 28.2223 24.3259 34
      vertex 28.5376 24.092 0
      vertex 28.2223 24.3259 0
    endloop
  endfacet
  facet normal 1 0 0
    outer loop
      vertex 30 21 34
      vertex 30 7 8
      vertex 30 21 0
    endloop
  endfacet
  facet normal 1 0 0
    outer loop
      vertex 30 21 34
      vertex 30 -7 8
      vertex 30 7 8
    endloop
  endfacet
  facet normal 1 -0 0
    outer loop
      vertex 30 -21 34
      vertex 30 -7 8
      vertex 30 21 34
    endloop
  endfacet
  facet normal 1 0 0
    outer loop
      vertex 30 -21 0
      vertex 30 -7 8
      vertex 30 -21 34
    endloop
  endfacet
  facet normal 1 0 0
    outer loop
      vertex 30 -7 8
      vertex 30 -21 0
      vertex 30 -7 0
    endloop
  endfacet
  facet normal 1 0 0
    outer loop
      vertex 30 21 0
      vertex 30 7 8
      vertex 30 7 0
    endloop
  endfacet
  facet normal 0.42744 0.904044 -0
    outer loop
      vertex 27.8856 24.5277 0
      vertex 27.5307 24.6955 34
      vertex 27.8856 24.5277 34
    endloop
  endfacet
  facet normal 0.42744 0.904044 0
    outer loop
      vertex 27.5307 24.6955 34
      vertex 27.8856 24.5277 0
      vertex 27.5307 24.6955 0
    endloop
  endfacet
  facet normal 0 1 -0
    outer loop
      vertex 26 25 0
      vertex -26 25 34
      vertex 26 25 34
    endloop
  endfacet
  facet normal 0 1 0
    outer loop
      vertex -26 25 34
      vertex 26 25 0
      vertex -26 25 0
    endloop
  endfacet
  facet normal -0.671607 0.740908 0
    outer loop
      vertex -28.5376 24.092 0
      vertex -28.8284 23.8284 34
      vertex -28.5376 24.092 34
    endloop
  endfacet
  facet normal -0.671607 0.740908 0
    outer loop
      vertex -28.8284 23.8284 34
      vertex -28.5376 24.092 0
      vertex -28.8284 23.8284 0
    endloop
  endfacet
  facet normal -0.146733 0.989176 0
    outer loop
      vertex -26.3921 24.9807 0
      vertex -26.7804 24.9231 34
      vertex -26.3921 24.9807 34
    endloop
  endfacet
  facet normal -0.146733 0.989176 0
    outer loop
      vertex -26.7804 24.9231 34
      vertex -26.3921 24.9807 0
      vertex -26.7804 24.9231 0
    endloop
  endfacet
  facet normal 0.970068 -0.242835 0
    outer loop
      vertex 29.8278 -22.1611 34
      vertex 29.9231 -21.7804 0
      vertex 29.9231 -21.7804 34
    endloop
  endfacet
  facet normal 0.970068 -0.242835 0
    outer loop
      vertex 29.9231 -21.7804 0
      vertex 29.8278 -22.1611 34
      vertex 29.8278 -22.1611 0
    endloop
  endfacet
  facet normal 0 -1 0
    outer loop
      vertex -26 -25 0
      vertex 26 -25 34
      vertex -26 -25 34
    endloop
  endfacet
  facet normal 0 -1 -0
    outer loop
      vertex 26 -25 34
      vertex -26 -25 0
      vertex 26 -25 0
    endloop
  endfacet
  facet normal -0.803137 0.595794 0
    outer loop
      vertex -29.3259 23.2223 0
      vertex -29.092 23.5376 34
      vertex -29.092 23.5376 0
    endloop
  endfacet
  facet normal -0.803137 0.595794 0
    outer loop
      vertex -29.092 23.5376 34
      vertex -29.3259 23.2223 0
      vertex -29.3259 23.2223 34
    endloop
  endfacet
  facet normal -0.998791 -0.0491626 0
    outer loop
      vertex -29.9807 -21.3921 0
      vertex -30 -21 34
      vertex -30 -21 0
    endloop
  endfacet
  facet normal -0.998791 -0.0491626 0
    outer loop
      vertex -30 -21 34
      vertex -29.9807 -21.3921 0
      vertex -29.9807 -21.3921 34
    endloop
  endfacet
  facet normal -0.904044 0.42744 0
    outer loop
      vertex -29.6955 22.5307 0
      vertex -29.5277 22.8856 34
      vertex -29.5277 22.8856 0
    endloop
  endfacet
  facet normal -0.904044 0.42744 0
    outer loop
      vertex -29.5277 22.8856 34
      vertex -29.6955 22.5307 0
      vertex -29.6955 22.5307 34
    endloop
  endfacet
  facet normal -0.595794 -0.803137 0
    outer loop
      vertex -28.5376 -24.092 0
      vertex -28.2223 -24.3259 34
      vertex -28.5376 -24.092 34
    endloop
  endfacet
  facet normal -0.595794 -0.803137 -0
    outer loop
      vertex -28.2223 -24.3259 34
      vertex -28.5376 -24.092 0
      vertex -28.2223 -24.3259 0
    endloop
  endfacet
  facet normal -0.671607 -0.740908 0
    outer loop
      vertex -28.8284 -23.8284 0
      vertex -28.5376 -24.092 34
      vertex -28.8284 -23.8284 34
    endloop
  endfacet
  facet normal -0.671607 -0.740908 -0
    outer loop
      vertex -28.5376 -24.092 34
      vertex -28.8284 -23.8284 0
      vertex -28.5376 -24.092 0
    endloop
  endfacet
  facet normal -1 0 0
    outer loop
      vertex -30 -7 0
      vertex -30 -21 0
      vertex -30 -7 8
    endloop
  endfacet
  facet normal -1 0 0
    outer loop
      vertex -30 7 8
      vertex -30 21 0
      vertex -30 7 0
    endloop
  endfacet
  facet normal -1 0 0
    outer loop
      vertex -30 21 0
      vertex -30 7 8
      vertex -30 21 34
    endloop
  endfacet
  facet normal -1 0 0
    outer loop
      vertex -30 -7 8
      vertex -30 21 34
      vertex -30 7 8
    endloop
  endfacet
  facet normal -1 0 0
    outer loop
      vertex -30 -21 34
      vertex -30 -7 8
      vertex -30 -21 0
    endloop
  endfacet
  facet normal -1 0 0
    outer loop
      vertex -30 -7 8
      vertex -30 -21 34
      vertex -30 21 34
    endloop
  endfacet
  facet normal 0.970068 0.242835 0
    outer loop
      vertex 29.9231 21.7804 34
      vertex 29.8278 22.1611 0
      vertex 29.8278 22.1611 34
    endloop
  endfacet
  facet normal 0.970068 0.242835 0
    outer loop
      vertex 29.8278 22.1611 0
      vertex 29.9231 21.7804 34
      vertex 29.9231 21.7804 0
    endloop
  endfacet
  facet normal 0.514084 -0.85774 0
    outer loop
      vertex 27.8856 -24.5277 0
      vertex 28.2223 -24.3259 34
      vertex 27.8856 -24.5277 34
    endloop
  endfacet
  facet normal 0.514084 -0.85774 0
    outer loop
      vertex 28.2223 -24.3259 34
      vertex 27.8856 -24.5277 0
      vertex 28.2223 -24.3259 0
    endloop
  endfacet
  facet normal -0.0491626 -0.998791 0
    outer loop
      vertex -26.3921 -24.9807 0
      vertex -26 -25 34
      vertex -26.3921 -24.9807 34
    endloop
  endfacet
  facet normal -0.0491626 -0.998791 -0
    outer loop
      vertex -26 -25 34
      vertex -26.3921 -24.9807 0
      vertex -26 -25 0
    endloop
  endfacet
  facet normal -0.337014 -0.9415 0
    outer loop
      vertex -27.5307 -24.6955 0
      vertex -27.1611 -24.8278 34
      vertex -27.5307 -24.6955 34
    endloop
  endfacet
  facet normal -0.337014 -0.9415 -0
    outer loop
      vertex -27.1611 -24.8278 34
      vertex -27.5307 -24.6955 0
      vertex -27.1611 -24.8278 0
    endloop
  endfacet
  facet normal 0.998791 0.0491626 0
    outer loop
      vertex 30 21 34
      vertex 29.9807 21.3921 0
      vertex 29.9807 21.3921 34
    endloop
  endfacet
  facet normal 0.998791 0.0491626 0
    outer loop
      vertex 29.9807 21.3921 0
      vertex 30 21 34
      vertex 30 21 0
    endloop
  endfacet
  facet normal 0.671607 -0.740908 0
    outer loop
      vertex 28.5376 -24.092 0
      vertex 28.8284 -23.8284 34
      vertex 28.5376 -24.092 34
    endloop
  endfacet
  facet normal 0.671607 -0.740908 0
    outer loop
      vertex 28.8284 -23.8284 34
      vertex 28.5376 -24.092 0
      vertex 28.8284 -23.8284 0
    endloop
  endfacet
  facet normal 0.85774 0.514084 0
    outer loop
      vertex 29.5277 22.8856 34
      vertex 29.3259 23.2223 0
      vertex 29.3259 23.2223 34
    endloop
  endfacet
  facet normal 0.85774 0.514084 0
    outer loop
      vertex 29.3259 23.2223 0
      vertex 29.5277 22.8856 34
      vertex 29.5277 22.8856 0
    endloop
  endfacet
  facet normal -0.514084 -0.85774 0
    outer loop
      vertex -28.2223 -24.3259 0
      vertex -27.8856 -24.5277 34
      vertex -28.2223 -24.3259 34
    endloop
  endfacet
  facet normal -0.514084 -0.85774 -0
    outer loop
      vertex -27.8856 -24.5277 34
      vertex -28.2223 -24.3259 0
      vertex -27.8856 -24.5277 0
    endloop
  endfacet
  facet normal -0.85774 -0.514084 0
    outer loop
      vertex -29.3259 -23.2223 0
      vertex -29.5277 -22.8856 34
      vertex -29.5277 -22.8856 0
    endloop
  endfacet
  facet normal -0.85774 -0.514084 0
    outer loop
      vertex -29.5277 -22.8856 34
      vertex -29.3259 -23.2223 0
      vertex -29.3259 -23.2223 34
    endloop
  endfacet
  facet normal -0.85774 0.514084 0
    outer loop
      vertex -29.5277 22.8856 0
      vertex -29.3259 23.2223 34
      vertex -29.3259 23.2223 0
    endloop
  endfacet
  facet normal -0.85774 0.514084 0
    outer loop
      vertex -29.3259 23.2223 34
      vertex -29.5277 22.8856 0
      vertex -29.5277 22.8856 34
    endloop
  endfacet
  facet normal -0.242835 0.970068 0
    outer loop
      vertex -26.7804 24.9231 0
      vertex -27.1611 24.8278 34
      vertex -26.7804 24.9231 34
    endloop
  endfacet
  facet normal -0.242835 0.970068 0
    outer loop
      vertex -27.1611 24.8278 34
      vertex -26.7804 24.9231 0
      vertex -27.1611 24.8278 0
    endloop
  endfacet
  facet normal 0.337014 0.9415 -0
    outer loop
      vertex 27.5307 24.6955 0
      vertex 27.1611 24.8278 34
      vertex 27.5307 24.6955 34
    endloop
  endfacet
  facet normal 0.337014 0.9415 0
    outer loop
      vertex 27.1611 24.8278 34
      vertex 27.5307 24.6955 0
      vertex 27.1611 24.8278 0
    endloop
  endfacet
  facet normal 0.740908 0.671607 0
    outer loop
      vertex 29.092 23.5376 34
      vertex 28.8284 23.8284 0
      vertex 28.8284 23.8284 34
    endloop
  endfacet
  facet normal 0.740908 0.671607 0
    outer loop
      vertex 28.8284 23.8284 0
      vertex 29.092 23.5376 34
      vertex 29.092 23.5376 0
    endloop
  endfacet
  facet normal 0.242835 0.970068 -0
    outer loop
      vertex 27.1611 24.8278 0
      vertex 26.7804 24.9231 34
      vertex 27.1611 24.8278 34
    endloop
  endfacet
  facet normal 0.242835 0.970068 0
    outer loop
      vertex 26.7804 24.9231 34
      vertex 27.1611 24.8278 0
      vertex 26.7804 24.9231 0
    endloop
  endfacet
  facet normal 0 0 -1
    outer loop
      vertex 29.8278 -22.1611 0
      vertex 26.4993 -20.8014 0
      vertex 29.9231 -21.7804 0
    endloop
  endfacet
  facet normal 0 0 -1
    outer loop
      vertex 26.6918 -19.8334 0
      vertex 30 -21 0
      vertex 26.7 -20 0
    endloop
  endfacet
  facet normal 0 0 -1
    outer loop
      vertex 25.8014 -21.4993 0
      vertex 27.5307 -24.6955 0
      vertex 27.1611 -24.8278 0
    endloop
  endfacet
  facet normal 0 0 -1
    outer loop
      vertex 30 -21 0
      vertex 26.6918 -20.1666 0
      vertex 26.7 -20 0
    endloop
  endfacet
  facet normal 0 0 -1
    outer loop
      vertex 25.8014 -21.4993 0
      vertex 27.1611 -24.8278 0
      vertex 26.7804 -24.9231 0
    endloop
  endfacet
  facet normal 0 0 -1
    outer loop
      vertex 26.6268 -19.5065 0
      vertex 30 -21 0
      vertex 26.6673 -19.6683 0
    endloop
  endfacet
  facet normal 0 0 -1
    outer loop
      vertex 30 -21 0
      vertex 26.6268 -19.5065 0
      vertex 27.6 -16.3325 0
    endloop
  endfacet
  facet normal 0 0 -1
    outer loop
      vertex 26.6673 -19.6683 0
      vertex 30 -21 0
      vertex 26.6918 -19.8334 0
    endloop
  endfacet
  facet normal 0 0 -1
    outer loop
      vertex 30 -21 0
      vertex 26.6673 -20.3317 0
      vertex 26.6918 -20.1666 0
    endloop
  endfacet
  facet normal 0 0 -1
    outer loop
      vertex 30 -21 0
      vertex 26.6268 -20.4935 0
      vertex 26.6673 -20.3317 0
    endloop
  endfacet
  facet normal 0 0 -1
    outer loop
      vertex 29.9807 -21.3921 0
      vertex 26.6268 -20.4935 0
      vertex 30 -21 0
    endloop
  endfacet
  facet normal 0 -0 -1
    outer loop
      vertex 26.6268 -20.4935 0
      vertex 29.9807 -21.3921 0
      vertex 26.5706 -20.6506 0
    endloop
  endfacet
  facet normal 0 0 -1
    outer loop
      vertex 29.9231 -21.7804 0
      vertex 26.5706 -20.6506 0
      vertex 29.9807 -21.3921 0
    endloop
  endfacet
  facet normal 0 0 -1
    outer loop
      vertex 25.6506 -21.5706 0
      vertex 26.7804 -24.9231 0
      vertex 26.3921 -24.9807 0
    endloop
  endfacet
  facet normal 0 -0 -1
    outer loop
      vertex 26.5706 -20.6506 0
      vertex 29.9231 -21.7804 0
      vertex 26.4993 -20.8014 0
    endloop
  endfacet
  facet normal 0 0 -1
    outer loop
      vertex 27.5307 -24.6955 0
      vertex 26.2021 -21.2021 0
      vertex 26.3141 -21.0785 0
    endloop
  endfacet
  facet normal 0 0 -1
    outer loop
      vertex 27.5307 -24.6955 0
      vertex 26.0785 -21.3141 0
      vertex 26.2021 -21.2021 0
    endloop
  endfacet
  facet normal 0 0 -1
    outer loop
      vertex 25.4935 -21.6268 0
      vertex 26.3921 -24.9807 0
      vertex 26 -25 0
    endloop
  endfacet
  facet normal 0 0 -1
    outer loop
      vertex 27.5307 -24.6955 0
      vertex 25.9445 -21.4135 0
      vertex 26.0785 -21.3141 0
    endloop
  endfacet
  facet normal 0 0 -1
    outer loop
      vertex 27.5307 -24.6955 0
      vertex 25.8014 -21.4993 0
      vertex 25.9445 -21.4135 0
    endloop
  endfacet
  facet normal 0 0 -1
    outer loop
      vertex 26.7804 -24.9231 0
      vertex 25.6506 -21.5706 0
      vertex 25.8014 -21.4993 0
    endloop
  endfacet
  facet normal 0 0 -1
    outer loop
      vertex 26.3921 -24.9807 0
      vertex 25.4935 -21.6268 0
      vertex 25.6506 -21.5706 0
    endloop
  endfacet
  facet normal 0 0 -1
    outer loop
      vertex 26 -25 0
      vertex 25.3317 -21.6673 0
      vertex 25.4935 -21.6268 0
    endloop
  endfacet
  facet normal 0 0 -1
    outer loop
      vertex 26 -25 0
      vertex 25.1666 -21.6918 0
      vertex 25.3317 -21.6673 0
    endloop
  endfacet
  facet normal 0 0 -1
    outer loop
      vertex 26 -25 0
      vertex 25 -21.7 0
      vertex 25.1666 -21.6918 0
    endloop
  endfacet
  facet normal 0 0 -1
    outer loop
      vertex 26 -25 0
      vertex 24.8334 -21.6918 0
      vertex 25 -21.7 0
    endloop
  endfacet
  facet normal 0 0 -1
    outer loop
      vertex 26 -25 0
      vertex 24.6683 -21.6673 0
      vertex 24.8334 -21.6918 0
    endloop
  endfacet
  facet normal 0 0 -1
    outer loop
      vertex 26 -25 0
      vertex 24.5065 -21.6268 0
      vertex 24.6683 -21.6673 0
    endloop
  endfacet
  facet normal 0 0 -1
    outer loop
      vertex 26 -25 0
      vertex 24.3494 -21.5706 0
      vertex 24.5065 -21.6268 0
    endloop
  endfacet
  facet normal 0 0 -1
    outer loop
      vertex 21.3325 -22.6 0
      vertex 24.3494 -21.5706 0
      vertex 26 -25 0
    endloop
  endfacet
  facet normal -0 0 -1
    outer loop
      vertex 24.3494 -21.5706 0
      vertex 21.3325 -22.6 0
      vertex 24.1986 -21.4993 0
    endloop
  endfacet
  facet normal -0 0 -1
    outer loop
      vertex 24.1986 -21.4993 0
      vertex 21.3325 -22.6 0
      vertex 24.0555 -21.4135 0
    endloop
  endfacet
  facet normal -0 0 -1
    outer loop
      vertex 24.0555 -21.4135 0
      vertex 21.3325 -22.6 0
      vertex 23.9215 -21.3141 0
    endloop
  endfacet
  facet normal -0 0 -1
    outer loop
      vertex 23.9215 -21.3141 0
      vertex 21.3325 -22.6 0
      vertex 23.7979 -21.2021 0
    endloop
  endfacet
  facet normal -0 0 -1
    outer loop
      vertex 23.7979 -21.2021 0
      vertex 21.3325 -22.6 0
      vertex 23.6859 -21.0785 0
    endloop
  endfacet
  facet normal -0 0 -1
    outer loop
      vertex 23.6859 -21.0785 0
      vertex 21.3325 -22.6 0
      vertex 23.5865 -20.9445 0
    endloop
  endfacet
  facet normal 0 0 -1
    outer loop
      vertex 24.1986 -18.5007 0
      vertex 22.8787 -16.0314 0
      vertex 23.2779 -15.8425 0
    endloop
  endfacet
  facet normal 0 0 -1
    outer loop
      vertex 20.5 -20 0
      vertex 23.3 -20 0
      vertex 23.3082 -20.1666 0
    endloop
  endfacet
  facet normal 0 0 -1
    outer loop
      vertex 23.3082 -19.8334 0
      vertex 22.4999 -16.2584 0
      vertex 22.8787 -16.0314 0
    endloop
  endfacet
  facet normal 0 0 -1
    outer loop
      vertex 20.5217 -20.4411 0
      vertex 23.3082 -20.1666 0
      vertex 23.3327 -20.3317 0
    endloop
  endfacet
  facet normal 0 0 -1
    outer loop
      vertex 23.3082 -19.8334 0
      vertex 22.1452 -16.5215 0
      vertex 22.4999 -16.2584 0
    endloop
  endfacet
  facet normal 0 0 -1
    outer loop
      vertex 20.5865 -20.8779 0
      vertex 23.3327 -20.3317 0
      vertex 23.3732 -20.4935 0
    endloop
  endfacet
  facet normal 0 0 -1
    outer loop
      vertex 23.3082 -19.8334 0
      vertex 21.818 -16.818 0
      vertex 22.1452 -16.5215 0
    endloop
  endfacet
  facet normal 0 0 -1
    outer loop
      vertex 20.6938 -21.3063 0
      vertex 23.3732 -20.4935 0
      vertex 23.4294 -20.6506 0
    endloop
  endfacet
  facet normal 0 0 -1
    outer loop
      vertex 23.3082 -19.8334 0
      vertex 21.5215 -17.1452 0
      vertex 21.818 -16.818 0
    endloop
  endfacet
  facet normal 0 0 -1
    outer loop
      vertex 20.8425 -21.7221 0
      vertex 23.4294 -20.6506 0
      vertex 23.5007 -20.8014 0
    endloop
  endfacet
  facet normal -0 0 -1
    outer loop
      vertex 23.5865 -20.9445 0
      vertex 21.2584 -22.5001 0
      vertex 23.5007 -20.8014 0
    endloop
  endfacet
  facet normal 0 0 -1
    outer loop
      vertex 21.2584 -22.5001 0
      vertex 23.5865 -20.9445 0
      vertex 21.3325 -22.6 0
    endloop
  endfacet
  facet normal 0 0 -1
    outer loop
      vertex 26 -25 0
      vertex -21.3325 -22.6 0
      vertex 21.3325 -22.6 0
    endloop
  endfacet
  facet normal -0 0 -1
    outer loop
      vertex -20.6938 -18.6937 0
      vertex -23.3732 -19.5065 0
      vertex -20.8425 -18.2779 0
    endloop
  endfacet
  facet normal -0 0 -1
    outer loop
      vertex -20.8425 -18.2779 0
      vertex -23.4294 -19.3494 0
      vertex -21.0314 -17.8787 0
    endloop
  endfacet
  facet normal 0 0 -1
    outer loop
      vertex -23.5007 -19.1986 0
      vertex -21.0314 -17.8787 0
      vertex -23.4294 -19.3494 0
    endloop
  endfacet
  facet normal 0 0 -1
    outer loop
      vertex -23.5865 -19.0555 0
      vertex -21.2584 -17.4999 0
      vertex -23.5007 -19.1986 0
    endloop
  endfacet
  facet normal -0 0 -1
    outer loop
      vertex -21.2584 -17.4999 0
      vertex -23.5865 -19.0555 0
      vertex -21.5215 -17.1452 0
    endloop
  endfacet
  facet normal 0 0 -1
    outer loop
      vertex -23.4294 -19.3494 0
      vertex -20.8425 -18.2779 0
      vertex -23.3732 -19.5065 0
    endloop
  endfacet
  facet normal 0 0 -1
    outer loop
      vertex -21.3325 -22.6 0
      vertex -23.3082 -20.1666 0
      vertex -23.3 -20 0
    endloop
  endfacet
  facet normal 0 0 -1
    outer loop
      vertex -21.3325 -22.6 0
      vertex -23.3327 -20.3317 0
      vertex -23.3082 -20.1666 0
    endloop
  endfacet
  facet normal 0 0 -1
    outer loop
      vertex -21.3325 -22.6 0
      vertex -23.3732 -20.4935 0
      vertex -23.3327 -20.3317 0
    endloop
  endfacet
  facet normal 0 0 -1
    outer loop
      vertex -21.3325 -22.6 0
      vertex -23.4294 -20.6506 0
      vertex -23.3732 -20.4935 0
    endloop
  endfacet
  facet normal 0 0 -1
    outer loop
      vertex -21.3325 -22.6 0
      vertex -23.5007 -20.8014 0
      vertex -23.4294 -20.6506 0
    endloop
  endfacet
  facet normal 0 0 -1
    outer loop
      vertex -21.3325 -22.6 0
      vertex -23.5865 -20.9445 0
      vertex -23.5007 -20.8014 0
    endloop
  endfacet
  facet normal 0 0 -1
    outer loop
      vertex -21.3325 -22.6 0
      vertex -23.6859 -21.0785 0
      vertex -23.5865 -20.9445 0
    endloop
  endfacet
  facet normal 0 0 -1
    outer loop
      vertex -21.3325 -22.6 0
      vertex -23.7979 -21.2021 0
      vertex -23.6859 -21.0785 0
    endloop
  endfacet
  facet normal 0 0 -1
    outer loop
      vertex -21.3325 -22.6 0
      vertex -23.9215 -21.3141 0
      vertex -23.7979 -21.2021 0
    endloop
  endfacet
  facet normal 0 0 -1
    outer loop
      vertex -21.3325 -22.6 0
      vertex -24.0555 -21.4135 0
      vertex -23.9215 -21.3141 0
    endloop
  endfacet
  facet normal 0 0 -1
    outer loop
      vertex -21.3325 -22.6 0
      vertex -24.1986 -21.4993 0
      vertex -24.0555 -21.4135 0
    endloop
  endfacet
  facet normal 0 0 -1
    outer loop
      vertex -21.3325 -22.6 0
      vertex -24.3494 -21.5706 0
      vertex -24.1986 -21.4993 0
    endloop
  endfacet
  facet normal 0 0 -1
    outer loop
      vertex -21.3325 -22.6 0
      vertex -24.5065 -21.6268 0
      vertex -24.3494 -21.5706 0
    endloop
  endfacet
  facet normal 0 0 -1
    outer loop
      vertex -26 -25 0
      vertex -24.5065 -21.6268 0
      vertex -21.3325 -22.6 0
    endloop
  endfacet
  facet normal 0 0 -1
    outer loop
      vertex -24.5065 -21.6268 0
      vertex -26 -25 0
      vertex -24.6683 -21.6673 0
    endloop
  endfacet
  facet normal 0 0 -1
    outer loop
      vertex -24.6683 -21.6673 0
      vertex -26 -25 0
      vertex -24.8334 -21.6918 0
    endloop
  endfacet
  facet normal 0 0 -1
    outer loop
      vertex -24.8334 -21.6918 0
      vertex -26 -25 0
      vertex -25 -21.7 0
    endloop
  endfacet
  facet normal -0 0 -1
    outer loop
      vertex -25 -21.7 0
      vertex -26 -25 0
      vertex -25.1666 -21.6918 0
    endloop
  endfacet
  facet normal 0 0 -1
    outer loop
      vertex -26 -25 0
      vertex -21.3325 -22.6 0
      vertex 26 -25 0
    endloop
  endfacet
  facet normal -0 0 -1
    outer loop
      vertex -25.1666 -21.6918 0
      vertex -26 -25 0
      vertex -25.3317 -21.6673 0
    endloop
  endfacet
  facet normal 0 0 -1
    outer loop
      vertex -26 -25 0
      vertex -25.4935 -21.6268 0
      vertex -25.3317 -21.6673 0
    endloop
  endfacet
  facet normal 0 0 -1
    outer loop
      vertex -26.3921 -24.9807 0
      vertex -25.4935 -21.6268 0
      vertex -26 -25 0
    endloop
  endfacet
  facet normal -0 0 -1
    outer loop
      vertex -25.4935 -21.6268 0
      vertex -26.3921 -24.9807 0
      vertex -25.6506 -21.5706 0
    endloop
  endfacet
  facet normal 0 0 -1
    outer loop
      vertex -26.7804 -24.9231 0
      vertex -25.6506 -21.5706 0
      vertex -26.3921 -24.9807 0
    endloop
  endfacet
  facet normal -0 0 -1
    outer loop
      vertex -25.6506 -21.5706 0
      vertex -26.7804 -24.9231 0
      vertex -25.8014 -21.4993 0
    endloop
  endfacet
  facet normal 0 0 -1
    outer loop
      vertex -27.1611 -24.8278 0
      vertex -25.8014 -21.4993 0
      vertex -26.7804 -24.9231 0
    endloop
  endfacet
  facet normal 0 0 -1
    outer loop
      vertex -27.5307 -24.6955 0
      vertex -25.8014 -21.4993 0
      vertex -27.1611 -24.8278 0
    endloop
  endfacet
  facet normal -0 0 -1
    outer loop
      vertex -25.8014 -21.4993 0
      vertex -27.5307 -24.6955 0
      vertex -25.9445 -21.4135 0
    endloop
  endfacet
  facet normal 0 0 -1
    outer loop
      vertex -27.8856 -24.5277 0
      vertex -25.9445 -21.4135 0
      vertex -27.5307 -24.6955 0
    endloop
  endfacet
  facet normal -0 0 -1
    outer loop
      vertex -25.9445 -21.4135 0
      vertex -27.8856 -24.5277 0
      vertex -26.0785 -21.3141 0
    endloop
  endfacet
  facet normal 0 0 -1
    outer loop
      vertex -28.2223 -24.3259 0
      vertex -26.0785 -21.3141 0
      vertex -27.8856 -24.5277 0
    endloop
  endfacet
  facet normal 0 0 -1
    outer loop
      vertex -28.5376 -24.092 0
      vertex -26.0785 -21.3141 0
      vertex -28.2223 -24.3259 0
    endloop
  endfacet
  facet normal -0 0 -1
    outer loop
      vertex -26.0785 -21.3141 0
      vertex -28.5376 -24.092 0
      vertex -26.2021 -21.2021 0
    endloop
  endfacet
  facet normal 0 0 -1
    outer loop
      vertex -28.8284 -23.8284 0
      vertex -26.2021 -21.2021 0
      vertex -28.5376 -24.092 0
    endloop
  endfacet
  facet normal 0 0 -1
    outer loop
      vertex -29.092 -23.5376 0
      vertex -26.2021 -21.2021 0
      vertex -28.8284 -23.8284 0
    endloop
  endfacet
  facet normal -0 0 -1
    outer loop
      vertex -26.2021 -21.2021 0
      vertex -29.092 -23.5376 0
      vertex -26.3141 -21.0785 0
    endloop
  endfacet
  facet normal 0 0 -1
    outer loop
      vertex -29.3259 -23.2223 0
      vertex -26.3141 -21.0785 0
      vertex -29.092 -23.5376 0
    endloop
  endfacet
  facet normal 0 -0 -1
    outer loop
      vertex -27.5001 -16.2584 0
      vertex -26.7 -20 0
      vertex -27.6 -16.3325 0
    endloop
  endfacet
  facet normal -0 0 -1
    outer loop
      vertex -26.3141 -21.0785 0
      vertex -29.3259 -23.2223 0
      vertex -26.4135 -20.9445 0
    endloop
  endfacet
  facet normal 0 0 -1
    outer loop
      vertex -26.7 -20 0
      vertex -27.1213 -16.0314 0
      vertex -26.7221 -15.8425 0
    endloop
  endfacet
  facet normal 0 0 -1
    outer loop
      vertex -29.5277 -22.8856 0
      vertex -26.4135 -20.9445 0
      vertex -29.3259 -23.2223 0
    endloop
  endfacet
  facet normal 0 0 -1
    outer loop
      vertex -26.7 -20 0
      vertex -27.5001 -16.2584 0
      vertex -27.1213 -16.0314 0
    endloop
  endfacet
  facet normal 0 0 -1
    outer loop
      vertex -29.6955 -22.5307 0
      vertex -26.4135 -20.9445 0
      vertex -29.5277 -22.8856 0
    endloop
  endfacet
  facet normal -0 0 -1
    outer loop
      vertex -26.7 -20 0
      vertex -30 -21 0
      vertex -27.6 -16.3325 0
    endloop
  endfacet
  facet normal -0 0 -1
    outer loop
      vertex -26.4135 -20.9445 0
      vertex -29.6955 -22.5307 0
      vertex -26.4993 -20.8014 0
    endloop
  endfacet
  facet normal 0 0 -1
    outer loop
      vertex -29.8278 -22.1611 0
      vertex -26.4993 -20.8014 0
      vertex -29.6955 -22.5307 0
    endloop
  endfacet
  facet normal 0 0 -1
    outer loop
      vertex -29.9231 -21.7804 0
      vertex -26.4993 -20.8014 0
      vertex -29.8278 -22.1611 0
    endloop
  endfacet
  facet normal -0 0 -1
    outer loop
      vertex -26.4993 -20.8014 0
      vertex -29.9231 -21.7804 0
      vertex -26.5706 -20.6506 0
    endloop
  endfacet
  facet normal 0 0 -1
    outer loop
      vertex -29.9807 -21.3921 0
      vertex -26.5706 -20.6506 0
      vertex -29.9231 -21.7804 0
    endloop
  endfacet
  facet normal -0 0 -1
    outer loop
      vertex -26.5706 -20.6506 0
      vertex -29.9807 -21.3921 0
      vertex -26.6268 -20.4935 0
    endloop
  endfacet
  facet normal 0 0 -1
    outer loop
      vertex -30 -21 0
      vertex -26.6268 -20.4935 0
      vertex -29.9807 -21.3921 0
    endloop
  endfacet
  facet normal -0 0 -1
    outer loop
      vertex -26.6268 -20.4935 0
      vertex -30 -21 0
      vertex -26.6673 -20.3317 0
    endloop
  endfacet
  facet normal -0 0 -1
    outer loop
      vertex -26.6673 -20.3317 0
      vertex -30 -21 0
      vertex -26.6918 -20.1666 0
    endloop
  endfacet
  facet normal -0 0 -1
    outer loop
      vertex -26.6918 -20.1666 0
      vertex -30 -21 0
      vertex -26.7 -20 0
    endloop
  endfacet
  facet normal 0 0 -1
    outer loop
      vertex -30 -7 0
      vertex -27.6 -16.3325 0
      vertex -30 -21 0
    endloop
  endfacet
  facet normal 0 0 -1
    outer loop
      vertex -27.6 -16.3325 0
      vertex -30 -7 0
      vertex -27.6 -7 0
    endloop
  endfacet
  facet normal 0 0 -1
    outer loop
      vertex 29.6955 -22.5307 0
      vertex 26.4993 -20.8014 0
      vertex 29.8278 -22.1611 0
    endloop
  endfacet
  facet normal 0 -0 -1
    outer loop
      vertex 26.4993 -20.8014 0
      vertex 29.6955 -22.5307 0
      vertex 26.4135 -20.9445 0
    endloop
  endfacet
  facet normal 0 0 -1
    outer loop
      vertex 29.5277 -22.8856 0
      vertex 26.4135 -20.9445 0
      vertex 29.6955 -22.5307 0
    endloop
  endfacet
  facet normal 0 -0 -1
    outer loop
      vertex 26.4135 -20.9445 0
      vertex 29.5277 -22.8856 0
      vertex 26.3141 -21.0785 0
    endloop
  endfacet
  facet normal 0 0 -1
    outer loop
      vertex 29.3259 -23.2223 0
      vertex 26.3141 -21.0785 0
      vertex 29.5277 -22.8856 0
    endloop
  endfacet
  facet normal 0 0 -1
    outer loop
      vertex 29.092 -23.5376 0
      vertex 26.3141 -21.0785 0
      vertex 29.3259 -23.2223 0
    endloop
  endfacet
  facet normal 0 0 -1
    outer loop
      vertex 28.8284 -23.8284 0
      vertex 26.3141 -21.0785 0
      vertex 29.092 -23.5376 0
    endloop
  endfacet
  facet normal 0 0 -1
    outer loop
      vertex 28.5376 -24.092 0
      vertex 26.3141 -21.0785 0
      vertex 28.8284 -23.8284 0
    endloop
  endfacet
  facet normal 0 0 -1
    outer loop
      vertex 28.2223 -24.3259 0
      vertex 26.3141 -21.0785 0
      vertex 28.5376 -24.092 0
    endloop
  endfacet
  facet normal 0 0 -1
    outer loop
      vertex 26.3141 -21.0785 0
      vertex 28.2223 -24.3259 0
      vertex 27.8856 -24.5277 0
    endloop
  endfacet
  facet normal 0 0 -1
    outer loop
      vertex 26.3141 -21.0785 0
      vertex 27.8856 -24.5277 0
      vertex 27.5307 -24.6955 0
    endloop
  endfacet
  facet normal 0 0 -1
    outer loop
      vertex 30 -21 0
      vertex 27.6 -16.3325 0
      vertex 30 -7 0
    endloop
  endfacet
  facet normal -0 0 -1
    outer loop
      vertex 30 -7 0
      vertex 27.6 -16.3325 0
      vertex 27.6 -7 0
    endloop
  endfacet
  facet normal 0 0 -1
    outer loop
      vertex 26.5706 -19.3494 0
      vertex 27.6 -16.3325 0
      vertex 26.6268 -19.5065 0
    endloop
  endfacet
  facet normal 0 0 -1
    outer loop
      vertex 26.4993 -19.1986 0
      vertex 27.6 -16.3325 0
      vertex 26.5706 -19.3494 0
    endloop
  endfacet
  facet normal 0 0 -1
    outer loop
      vertex 26.4135 -19.0555 0
      vertex 27.6 -16.3325 0
      vertex 26.4993 -19.1986 0
    endloop
  endfacet
  facet normal 0 0 -1
    outer loop
      vertex 26.3141 -18.9215 0
      vertex 27.6 -16.3325 0
      vertex 26.4135 -19.0555 0
    endloop
  endfacet
  facet normal 0 0 -1
    outer loop
      vertex 26.2021 -18.7979 0
      vertex 27.6 -16.3325 0
      vertex 26.3141 -18.9215 0
    endloop
  endfacet
  facet normal 0 0 -1
    outer loop
      vertex 26.0785 -18.6859 0
      vertex 27.6 -16.3325 0
      vertex 26.2021 -18.7979 0
    endloop
  endfacet
  facet normal 0 0 -1
    outer loop
      vertex 25.9445 -18.5865 0
      vertex 27.6 -16.3325 0
      vertex 26.0785 -18.6859 0
    endloop
  endfacet
  facet normal -0 0 -1
    outer loop
      vertex 27.6 -16.3325 0
      vertex 25.9445 -18.5865 0
      vertex 27.5001 -16.2584 0
    endloop
  endfacet
  facet normal -0 0 -1
    outer loop
      vertex 27.5001 -16.2584 0
      vertex 25.9445 -18.5865 0
      vertex 27.1213 -16.0314 0
    endloop
  endfacet
  facet normal 0 0 -1
    outer loop
      vertex 25.8014 -18.5007 0
      vertex 27.1213 -16.0314 0
      vertex 25.9445 -18.5865 0
    endloop
  endfacet
  facet normal -0 0 -1
    outer loop
      vertex 27.1213 -16.0314 0
      vertex 25.8014 -18.5007 0
      vertex 26.7221 -15.8425 0
    endloop
  endfacet
  facet normal 0 0 -1
    outer loop
      vertex 25.6506 -18.4294 0
      vertex 26.7221 -15.8425 0
      vertex 25.8014 -18.5007 0
    endloop
  endfacet
  facet normal -0 0 -1
    outer loop
      vertex 26.7221 -15.8425 0
      vertex 25.6506 -18.4294 0
      vertex 26.3063 -15.6938 0
    endloop
  endfacet
  facet normal 0 0 -1
    outer loop
      vertex 25.4935 -18.3732 0
      vertex 26.3063 -15.6938 0
      vertex 25.6506 -18.4294 0
    endloop
  endfacet
  facet normal -0 0 -1
    outer loop
      vertex 26.3063 -15.6938 0
      vertex 25.4935 -18.3732 0
      vertex 25.8779 -15.5865 0
    endloop
  endfacet
  facet normal 0 0 -1
    outer loop
      vertex 25.3317 -18.3327 0
      vertex 25.8779 -15.5865 0
      vertex 25.4935 -18.3732 0
    endloop
  endfacet
  facet normal -0 0 -1
    outer loop
      vertex 25.8779 -15.5865 0
      vertex 25.3317 -18.3327 0
      vertex 25.4411 -15.5217 0
    endloop
  endfacet
  facet normal 0 0 -1
    outer loop
      vertex 25.1666 -18.3082 0
      vertex 25.4411 -15.5217 0
      vertex 25.3317 -18.3327 0
    endloop
  endfacet
  facet normal 0 0 -1
    outer loop
      vertex 25 -18.3 0
      vertex 25.4411 -15.5217 0
      vertex 25.1666 -18.3082 0
    endloop
  endfacet
  facet normal 0 0 -1
    outer loop
      vertex 25 -18.3 0
      vertex 25 -15.5 0
      vertex 25.4411 -15.5217 0
    endloop
  endfacet
  facet normal 0 0 -1
    outer loop
      vertex 24.8334 -18.3082 0
      vertex 25 -15.5 0
      vertex 25 -18.3 0
    endloop
  endfacet
  facet normal 0 0 -1
    outer loop
      vertex 24.5589 -15.5217 0
      vertex 24.8334 -18.3082 0
      vertex 24.6683 -18.3327 0
    endloop
  endfacet
  facet normal 0 0 -1
    outer loop
      vertex 24.8334 -18.3082 0
      vertex 24.5589 -15.5217 0
      vertex 25 -15.5 0
    endloop
  endfacet
  facet normal 0 0 -1
    outer loop
      vertex 24.1221 -15.5865 0
      vertex 24.6683 -18.3327 0
      vertex 24.5065 -18.3732 0
    endloop
  endfacet
  facet normal 0 0 -1
    outer loop
      vertex 23.6937 -15.6938 0
      vertex 24.5065 -18.3732 0
      vertex 24.3494 -18.4294 0
    endloop
  endfacet
  facet normal 0 0 -1
    outer loop
      vertex 23.2779 -15.8425 0
      vertex 24.3494 -18.4294 0
      vertex 24.1986 -18.5007 0
    endloop
  endfacet
  facet normal 0 0 -1
    outer loop
      vertex 24.6683 -18.3327 0
      vertex 24.1221 -15.5865 0
      vertex 24.5589 -15.5217 0
    endloop
  endfacet
  facet normal 0 0 -1
    outer loop
      vertex 22.8787 -16.0314 0
      vertex 24.1986 -18.5007 0
      vertex 24.0555 -18.5865 0
    endloop
  endfacet
  facet normal 0 0 -1
    outer loop
      vertex 22.8787 -16.0314 0
      vertex 24.0555 -18.5865 0
      vertex 23.9215 -18.6859 0
    endloop
  endfacet
  facet normal 0 0 -1
    outer loop
      vertex 22.8787 -16.0314 0
      vertex 23.9215 -18.6859 0
      vertex 23.7979 -18.7979 0
    endloop
  endfacet
  facet normal 0 0 -1
    outer loop
      vertex 24.5065 -18.3732 0
      vertex 23.6937 -15.6938 0
      vertex 24.1221 -15.5865 0
    endloop
  endfacet
  facet normal 0 0 -1
    outer loop
      vertex 22.8787 -16.0314 0
      vertex 23.7979 -18.7979 0
      vertex 23.6859 -18.9215 0
    endloop
  endfacet
  facet normal 0 0 -1
    outer loop
      vertex 22.8787 -16.0314 0
      vertex 23.6859 -18.9215 0
      vertex 23.5865 -19.0555 0
    endloop
  endfacet
  facet normal 0 0 -1
    outer loop
      vertex 22.8787 -16.0314 0
      vertex 23.5865 -19.0555 0
      vertex 23.5007 -19.1986 0
    endloop
  endfacet
  facet normal 0 0 -1
    outer loop
      vertex 22.8787 -16.0314 0
      vertex 23.5007 -19.1986 0
      vertex 23.4294 -19.3494 0
    endloop
  endfacet
  facet normal 0 0 -1
    outer loop
      vertex 22.8787 -16.0314 0
      vertex 23.4294 -19.3494 0
      vertex 23.3732 -19.5065 0
    endloop
  endfacet
  facet normal 0 0 -1
    outer loop
      vertex 22.8787 -16.0314 0
      vertex 23.3732 -19.5065 0
      vertex 23.3327 -19.6683 0
    endloop
  endfacet
  facet normal 0 0 -1
    outer loop
      vertex 22.8787 -16.0314 0
      vertex 23.3327 -19.6683 0
      vertex 23.3082 -19.8334 0
    endloop
  endfacet
  facet normal 0 0 -1
    outer loop
      vertex 24.3494 -18.4294 0
      vertex 23.2779 -15.8425 0
      vertex 23.6937 -15.6938 0
    endloop
  endfacet
  facet normal 0 0 -1
    outer loop
      vertex 20.5217 -19.5589 0
      vertex 23.3082 -19.8334 0
      vertex 23.3 -20 0
    endloop
  endfacet
  facet normal 0 0 -1
    outer loop
      vertex 23.5007 -20.8014 0
      vertex 21.2584 -22.5001 0
      vertex 21.0314 -22.1213 0
    endloop
  endfacet
  facet normal 0 0 -1
    outer loop
      vertex 23.3082 -19.8334 0
      vertex 21.2584 -17.4999 0
      vertex 21.5215 -17.1452 0
    endloop
  endfacet
  facet normal 0 0 -1
    outer loop
      vertex 20.8425 -21.7221 0
      vertex 23.5007 -20.8014 0
      vertex 21.0314 -22.1213 0
    endloop
  endfacet
  facet normal 0 0 -1
    outer loop
      vertex 23.3082 -19.8334 0
      vertex 21.0314 -17.8787 0
      vertex 21.2584 -17.4999 0
    endloop
  endfacet
  facet normal 0 0 -1
    outer loop
      vertex 23.4294 -20.6506 0
      vertex 20.8425 -21.7221 0
      vertex 20.6938 -21.3063 0
    endloop
  endfacet
  facet normal 0 0 -1
    outer loop
      vertex 23.3082 -19.8334 0
      vertex 20.8425 -18.2779 0
      vertex 21.0314 -17.8787 0
    endloop
  endfacet
  facet normal 0 0 -1
    outer loop
      vertex 23.3732 -20.4935 0
      vertex 20.6938 -21.3063 0
      vertex 20.5865 -20.8779 0
    endloop
  endfacet
  facet normal 0 0 -1
    outer loop
      vertex 23.3082 -19.8334 0
      vertex 20.6938 -18.6937 0
      vertex 20.8425 -18.2779 0
    endloop
  endfacet
  facet normal 0 0 -1
    outer loop
      vertex 23.3327 -20.3317 0
      vertex 20.5865 -20.8779 0
      vertex 20.5217 -20.4411 0
    endloop
  endfacet
  facet normal 0 0 -1
    outer loop
      vertex 23.3082 -19.8334 0
      vertex 20.5865 -19.1221 0
      vertex 20.6938 -18.6937 0
    endloop
  endfacet
  facet normal -0 0 -1
    outer loop
      vertex 23.3082 -20.1666 0
      vertex 20.5217 -20.4411 0
      vertex 20.5 -20 0
    endloop
  endfacet
  facet normal 0 0 -1
    outer loop
      vertex 23.3082 -19.8334 0
      vertex 20.5217 -19.5589 0
      vertex 20.5865 -19.1221 0
    endloop
  endfacet
  facet normal 0 0 -1
    outer loop
      vertex 23.3 -20 0
      vertex 20.5 -20 0
      vertex 20.5217 -19.5589 0
    endloop
  endfacet
  facet normal 0 0 -1
    outer loop
      vertex -23.3 -20 0
      vertex -20.5 -20 0
      vertex -20.5217 -20.4411 0
    endloop
  endfacet
  facet normal 0 0 -1
    outer loop
      vertex -23.3 -20 0
      vertex -20.5217 -20.4411 0
      vertex -20.5865 -20.8779 0
    endloop
  endfacet
  facet normal 0 0 -1
    outer loop
      vertex -20.5 -20 0
      vertex -23.3 -20 0
      vertex -20.5217 -19.5589 0
    endloop
  endfacet
  facet normal 0 0 -1
    outer loop
      vertex -23.3 -20 0
      vertex -20.5865 -20.8779 0
      vertex -20.6938 -21.3063 0
    endloop
  endfacet
  facet normal 0 0 -1
    outer loop
      vertex -23.3082 -19.8334 0
      vertex -20.5217 -19.5589 0
      vertex -23.3 -20 0
    endloop
  endfacet
  facet normal 0 0 -1
    outer loop
      vertex -23.3 -20 0
      vertex -20.6938 -21.3063 0
      vertex -20.8425 -21.7221 0
    endloop
  endfacet
  facet normal -0 0 -1
    outer loop
      vertex -20.5217 -19.5589 0
      vertex -23.3082 -19.8334 0
      vertex -20.5865 -19.1221 0
    endloop
  endfacet
  facet normal 0 0 -1
    outer loop
      vertex -23.3 -20 0
      vertex -20.8425 -21.7221 0
      vertex -21.0314 -22.1213 0
    endloop
  endfacet
  facet normal 0 0 -1
    outer loop
      vertex -23.3327 -19.6683 0
      vertex -20.5865 -19.1221 0
      vertex -23.3082 -19.8334 0
    endloop
  endfacet
  facet normal 0 0 -1
    outer loop
      vertex -23.3 -20 0
      vertex -21.2584 -22.5001 0
      vertex -21.3325 -22.6 0
    endloop
  endfacet
  facet normal 0 0 -1
    outer loop
      vertex -21.2584 -22.5001 0
      vertex -23.3 -20 0
      vertex -21.0314 -22.1213 0
    endloop
  endfacet
  facet normal -0 0 -1
    outer loop
      vertex -20.5865 -19.1221 0
      vertex -23.3327 -19.6683 0
      vertex -20.6938 -18.6937 0
    endloop
  endfacet
  facet normal 0 0 -1
    outer loop
      vertex -23.3732 -19.5065 0
      vertex -20.6938 -18.6937 0
      vertex -23.3327 -19.6683 0
    endloop
  endfacet
  facet normal -0 0 -1
    outer loop
      vertex -21.0314 -17.8787 0
      vertex -23.5007 -19.1986 0
      vertex -21.2584 -17.4999 0
    endloop
  endfacet
  facet normal 0 0 -1
    outer loop
      vertex -23.6859 -18.9215 0
      vertex -21.5215 -17.1452 0
      vertex -23.5865 -19.0555 0
    endloop
  endfacet
  facet normal -0 0 -1
    outer loop
      vertex -21.5215 -17.1452 0
      vertex -23.6859 -18.9215 0
      vertex -21.818 -16.818 0
    endloop
  endfacet
  facet normal 0 0 -1
    outer loop
      vertex -23.7979 -18.7979 0
      vertex -21.818 -16.818 0
      vertex -23.6859 -18.9215 0
    endloop
  endfacet
  facet normal -0 0 -1
    outer loop
      vertex -21.818 -16.818 0
      vertex -23.7979 -18.7979 0
      vertex -22.1452 -16.5215 0
    endloop
  endfacet
  facet normal 0 0 -1
    outer loop
      vertex -23.9215 -18.6859 0
      vertex -22.1452 -16.5215 0
      vertex -23.7979 -18.7979 0
    endloop
  endfacet
  facet normal -0 0 -1
    outer loop
      vertex -22.1452 -16.5215 0
      vertex -23.9215 -18.6859 0
      vertex -22.4999 -16.2584 0
    endloop
  endfacet
  facet normal 0 0 -1
    outer loop
      vertex -24.0555 -18.5865 0
      vertex -22.4999 -16.2584 0
      vertex -23.9215 -18.6859 0
    endloop
  endfacet
  facet normal -0 0 -1
    outer loop
      vertex -22.4999 -16.2584 0
      vertex -24.0555 -18.5865 0
      vertex -22.8787 -16.0314 0
    endloop
  endfacet
  facet normal 0 0 -1
    outer loop
      vertex -24.1986 -18.5007 0
      vertex -22.8787 -16.0314 0
      vertex -24.0555 -18.5865 0
    endloop
  endfacet
  facet normal -0 0 -1
    outer loop
      vertex -22.8787 -16.0314 0
      vertex -24.1986 -18.5007 0
      vertex -23.2779 -15.8425 0
    endloop
  endfacet
  facet normal 0 0 -1
    outer loop
      vertex -24.3494 -18.4294 0
      vertex -23.2779 -15.8425 0
      vertex -24.1986 -18.5007 0
    endloop
  endfacet
  facet normal -0 0 -1
    outer loop
      vertex -23.2779 -15.8425 0
      vertex -24.3494 -18.4294 0
      vertex -23.6937 -15.6938 0
    endloop
  endfacet
  facet normal 0 0 -1
    outer loop
      vertex -24.5065 -18.3732 0
      vertex -23.6937 -15.6938 0
      vertex -24.3494 -18.4294 0
    endloop
  endfacet
  facet normal -0 0 -1
    outer loop
      vertex -23.6937 -15.6938 0
      vertex -24.5065 -18.3732 0
      vertex -24.1221 -15.5865 0
    endloop
  endfacet
  facet normal 0 0 -1
    outer loop
      vertex -24.6683 -18.3327 0
      vertex -24.1221 -15.5865 0
      vertex -24.5065 -18.3732 0
    endloop
  endfacet
  facet normal -0 0 -1
    outer loop
      vertex -24.1221 -15.5865 0
      vertex -24.6683 -18.3327 0
      vertex -24.5589 -15.5217 0
    endloop
  endfacet
  facet normal 0 0 -1
    outer loop
      vertex -24.8334 -18.3082 0
      vertex -24.5589 -15.5217 0
      vertex -24.6683 -18.3327 0
    endloop
  endfacet
  facet normal 0 0 -1
    outer loop
      vertex -25 -18.3 0
      vertex -24.5589 -15.5217 0
      vertex -24.8334 -18.3082 0
    endloop
  endfacet
  facet normal 0 0 -1
    outer loop
      vertex -25 -18.3 0
      vertex -25 -15.5 0
      vertex -24.5589 -15.5217 0
    endloop
  endfacet
  facet normal 0 0 -1
    outer loop
      vertex -25.1666 -18.3082 0
      vertex -25 -15.5 0
      vertex -25 -18.3 0
    endloop
  endfacet
  facet normal 0 0 -1
    outer loop
      vertex -25.4411 -15.5217 0
      vertex -25.1666 -18.3082 0
      vertex -25.3317 -18.3327 0
    endloop
  endfacet
  facet normal 0 0 -1
    outer loop
      vertex -25.1666 -18.3082 0
      vertex -25.4411 -15.5217 0
      vertex -25 -15.5 0
    endloop
  endfacet
  facet normal 0 0 -1
    outer loop
      vertex -25.8779 -15.5865 0
      vertex -25.3317 -18.3327 0
      vertex -25.4935 -18.3732 0
    endloop
  endfacet
  facet normal 0 0 -1
    outer loop
      vertex -26.3063 -15.6938 0
      vertex -25.4935 -18.3732 0
      vertex -25.6506 -18.4294 0
    endloop
  endfacet
  facet normal 0 0 -1
    outer loop
      vertex -26.7221 -15.8425 0
      vertex -25.6506 -18.4294 0
      vertex -25.8014 -18.5007 0
    endloop
  endfacet
  facet normal 0 0 -1
    outer loop
      vertex -25.3317 -18.3327 0
      vertex -25.8779 -15.5865 0
      vertex -25.4411 -15.5217 0
    endloop
  endfacet
  facet normal 0 0 -1
    outer loop
      vertex -26.7221 -15.8425 0
      vertex -25.8014 -18.5007 0
      vertex -25.9445 -18.5865 0
    endloop
  endfacet
  facet normal 0 0 -1
    outer loop
      vertex -26.7221 -15.8425 0
      vertex -25.9445 -18.5865 0
      vertex -26.0785 -18.6859 0
    endloop
  endfacet
  facet normal 0 0 -1
    outer loop
      vertex -26.7221 -15.8425 0
      vertex -26.0785 -18.6859 0
      vertex -26.2021 -18.7979 0
    endloop
  endfacet
  facet normal 0 0 -1
    outer loop
      vertex -25.4935 -18.3732 0
      vertex -26.3063 -15.6938 0
      vertex -25.8779 -15.5865 0
    endloop
  endfacet
  facet normal 0 0 -1
    outer loop
      vertex -26.7221 -15.8425 0
      vertex -26.2021 -18.7979 0
      vertex -26.3141 -18.9215 0
    endloop
  endfacet
  facet normal 0 0 -1
    outer loop
      vertex -26.7221 -15.8425 0
      vertex -26.3141 -18.9215 0
      vertex -26.4135 -19.0555 0
    endloop
  endfacet
  facet normal 0 0 -1
    outer loop
      vertex -26.7221 -15.8425 0
      vertex -26.4135 -19.0555 0
      vertex -26.4993 -19.1986 0
    endloop
  endfacet
  facet normal 0 0 -1
    outer loop
      vertex -26.7221 -15.8425 0
      vertex -26.4993 -19.1986 0
      vertex -26.5706 -19.3494 0
    endloop
  endfacet
  facet normal 0 0 -1
    outer loop
      vertex -26.7221 -15.8425 0
      vertex -26.5706 -19.3494 0
      vertex -26.6268 -19.5065 0
    endloop
  endfacet
  facet normal 0 0 -1
    outer loop
      vertex -26.7221 -15.8425 0
      vertex -26.6268 -19.5065 0
      vertex -26.6673 -19.6683 0
    endloop
  endfacet
  facet normal 0 0 -1
    outer loop
      vertex -26.7221 -15.8425 0
      vertex -26.6673 -19.6683 0
      vertex -26.6918 -19.8334 0
    endloop
  endfacet
  facet normal 0 0 -1
    outer loop
      vertex -25.6506 -18.4294 0
      vertex -26.7221 -15.8425 0
      vertex -26.3063 -15.6938 0
    endloop
  endfacet
  facet normal 0 0 -1
    outer loop
      vertex -26.7221 -15.8425 0
      vertex -26.6918 -19.8334 0
      vertex -26.7 -20 0
    endloop
  endfacet
  facet normal 0 0 -1
    outer loop
      vertex -23.3 20 0
      vertex -20.5 20 0
      vertex -20.5217 19.5589 0
    endloop
  endfacet
  facet normal 0 0 -1
    outer loop
      vertex -23.3082 19.8334 0
      vertex -20.5217 19.5589 0
      vertex -20.5865 19.1221 0
    endloop
  endfacet
  facet normal 0 0 -1
    outer loop
      vertex -20.5 20 0
      vertex -23.3 20 0
      vertex -20.5217 20.4411 0
    endloop
  endfacet
  facet normal 0 0 -1
    outer loop
      vertex -23.3082 19.8334 0
      vertex -20.5865 19.1221 0
      vertex -20.6938 18.6937 0
    endloop
  endfacet
  facet normal 0 0 -1
    outer loop
      vertex -23.3082 20.1666 0
      vertex -20.5217 20.4411 0
      vertex -23.3 20 0
    endloop
  endfacet
  facet normal 0 0 -1
    outer loop
      vertex -23.3082 19.8334 0
      vertex -20.6938 18.6937 0
      vertex -20.8425 18.2779 0
    endloop
  endfacet
  facet normal -0 0 -1
    outer loop
      vertex -20.5217 20.4411 0
      vertex -23.3082 20.1666 0
      vertex -20.5865 20.8779 0
    endloop
  endfacet
  facet normal 0 0 -1
    outer loop
      vertex -23.3082 19.8334 0
      vertex -20.8425 18.2779 0
      vertex -21.0314 17.8787 0
    endloop
  endfacet
  facet normal 0 0 -1
    outer loop
      vertex -23.3327 20.3317 0
      vertex -20.5865 20.8779 0
      vertex -23.3082 20.1666 0
    endloop
  endfacet
  facet normal 0 0 -1
    outer loop
      vertex -23.3082 19.8334 0
      vertex -21.0314 17.8787 0
      vertex -21.2584 17.4999 0
    endloop
  endfacet
  facet normal -0 0 -1
    outer loop
      vertex -20.5865 20.8779 0
      vertex -23.3327 20.3317 0
      vertex -20.6938 21.3063 0
    endloop
  endfacet
  facet normal 0 0 -1
    outer loop
      vertex -23.3732 20.4935 0
      vertex -20.6938 21.3063 0
      vertex -23.3327 20.3317 0
    endloop
  endfacet
  facet normal 0 0 -1
    outer loop
      vertex -23.3082 19.8334 0
      vertex -21.2584 17.4999 0
      vertex -21.5215 17.1452 0
    endloop
  endfacet
  facet normal -0 0 -1
    outer loop
      vertex 23.3732 19.5065 0
      vertex 20.6938 18.6937 0
      vertex 23.3327 19.6683 0
    endloop
  endfacet
  facet normal 0 0 -1
    outer loop
      vertex 20.5865 19.1221 0
      vertex 23.3327 19.6683 0
      vertex 20.6938 18.6937 0
    endloop
  endfacet
  facet normal 0 -0 -1
    outer loop
      vertex 21.2584 22.5001 0
      vertex 23.3 20 0
      vertex 21.0314 22.1213 0
    endloop
  endfacet
  facet normal 0 0 -1
    outer loop
      vertex 23.3 20 0
      vertex 21.2584 22.5001 0
      vertex 21.3325 22.6 0
    endloop
  endfacet
  facet normal -0 0 -1
    outer loop
      vertex 23.3327 19.6683 0
      vertex 20.5865 19.1221 0
      vertex 23.3082 19.8334 0
    endloop
  endfacet
  facet normal 0 0 -1
    outer loop
      vertex 23.3 20 0
      vertex 20.8425 21.7221 0
      vertex 21.0314 22.1213 0
    endloop
  endfacet
  facet normal 0 0 -1
    outer loop
      vertex 20.5217 19.5589 0
      vertex 23.3082 19.8334 0
      vertex 20.5865 19.1221 0
    endloop
  endfacet
  facet normal 0 0 -1
    outer loop
      vertex 23.3 20 0
      vertex 20.6938 21.3063 0
      vertex 20.8425 21.7221 0
    endloop
  endfacet
  facet normal -0 0 -1
    outer loop
      vertex 23.3082 19.8334 0
      vertex 20.5217 19.5589 0
      vertex 23.3 20 0
    endloop
  endfacet
  facet normal 0 0 -1
    outer loop
      vertex 23.3 20 0
      vertex 20.5865 20.8779 0
      vertex 20.6938 21.3063 0
    endloop
  endfacet
  facet normal 0 0 -1
    outer loop
      vertex 20.5 20 0
      vertex 23.3 20 0
      vertex 20.5217 19.5589 0
    endloop
  endfacet
  facet normal 0 0 -1
    outer loop
      vertex 23.3 20 0
      vertex 20.5217 20.4411 0
      vertex 20.5865 20.8779 0
    endloop
  endfacet
  facet normal 0 0 -1
    outer loop
      vertex 23.3 20 0
      vertex 20.5 20 0
      vertex 20.5217 20.4411 0
    endloop
  endfacet
  facet normal 0 0 -1
    outer loop
      vertex -30 7 0
      vertex -27.6 16.3325 0
      vertex -27.6 7 0
    endloop
  endfacet
  facet normal 0 0 -1
    outer loop
      vertex -27.6 16.3325 0
      vertex -30 21 0
      vertex -27.8856 24.5277 0
    endloop
  endfacet
  facet normal 0 0 -1
    outer loop
      vertex -27.8856 24.5277 0
      vertex -30 21 0
      vertex -28.2223 24.3259 0
    endloop
  endfacet
  facet normal 0 0 -1
    outer loop
      vertex -28.2223 24.3259 0
      vertex -30 21 0
      vertex -28.5376 24.092 0
    endloop
  endfacet
  facet normal 0 0 -1
    outer loop
      vertex -28.5376 24.092 0
      vertex -30 21 0
      vertex -28.8284 23.8284 0
    endloop
  endfacet
  facet normal 0 0 -1
    outer loop
      vertex -28.8284 23.8284 0
      vertex -30 21 0
      vertex -29.092 23.5376 0
    endloop
  endfacet
  facet normal 0 0 -1
    outer loop
      vertex -29.092 23.5376 0
      vertex -30 21 0
      vertex -29.3259 23.2223 0
    endloop
  endfacet
  facet normal 0 0 -1
    outer loop
      vertex -29.3259 23.2223 0
      vertex -30 21 0
      vertex -29.5277 22.8856 0
    endloop
  endfacet
  facet normal 0 0 -1
    outer loop
      vertex -29.5277 22.8856 0
      vertex -30 21 0
      vertex -29.6955 22.5307 0
    endloop
  endfacet
  facet normal 0 0 -1
    outer loop
      vertex -29.6955 22.5307 0
      vertex -30 21 0
      vertex -29.8278 22.1611 0
    endloop
  endfacet
  facet normal 0 0 -1
    outer loop
      vertex -29.8278 22.1611 0
      vertex -30 21 0
      vertex -29.9231 21.7804 0
    endloop
  endfacet
  facet normal -0 0 -1
    outer loop
      vertex -27.6 16.3325 0
      vertex -30 7 0
      vertex -30 21 0
    endloop
  endfacet
  facet normal 0 0 -1
    outer loop
      vertex -29.9231 21.7804 0
      vertex -30 21 0
      vertex -29.9807 21.3921 0
    endloop
  endfacet
  facet normal 0 0 -1
    outer loop
      vertex -20.5217 19.5589 0
      vertex -23.3082 19.8334 0
      vertex -23.3 20 0
    endloop
  endfacet
  facet normal 0 0 -1
    outer loop
      vertex -22.8787 16.0314 0
      vertex -23.3327 19.6683 0
      vertex -23.3082 19.8334 0
    endloop
  endfacet
  facet normal 0 0 -1
    outer loop
      vertex -22.8787 16.0314 0
      vertex -23.3732 19.5065 0
      vertex -23.3327 19.6683 0
    endloop
  endfacet
  facet normal 0 0 -1
    outer loop
      vertex -22.8787 16.0314 0
      vertex -23.4294 19.3494 0
      vertex -23.3732 19.5065 0
    endloop
  endfacet
  facet normal 0 0 -1
    outer loop
      vertex -22.8787 16.0314 0
      vertex -23.5007 19.1986 0
      vertex -23.4294 19.3494 0
    endloop
  endfacet
  facet normal 0 0 -1
    outer loop
      vertex -22.8787 16.0314 0
      vertex -23.5865 19.0555 0
      vertex -23.5007 19.1986 0
    endloop
  endfacet
  facet normal 0 0 -1
    outer loop
      vertex -22.8787 16.0314 0
      vertex -23.6859 18.9215 0
      vertex -23.5865 19.0555 0
    endloop
  endfacet
  facet normal 0 0 -1
    outer loop
      vertex -24.3494 18.4294 0
      vertex -23.2779 15.8425 0
      vertex -23.6937 15.6938 0
    endloop
  endfacet
  facet normal 0 0 -1
    outer loop
      vertex -22.8787 16.0314 0
      vertex -23.7979 18.7979 0
      vertex -23.6859 18.9215 0
    endloop
  endfacet
  facet normal 0 0 -1
    outer loop
      vertex -22.8787 16.0314 0
      vertex -23.9215 18.6859 0
      vertex -23.7979 18.7979 0
    endloop
  endfacet
  facet normal 0 0 -1
    outer loop
      vertex -22.8787 16.0314 0
      vertex -24.0555 18.5865 0
      vertex -23.9215 18.6859 0
    endloop
  endfacet
  facet normal 0 0 -1
    outer loop
      vertex -24.5065 18.3732 0
      vertex -23.6937 15.6938 0
      vertex -24.1221 15.5865 0
    endloop
  endfacet
  facet normal 0 0 -1
    outer loop
      vertex -22.8787 16.0314 0
      vertex -24.1986 18.5007 0
      vertex -24.0555 18.5865 0
    endloop
  endfacet
  facet normal 0 0 -1
    outer loop
      vertex -23.2779 15.8425 0
      vertex -24.3494 18.4294 0
      vertex -24.1986 18.5007 0
    endloop
  endfacet
  facet normal 0 0 -1
    outer loop
      vertex -23.6937 15.6938 0
      vertex -24.5065 18.3732 0
      vertex -24.3494 18.4294 0
    endloop
  endfacet
  facet normal 0 0 -1
    outer loop
      vertex -24.6683 18.3327 0
      vertex -24.1221 15.5865 0
      vertex -24.5589 15.5217 0
    endloop
  endfacet
  facet normal 0 0 -1
    outer loop
      vertex -24.1221 15.5865 0
      vertex -24.6683 18.3327 0
      vertex -24.5065 18.3732 0
    endloop
  endfacet
  facet normal 0 0 -1
    outer loop
      vertex -24.5589 15.5217 0
      vertex -24.8334 18.3082 0
      vertex -24.6683 18.3327 0
    endloop
  endfacet
  facet normal 0 0 -1
    outer loop
      vertex -25 15.5 0
      vertex -24.8334 18.3082 0
      vertex -24.5589 15.5217 0
    endloop
  endfacet
  facet normal 0 0 -1
    outer loop
      vertex -25 15.5 0
      vertex -25 18.3 0
      vertex -24.8334 18.3082 0
    endloop
  endfacet
  facet normal 0 0 -1
    outer loop
      vertex -25 15.5 0
      vertex -25.1666 18.3082 0
      vertex -25 18.3 0
    endloop
  endfacet
  facet normal 0 0 -1
    outer loop
      vertex -25.4411 15.5217 0
      vertex -25.1666 18.3082 0
      vertex -25 15.5 0
    endloop
  endfacet
  facet normal -0 0 -1
    outer loop
      vertex -25.1666 18.3082 0
      vertex -25.4411 15.5217 0
      vertex -25.3317 18.3327 0
    endloop
  endfacet
  facet normal 0 0 -1
    outer loop
      vertex -25.8779 15.5865 0
      vertex -25.3317 18.3327 0
      vertex -25.4411 15.5217 0
    endloop
  endfacet
  facet normal -0 0 -1
    outer loop
      vertex -25.3317 18.3327 0
      vertex -25.8779 15.5865 0
      vertex -25.4935 18.3732 0
    endloop
  endfacet
  facet normal 0 0 -1
    outer loop
      vertex -26.3063 15.6938 0
      vertex -25.4935 18.3732 0
      vertex -25.8779 15.5865 0
    endloop
  endfacet
  facet normal -0 0 -1
    outer loop
      vertex -25.4935 18.3732 0
      vertex -26.3063 15.6938 0
      vertex -25.6506 18.4294 0
    endloop
  endfacet
  facet normal 0 0 -1
    outer loop
      vertex -26.7221 15.8425 0
      vertex -25.6506 18.4294 0
      vertex -26.3063 15.6938 0
    endloop
  endfacet
  facet normal -0 0 -1
    outer loop
      vertex -25.6506 18.4294 0
      vertex -26.7221 15.8425 0
      vertex -25.8014 18.5007 0
    endloop
  endfacet
  facet normal 0 0 -1
    outer loop
      vertex -27.1213 16.0314 0
      vertex -25.8014 18.5007 0
      vertex -26.7221 15.8425 0
    endloop
  endfacet
  facet normal -0 0 -1
    outer loop
      vertex -25.8014 18.5007 0
      vertex -27.1213 16.0314 0
      vertex -25.9445 18.5865 0
    endloop
  endfacet
  facet normal 0 0 -1
    outer loop
      vertex -27.5001 16.2584 0
      vertex -25.9445 18.5865 0
      vertex -27.1213 16.0314 0
    endloop
  endfacet
  facet normal 0 0 -1
    outer loop
      vertex -27.6 16.3325 0
      vertex -25.9445 18.5865 0
      vertex -27.5001 16.2584 0
    endloop
  endfacet
  facet normal -0 0 -1
    outer loop
      vertex -25.9445 18.5865 0
      vertex -27.6 16.3325 0
      vertex -26.0785 18.6859 0
    endloop
  endfacet
  facet normal -0 0 -1
    outer loop
      vertex -26.0785 18.6859 0
      vertex -27.6 16.3325 0
      vertex -26.2021 18.7979 0
    endloop
  endfacet
  facet normal -0 0 -1
    outer loop
      vertex -26.2021 18.7979 0
      vertex -27.6 16.3325 0
      vertex -26.3141 18.9215 0
    endloop
  endfacet
  facet normal -0 0 -1
    outer loop
      vertex -26.3141 18.9215 0
      vertex -27.6 16.3325 0
      vertex -26.4135 19.0555 0
    endloop
  endfacet
  facet normal -0 0 -1
    outer loop
      vertex -26.4135 19.0555 0
      vertex -27.6 16.3325 0
      vertex -26.4993 19.1986 0
    endloop
  endfacet
  facet normal -0 0 -1
    outer loop
      vertex -26.5706 19.3494 0
      vertex -27.6 16.3325 0
      vertex -26.6268 19.5065 0
    endloop
  endfacet
  facet normal -0 0 -1
    outer loop
      vertex -26.4993 19.1986 0
      vertex -27.6 16.3325 0
      vertex -26.5706 19.3494 0
    endloop
  endfacet
  facet normal 0 0 -1
    outer loop
      vertex 30 21 0
      vertex 26.6918 19.8334 0
      vertex 26.7 20 0
    endloop
  endfacet
  facet normal 0 0 -1
    outer loop
      vertex 27.1213 16.0314 0
      vertex 26.6673 19.6683 0
      vertex 26.6918 19.8334 0
    endloop
  endfacet
  facet normal 0 0 -1
    outer loop
      vertex 27.1213 16.0314 0
      vertex 26.6268 19.5065 0
      vertex 26.6673 19.6683 0
    endloop
  endfacet
  facet normal 0 0 -1
    outer loop
      vertex 27.1213 16.0314 0
      vertex 26.5706 19.3494 0
      vertex 26.6268 19.5065 0
    endloop
  endfacet
  facet normal 0 0 -1
    outer loop
      vertex 27.1213 16.0314 0
      vertex 26.4993 19.1986 0
      vertex 26.5706 19.3494 0
    endloop
  endfacet
  facet normal 0 0 -1
    outer loop
      vertex 27.1213 16.0314 0
      vertex 26.4135 19.0555 0
      vertex 26.4993 19.1986 0
    endloop
  endfacet
  facet normal 0 0 -1
    outer loop
      vertex 27.1213 16.0314 0
      vertex 26.3141 18.9215 0
      vertex 26.4135 19.0555 0
    endloop
  endfacet
  facet normal 0 0 -1
    outer loop
      vertex 25.6506 18.4294 0
      vertex 26.7221 15.8425 0
      vertex 26.3063 15.6938 0
    endloop
  endfacet
  facet normal 0 0 -1
    outer loop
      vertex 27.1213 16.0314 0
      vertex 26.2021 18.7979 0
      vertex 26.3141 18.9215 0
    endloop
  endfacet
  facet normal 0 0 -1
    outer loop
      vertex 27.1213 16.0314 0
      vertex 26.0785 18.6859 0
      vertex 26.2021 18.7979 0
    endloop
  endfacet
  facet normal 0 0 -1
    outer loop
      vertex 27.1213 16.0314 0
      vertex 25.9445 18.5865 0
      vertex 26.0785 18.6859 0
    endloop
  endfacet
  facet normal 0 0 -1
    outer loop
      vertex 25.4935 18.3732 0
      vertex 26.3063 15.6938 0
      vertex 25.8779 15.5865 0
    endloop
  endfacet
  facet normal 0 0 -1
    outer loop
      vertex 27.1213 16.0314 0
      vertex 25.8014 18.5007 0
      vertex 25.9445 18.5865 0
    endloop
  endfacet
  facet normal 0 0 -1
    outer loop
      vertex 26.7221 15.8425 0
      vertex 25.6506 18.4294 0
      vertex 25.8014 18.5007 0
    endloop
  endfacet
  facet normal 0 0 -1
    outer loop
      vertex 26.3063 15.6938 0
      vertex 25.4935 18.3732 0
      vertex 25.6506 18.4294 0
    endloop
  endfacet
  facet normal 0 0 -1
    outer loop
      vertex 25.3317 18.3327 0
      vertex 25.8779 15.5865 0
      vertex 25.4411 15.5217 0
    endloop
  endfacet
  facet normal 0 0 -1
    outer loop
      vertex 25.8779 15.5865 0
      vertex 25.3317 18.3327 0
      vertex 25.4935 18.3732 0
    endloop
  endfacet
  facet normal 0 0 -1
    outer loop
      vertex 25.4411 15.5217 0
      vertex 25.1666 18.3082 0
      vertex 25.3317 18.3327 0
    endloop
  endfacet
  facet normal 0 0 -1
    outer loop
      vertex 25 15.5 0
      vertex 25.1666 18.3082 0
      vertex 25.4411 15.5217 0
    endloop
  endfacet
  facet normal 0 0 -1
    outer loop
      vertex 25 15.5 0
      vertex 25 18.3 0
      vertex 25.1666 18.3082 0
    endloop
  endfacet
  facet normal 0 0 -1
    outer loop
      vertex 25 15.5 0
      vertex 24.8334 18.3082 0
      vertex 25 18.3 0
    endloop
  endfacet
  facet normal 0 0 -1
    outer loop
      vertex 24.5589 15.5217 0
      vertex 24.8334 18.3082 0
      vertex 25 15.5 0
    endloop
  endfacet
  facet normal -0 0 -1
    outer loop
      vertex 24.8334 18.3082 0
      vertex 24.5589 15.5217 0
      vertex 24.6683 18.3327 0
    endloop
  endfacet
  facet normal 0 0 -1
    outer loop
      vertex 24.1221 15.5865 0
      vertex 24.6683 18.3327 0
      vertex 24.5589 15.5217 0
    endloop
  endfacet
  facet normal -0 0 -1
    outer loop
      vertex 24.6683 18.3327 0
      vertex 24.1221 15.5865 0
      vertex 24.5065 18.3732 0
    endloop
  endfacet
  facet normal 0 0 -1
    outer loop
      vertex 23.6937 15.6938 0
      vertex 24.5065 18.3732 0
      vertex 24.1221 15.5865 0
    endloop
  endfacet
  facet normal -0 0 -1
    outer loop
      vertex 24.5065 18.3732 0
      vertex 23.6937 15.6938 0
      vertex 24.3494 18.4294 0
    endloop
  endfacet
  facet normal 0 0 -1
    outer loop
      vertex 23.2779 15.8425 0
      vertex 24.3494 18.4294 0
      vertex 23.6937 15.6938 0
    endloop
  endfacet
  facet normal -0 0 -1
    outer loop
      vertex 24.3494 18.4294 0
      vertex 23.2779 15.8425 0
      vertex 24.1986 18.5007 0
    endloop
  endfacet
  facet normal 0 0 -1
    outer loop
      vertex 22.8787 16.0314 0
      vertex 24.1986 18.5007 0
      vertex 23.2779 15.8425 0
    endloop
  endfacet
  facet normal -0 0 -1
    outer loop
      vertex 24.1986 18.5007 0
      vertex 22.8787 16.0314 0
      vertex 24.0555 18.5865 0
    endloop
  endfacet
  facet normal 0 0 -1
    outer loop
      vertex 22.4999 16.2584 0
      vertex 24.0555 18.5865 0
      vertex 22.8787 16.0314 0
    endloop
  endfacet
  facet normal -0 0 -1
    outer loop
      vertex 24.0555 18.5865 0
      vertex 22.4999 16.2584 0
      vertex 23.9215 18.6859 0
    endloop
  endfacet
  facet normal 0 0 -1
    outer loop
      vertex 22.1452 16.5215 0
      vertex 23.9215 18.6859 0
      vertex 22.4999 16.2584 0
    endloop
  endfacet
  facet normal -0 0 -1
    outer loop
      vertex 23.9215 18.6859 0
      vertex 22.1452 16.5215 0
      vertex 23.7979 18.7979 0
    endloop
  endfacet
  facet normal 0 0 -1
    outer loop
      vertex 21.818 16.818 0
      vertex 23.7979 18.7979 0
      vertex 22.1452 16.5215 0
    endloop
  endfacet
  facet normal -0 0 -1
    outer loop
      vertex 23.7979 18.7979 0
      vertex 21.818 16.818 0
      vertex 23.6859 18.9215 0
    endloop
  endfacet
  facet normal 0 0 -1
    outer loop
      vertex 21.5215 17.1452 0
      vertex 23.6859 18.9215 0
      vertex 21.818 16.818 0
    endloop
  endfacet
  facet normal 0 0 -1
    outer loop
      vertex 21.2584 17.4999 0
      vertex 23.5865 19.0555 0
      vertex 21.5215 17.1452 0
    endloop
  endfacet
  facet normal -0 0 -1
    outer loop
      vertex 23.6859 18.9215 0
      vertex 21.5215 17.1452 0
      vertex 23.5865 19.0555 0
    endloop
  endfacet
  facet normal 0 0 -1
    outer loop
      vertex 27.6 16.3325 0
      vertex 30 21 0
      vertex 30 7 0
    endloop
  endfacet
  facet normal 0 0 -1
    outer loop
      vertex 26.6918 19.8334 0
      vertex 30 21 0
      vertex 27.6 16.3325 0
    endloop
  endfacet
  facet normal 0 0 -1
    outer loop
      vertex 26.6918 20.1666 0
      vertex 30 21 0
      vertex 26.7 20 0
    endloop
  endfacet
  facet normal 0 0 -1
    outer loop
      vertex 26.6673 20.3317 0
      vertex 30 21 0
      vertex 26.6918 20.1666 0
    endloop
  endfacet
  facet normal 0 0 -1
    outer loop
      vertex 26.6268 20.4935 0
      vertex 30 21 0
      vertex 26.6673 20.3317 0
    endloop
  endfacet
  facet normal -0 0 -1
    outer loop
      vertex 30 21 0
      vertex 26.6268 20.4935 0
      vertex 29.9807 21.3921 0
    endloop
  endfacet
  facet normal 0 0 -1
    outer loop
      vertex 26.5706 20.6506 0
      vertex 29.9807 21.3921 0
      vertex 26.6268 20.4935 0
    endloop
  endfacet
  facet normal -0 0 -1
    outer loop
      vertex 29.9807 21.3921 0
      vertex 26.5706 20.6506 0
      vertex 29.9231 21.7804 0
    endloop
  endfacet
  facet normal 0 0 -1
    outer loop
      vertex 26.4993 20.8014 0
      vertex 29.9231 21.7804 0
      vertex 26.5706 20.6506 0
    endloop
  endfacet
  facet normal -0 0 -1
    outer loop
      vertex 29.9231 21.7804 0
      vertex 26.4993 20.8014 0
      vertex 29.8278 22.1611 0
    endloop
  endfacet
  facet normal -0 0 -1
    outer loop
      vertex 29.8278 22.1611 0
      vertex 26.4993 20.8014 0
      vertex 29.6955 22.5307 0
    endloop
  endfacet
  facet normal 0 0 -1
    outer loop
      vertex 27.6 16.3325 0
      vertex 30 7 0
      vertex 27.6 7 0
    endloop
  endfacet
  facet normal 0 0 -1
    outer loop
      vertex 26.4135 20.9445 0
      vertex 29.6955 22.5307 0
      vertex 26.4993 20.8014 0
    endloop
  endfacet
  facet normal -0 0 -1
    outer loop
      vertex 29.6955 22.5307 0
      vertex 26.4135 20.9445 0
      vertex 29.5277 22.8856 0
    endloop
  endfacet
  facet normal 0 0 -1
    outer loop
      vertex 26.6918 19.8334 0
      vertex 27.6 16.3325 0
      vertex 27.5001 16.2584 0
    endloop
  endfacet
  facet normal -0 0 -1
    outer loop
      vertex 29.5277 22.8856 0
      vertex 26.4135 20.9445 0
      vertex 29.3259 23.2223 0
    endloop
  endfacet
  facet normal 0 0 -1
    outer loop
      vertex 26.6918 19.8334 0
      vertex 27.5001 16.2584 0
      vertex 27.1213 16.0314 0
    endloop
  endfacet
  facet normal 0 0 -1
    outer loop
      vertex 26.3141 21.0785 0
      vertex 29.3259 23.2223 0
      vertex 26.4135 20.9445 0
    endloop
  endfacet
  facet normal 0 0 -1
    outer loop
      vertex 25.8014 18.5007 0
      vertex 27.1213 16.0314 0
      vertex 26.7221 15.8425 0
    endloop
  endfacet
  facet normal -0 0 -1
    outer loop
      vertex 29.3259 23.2223 0
      vertex 26.3141 21.0785 0
      vertex 29.092 23.5376 0
    endloop
  endfacet
  facet normal 0 0 -1
    outer loop
      vertex 26.2021 21.2021 0
      vertex 29.092 23.5376 0
      vertex 26.3141 21.0785 0
    endloop
  endfacet
  facet normal -0 0 -1
    outer loop
      vertex 29.092 23.5376 0
      vertex 26.2021 21.2021 0
      vertex 28.8284 23.8284 0
    endloop
  endfacet
  facet normal -0 0 -1
    outer loop
      vertex 28.8284 23.8284 0
      vertex 26.2021 21.2021 0
      vertex 28.5376 24.092 0
    endloop
  endfacet
  facet normal 0 0 -1
    outer loop
      vertex 26.0785 21.3141 0
      vertex 28.5376 24.092 0
      vertex 26.2021 21.2021 0
    endloop
  endfacet
  facet normal -0 0 -1
    outer loop
      vertex 28.5376 24.092 0
      vertex 26.0785 21.3141 0
      vertex 28.2223 24.3259 0
    endloop
  endfacet
  facet normal -0 0 -1
    outer loop
      vertex 28.2223 24.3259 0
      vertex 26.0785 21.3141 0
      vertex 27.8856 24.5277 0
    endloop
  endfacet
  facet normal 0 0 -1
    outer loop
      vertex 25.9445 21.4135 0
      vertex 27.8856 24.5277 0
      vertex 26.0785 21.3141 0
    endloop
  endfacet
  facet normal -0 0 -1
    outer loop
      vertex 27.8856 24.5277 0
      vertex 25.9445 21.4135 0
      vertex 27.5307 24.6955 0
    endloop
  endfacet
  facet normal 0 0 -1
    outer loop
      vertex 25.8014 21.4993 0
      vertex 27.5307 24.6955 0
      vertex 25.9445 21.4135 0
    endloop
  endfacet
  facet normal -0 0 -1
    outer loop
      vertex 27.5307 24.6955 0
      vertex 25.8014 21.4993 0
      vertex 27.1611 24.8278 0
    endloop
  endfacet
  facet normal -0 0 -1
    outer loop
      vertex 27.1611 24.8278 0
      vertex 25.8014 21.4993 0
      vertex 26.7804 24.9231 0
    endloop
  endfacet
  facet normal 0 0 -1
    outer loop
      vertex 25.6506 21.5706 0
      vertex 26.7804 24.9231 0
      vertex 25.8014 21.4993 0
    endloop
  endfacet
  facet normal -0 0 -1
    outer loop
      vertex 26.7804 24.9231 0
      vertex 25.6506 21.5706 0
      vertex 26.3921 24.9807 0
    endloop
  endfacet
  facet normal 0 0 -1
    outer loop
      vertex 25.4935 21.6268 0
      vertex 26.3921 24.9807 0
      vertex 25.6506 21.5706 0
    endloop
  endfacet
  facet normal -0 0 -1
    outer loop
      vertex 26.3921 24.9807 0
      vertex 25.4935 21.6268 0
      vertex 26 25 0
    endloop
  endfacet
  facet normal 0 0 -1
    outer loop
      vertex 25.3317 21.6673 0
      vertex 26 25 0
      vertex 25.4935 21.6268 0
    endloop
  endfacet
  facet normal 0 0 -1
    outer loop
      vertex 25.1666 21.6918 0
      vertex 26 25 0
      vertex 25.3317 21.6673 0
    endloop
  endfacet
  facet normal 0 0 -1
    outer loop
      vertex 25 21.7 0
      vertex 26 25 0
      vertex 25.1666 21.6918 0
    endloop
  endfacet
  facet normal 0 0 -1
    outer loop
      vertex 24.8334 21.6918 0
      vertex 26 25 0
      vertex 25 21.7 0
    endloop
  endfacet
  facet normal 0 0 -1
    outer loop
      vertex 24.6683 21.6673 0
      vertex 26 25 0
      vertex 24.8334 21.6918 0
    endloop
  endfacet
  facet normal 0 0 -1
    outer loop
      vertex 24.5065 21.6268 0
      vertex 26 25 0
      vertex 24.6683 21.6673 0
    endloop
  endfacet
  facet normal 0 0 -1
    outer loop
      vertex 24.3494 21.5706 0
      vertex 26 25 0
      vertex 24.5065 21.6268 0
    endloop
  endfacet
  facet normal 0 0 -1
    outer loop
      vertex 21.3325 22.6 0
      vertex 24.3494 21.5706 0
      vertex 24.1986 21.4993 0
    endloop
  endfacet
  facet normal 0 0 -1
    outer loop
      vertex 21.3325 22.6 0
      vertex 24.1986 21.4993 0
      vertex 24.0555 21.4135 0
    endloop
  endfacet
  facet normal 0 0 -1
    outer loop
      vertex 21.3325 22.6 0
      vertex 24.0555 21.4135 0
      vertex 23.9215 21.3141 0
    endloop
  endfacet
  facet normal 0 0 -1
    outer loop
      vertex 21.3325 22.6 0
      vertex 23.9215 21.3141 0
      vertex 23.7979 21.2021 0
    endloop
  endfacet
  facet normal 0 0 -1
    outer loop
      vertex 21.3325 22.6 0
      vertex 23.7979 21.2021 0
      vertex 23.6859 21.0785 0
    endloop
  endfacet
  facet normal 0 0 -1
    outer loop
      vertex 21.3325 22.6 0
      vertex 23.6859 21.0785 0
      vertex 23.5865 20.9445 0
    endloop
  endfacet
  facet normal 0 0 -1
    outer loop
      vertex 21.3325 22.6 0
      vertex 23.5865 20.9445 0
      vertex 23.5007 20.8014 0
    endloop
  endfacet
  facet normal -0 0 -1
    outer loop
      vertex 23.5865 19.0555 0
      vertex 21.2584 17.4999 0
      vertex 23.5007 19.1986 0
    endloop
  endfacet
  facet normal 0 0 -1
    outer loop
      vertex 21.0314 17.8787 0
      vertex 23.5007 19.1986 0
      vertex 21.2584 17.4999 0
    endloop
  endfacet
  facet normal -0 0 -1
    outer loop
      vertex 23.5007 19.1986 0
      vertex 21.0314 17.8787 0
      vertex 23.4294 19.3494 0
    endloop
  endfacet
  facet normal 0 0 -1
    outer loop
      vertex 20.8425 18.2779 0
      vertex 23.4294 19.3494 0
      vertex 21.0314 17.8787 0
    endloop
  endfacet
  facet normal -0 0 -1
    outer loop
      vertex 23.4294 19.3494 0
      vertex 20.8425 18.2779 0
      vertex 23.3732 19.5065 0
    endloop
  endfacet
  facet normal 0 0 -1
    outer loop
      vertex 20.6938 18.6937 0
      vertex 23.3732 19.5065 0
      vertex 20.8425 18.2779 0
    endloop
  endfacet
  facet normal 0 0 -1
    outer loop
      vertex 23.3 20 0
      vertex 21.3325 22.6 0
      vertex 23.3082 20.1666 0
    endloop
  endfacet
  facet normal 0 0 -1
    outer loop
      vertex 23.3082 20.1666 0
      vertex 21.3325 22.6 0
      vertex 23.3327 20.3317 0
    endloop
  endfacet
  facet normal 0 0 -1
    outer loop
      vertex 23.3327 20.3317 0
      vertex 21.3325 22.6 0
      vertex 23.3732 20.4935 0
    endloop
  endfacet
  facet normal 0 0 -1
    outer loop
      vertex 23.3732 20.4935 0
      vertex 21.3325 22.6 0
      vertex 23.4294 20.6506 0
    endloop
  endfacet
  facet normal 0 0 -1
    outer loop
      vertex 23.4294 20.6506 0
      vertex 21.3325 22.6 0
      vertex 23.5007 20.8014 0
    endloop
  endfacet
  facet normal 0 0 -1
    outer loop
      vertex 24.3494 21.5706 0
      vertex 21.3325 22.6 0
      vertex 26 25 0
    endloop
  endfacet
  facet normal 0 0 -1
    outer loop
      vertex -21.3325 22.6 0
      vertex 26 25 0
      vertex 21.3325 22.6 0
    endloop
  endfacet
  facet normal 0 0 -1
    outer loop
      vertex -23.3082 19.8334 0
      vertex -21.5215 17.1452 0
      vertex -21.818 16.818 0
    endloop
  endfacet
  facet normal 0 0 -1
    outer loop
      vertex -23.3082 19.8334 0
      vertex -21.818 16.818 0
      vertex -22.1452 16.5215 0
    endloop
  endfacet
  facet normal 0 0 -1
    outer loop
      vertex -23.3082 19.8334 0
      vertex -22.1452 16.5215 0
      vertex -22.4999 16.2584 0
    endloop
  endfacet
  facet normal 0 0 -1
    outer loop
      vertex -23.3082 19.8334 0
      vertex -22.4999 16.2584 0
      vertex -22.8787 16.0314 0
    endloop
  endfacet
  facet normal 0 0 -1
    outer loop
      vertex -24.1986 18.5007 0
      vertex -22.8787 16.0314 0
      vertex -23.2779 15.8425 0
    endloop
  endfacet
  facet normal -0 0 -1
    outer loop
      vertex -20.6938 21.3063 0
      vertex -23.3732 20.4935 0
      vertex -20.8425 21.7221 0
    endloop
  endfacet
  facet normal 0 0 -1
    outer loop
      vertex -23.4294 20.6506 0
      vertex -20.8425 21.7221 0
      vertex -23.3732 20.4935 0
    endloop
  endfacet
  facet normal -0 0 -1
    outer loop
      vertex -20.8425 21.7221 0
      vertex -23.4294 20.6506 0
      vertex -21.0314 22.1213 0
    endloop
  endfacet
  facet normal 0 0 -1
    outer loop
      vertex -23.5007 20.8014 0
      vertex -21.0314 22.1213 0
      vertex -23.4294 20.6506 0
    endloop
  endfacet
  facet normal -0 0 -1
    outer loop
      vertex -21.0314 22.1213 0
      vertex -23.5007 20.8014 0
      vertex -21.2584 22.5001 0
    endloop
  endfacet
  facet normal 0 0 -1
    outer loop
      vertex -23.5865 20.9445 0
      vertex -21.2584 22.5001 0
      vertex -23.5007 20.8014 0
    endloop
  endfacet
  facet normal -0 0 -1
    outer loop
      vertex -21.2584 22.5001 0
      vertex -23.5865 20.9445 0
      vertex -21.3325 22.6 0
    endloop
  endfacet
  facet normal 0 0 -1
    outer loop
      vertex -23.6859 21.0785 0
      vertex -21.3325 22.6 0
      vertex -23.5865 20.9445 0
    endloop
  endfacet
  facet normal 0 0 -1
    outer loop
      vertex -23.7979 21.2021 0
      vertex -21.3325 22.6 0
      vertex -23.6859 21.0785 0
    endloop
  endfacet
  facet normal 0 0 -1
    outer loop
      vertex -23.9215 21.3141 0
      vertex -21.3325 22.6 0
      vertex -23.7979 21.2021 0
    endloop
  endfacet
  facet normal 0 0 -1
    outer loop
      vertex -24.0555 21.4135 0
      vertex -21.3325 22.6 0
      vertex -23.9215 21.3141 0
    endloop
  endfacet
  facet normal 0 0 -1
    outer loop
      vertex -24.1986 21.4993 0
      vertex -21.3325 22.6 0
      vertex -24.0555 21.4135 0
    endloop
  endfacet
  facet normal 0 0 -1
    outer loop
      vertex -24.3494 21.5706 0
      vertex -21.3325 22.6 0
      vertex -24.1986 21.4993 0
    endloop
  endfacet
  facet normal 0 0 -1
    outer loop
      vertex -24.5065 21.6268 0
      vertex -21.3325 22.6 0
      vertex -24.3494 21.5706 0
    endloop
  endfacet
  facet normal 0 0 -1
    outer loop
      vertex -26 25 0
      vertex -24.5065 21.6268 0
      vertex -24.6683 21.6673 0
    endloop
  endfacet
  facet normal 0 0 -1
    outer loop
      vertex -26 25 0
      vertex -24.6683 21.6673 0
      vertex -24.8334 21.6918 0
    endloop
  endfacet
  facet normal 0 0 -1
    outer loop
      vertex -26 25 0
      vertex -24.8334 21.6918 0
      vertex -25 21.7 0
    endloop
  endfacet
  facet normal 0 0 -1
    outer loop
      vertex -26 25 0
      vertex -25 21.7 0
      vertex -25.1666 21.6918 0
    endloop
  endfacet
  facet normal 0 0 -1
    outer loop
      vertex -26 25 0
      vertex -25.1666 21.6918 0
      vertex -25.3317 21.6673 0
    endloop
  endfacet
  facet normal 0 0 -1
    outer loop
      vertex -21.3325 22.6 0
      vertex -26 25 0
      vertex 26 25 0
    endloop
  endfacet
  facet normal 0 0 -1
    outer loop
      vertex -24.5065 21.6268 0
      vertex -26 25 0
      vertex -21.3325 22.6 0
    endloop
  endfacet
  facet normal 0 0 -1
    outer loop
      vertex -25.4935 21.6268 0
      vertex -26 25 0
      vertex -25.3317 21.6673 0
    endloop
  endfacet
  facet normal 0 0 -1
    outer loop
      vertex -26.3921 24.9807 0
      vertex -25.4935 21.6268 0
      vertex -25.6506 21.5706 0
    endloop
  endfacet
  facet normal 0 0 -1
    outer loop
      vertex -26.7804 24.9231 0
      vertex -25.6506 21.5706 0
      vertex -25.8014 21.4993 0
    endloop
  endfacet
  facet normal 0 0 -1
    outer loop
      vertex -27.5307 24.6955 0
      vertex -25.8014 21.4993 0
      vertex -25.9445 21.4135 0
    endloop
  endfacet
  facet normal 0 0 -1
    outer loop
      vertex -27.8856 24.5277 0
      vertex -25.9445 21.4135 0
      vertex -26.0785 21.3141 0
    endloop
  endfacet
  facet normal 0 0 -1
    outer loop
      vertex -27.8856 24.5277 0
      vertex -26.0785 21.3141 0
      vertex -26.2021 21.2021 0
    endloop
  endfacet
  facet normal 0 0 -1
    outer loop
      vertex -27.8856 24.5277 0
      vertex -26.2021 21.2021 0
      vertex -26.3141 21.0785 0
    endloop
  endfacet
  facet normal 0 0 -1
    outer loop
      vertex -25.4935 21.6268 0
      vertex -26.3921 24.9807 0
      vertex -26 25 0
    endloop
  endfacet
  facet normal 0 0 -1
    outer loop
      vertex -27.8856 24.5277 0
      vertex -26.3141 21.0785 0
      vertex -26.4135 20.9445 0
    endloop
  endfacet
  facet normal 0 0 -1
    outer loop
      vertex -27.8856 24.5277 0
      vertex -26.4135 20.9445 0
      vertex -26.4993 20.8014 0
    endloop
  endfacet
  facet normal 0 0 -1
    outer loop
      vertex -27.8856 24.5277 0
      vertex -26.4993 20.8014 0
      vertex -26.5706 20.6506 0
    endloop
  endfacet
  facet normal 0 0 -1
    outer loop
      vertex -27.8856 24.5277 0
      vertex -26.5706 20.6506 0
      vertex -26.6268 20.4935 0
    endloop
  endfacet
  facet normal 0 0 -1
    outer loop
      vertex -27.8856 24.5277 0
      vertex -26.6268 20.4935 0
      vertex -26.6673 20.3317 0
    endloop
  endfacet
  facet normal 0 0 -1
    outer loop
      vertex -27.8856 24.5277 0
      vertex -26.6673 20.3317 0
      vertex -26.6918 20.1666 0
    endloop
  endfacet
  facet normal 0 0 -1
    outer loop
      vertex -25.6506 21.5706 0
      vertex -26.7804 24.9231 0
      vertex -26.3921 24.9807 0
    endloop
  endfacet
  facet normal 0 0 -1
    outer loop
      vertex -27.8856 24.5277 0
      vertex -26.6918 20.1666 0
      vertex -26.7 20 0
    endloop
  endfacet
  facet normal -0 0 -1
    outer loop
      vertex -26.6268 19.5065 0
      vertex -27.6 16.3325 0
      vertex -26.6673 19.6683 0
    endloop
  endfacet
  facet normal -0 0 -1
    outer loop
      vertex -26.6673 19.6683 0
      vertex -27.6 16.3325 0
      vertex -26.6918 19.8334 0
    endloop
  endfacet
  facet normal 0 0 -1
    outer loop
      vertex -27.8856 24.5277 0
      vertex -26.7 20 0
      vertex -27.6 16.3325 0
    endloop
  endfacet
  facet normal -0 0 -1
    outer loop
      vertex -26.6918 19.8334 0
      vertex -27.6 16.3325 0
      vertex -26.7 20 0
    endloop
  endfacet
  facet normal 0 0 -1
    outer loop
      vertex -25.9445 21.4135 0
      vertex -27.8856 24.5277 0
      vertex -27.5307 24.6955 0
    endloop
  endfacet
  facet normal 0 0 -1
    outer loop
      vertex -25.8014 21.4993 0
      vertex -27.1611 24.8278 0
      vertex -26.7804 24.9231 0
    endloop
  endfacet
  facet normal 0 0 -1
    outer loop
      vertex -25.8014 21.4993 0
      vertex -27.5307 24.6955 0
      vertex -27.1611 24.8278 0
    endloop
  endfacet
  facet normal -0.146733 -0.989176 0
    outer loop
      vertex -26.7804 -24.9231 0
      vertex -26.3921 -24.9807 34
      vertex -26.7804 -24.9231 34
    endloop
  endfacet
  facet normal -0.146733 -0.989176 -0
    outer loop
      vertex -26.3921 -24.9807 34
      vertex -26.7804 -24.9231 0
      vertex -26.3921 -24.9807 0
    endloop
  endfacet
  facet normal -0.42744 -0.904044 0
    outer loop
      vertex -27.8856 -24.5277 0
      vertex -27.5307 -24.6955 34
      vertex -27.8856 -24.5277 34
    endloop
  endfacet
  facet normal -0.42744 -0.904044 -0
    outer loop
      vertex -27.5307 -24.6955 34
      vertex -27.8856 -24.5277 0
      vertex -27.5307 -24.6955 0
    endloop
  endfacet
  facet normal 0.989176 0.146733 0
    outer loop
      vertex 29.9807 21.3921 34
      vertex 29.9231 21.7804 0
      vertex 29.9231 21.7804 34
    endloop
  endfacet
  facet normal 0.989176 0.146733 0
    outer loop
      vertex 29.9231 21.7804 0
      vertex 29.9807 21.3921 34
      vertex 29.9807 21.3921 0
    endloop
  endfacet
  facet normal -0.9415 -0.337014 0
    outer loop
      vertex -29.6955 -22.5307 0
      vertex -29.8278 -22.1611 34
      vertex -29.8278 -22.1611 0
    endloop
  endfacet
  facet normal -0.9415 -0.337014 0
    outer loop
      vertex -29.8278 -22.1611 34
      vertex -29.6955 -22.5307 0
      vertex -29.6955 -22.5307 34
    endloop
  endfacet
  facet normal 0.9415 0.337014 0
    outer loop
      vertex 29.8278 22.1611 34
      vertex 29.6955 22.5307 0
      vertex 29.6955 22.5307 34
    endloop
  endfacet
  facet normal 0.9415 0.337014 0
    outer loop
      vertex 29.6955 22.5307 0
      vertex 29.8278 22.1611 34
      vertex 29.8278 22.1611 0
    endloop
  endfacet
  facet normal -0.998791 0.0491626 0
    outer loop
      vertex -30 21 0
      vertex -29.9807 21.3921 34
      vertex -29.9807 21.3921 0
    endloop
  endfacet
  facet normal -0.998791 0.0491626 0
    outer loop
      vertex -29.9807 21.3921 34
      vertex -30 21 0
      vertex -30 21 34
    endloop
  endfacet
  facet normal -0.9415 0.337014 0
    outer loop
      vertex -29.8278 22.1611 0
      vertex -29.6955 22.5307 34
      vertex -29.6955 22.5307 0
    endloop
  endfacet
  facet normal -0.9415 0.337014 0
    outer loop
      vertex -29.6955 22.5307 34
      vertex -29.8278 22.1611 0
      vertex -29.8278 22.1611 34
    endloop
  endfacet
  facet normal 0.9415 -0.337014 0
    outer loop
      vertex 29.6955 -22.5307 34
      vertex 29.8278 -22.1611 0
      vertex 29.8278 -22.1611 34
    endloop
  endfacet
  facet normal 0.9415 -0.337014 0
    outer loop
      vertex 29.8278 -22.1611 0
      vertex 29.6955 -22.5307 34
      vertex 29.6955 -22.5307 0
    endloop
  endfacet
  facet normal -0.242835 -0.970068 0
    outer loop
      vertex -27.1611 -24.8278 0
      vertex -26.7804 -24.9231 34
      vertex -27.1611 -24.8278 34
    endloop
  endfacet
  facet normal -0.242835 -0.970068 -0
    outer loop
      vertex -26.7804 -24.9231 34
      vertex -27.1611 -24.8278 0
      vertex -26.7804 -24.9231 0
    endloop
  endfacet
  facet normal -0.803137 -0.595794 0
    outer loop
      vertex -29.092 -23.5376 0
      vertex -29.3259 -23.2223 34
      vertex -29.3259 -23.2223 0
    endloop
  endfacet
  facet normal -0.803137 -0.595794 0
    outer loop
      vertex -29.3259 -23.2223 34
      vertex -29.092 -23.5376 0
      vertex -29.092 -23.5376 34
    endloop
  endfacet
  facet normal 0.671607 0.740908 -0
    outer loop
      vertex 28.8284 23.8284 0
      vertex 28.5376 24.092 34
      vertex 28.8284 23.8284 34
    endloop
  endfacet
  facet normal 0.671607 0.740908 0
    outer loop
      vertex 28.5376 24.092 34
      vertex 28.8284 23.8284 0
      vertex 28.5376 24.092 0
    endloop
  endfacet
  facet normal -0.970068 -0.242835 0
    outer loop
      vertex -29.8278 -22.1611 0
      vertex -29.9231 -21.7804 34
      vertex -29.9231 -21.7804 0
    endloop
  endfacet
  facet normal -0.970068 -0.242835 0
    outer loop
      vertex -29.9231 -21.7804 34
      vertex -29.8278 -22.1611 0
      vertex -29.8278 -22.1611 34
    endloop
  endfacet
  facet normal -0.989176 -0.146733 0
    outer loop
      vertex -29.9231 -21.7804 0
      vertex -29.9807 -21.3921 34
      vertex -29.9807 -21.3921 0
    endloop
  endfacet
  facet normal -0.989176 -0.146733 0
    outer loop
      vertex -29.9807 -21.3921 34
      vertex -29.9231 -21.7804 0
      vertex -29.9231 -21.7804 34
    endloop
  endfacet
  facet normal 0.514084 0.85774 -0
    outer loop
      vertex 28.2223 24.3259 0
      vertex 27.8856 24.5277 34
      vertex 28.2223 24.3259 34
    endloop
  endfacet
  facet normal 0.514084 0.85774 0
    outer loop
      vertex 27.8856 24.5277 34
      vertex 28.2223 24.3259 0
      vertex 27.8856 24.5277 0
    endloop
  endfacet
  facet normal -0.970068 0.242835 0
    outer loop
      vertex -29.9231 21.7804 0
      vertex -29.8278 22.1611 34
      vertex -29.8278 22.1611 0
    endloop
  endfacet
  facet normal -0.970068 0.242835 0
    outer loop
      vertex -29.8278 22.1611 34
      vertex -29.9231 21.7804 0
      vertex -29.9231 21.7804 34
    endloop
  endfacet
  facet normal -0.989176 0.146733 0
    outer loop
      vertex -29.9807 21.3921 0
      vertex -29.9231 21.7804 34
      vertex -29.9231 21.7804 0
    endloop
  endfacet
  facet normal -0.989176 0.146733 0
    outer loop
      vertex -29.9231 21.7804 34
      vertex -29.9807 21.3921 0
      vertex -29.9807 21.3921 34
    endloop
  endfacet
  facet normal 0.740908 -0.671607 0
    outer loop
      vertex 28.8284 -23.8284 34
      vertex 29.092 -23.5376 0
      vertex 29.092 -23.5376 34
    endloop
  endfacet
  facet normal 0.740908 -0.671607 0
    outer loop
      vertex 29.092 -23.5376 0
      vertex 28.8284 -23.8284 34
      vertex 28.8284 -23.8284 0
    endloop
  endfacet
  facet normal 0.904044 -0.42744 0
    outer loop
      vertex 29.5277 -22.8856 34
      vertex 29.6955 -22.5307 0
      vertex 29.6955 -22.5307 34
    endloop
  endfacet
  facet normal 0.904044 -0.42744 0
    outer loop
      vertex 29.6955 -22.5307 0
      vertex 29.5277 -22.8856 34
      vertex 29.5277 -22.8856 0
    endloop
  endfacet
  facet normal -0.740908 -0.671607 0
    outer loop
      vertex -28.8284 -23.8284 0
      vertex -29.092 -23.5376 34
      vertex -29.092 -23.5376 0
    endloop
  endfacet
  facet normal -0.740908 -0.671607 0
    outer loop
      vertex -29.092 -23.5376 34
      vertex -28.8284 -23.8284 0
      vertex -28.8284 -23.8284 34
    endloop
  endfacet
  facet normal 0.337014 -0.9415 0
    outer loop
      vertex 27.1611 -24.8278 0
      vertex 27.5307 -24.6955 34
      vertex 27.1611 -24.8278 34
    endloop
  endfacet
  facet normal 0.337014 -0.9415 0
    outer loop
      vertex 27.5307 -24.6955 34
      vertex 27.1611 -24.8278 0
      vertex 27.5307 -24.6955 0
    endloop
  endfacet
  facet normal 0.42744 -0.904044 0
    outer loop
      vertex 27.5307 -24.6955 0
      vertex 27.8856 -24.5277 34
      vertex 27.5307 -24.6955 34
    endloop
  endfacet
  facet normal 0.42744 -0.904044 0
    outer loop
      vertex 27.8856 -24.5277 34
      vertex 27.5307 -24.6955 0
      vertex 27.8856 -24.5277 0
    endloop
  endfacet
  facet normal 0.0491626 0.998791 -0
    outer loop
      vertex 26.3921 24.9807 0
      vertex 26 25 34
      vertex 26.3921 24.9807 34
    endloop
  endfacet
  facet normal 0.0491626 0.998791 0
    outer loop
      vertex 26 25 34
      vertex 26.3921 24.9807 0
      vertex 26 25 0
    endloop
  endfacet
  facet normal -0.337014 0.9415 0
    outer loop
      vertex -27.1611 24.8278 0
      vertex -27.5307 24.6955 34
      vertex -27.1611 24.8278 34
    endloop
  endfacet
  facet normal -0.337014 0.9415 0
    outer loop
      vertex -27.5307 24.6955 34
      vertex -27.1611 24.8278 0
      vertex -27.5307 24.6955 0
    endloop
  endfacet
  facet normal -0.595794 0.803137 0
    outer loop
      vertex -28.2223 24.3259 0
      vertex -28.5376 24.092 34
      vertex -28.2223 24.3259 34
    endloop
  endfacet
  facet normal -0.595794 0.803137 0
    outer loop
      vertex -28.5376 24.092 34
      vertex -28.2223 24.3259 0
      vertex -28.5376 24.092 0
    endloop
  endfacet
  facet normal 0.146733 0.989176 -0
    outer loop
      vertex 26.7804 24.9231 0
      vertex 26.3921 24.9807 34
      vertex 26.7804 24.9231 34
    endloop
  endfacet
  facet normal 0.146733 0.989176 0
    outer loop
      vertex 26.3921 24.9807 34
      vertex 26.7804 24.9231 0
      vertex 26.3921 24.9807 0
    endloop
  endfacet
  facet normal 0 0 1
    outer loop
      vertex -0.980784 18.8049 34
      vertex -23.3732 19.5065 34
      vertex -17.1 6.2 34
    endloop
  endfacet
  facet normal 0 0 1
    outer loop
      vertex -17.1 -6.2 34
      vertex -23.3082 -19.8334 34
      vertex -23.3 -20 34
    endloop
  endfacet
  facet normal -0 0 1
    outer loop
      vertex -23.4294 19.3494 34
      vertex -17.1 6.2 34
      vertex -23.3732 19.5065 34
    endloop
  endfacet
  facet normal 0 0 1
    outer loop
      vertex -17.1 -6.2 34
      vertex -23.3327 -19.6683 34
      vertex -23.3082 -19.8334 34
    endloop
  endfacet
  facet normal -0 0 1
    outer loop
      vertex -23.5007 19.1986 34
      vertex -17.1 6.2 34
      vertex -23.4294 19.3494 34
    endloop
  endfacet
  facet normal 0 0 1
    outer loop
      vertex -17.1 -6.2 34
      vertex -23.3732 -19.5065 34
      vertex -23.3327 -19.6683 34
    endloop
  endfacet
  facet normal -0 0 1
    outer loop
      vertex -23.5865 19.0555 34
      vertex -17.1 6.2 34
      vertex -23.5007 19.1986 34
    endloop
  endfacet
  facet normal 0 0 1
    outer loop
      vertex -17.1 -6.2 34
      vertex -23.4294 -19.3494 34
      vertex -23.3732 -19.5065 34
    endloop
  endfacet
  facet normal -0 0 1
    outer loop
      vertex -23.6859 18.9215 34
      vertex -17.1 6.2 34
      vertex -23.5865 19.0555 34
    endloop
  endfacet
  facet normal 0 0 1
    outer loop
      vertex -17.1 -6.2 34
      vertex -23.5007 -19.1986 34
      vertex -23.4294 -19.3494 34
    endloop
  endfacet
  facet normal -0 0 1
    outer loop
      vertex -23.7979 18.7979 34
      vertex -17.1 6.2 34
      vertex -23.6859 18.9215 34
    endloop
  endfacet
  facet normal 0 0 1
    outer loop
      vertex -17.1 -6.2 34
      vertex -23.5865 -19.0555 34
      vertex -23.5007 -19.1986 34
    endloop
  endfacet
  facet normal -0 0 1
    outer loop
      vertex -23.9215 18.6859 34
      vertex -17.1 6.2 34
      vertex -23.7979 18.7979 34
    endloop
  endfacet
  facet normal 0 0 1
    outer loop
      vertex -17.1 -6.2 34
      vertex -23.6859 -18.9215 34
      vertex -23.5865 -19.0555 34
    endloop
  endfacet
  facet normal -0 0 1
    outer loop
      vertex -24.0555 18.5865 34
      vertex -17.1 6.2 34
      vertex -23.9215 18.6859 34
    endloop
  endfacet
  facet normal 0 0 1
    outer loop
      vertex -17.1 -6.2 34
      vertex -23.7979 -18.7979 34
      vertex -23.6859 -18.9215 34
    endloop
  endfacet
  facet normal -0 0 1
    outer loop
      vertex -24.1986 18.5007 34
      vertex -17.1 6.2 34
      vertex -24.0555 18.5865 34
    endloop
  endfacet
  facet normal 0 0 1
    outer loop
      vertex -17.1 -6.2 34
      vertex -23.9215 -18.6859 34
      vertex -23.7979 -18.7979 34
    endloop
  endfacet
  facet normal -0 0 1
    outer loop
      vertex -24.3494 18.4294 34
      vertex -17.1 6.2 34
      vertex -24.1986 18.5007 34
    endloop
  endfacet
  facet normal 0 0 1
    outer loop
      vertex -17.1 -6.2 34
      vertex -24.0555 -18.5865 34
      vertex -23.9215 -18.6859 34
    endloop
  endfacet
  facet normal -0 0 1
    outer loop
      vertex -24.5065 18.3732 34
      vertex -17.1 6.2 34
      vertex -24.3494 18.4294 34
    endloop
  endfacet
  facet normal 0 0 1
    outer loop
      vertex -17.1 -6.2 34
      vertex -24.1986 -18.5007 34
      vertex -24.0555 -18.5865 34
    endloop
  endfacet
  facet normal -0 0 1
    outer loop
      vertex -24.6683 18.3327 34
      vertex -17.1 6.2 34
      vertex -24.5065 18.3732 34
    endloop
  endfacet
  facet normal 0 0 1
    outer loop
      vertex -17.1 -6.2 34
      vertex -24.3494 -18.4294 34
      vertex -24.1986 -18.5007 34
    endloop
  endfacet
  facet normal -0 0 1
    outer loop
      vertex -24.8334 18.3082 34
      vertex -17.1 6.2 34
      vertex -24.6683 18.3327 34
    endloop
  endfacet
  facet normal 0 0 1
    outer loop
      vertex -17.1 -6.2 34
      vertex -24.5065 -18.3732 34
      vertex -24.3494 -18.4294 34
    endloop
  endfacet
  facet normal -0 0 1
    outer loop
      vertex -25 18.3 34
      vertex -17.1 6.2 34
      vertex -24.8334 18.3082 34
    endloop
  endfacet
  facet normal 0 0 1
    outer loop
      vertex -17.1 -6.2 34
      vertex -24.6683 -18.3327 34
      vertex -24.5065 -18.3732 34
    endloop
  endfacet
  facet normal 0 0 1
    outer loop
      vertex -25.1666 18.3082 34
      vertex -17.1 6.2 34
      vertex -25 18.3 34
    endloop
  endfacet
  facet normal 0 0 1
    outer loop
      vertex -17.1 -6.2 34
      vertex -24.8334 -18.3082 34
      vertex -24.6683 -18.3327 34
    endloop
  endfacet
  facet normal 0 0 1
    outer loop
      vertex -25.3317 18.3327 34
      vertex -17.1 6.2 34
      vertex -25.1666 18.3082 34
    endloop
  endfacet
  facet normal 0 0 1
    outer loop
      vertex -17.1 -6.2 34
      vertex -25 -18.3 34
      vertex -24.8334 -18.3082 34
    endloop
  endfacet
  facet normal 0 0 1
    outer loop
      vertex -25.4935 18.3732 34
      vertex -17.1 6.2 34
      vertex -25.3317 18.3327 34
    endloop
  endfacet
  facet normal 0 0 1
    outer loop
      vertex -17.1 -6.2 34
      vertex -25.1666 -18.3082 34
      vertex -25 -18.3 34
    endloop
  endfacet
  facet normal 0 0 1
    outer loop
      vertex -25.6506 18.4294 34
      vertex -17.1 6.2 34
      vertex -25.4935 18.3732 34
    endloop
  endfacet
  facet normal 0 0 1
    outer loop
      vertex -17.1 -6.2 34
      vertex -25.3317 -18.3327 34
      vertex -25.1666 -18.3082 34
    endloop
  endfacet
  facet normal 0 0 1
    outer loop
      vertex -25.8014 18.5007 34
      vertex -17.1 6.2 34
      vertex -25.6506 18.4294 34
    endloop
  endfacet
  facet normal 0 0 1
    outer loop
      vertex -17.1 -6.2 34
      vertex -25.4935 -18.3732 34
      vertex -25.3317 -18.3327 34
    endloop
  endfacet
  facet normal 0 0 1
    outer loop
      vertex -25.9445 18.5865 34
      vertex -17.1 6.2 34
      vertex -25.8014 18.5007 34
    endloop
  endfacet
  facet normal 0 0 1
    outer loop
      vertex -17.1 -6.2 34
      vertex -25.6506 -18.4294 34
      vertex -25.4935 -18.3732 34
    endloop
  endfacet
  facet normal 0 0 1
    outer loop
      vertex -17.1 6.2 34
      vertex -25.9445 18.5865 34
      vertex -17.1 -6.2 34
    endloop
  endfacet
  facet normal 0 0 1
    outer loop
      vertex -17.1 -6.2 34
      vertex -25.8014 -18.5007 34
      vertex -25.6506 -18.4294 34
    endloop
  endfacet
  facet normal 0 0 1
    outer loop
      vertex -25.9445 -18.5865 34
      vertex -17.1 -6.2 34
      vertex -25.9445 18.5865 34
    endloop
  endfacet
  facet normal 0 0 1
    outer loop
      vertex -17.1 -6.2 34
      vertex -25.9445 -18.5865 34
      vertex -25.8014 -18.5007 34
    endloop
  endfacet
  facet normal 0 0 1
    outer loop
      vertex -26.0785 18.6859 34
      vertex -25.9445 -18.5865 34
      vertex -25.9445 18.5865 34
    endloop
  endfacet
  facet normal 0 0 1
    outer loop
      vertex -26.0785 18.6859 34
      vertex -26.0785 -18.6859 34
      vertex -25.9445 -18.5865 34
    endloop
  endfacet
  facet normal 0 0 1
    outer loop
      vertex -30 21 34
      vertex -26.0785 18.6859 34
      vertex -26.2021 18.7979 34
    endloop
  endfacet
  facet normal 0 0 1
    outer loop
      vertex -26.0785 18.6859 34
      vertex -30 21 34
      vertex -26.0785 -18.6859 34
    endloop
  endfacet
  facet normal 0 0 1
    outer loop
      vertex -30 21 34
      vertex -26.2021 18.7979 34
      vertex -26.3141 18.9215 34
    endloop
  endfacet
  facet normal 0 0 1
    outer loop
      vertex -30 -21 34
      vertex -26.0785 -18.6859 34
      vertex -30 21 34
    endloop
  endfacet
  facet normal 0 0 1
    outer loop
      vertex -30 21 34
      vertex -26.3141 18.9215 34
      vertex -26.4135 19.0555 34
    endloop
  endfacet
  facet normal 0 0 1
    outer loop
      vertex -26.0785 -18.6859 34
      vertex -30 -21 34
      vertex -26.2021 -18.7979 34
    endloop
  endfacet
  facet normal 0 0 1
    outer loop
      vertex -30 21 34
      vertex -26.4135 19.0555 34
      vertex -26.4993 19.1986 34
    endloop
  endfacet
  facet normal 0 0 1
    outer loop
      vertex -26.2021 -18.7979 34
      vertex -30 -21 34
      vertex -26.3141 -18.9215 34
    endloop
  endfacet
  facet normal 0 0 1
    outer loop
      vertex -30 21 34
      vertex -26.4993 19.1986 34
      vertex -26.5706 19.3494 34
    endloop
  endfacet
  facet normal 0 0 1
    outer loop
      vertex -26.3141 -18.9215 34
      vertex -30 -21 34
      vertex -26.4135 -19.0555 34
    endloop
  endfacet
  facet normal 0 0 1
    outer loop
      vertex -30 21 34
      vertex -26.5706 19.3494 34
      vertex -26.6268 19.5065 34
    endloop
  endfacet
  facet normal 0 0 1
    outer loop
      vertex -26.4135 -19.0555 34
      vertex -30 -21 34
      vertex -26.4993 -19.1986 34
    endloop
  endfacet
  facet normal 0 0 1
    outer loop
      vertex -30 21 34
      vertex -26.6268 19.5065 34
      vertex -26.6673 19.6683 34
    endloop
  endfacet
  facet normal 0 0 1
    outer loop
      vertex -26.4993 -19.1986 34
      vertex -30 -21 34
      vertex -26.5706 -19.3494 34
    endloop
  endfacet
  facet normal 0 0 1
    outer loop
      vertex -30 21 34
      vertex -26.6673 19.6683 34
      vertex -26.6918 19.8334 34
    endloop
  endfacet
  facet normal 0 0 1
    outer loop
      vertex -26.5706 -19.3494 34
      vertex -30 -21 34
      vertex -26.6268 -19.5065 34
    endloop
  endfacet
  facet normal 0 0 1
    outer loop
      vertex -30 21 34
      vertex -26.6918 19.8334 34
      vertex -26.7 20 34
    endloop
  endfacet
  facet normal 0 0 1
    outer loop
      vertex -26.6268 -19.5065 34
      vertex -30 -21 34
      vertex -26.6673 -19.6683 34
    endloop
  endfacet
  facet normal 0 0 1
    outer loop
      vertex 26.6268 19.5065 34
      vertex 30 21 34
      vertex 26.6673 19.6683 34
    endloop
  endfacet
  facet normal 0 0 1
    outer loop
      vertex 30 -21 34
      vertex 26.6918 -19.8334 34
      vertex 26.7 -20 34
    endloop
  endfacet
  facet normal 0 0 1
    outer loop
      vertex 26.5706 19.3494 34
      vertex 30 21 34
      vertex 26.6268 19.5065 34
    endloop
  endfacet
  facet normal 0 0 1
    outer loop
      vertex 30 -21 34
      vertex 26.6673 -19.6683 34
      vertex 26.6918 -19.8334 34
    endloop
  endfacet
  facet normal 0 0 1
    outer loop
      vertex 26.4993 19.1986 34
      vertex 30 21 34
      vertex 26.5706 19.3494 34
    endloop
  endfacet
  facet normal 0 0 1
    outer loop
      vertex 30 -21 34
      vertex 26.6268 -19.5065 34
      vertex 26.6673 -19.6683 34
    endloop
  endfacet
  facet normal 0 0 1
    outer loop
      vertex 26.4135 19.0555 34
      vertex 30 21 34
      vertex 26.4993 19.1986 34
    endloop
  endfacet
  facet normal 0 0 1
    outer loop
      vertex 30 -21 34
      vertex 26.5706 -19.3494 34
      vertex 26.6268 -19.5065 34
    endloop
  endfacet
  facet normal 0 0 1
    outer loop
      vertex 26.3141 18.9215 34
      vertex 30 21 34
      vertex 26.4135 19.0555 34
    endloop
  endfacet
  facet normal 0 0 1
    outer loop
      vertex 30 -21 34
      vertex 26.4993 -19.1986 34
      vertex 26.5706 -19.3494 34
    endloop
  endfacet
  facet normal 0 0 1
    outer loop
      vertex 26.2021 18.7979 34
      vertex 30 21 34
      vertex 26.3141 18.9215 34
    endloop
  endfacet
  facet normal 0 0 1
    outer loop
      vertex 30 -21 34
      vertex 26.4135 -19.0555 34
      vertex 26.4993 -19.1986 34
    endloop
  endfacet
  facet normal 0 0 1
    outer loop
      vertex 26.0785 18.6859 34
      vertex 30 21 34
      vertex 26.2021 18.7979 34
    endloop
  endfacet
  facet normal 0 0 1
    outer loop
      vertex 30 -21 34
      vertex 26.3141 -18.9215 34
      vertex 26.4135 -19.0555 34
    endloop
  endfacet
  facet normal 0 0 1
    outer loop
      vertex 30 21 34
      vertex 26.0785 18.6859 34
      vertex 30 -21 34
    endloop
  endfacet
  facet normal 0 0 1
    outer loop
      vertex 30 -21 34
      vertex 26.2021 -18.7979 34
      vertex 26.3141 -18.9215 34
    endloop
  endfacet
  facet normal -0 0 1
    outer loop
      vertex 26.0785 -18.6859 34
      vertex 30 -21 34
      vertex 26.0785 18.6859 34
    endloop
  endfacet
  facet normal 0 0 1
    outer loop
      vertex 30 -21 34
      vertex 26.0785 -18.6859 34
      vertex 26.2021 -18.7979 34
    endloop
  endfacet
  facet normal -0 0 1
    outer loop
      vertex 25.9445 18.5865 34
      vertex 26.0785 -18.6859 34
      vertex 26.0785 18.6859 34
    endloop
  endfacet
  facet normal 0 0 1
    outer loop
      vertex 25.9445 18.5865 34
      vertex 25.9445 -18.5865 34
      vertex 26.0785 -18.6859 34
    endloop
  endfacet
  facet normal -0 0 1
    outer loop
      vertex 25.8014 18.5007 34
      vertex 25.9445 -18.5865 34
      vertex 25.9445 18.5865 34
    endloop
  endfacet
  facet normal 0 0 1
    outer loop
      vertex 25.8014 18.5007 34
      vertex 25.8014 -18.5007 34
      vertex 25.9445 -18.5865 34
    endloop
  endfacet
  facet normal -0 0 1
    outer loop
      vertex 25.6506 18.4294 34
      vertex 25.8014 -18.5007 34
      vertex 25.8014 18.5007 34
    endloop
  endfacet
  facet normal 0 0 1
    outer loop
      vertex 25.6506 18.4294 34
      vertex 25.6506 -18.4294 34
      vertex 25.8014 -18.5007 34
    endloop
  endfacet
  facet normal -0 0 1
    outer loop
      vertex 25.4935 18.3732 34
      vertex 25.6506 -18.4294 34
      vertex 25.6506 18.4294 34
    endloop
  endfacet
  facet normal 0 0 1
    outer loop
      vertex 25.4935 18.3732 34
      vertex 25.4935 -18.3732 34
      vertex 25.6506 -18.4294 34
    endloop
  endfacet
  facet normal -0 0 1
    outer loop
      vertex 25.3317 18.3327 34
      vertex 25.4935 -18.3732 34
      vertex 25.4935 18.3732 34
    endloop
  endfacet
  facet normal 0 0 1
    outer loop
      vertex 25.3317 18.3327 34
      vertex 25.3317 -18.3327 34
      vertex 25.4935 -18.3732 34
    endloop
  endfacet
  facet normal -0 0 1
    outer loop
      vertex 25.1666 18.3082 34
      vertex 25.3317 -18.3327 34
      vertex 25.3317 18.3327 34
    endloop
  endfacet
  facet normal 0 0 1
    outer loop
      vertex 25.1666 18.3082 34
      vertex 25.1666 -18.3082 34
      vertex 25.3317 -18.3327 34
    endloop
  endfacet
  facet normal -0 0 1
    outer loop
      vertex 25 18.3 34
      vertex 25.1666 -18.3082 34
      vertex 25.1666 18.3082 34
    endloop
  endfacet
  facet normal 0 0 1
    outer loop
      vertex 25 18.3 34
      vertex 25 -18.3 34
      vertex 25.1666 -18.3082 34
    endloop
  endfacet
  facet normal 0 0 1
    outer loop
      vertex 24.8334 18.3082 34
      vertex 25 -18.3 34
      vertex 25 18.3 34
    endloop
  endfacet
  facet normal 0 0 1
    outer loop
      vertex 24.8334 18.3082 34
      vertex 24.8334 -18.3082 34
      vertex 25 -18.3 34
    endloop
  endfacet
  facet normal 0 0 1
    outer loop
      vertex 5.9 6.2 34
      vertex 24.8334 18.3082 34
      vertex 24.6683 18.3327 34
    endloop
  endfacet
  facet normal 0 0 1
    outer loop
      vertex 24.8334 18.3082 34
      vertex 5.9 6.2 34
      vertex 24.8334 -18.3082 34
    endloop
  endfacet
  facet normal 0 0 1
    outer loop
      vertex 5.9 6.2 34
      vertex 24.6683 18.3327 34
      vertex 24.5065 18.3732 34
    endloop
  endfacet
  facet normal -0 0 1
    outer loop
      vertex 5.9 -6.2 34
      vertex 24.8334 -18.3082 34
      vertex 5.9 6.2 34
    endloop
  endfacet
  facet normal 0 0 1
    outer loop
      vertex 5.9 6.2 34
      vertex 24.5065 18.3732 34
      vertex 24.3494 18.4294 34
    endloop
  endfacet
  facet normal 0 0 1
    outer loop
      vertex 24.8334 -18.3082 34
      vertex 5.9 -6.2 34
      vertex 24.6683 -18.3327 34
    endloop
  endfacet
  facet normal 0 0 1
    outer loop
      vertex 5.9 6.2 34
      vertex 24.3494 18.4294 34
      vertex 24.1986 18.5007 34
    endloop
  endfacet
  facet normal 0 0 1
    outer loop
      vertex 24.6683 -18.3327 34
      vertex 5.9 -6.2 34
      vertex 24.5065 -18.3732 34
    endloop
  endfacet
  facet normal 0 0 1
    outer loop
      vertex 5.9 6.2 34
      vertex 24.1986 18.5007 34
      vertex 24.0555 18.5865 34
    endloop
  endfacet
  facet normal 0 0 1
    outer loop
      vertex 24.5065 -18.3732 34
      vertex 5.9 -6.2 34
      vertex 24.3494 -18.4294 34
    endloop
  endfacet
  facet normal 0 0 1
    outer loop
      vertex 5.9 6.2 34
      vertex 24.0555 18.5865 34
      vertex 23.9215 18.6859 34
    endloop
  endfacet
  facet normal 0 0 1
    outer loop
      vertex 24.3494 -18.4294 34
      vertex 5.9 -6.2 34
      vertex 24.1986 -18.5007 34
    endloop
  endfacet
  facet normal 0 0 1
    outer loop
      vertex 5.9 6.2 34
      vertex 23.9215 18.6859 34
      vertex 23.7979 18.7979 34
    endloop
  endfacet
  facet normal 0 0 1
    outer loop
      vertex 24.1986 -18.5007 34
      vertex 5.9 -6.2 34
      vertex 24.0555 -18.5865 34
    endloop
  endfacet
  facet normal 0 0 1
    outer loop
      vertex 5.9 6.2 34
      vertex 23.7979 18.7979 34
      vertex 23.6859 18.9215 34
    endloop
  endfacet
  facet normal 0 0 1
    outer loop
      vertex 24.0555 -18.5865 34
      vertex 5.9 -6.2 34
      vertex 23.9215 -18.6859 34
    endloop
  endfacet
  facet normal 0 0 1
    outer loop
      vertex 5.9 6.2 34
      vertex 23.6859 18.9215 34
      vertex 23.5865 19.0555 34
    endloop
  endfacet
  facet normal 0 0 1
    outer loop
      vertex 23.9215 -18.6859 34
      vertex 5.9 -6.2 34
      vertex 23.7979 -18.7979 34
    endloop
  endfacet
  facet normal 0 0 1
    outer loop
      vertex 5.9 6.2 34
      vertex 23.5865 19.0555 34
      vertex 23.5007 19.1986 34
    endloop
  endfacet
  facet normal 0 0 1
    outer loop
      vertex 23.7979 -18.7979 34
      vertex 5.9 -6.2 34
      vertex 23.6859 -18.9215 34
    endloop
  endfacet
  facet normal 0 0 1
    outer loop
      vertex 5.9 6.2 34
      vertex 23.5007 19.1986 34
      vertex 23.4294 19.3494 34
    endloop
  endfacet
  facet normal 0 0 1
    outer loop
      vertex 23.6859 -18.9215 34
      vertex 5.9 -6.2 34
      vertex 23.5865 -19.0555 34
    endloop
  endfacet
  facet normal 0 0 1
    outer loop
      vertex 5.9 6.2 34
      vertex 23.4294 19.3494 34
      vertex 23.3732 19.5065 34
    endloop
  endfacet
  facet normal 0 0 1
    outer loop
      vertex 23.5865 -19.0555 34
      vertex 5.9 -6.2 34
      vertex 23.5007 -19.1986 34
    endloop
  endfacet
  facet normal 0 0 1
    outer loop
      vertex 0.980784 18.8049 34
      vertex 23.3732 19.5065 34
      vertex 23.3327 19.6683 34
    endloop
  endfacet
  facet normal 0 0 1
    outer loop
      vertex 23.5007 -19.1986 34
      vertex 5.9 -6.2 34
      vertex 23.4294 -19.3494 34
    endloop
  endfacet
  facet normal 0 0 1
    outer loop
      vertex 0.995184 18.902 34
      vertex 23.3327 19.6683 34
      vertex 23.3082 19.8334 34
    endloop
  endfacet
  facet normal 0 0 1
    outer loop
      vertex 23.4294 -19.3494 34
      vertex 5.9 -6.2 34
      vertex 23.3732 -19.5065 34
    endloop
  endfacet
  facet normal 0 0 1
    outer loop
      vertex 1 19 34
      vertex 23.3082 19.8334 34
      vertex 23.3 20 34
    endloop
  endfacet
  facet normal 0 0 1
    outer loop
      vertex 23.3732 -19.5065 34
      vertex 5.9 -6.2 34
      vertex 23.3327 -19.6683 34
    endloop
  endfacet
  facet normal 0 0 1
    outer loop
      vertex 26.6268 20.4935 34
      vertex 30 21 34
      vertex 29.9807 21.3921 34
    endloop
  endfacet
  facet normal 0 0 1
    outer loop
      vertex 26.6918 19.8334 34
      vertex 30 21 34
      vertex 26.7 20 34
    endloop
  endfacet
  facet normal 0 0 1
    outer loop
      vertex 26.5706 20.6506 34
      vertex 29.9807 21.3921 34
      vertex 29.9231 21.7804 34
    endloop
  endfacet
  facet normal 0 0 1
    outer loop
      vertex 26.6673 19.6683 34
      vertex 30 21 34
      vertex 26.6918 19.8334 34
    endloop
  endfacet
  facet normal 0 0 1
    outer loop
      vertex 26.4993 20.8014 34
      vertex 29.9231 21.7804 34
      vertex 29.8278 22.1611 34
    endloop
  endfacet
  facet normal -0 0 1
    outer loop
      vertex 26.6918 -20.1666 34
      vertex 30 -21 34
      vertex 26.7 -20 34
    endloop
  endfacet
  facet normal 0 0 1
    outer loop
      vertex 26.4993 20.8014 34
      vertex 29.8278 22.1611 34
      vertex 29.6955 22.5307 34
    endloop
  endfacet
  facet normal -0 0 1
    outer loop
      vertex 26.6673 -20.3317 34
      vertex 30 -21 34
      vertex 26.6918 -20.1666 34
    endloop
  endfacet
  facet normal 0 0 1
    outer loop
      vertex 26.4135 20.9445 34
      vertex 29.6955 22.5307 34
      vertex 29.5277 22.8856 34
    endloop
  endfacet
  facet normal -0 0 1
    outer loop
      vertex 26.6268 -20.4935 34
      vertex 30 -21 34
      vertex 26.6673 -20.3317 34
    endloop
  endfacet
  facet normal 0 0 1
    outer loop
      vertex 26.4135 20.9445 34
      vertex 29.5277 22.8856 34
      vertex 29.3259 23.2223 34
    endloop
  endfacet
  facet normal 0 0 1
    outer loop
      vertex 30 -21 34
      vertex 26.6268 -20.4935 34
      vertex 29.9807 -21.3921 34
    endloop
  endfacet
  facet normal 0 0 1
    outer loop
      vertex 26.3141 21.0785 34
      vertex 29.3259 23.2223 34
      vertex 29.092 23.5376 34
    endloop
  endfacet
  facet normal -0 0 1
    outer loop
      vertex 26.5706 -20.6506 34
      vertex 29.9807 -21.3921 34
      vertex 26.6268 -20.4935 34
    endloop
  endfacet
  facet normal 0 0 1
    outer loop
      vertex 26.2021 21.2021 34
      vertex 29.092 23.5376 34
      vertex 28.8284 23.8284 34
    endloop
  endfacet
  facet normal 0 0 1
    outer loop
      vertex 29.9807 -21.3921 34
      vertex 26.5706 -20.6506 34
      vertex 29.9231 -21.7804 34
    endloop
  endfacet
  facet normal 0 0 1
    outer loop
      vertex 26.2021 21.2021 34
      vertex 28.8284 23.8284 34
      vertex 28.5376 24.092 34
    endloop
  endfacet
  facet normal -0 0 1
    outer loop
      vertex 26.4993 -20.8014 34
      vertex 29.9231 -21.7804 34
      vertex 26.5706 -20.6506 34
    endloop
  endfacet
  facet normal 0 0 1
    outer loop
      vertex 26.0785 21.3141 34
      vertex 28.5376 24.092 34
      vertex 28.2223 24.3259 34
    endloop
  endfacet
  facet normal 0 0 1
    outer loop
      vertex 29.9231 -21.7804 34
      vertex 26.4993 -20.8014 34
      vertex 29.8278 -22.1611 34
    endloop
  endfacet
  facet normal 0 0 1
    outer loop
      vertex 26.0785 21.3141 34
      vertex 28.2223 24.3259 34
      vertex 27.8856 24.5277 34
    endloop
  endfacet
  facet normal 0 0 1
    outer loop
      vertex 29.8278 -22.1611 34
      vertex 26.4993 -20.8014 34
      vertex 29.6955 -22.5307 34
    endloop
  endfacet
  facet normal 0 0 1
    outer loop
      vertex 25.9445 21.4135 34
      vertex 27.8856 24.5277 34
      vertex 27.5307 24.6955 34
    endloop
  endfacet
  facet normal -0 0 1
    outer loop
      vertex 26.4135 -20.9445 34
      vertex 29.6955 -22.5307 34
      vertex 26.4993 -20.8014 34
    endloop
  endfacet
  facet normal 0 0 1
    outer loop
      vertex 25.8014 21.4993 34
      vertex 27.5307 24.6955 34
      vertex 27.1611 24.8278 34
    endloop
  endfacet
  facet normal 0 0 1
    outer loop
      vertex 29.6955 -22.5307 34
      vertex 26.4135 -20.9445 34
      vertex 29.5277 -22.8856 34
    endloop
  endfacet
  facet normal 0 0 1
    outer loop
      vertex 25.8014 21.4993 34
      vertex 27.1611 24.8278 34
      vertex 26.7804 24.9231 34
    endloop
  endfacet
  facet normal 0 0 1
    outer loop
      vertex 29.5277 -22.8856 34
      vertex 26.4135 -20.9445 34
      vertex 29.3259 -23.2223 34
    endloop
  endfacet
  facet normal -0 0 1
    outer loop
      vertex 26.3141 -21.0785 34
      vertex 29.3259 -23.2223 34
      vertex 26.4135 -20.9445 34
    endloop
  endfacet
  facet normal 0 0 1
    outer loop
      vertex 30 21 34
      vertex 26.6918 20.1666 34
      vertex 26.7 20 34
    endloop
  endfacet
  facet normal 0 0 1
    outer loop
      vertex 30 21 34
      vertex 26.6673 20.3317 34
      vertex 26.6918 20.1666 34
    endloop
  endfacet
  facet normal 0 0 1
    outer loop
      vertex 30 21 34
      vertex 26.6268 20.4935 34
      vertex 26.6673 20.3317 34
    endloop
  endfacet
  facet normal 0 0 1
    outer loop
      vertex 29.9807 21.3921 34
      vertex 26.5706 20.6506 34
      vertex 26.6268 20.4935 34
    endloop
  endfacet
  facet normal 0 0 1
    outer loop
      vertex 29.9231 21.7804 34
      vertex 26.4993 20.8014 34
      vertex 26.5706 20.6506 34
    endloop
  endfacet
  facet normal 0 0 1
    outer loop
      vertex 29.6955 22.5307 34
      vertex 26.4135 20.9445 34
      vertex 26.4993 20.8014 34
    endloop
  endfacet
  facet normal 0 0 1
    outer loop
      vertex 25.6506 21.5706 34
      vertex 26.7804 24.9231 34
      vertex 26.3921 24.9807 34
    endloop
  endfacet
  facet normal 0 0 1
    outer loop
      vertex 29.3259 23.2223 34
      vertex 26.3141 21.0785 34
      vertex 26.4135 20.9445 34
    endloop
  endfacet
  facet normal 0 0 1
    outer loop
      vertex 29.092 23.5376 34
      vertex 26.2021 21.2021 34
      vertex 26.3141 21.0785 34
    endloop
  endfacet
  facet normal 0 0 1
    outer loop
      vertex 28.5376 24.092 34
      vertex 26.0785 21.3141 34
      vertex 26.2021 21.2021 34
    endloop
  endfacet
  facet normal 0 0 1
    outer loop
      vertex 25.4935 21.6268 34
      vertex 26.3921 24.9807 34
      vertex 26 25 34
    endloop
  endfacet
  facet normal 0 0 1
    outer loop
      vertex 27.8856 24.5277 34
      vertex 25.9445 21.4135 34
      vertex 26.0785 21.3141 34
    endloop
  endfacet
  facet normal 0 0 1
    outer loop
      vertex 27.5307 24.6955 34
      vertex 25.8014 21.4993 34
      vertex 25.9445 21.4135 34
    endloop
  endfacet
  facet normal 0 0 1
    outer loop
      vertex 26.7804 24.9231 34
      vertex 25.6506 21.5706 34
      vertex 25.8014 21.4993 34
    endloop
  endfacet
  facet normal 0 0 1
    outer loop
      vertex 26.3921 24.9807 34
      vertex 25.4935 21.6268 34
      vertex 25.6506 21.5706 34
    endloop
  endfacet
  facet normal 0 0 1
    outer loop
      vertex 26 25 34
      vertex 25.3317 21.6673 34
      vertex 25.4935 21.6268 34
    endloop
  endfacet
  facet normal 0 0 1
    outer loop
      vertex 26 25 34
      vertex 25.1666 21.6918 34
      vertex 25.3317 21.6673 34
    endloop
  endfacet
  facet normal 0 0 1
    outer loop
      vertex 26 25 34
      vertex 25 21.7 34
      vertex 25.1666 21.6918 34
    endloop
  endfacet
  facet normal 0 0 1
    outer loop
      vertex 26 25 34
      vertex 24.8334 21.6918 34
      vertex 25 21.7 34
    endloop
  endfacet
  facet normal 0 0 1
    outer loop
      vertex 26 25 34
      vertex 24.6683 21.6673 34
      vertex 24.8334 21.6918 34
    endloop
  endfacet
  facet normal 0 0 1
    outer loop
      vertex 26 25 34
      vertex 24.5065 21.6268 34
      vertex 24.6683 21.6673 34
    endloop
  endfacet
  facet normal 0 0 1
    outer loop
      vertex 26 25 34
      vertex 24.3494 21.5706 34
      vertex 24.5065 21.6268 34
    endloop
  endfacet
  facet normal 0 0 1
    outer loop
      vertex 26 25 34
      vertex 24.1986 21.4993 34
      vertex 24.3494 21.5706 34
    endloop
  endfacet
  facet normal 0 0 1
    outer loop
      vertex 26 25 34
      vertex 24.0555 21.4135 34
      vertex 24.1986 21.4993 34
    endloop
  endfacet
  facet normal 0 0 1
    outer loop
      vertex 26 25 34
      vertex 23.9215 21.3141 34
      vertex 24.0555 21.4135 34
    endloop
  endfacet
  facet normal 0 0 1
    outer loop
      vertex 26 25 34
      vertex 23.7979 21.2021 34
      vertex 23.9215 21.3141 34
    endloop
  endfacet
  facet normal 0 0 1
    outer loop
      vertex 26 25 34
      vertex 23.6859 21.0785 34
      vertex 23.7979 21.2021 34
    endloop
  endfacet
  facet normal 0 0 1
    outer loop
      vertex 0.707107 19.7071 34
      vertex 23.6859 21.0785 34
      vertex 26 25 34
    endloop
  endfacet
  facet normal 0 0 1
    outer loop
      vertex 23.6859 21.0785 34
      vertex 0.707107 19.7071 34
      vertex 23.5865 20.9445 34
    endloop
  endfacet
  facet normal 0 0 1
    outer loop
      vertex 23.3327 -19.6683 34
      vertex 5.9 -6.2 34
      vertex 23.3082 -19.8334 34
    endloop
  endfacet
  facet normal 0 0 1
    outer loop
      vertex 0.995184 19.098 34
      vertex 23.3 20 34
      vertex 23.3082 20.1666 34
    endloop
  endfacet
  facet normal 0 0 1
    outer loop
      vertex 0.980784 19.1951 34
      vertex 23.3082 20.1666 34
      vertex 23.3327 20.3317 34
    endloop
  endfacet
  facet normal 0 0 1
    outer loop
      vertex 0.95694 19.2903 34
      vertex 23.3327 20.3317 34
      vertex 23.3732 20.4935 34
    endloop
  endfacet
  facet normal 0 0 1
    outer loop
      vertex 0.923879 19.3827 34
      vertex 23.3732 20.4935 34
      vertex 23.4294 20.6506 34
    endloop
  endfacet
  facet normal 0 0 1
    outer loop
      vertex 0.881921 19.4714 34
      vertex 23.4294 20.6506 34
      vertex 23.5007 20.8014 34
    endloop
  endfacet
  facet normal 0 -0 1
    outer loop
      vertex 0.77301 19.6344 34
      vertex 23.5865 20.9445 34
      vertex 0.707107 19.7071 34
    endloop
  endfacet
  facet normal 0 0 1
    outer loop
      vertex 23.3082 19.8334 34
      vertex 1 19 34
      vertex 0.995184 18.902 34
    endloop
  endfacet
  facet normal 0 0 1
    outer loop
      vertex 23.3 20 34
      vertex 0.995184 19.098 34
      vertex 1 19 34
    endloop
  endfacet
  facet normal 0 0 1
    outer loop
      vertex 23.3082 20.1666 34
      vertex 0.980784 19.1951 34
      vertex 0.995184 19.098 34
    endloop
  endfacet
  facet normal 0 0 1
    outer loop
      vertex 23.3327 20.3317 34
      vertex 0.95694 19.2903 34
      vertex 0.980784 19.1951 34
    endloop
  endfacet
  facet normal 0 0 1
    outer loop
      vertex 23.3732 20.4935 34
      vertex 0.923879 19.3827 34
      vertex 0.95694 19.2903 34
    endloop
  endfacet
  facet normal 0 0 1
    outer loop
      vertex 23.4294 20.6506 34
      vertex 0.881921 19.4714 34
      vertex 0.923879 19.3827 34
    endloop
  endfacet
  facet normal 0 0 1
    outer loop
      vertex 23.5007 20.8014 34
      vertex 0.83147 19.5556 34
      vertex 0.881921 19.4714 34
    endloop
  endfacet
  facet normal 0 0 1
    outer loop
      vertex 23.5007 20.8014 34
      vertex 0.77301 19.6344 34
      vertex 0.83147 19.5556 34
    endloop
  endfacet
  facet normal 0 0 1
    outer loop
      vertex 23.5865 20.9445 34
      vertex 0.77301 19.6344 34
      vertex 23.5007 20.8014 34
    endloop
  endfacet
  facet normal 0 0 1
    outer loop
      vertex 26 25 34
      vertex 0.634393 19.773 34
      vertex 0.707107 19.7071 34
    endloop
  endfacet
  facet normal 0 0 1
    outer loop
      vertex 26 25 34
      vertex 0.55557 19.8315 34
      vertex 0.634393 19.773 34
    endloop
  endfacet
  facet normal 0 0 1
    outer loop
      vertex 26 25 34
      vertex 0.471396 19.8819 34
      vertex 0.55557 19.8315 34
    endloop
  endfacet
  facet normal 0 0 1
    outer loop
      vertex 26 25 34
      vertex 0.382683 19.9239 34
      vertex 0.471396 19.8819 34
    endloop
  endfacet
  facet normal 0 0 1
    outer loop
      vertex 26 25 34
      vertex 0.290284 19.9569 34
      vertex 0.382683 19.9239 34
    endloop
  endfacet
  facet normal 0 0 1
    outer loop
      vertex 26 25 34
      vertex 0.19509 19.9808 34
      vertex 0.290284 19.9569 34
    endloop
  endfacet
  facet normal 0 0 1
    outer loop
      vertex 26 25 34
      vertex 0.0980167 19.9952 34
      vertex 0.19509 19.9808 34
    endloop
  endfacet
  facet normal 0 0 1
    outer loop
      vertex 26 25 34
      vertex 0 20 34
      vertex 0.0980167 19.9952 34
    endloop
  endfacet
  facet normal -0 0 1
    outer loop
      vertex -26 25 34
      vertex 0 20 34
      vertex 26 25 34
    endloop
  endfacet
  facet normal 0 0 1
    outer loop
      vertex 0 20 34
      vertex -26 25 34
      vertex -0.0980167 19.9952 34
    endloop
  endfacet
  facet normal 0 0 1
    outer loop
      vertex -23.3 20 34
      vertex -1 19 34
      vertex -0.995184 19.098 34
    endloop
  endfacet
  facet normal 0 0 1
    outer loop
      vertex -23.3082 20.1666 34
      vertex -0.995184 19.098 34
      vertex -0.980784 19.1951 34
    endloop
  endfacet
  facet normal 0 0 1
    outer loop
      vertex -23.3082 20.1666 34
      vertex -0.980784 19.1951 34
      vertex -0.95694 19.2903 34
    endloop
  endfacet
  facet normal 0 0 1
    outer loop
      vertex -23.3327 20.3317 34
      vertex -0.95694 19.2903 34
      vertex -0.923879 19.3827 34
    endloop
  endfacet
  facet normal 0 0 1
    outer loop
      vertex -23.3732 20.4935 34
      vertex -0.923879 19.3827 34
      vertex -0.881921 19.4714 34
    endloop
  endfacet
  facet normal 0 0 1
    outer loop
      vertex -23.4294 20.6506 34
      vertex -0.881921 19.4714 34
      vertex -0.83147 19.5556 34
    endloop
  endfacet
  facet normal 0 0 1
    outer loop
      vertex -23.5007 20.8014 34
      vertex -0.83147 19.5556 34
      vertex -0.77301 19.6344 34
    endloop
  endfacet
  facet normal 0 0 1
    outer loop
      vertex -23.5865 20.9445 34
      vertex -0.77301 19.6344 34
      vertex -0.707107 19.7071 34
    endloop
  endfacet
  facet normal 0 0 1
    outer loop
      vertex -26 25 34
      vertex -0.707107 19.7071 34
      vertex -0.634393 19.773 34
    endloop
  endfacet
  facet normal 0 0 1
    outer loop
      vertex -0.995184 18.902 34
      vertex -23.3327 19.6683 34
      vertex -0.980784 18.8049 34
    endloop
  endfacet
  facet normal -0 0 1
    outer loop
      vertex -23.3082 19.8334 34
      vertex -1 19 34
      vertex -23.3 20 34
    endloop
  endfacet
  facet normal 0 0 1
    outer loop
      vertex -26 25 34
      vertex -0.634393 19.773 34
      vertex -0.55557 19.8315 34
    endloop
  endfacet
  facet normal 0 0 1
    outer loop
      vertex -26 25 34
      vertex -0.55557 19.8315 34
      vertex -0.471396 19.8819 34
    endloop
  endfacet
  facet normal 0 0 1
    outer loop
      vertex -26 25 34
      vertex -0.471396 19.8819 34
      vertex -0.382683 19.9239 34
    endloop
  endfacet
  facet normal 0 0 1
    outer loop
      vertex -26 25 34
      vertex -0.382683 19.9239 34
      vertex -0.290284 19.9569 34
    endloop
  endfacet
  facet normal 0 0 1
    outer loop
      vertex -26 25 34
      vertex -0.290284 19.9569 34
      vertex -0.19509 19.9808 34
    endloop
  endfacet
  facet normal 0 0 1
    outer loop
      vertex -0.0980167 19.9952 34
      vertex -26 25 34
      vertex -0.19509 19.9808 34
    endloop
  endfacet
  facet normal 0 0 1
    outer loop
      vertex -0.995184 19.098 34
      vertex -23.3082 20.1666 34
      vertex -23.3 20 34
    endloop
  endfacet
  facet normal 0 0 1
    outer loop
      vertex -0.95694 19.2903 34
      vertex -23.3327 20.3317 34
      vertex -23.3082 20.1666 34
    endloop
  endfacet
  facet normal 0 0 1
    outer loop
      vertex -0.923879 19.3827 34
      vertex -23.3732 20.4935 34
      vertex -23.3327 20.3317 34
    endloop
  endfacet
  facet normal 0 0 1
    outer loop
      vertex -0.881921 19.4714 34
      vertex -23.4294 20.6506 34
      vertex -23.3732 20.4935 34
    endloop
  endfacet
  facet normal 0 0 1
    outer loop
      vertex -0.83147 19.5556 34
      vertex -23.5007 20.8014 34
      vertex -23.4294 20.6506 34
    endloop
  endfacet
  facet normal 0 0 1
    outer loop
      vertex -0.77301 19.6344 34
      vertex -23.5865 20.9445 34
      vertex -23.5007 20.8014 34
    endloop
  endfacet
  facet normal 0 0 1
    outer loop
      vertex -0.707107 19.7071 34
      vertex -26 25 34
      vertex -23.6859 21.0785 34
    endloop
  endfacet
  facet normal 0 0 1
    outer loop
      vertex -0.707107 19.7071 34
      vertex -23.6859 21.0785 34
      vertex -23.5865 20.9445 34
    endloop
  endfacet
  facet normal 0 0 1
    outer loop
      vertex -23.6859 21.0785 34
      vertex -26 25 34
      vertex -23.7979 21.2021 34
    endloop
  endfacet
  facet normal 0 0 1
    outer loop
      vertex -23.7979 21.2021 34
      vertex -26 25 34
      vertex -23.9215 21.3141 34
    endloop
  endfacet
  facet normal 0 0 1
    outer loop
      vertex -23.9215 21.3141 34
      vertex -26 25 34
      vertex -24.0555 21.4135 34
    endloop
  endfacet
  facet normal 0 0 1
    outer loop
      vertex -24.0555 21.4135 34
      vertex -26 25 34
      vertex -24.1986 21.4993 34
    endloop
  endfacet
  facet normal 0 0 1
    outer loop
      vertex -24.1986 21.4993 34
      vertex -26 25 34
      vertex -24.3494 21.5706 34
    endloop
  endfacet
  facet normal 0 0 1
    outer loop
      vertex -24.3494 21.5706 34
      vertex -26 25 34
      vertex -24.5065 21.6268 34
    endloop
  endfacet
  facet normal 0 0 1
    outer loop
      vertex -24.5065 21.6268 34
      vertex -26 25 34
      vertex -24.6683 21.6673 34
    endloop
  endfacet
  facet normal 0 0 1
    outer loop
      vertex -24.6683 21.6673 34
      vertex -26 25 34
      vertex -24.8334 21.6918 34
    endloop
  endfacet
  facet normal 0 0 1
    outer loop
      vertex -24.8334 21.6918 34
      vertex -26 25 34
      vertex -25 21.7 34
    endloop
  endfacet
  facet normal 0 0 1
    outer loop
      vertex -25 21.7 34
      vertex -26 25 34
      vertex -25.1666 21.6918 34
    endloop
  endfacet
  facet normal 0 0 1
    outer loop
      vertex -26 25 34
      vertex -25.3317 21.6673 34
      vertex -25.1666 21.6918 34
    endloop
  endfacet
  facet normal 0 0 1
    outer loop
      vertex -26 25 34
      vertex -25.4935 21.6268 34
      vertex -25.3317 21.6673 34
    endloop
  endfacet
  facet normal -0 0 1
    outer loop
      vertex -26.3921 24.9807 34
      vertex -25.4935 21.6268 34
      vertex -26 25 34
    endloop
  endfacet
  facet normal 0 0 1
    outer loop
      vertex -25.4935 21.6268 34
      vertex -26.3921 24.9807 34
      vertex -25.6506 21.5706 34
    endloop
  endfacet
  facet normal -0 0 1
    outer loop
      vertex -26.7804 24.9231 34
      vertex -25.6506 21.5706 34
      vertex -26.3921 24.9807 34
    endloop
  endfacet
  facet normal 0 0 1
    outer loop
      vertex -25.6506 21.5706 34
      vertex -26.7804 24.9231 34
      vertex -25.8014 21.4993 34
    endloop
  endfacet
  facet normal -0 0 1
    outer loop
      vertex -27.1611 24.8278 34
      vertex -25.8014 21.4993 34
      vertex -26.7804 24.9231 34
    endloop
  endfacet
  facet normal -0 0 1
    outer loop
      vertex -27.5307 24.6955 34
      vertex -25.8014 21.4993 34
      vertex -27.1611 24.8278 34
    endloop
  endfacet
  facet normal 0 0 1
    outer loop
      vertex -25.8014 21.4993 34
      vertex -27.5307 24.6955 34
      vertex -25.9445 21.4135 34
    endloop
  endfacet
  facet normal -0 0 1
    outer loop
      vertex -27.8856 24.5277 34
      vertex -25.9445 21.4135 34
      vertex -27.5307 24.6955 34
    endloop
  endfacet
  facet normal 0 0 1
    outer loop
      vertex -25.9445 21.4135 34
      vertex -27.8856 24.5277 34
      vertex -26.0785 21.3141 34
    endloop
  endfacet
  facet normal -0 0 1
    outer loop
      vertex -28.2223 24.3259 34
      vertex -26.0785 21.3141 34
      vertex -27.8856 24.5277 34
    endloop
  endfacet
  facet normal -0 0 1
    outer loop
      vertex -28.5376 24.092 34
      vertex -26.0785 21.3141 34
      vertex -28.2223 24.3259 34
    endloop
  endfacet
  facet normal 0 0 1
    outer loop
      vertex -26.0785 21.3141 34
      vertex -28.5376 24.092 34
      vertex -26.2021 21.2021 34
    endloop
  endfacet
  facet normal -0 0 1
    outer loop
      vertex -28.8284 23.8284 34
      vertex -26.2021 21.2021 34
      vertex -28.5376 24.092 34
    endloop
  endfacet
  facet normal -0 0 1
    outer loop
      vertex -29.3259 23.2223 34
      vertex -26.3141 21.0785 34
      vertex -29.092 23.5376 34
    endloop
  endfacet
  facet normal 0 0 1
    outer loop
      vertex -26.2021 21.2021 34
      vertex -29.092 23.5376 34
      vertex -26.3141 21.0785 34
    endloop
  endfacet
  facet normal -0 0 1
    outer loop
      vertex -29.092 23.5376 34
      vertex -26.2021 21.2021 34
      vertex -28.8284 23.8284 34
    endloop
  endfacet
  facet normal 0 0 1
    outer loop
      vertex 29.3259 -23.2223 34
      vertex 26.3141 -21.0785 34
      vertex 29.092 -23.5376 34
    endloop
  endfacet
  facet normal -0 0 1
    outer loop
      vertex 26.2021 -21.2021 34
      vertex 29.092 -23.5376 34
      vertex 26.3141 -21.0785 34
    endloop
  endfacet
  facet normal 0 0 1
    outer loop
      vertex 29.092 -23.5376 34
      vertex 26.2021 -21.2021 34
      vertex 28.8284 -23.8284 34
    endloop
  endfacet
  facet normal 0 0 1
    outer loop
      vertex 28.8284 -23.8284 34
      vertex 26.2021 -21.2021 34
      vertex 28.5376 -24.092 34
    endloop
  endfacet
  facet normal -0 0 1
    outer loop
      vertex 26.0785 -21.3141 34
      vertex 28.5376 -24.092 34
      vertex 26.2021 -21.2021 34
    endloop
  endfacet
  facet normal 0 0 1
    outer loop
      vertex 28.5376 -24.092 34
      vertex 26.0785 -21.3141 34
      vertex 28.2223 -24.3259 34
    endloop
  endfacet
  facet normal 0 0 1
    outer loop
      vertex 28.2223 -24.3259 34
      vertex 26.0785 -21.3141 34
      vertex 27.8856 -24.5277 34
    endloop
  endfacet
  facet normal -0 0 1
    outer loop
      vertex 25.9445 -21.4135 34
      vertex 27.8856 -24.5277 34
      vertex 26.0785 -21.3141 34
    endloop
  endfacet
  facet normal 0 0 1
    outer loop
      vertex 27.8856 -24.5277 34
      vertex 25.9445 -21.4135 34
      vertex 27.5307 -24.6955 34
    endloop
  endfacet
  facet normal -0 0 1
    outer loop
      vertex 25.8014 -21.4993 34
      vertex 27.5307 -24.6955 34
      vertex 25.9445 -21.4135 34
    endloop
  endfacet
  facet normal 0 0 1
    outer loop
      vertex 27.5307 -24.6955 34
      vertex 25.8014 -21.4993 34
      vertex 27.1611 -24.8278 34
    endloop
  endfacet
  facet normal 0 0 1
    outer loop
      vertex 27.1611 -24.8278 34
      vertex 25.8014 -21.4993 34
      vertex 26.7804 -24.9231 34
    endloop
  endfacet
  facet normal -0 0 1
    outer loop
      vertex 25.6506 -21.5706 34
      vertex 26.7804 -24.9231 34
      vertex 25.8014 -21.4993 34
    endloop
  endfacet
  facet normal 0 0 1
    outer loop
      vertex 26.7804 -24.9231 34
      vertex 25.6506 -21.5706 34
      vertex 26.3921 -24.9807 34
    endloop
  endfacet
  facet normal -0 0 1
    outer loop
      vertex 25.4935 -21.6268 34
      vertex 26.3921 -24.9807 34
      vertex 25.6506 -21.5706 34
    endloop
  endfacet
  facet normal 0 0 1
    outer loop
      vertex 26.3921 -24.9807 34
      vertex 25.4935 -21.6268 34
      vertex 26 -25 34
    endloop
  endfacet
  facet normal -0 0 1
    outer loop
      vertex 25.3317 -21.6673 34
      vertex 26 -25 34
      vertex 25.4935 -21.6268 34
    endloop
  endfacet
  facet normal -0 0 1
    outer loop
      vertex 25.1666 -21.6918 34
      vertex 26 -25 34
      vertex 25.3317 -21.6673 34
    endloop
  endfacet
  facet normal -0 0 1
    outer loop
      vertex 25 -21.7 34
      vertex 26 -25 34
      vertex 25.1666 -21.6918 34
    endloop
  endfacet
  facet normal 0 0 1
    outer loop
      vertex 24.8334 -21.6918 34
      vertex 26 -25 34
      vertex 25 -21.7 34
    endloop
  endfacet
  facet normal 0 0 1
    outer loop
      vertex 24.6683 -21.6673 34
      vertex 26 -25 34
      vertex 24.8334 -21.6918 34
    endloop
  endfacet
  facet normal 0 0 1
    outer loop
      vertex 24.5065 -21.6268 34
      vertex 26 -25 34
      vertex 24.6683 -21.6673 34
    endloop
  endfacet
  facet normal 0 0 1
    outer loop
      vertex 24.3494 -21.5706 34
      vertex 26 -25 34
      vertex 24.5065 -21.6268 34
    endloop
  endfacet
  facet normal 0 0 1
    outer loop
      vertex 24.1986 -21.4993 34
      vertex 26 -25 34
      vertex 24.3494 -21.5706 34
    endloop
  endfacet
  facet normal 0 0 1
    outer loop
      vertex 24.0555 -21.4135 34
      vertex 26 -25 34
      vertex 24.1986 -21.4993 34
    endloop
  endfacet
  facet normal 0 0 1
    outer loop
      vertex 23.9215 -21.3141 34
      vertex 26 -25 34
      vertex 24.0555 -21.4135 34
    endloop
  endfacet
  facet normal 0 0 1
    outer loop
      vertex 23.7979 -21.2021 34
      vertex 26 -25 34
      vertex 23.9215 -21.3141 34
    endloop
  endfacet
  facet normal 0 0 1
    outer loop
      vertex 23.6859 -21.0785 34
      vertex 26 -25 34
      vertex 23.7979 -21.2021 34
    endloop
  endfacet
  facet normal 0 0 1
    outer loop
      vertex 23.5865 -20.9445 34
      vertex 26 -25 34
      vertex 23.6859 -21.0785 34
    endloop
  endfacet
  facet normal 0 0 1
    outer loop
      vertex -23.5865 -20.9445 34
      vertex 23.5865 -20.9445 34
      vertex 23.5007 -20.8014 34
    endloop
  endfacet
  facet normal 0 0 1
    outer loop
      vertex 23.3082 -19.8334 34
      vertex 5.9 -6.2 34
      vertex 23.3 -20 34
    endloop
  endfacet
  facet normal 0 0 1
    outer loop
      vertex 23.3 -20 34
      vertex 5.9 -6.2 34
      vertex 23.3082 -20.1666 34
    endloop
  endfacet
  facet normal 0 0 1
    outer loop
      vertex 23.3082 -20.1666 34
      vertex 5.9 -6.2 34
      vertex 23.3327 -20.3317 34
    endloop
  endfacet
  facet normal 0 0 1
    outer loop
      vertex 23.3327 -20.3317 34
      vertex 5.9 -6.2 34
      vertex 23.3732 -20.4935 34
    endloop
  endfacet
  facet normal 0 0 1
    outer loop
      vertex 23.3732 -20.4935 34
      vertex 5.9 -6.2 34
      vertex 23.4294 -20.6506 34
    endloop
  endfacet
  facet normal 0 0 1
    outer loop
      vertex -23.4294 -20.6506 34
      vertex 23.4294 -20.6506 34
      vertex 5.9 -6.2 34
    endloop
  endfacet
  facet normal 0 0 1
    outer loop
      vertex 23.4294 -20.6506 34
      vertex -23.4294 -20.6506 34
      vertex 23.5007 -20.8014 34
    endloop
  endfacet
  facet normal 0 0 1
    outer loop
      vertex -23.3 -20 34
      vertex 5.9 -6.2 34
      vertex -17.1 -6.2 34
    endloop
  endfacet
  facet normal -0 0 1
    outer loop
      vertex -23.3732 19.5065 34
      vertex -0.980784 18.8049 34
      vertex -23.3327 19.6683 34
    endloop
  endfacet
  facet normal 0 0 1
    outer loop
      vertex 5.9 -6.2 34
      vertex -23.3 -20 34
      vertex -23.3082 -20.1666 34
    endloop
  endfacet
  facet normal 0 0 1
    outer loop
      vertex -23.3327 -20.3317 34
      vertex 5.9 -6.2 34
      vertex -23.3082 -20.1666 34
    endloop
  endfacet
  facet normal 0 0 1
    outer loop
      vertex -23.3732 -20.4935 34
      vertex 5.9 -6.2 34
      vertex -23.3327 -20.3317 34
    endloop
  endfacet
  facet normal 0 0 1
    outer loop
      vertex -23.4294 -20.6506 34
      vertex 5.9 -6.2 34
      vertex -23.3732 -20.4935 34
    endloop
  endfacet
  facet normal 0 0 1
    outer loop
      vertex -23.5007 -20.8014 34
      vertex 23.5007 -20.8014 34
      vertex -23.4294 -20.6506 34
    endloop
  endfacet
  facet normal 0 0 1
    outer loop
      vertex -23.5865 -20.9445 34
      vertex 23.5007 -20.8014 34
      vertex -23.5007 -20.8014 34
    endloop
  endfacet
  facet normal 0 0 1
    outer loop
      vertex 23.5865 -20.9445 34
      vertex -23.5865 -20.9445 34
      vertex 26 -25 34
    endloop
  endfacet
  facet normal 0 0 1
    outer loop
      vertex -26 -25 34
      vertex -23.5865 -20.9445 34
      vertex -23.6859 -21.0785 34
    endloop
  endfacet
  facet normal 0 0 1
    outer loop
      vertex -26 -25 34
      vertex -23.6859 -21.0785 34
      vertex -23.7979 -21.2021 34
    endloop
  endfacet
  facet normal 0 0 1
    outer loop
      vertex -26 -25 34
      vertex -23.7979 -21.2021 34
      vertex -23.9215 -21.3141 34
    endloop
  endfacet
  facet normal 0 0 1
    outer loop
      vertex -26 -25 34
      vertex -23.9215 -21.3141 34
      vertex -24.0555 -21.4135 34
    endloop
  endfacet
  facet normal 0 0 1
    outer loop
      vertex -26 -25 34
      vertex -24.0555 -21.4135 34
      vertex -24.1986 -21.4993 34
    endloop
  endfacet
  facet normal 0 0 1
    outer loop
      vertex -26 -25 34
      vertex -24.1986 -21.4993 34
      vertex -24.3494 -21.5706 34
    endloop
  endfacet
  facet normal 0 0 1
    outer loop
      vertex -26 -25 34
      vertex -24.3494 -21.5706 34
      vertex -24.5065 -21.6268 34
    endloop
  endfacet
  facet normal 0 0 1
    outer loop
      vertex -26 -25 34
      vertex -24.5065 -21.6268 34
      vertex -24.6683 -21.6673 34
    endloop
  endfacet
  facet normal 0 0 1
    outer loop
      vertex -26 -25 34
      vertex -24.6683 -21.6673 34
      vertex -24.8334 -21.6918 34
    endloop
  endfacet
  facet normal 0 0 1
    outer loop
      vertex -26 -25 34
      vertex -24.8334 -21.6918 34
      vertex -25 -21.7 34
    endloop
  endfacet
  facet normal 0 0 1
    outer loop
      vertex -26 -25 34
      vertex -25 -21.7 34
      vertex -25.1666 -21.6918 34
    endloop
  endfacet
  facet normal 0 0 1
    outer loop
      vertex -23.5865 -20.9445 34
      vertex -26 -25 34
      vertex 26 -25 34
    endloop
  endfacet
  facet normal 0 0 1
    outer loop
      vertex -25.3317 -21.6673 34
      vertex -26 -25 34
      vertex -25.1666 -21.6918 34
    endloop
  endfacet
  facet normal 0 0 1
    outer loop
      vertex -25.4935 -21.6268 34
      vertex -26 -25 34
      vertex -25.3317 -21.6673 34
    endloop
  endfacet
  facet normal 0 0 1
    outer loop
      vertex -26.3921 -24.9807 34
      vertex -25.4935 -21.6268 34
      vertex -25.6506 -21.5706 34
    endloop
  endfacet
  facet normal 0 0 1
    outer loop
      vertex -26.7804 -24.9231 34
      vertex -25.6506 -21.5706 34
      vertex -25.8014 -21.4993 34
    endloop
  endfacet
  facet normal 0 0 1
    outer loop
      vertex -27.5307 -24.6955 34
      vertex -25.8014 -21.4993 34
      vertex -25.9445 -21.4135 34
    endloop
  endfacet
  facet normal 0 0 1
    outer loop
      vertex -27.8856 -24.5277 34
      vertex -25.9445 -21.4135 34
      vertex -26.0785 -21.3141 34
    endloop
  endfacet
  facet normal 0 0 1
    outer loop
      vertex -28.5376 -24.092 34
      vertex -26.0785 -21.3141 34
      vertex -26.2021 -21.2021 34
    endloop
  endfacet
  facet normal 0 0 1
    outer loop
      vertex -29.092 -23.5376 34
      vertex -26.2021 -21.2021 34
      vertex -26.3141 -21.0785 34
    endloop
  endfacet
  facet normal 0 0 1
    outer loop
      vertex -25.4935 -21.6268 34
      vertex -26.3921 -24.9807 34
      vertex -26 -25 34
    endloop
  endfacet
  facet normal 0 0 1
    outer loop
      vertex -29.3259 -23.2223 34
      vertex -26.3141 -21.0785 34
      vertex -26.4135 -20.9445 34
    endloop
  endfacet
  facet normal 0 0 1
    outer loop
      vertex -29.6955 -22.5307 34
      vertex -26.4135 -20.9445 34
      vertex -26.4993 -20.8014 34
    endloop
  endfacet
  facet normal 0 0 1
    outer loop
      vertex -29.9231 -21.7804 34
      vertex -26.4993 -20.8014 34
      vertex -26.5706 -20.6506 34
    endloop
  endfacet
  facet normal 0 0 1
    outer loop
      vertex -29.9807 -21.3921 34
      vertex -26.5706 -20.6506 34
      vertex -26.6268 -20.4935 34
    endloop
  endfacet
  facet normal 0 0 1
    outer loop
      vertex -30 -21 34
      vertex -26.6268 -20.4935 34
      vertex -26.6673 -20.3317 34
    endloop
  endfacet
  facet normal 0 0 1
    outer loop
      vertex -30 -21 34
      vertex -26.6673 -20.3317 34
      vertex -26.6918 -20.1666 34
    endloop
  endfacet
  facet normal 0 0 1
    outer loop
      vertex -25.6506 -21.5706 34
      vertex -26.7804 -24.9231 34
      vertex -26.3921 -24.9807 34
    endloop
  endfacet
  facet normal 0 0 1
    outer loop
      vertex -30 -21 34
      vertex -26.6918 -20.1666 34
      vertex -26.7 -20 34
    endloop
  endfacet
  facet normal 0 0 1
    outer loop
      vertex -26.6673 -19.6683 34
      vertex -30 -21 34
      vertex -26.6918 -19.8334 34
    endloop
  endfacet
  facet normal 0 0 1
    outer loop
      vertex -26.3141 21.0785 34
      vertex -29.3259 23.2223 34
      vertex -26.4135 20.9445 34
    endloop
  endfacet
  facet normal 0 0 1
    outer loop
      vertex -26.6918 -19.8334 34
      vertex -30 -21 34
      vertex -26.7 -20 34
    endloop
  endfacet
  facet normal -0 0 1
    outer loop
      vertex -29.5277 22.8856 34
      vertex -26.4135 20.9445 34
      vertex -29.3259 23.2223 34
    endloop
  endfacet
  facet normal 0 0 1
    outer loop
      vertex -26.6268 -20.4935 34
      vertex -30 -21 34
      vertex -29.9807 -21.3921 34
    endloop
  endfacet
  facet normal -0 0 1
    outer loop
      vertex -29.6955 22.5307 34
      vertex -26.4135 20.9445 34
      vertex -29.5277 22.8856 34
    endloop
  endfacet
  facet normal 0 0 1
    outer loop
      vertex -25.8014 -21.4993 34
      vertex -27.1611 -24.8278 34
      vertex -26.7804 -24.9231 34
    endloop
  endfacet
  facet normal 0 0 1
    outer loop
      vertex -26.4135 20.9445 34
      vertex -29.6955 22.5307 34
      vertex -26.4993 20.8014 34
    endloop
  endfacet
  facet normal 0 0 1
    outer loop
      vertex -25.8014 -21.4993 34
      vertex -27.5307 -24.6955 34
      vertex -27.1611 -24.8278 34
    endloop
  endfacet
  facet normal -0 0 1
    outer loop
      vertex -29.8278 22.1611 34
      vertex -26.4993 20.8014 34
      vertex -29.6955 22.5307 34
    endloop
  endfacet
  facet normal 0 0 1
    outer loop
      vertex -25.9445 -21.4135 34
      vertex -27.8856 -24.5277 34
      vertex -27.5307 -24.6955 34
    endloop
  endfacet
  facet normal -0 0 1
    outer loop
      vertex -29.9231 21.7804 34
      vertex -26.4993 20.8014 34
      vertex -29.8278 22.1611 34
    endloop
  endfacet
  facet normal 0 0 1
    outer loop
      vertex -26.0785 -21.3141 34
      vertex -28.2223 -24.3259 34
      vertex -27.8856 -24.5277 34
    endloop
  endfacet
  facet normal 0 0 1
    outer loop
      vertex -26.4993 20.8014 34
      vertex -29.9231 21.7804 34
      vertex -26.5706 20.6506 34
    endloop
  endfacet
  facet normal 0 0 1
    outer loop
      vertex -26.0785 -21.3141 34
      vertex -28.5376 -24.092 34
      vertex -28.2223 -24.3259 34
    endloop
  endfacet
  facet normal -0 0 1
    outer loop
      vertex -29.9807 21.3921 34
      vertex -26.5706 20.6506 34
      vertex -29.9231 21.7804 34
    endloop
  endfacet
  facet normal 0 0 1
    outer loop
      vertex -26.2021 -21.2021 34
      vertex -28.8284 -23.8284 34
      vertex -28.5376 -24.092 34
    endloop
  endfacet
  facet normal 0 0 1
    outer loop
      vertex -26.5706 20.6506 34
      vertex -29.9807 21.3921 34
      vertex -26.6268 20.4935 34
    endloop
  endfacet
  facet normal 0 0 1
    outer loop
      vertex -26.2021 -21.2021 34
      vertex -29.092 -23.5376 34
      vertex -28.8284 -23.8284 34
    endloop
  endfacet
  facet normal -0 0 1
    outer loop
      vertex -30 21 34
      vertex -26.6268 20.4935 34
      vertex -29.9807 21.3921 34
    endloop
  endfacet
  facet normal 0 0 1
    outer loop
      vertex -26.3141 -21.0785 34
      vertex -29.3259 -23.2223 34
      vertex -29.092 -23.5376 34
    endloop
  endfacet
  facet normal 0 0 1
    outer loop
      vertex -26.6268 20.4935 34
      vertex -30 21 34
      vertex -26.6673 20.3317 34
    endloop
  endfacet
  facet normal 0 0 1
    outer loop
      vertex -26.4135 -20.9445 34
      vertex -29.5277 -22.8856 34
      vertex -29.3259 -23.2223 34
    endloop
  endfacet
  facet normal 0 0 1
    outer loop
      vertex -26.6673 20.3317 34
      vertex -30 21 34
      vertex -26.6918 20.1666 34
    endloop
  endfacet
  facet normal 0 0 1
    outer loop
      vertex -26.4135 -20.9445 34
      vertex -29.6955 -22.5307 34
      vertex -29.5277 -22.8856 34
    endloop
  endfacet
  facet normal 0 0 1
    outer loop
      vertex -26.6918 20.1666 34
      vertex -30 21 34
      vertex -26.7 20 34
    endloop
  endfacet
  facet normal 0 0 1
    outer loop
      vertex -26.4993 -20.8014 34
      vertex -29.8278 -22.1611 34
      vertex -29.6955 -22.5307 34
    endloop
  endfacet
  facet normal 0 0 1
    outer loop
      vertex -26.4993 -20.8014 34
      vertex -29.9231 -21.7804 34
      vertex -29.8278 -22.1611 34
    endloop
  endfacet
  facet normal 0 0 1
    outer loop
      vertex -26.5706 -20.6506 34
      vertex -29.9807 -21.3921 34
      vertex -29.9231 -21.7804 34
    endloop
  endfacet
  facet normal 0 0 1
    outer loop
      vertex 23.3327 19.6683 34
      vertex 0.995184 18.902 34
      vertex 0.980784 18.8049 34
    endloop
  endfacet
  facet normal 0 0 1
    outer loop
      vertex 23.3732 19.5065 34
      vertex 0.980784 18.8049 34
      vertex 5.9 6.2 34
    endloop
  endfacet
  facet normal -0 0 1
    outer loop
      vertex 0.95694 18.7097 34
      vertex 5.9 6.2 34
      vertex 0.980784 18.8049 34
    endloop
  endfacet
  facet normal -0 0 1
    outer loop
      vertex 0.923879 18.6173 34
      vertex 5.9 6.2 34
      vertex 0.95694 18.7097 34
    endloop
  endfacet
  facet normal -0 0 1
    outer loop
      vertex 0.881921 18.5286 34
      vertex 5.9 6.2 34
      vertex 0.923879 18.6173 34
    endloop
  endfacet
  facet normal -0 0 1
    outer loop
      vertex 0.83147 18.4444 34
      vertex 5.9 6.2 34
      vertex 0.881921 18.5286 34
    endloop
  endfacet
  facet normal -0 0 1
    outer loop
      vertex 0.77301 18.3656 34
      vertex 5.9 6.2 34
      vertex 0.83147 18.4444 34
    endloop
  endfacet
  facet normal -0 0 1
    outer loop
      vertex 0.707107 18.2929 34
      vertex 5.9 6.2 34
      vertex 0.77301 18.3656 34
    endloop
  endfacet
  facet normal -0 0 1
    outer loop
      vertex 0.634393 18.227 34
      vertex 5.9 6.2 34
      vertex 0.707107 18.2929 34
    endloop
  endfacet
  facet normal -0 0 1
    outer loop
      vertex 0.55557 18.1685 34
      vertex 5.9 6.2 34
      vertex 0.634393 18.227 34
    endloop
  endfacet
  facet normal -0 0 1
    outer loop
      vertex 0.471396 18.1181 34
      vertex 5.9 6.2 34
      vertex 0.55557 18.1685 34
    endloop
  endfacet
  facet normal -0 0 1
    outer loop
      vertex 0.382683 18.0761 34
      vertex 5.9 6.2 34
      vertex 0.471396 18.1181 34
    endloop
  endfacet
  facet normal -0 0 1
    outer loop
      vertex 0.290284 18.0431 34
      vertex 5.9 6.2 34
      vertex 0.382683 18.0761 34
    endloop
  endfacet
  facet normal -0 0 1
    outer loop
      vertex 0.19509 18.0192 34
      vertex 5.9 6.2 34
      vertex 0.290284 18.0431 34
    endloop
  endfacet
  facet normal -0 0 1
    outer loop
      vertex 0.0980167 18.0048 34
      vertex 5.9 6.2 34
      vertex 0.19509 18.0192 34
    endloop
  endfacet
  facet normal -0 0 1
    outer loop
      vertex 0 18 34
      vertex 5.9 6.2 34
      vertex 0.0980167 18.0048 34
    endloop
  endfacet
  facet normal 0 0 1
    outer loop
      vertex -0.0980167 18.0048 34
      vertex 5.9 6.2 34
      vertex 0 18 34
    endloop
  endfacet
  facet normal 0 0 1
    outer loop
      vertex -0.19509 18.0192 34
      vertex 5.9 6.2 34
      vertex -0.0980167 18.0048 34
    endloop
  endfacet
  facet normal 0 0 1
    outer loop
      vertex -0.290284 18.0431 34
      vertex 5.9 6.2 34
      vertex -0.19509 18.0192 34
    endloop
  endfacet
  facet normal 0 0 1
    outer loop
      vertex -0.382683 18.0761 34
      vertex 5.9 6.2 34
      vertex -0.290284 18.0431 34
    endloop
  endfacet
  facet normal 0 0 1
    outer loop
      vertex -0.471396 18.1181 34
      vertex 5.9 6.2 34
      vertex -0.382683 18.0761 34
    endloop
  endfacet
  facet normal 0 0 1
    outer loop
      vertex -17.1 6.2 34
      vertex -0.471396 18.1181 34
      vertex -0.55557 18.1685 34
    endloop
  endfacet
  facet normal 0 0 1
    outer loop
      vertex -17.1 6.2 34
      vertex -0.55557 18.1685 34
      vertex -0.634393 18.227 34
    endloop
  endfacet
  facet normal 0 0 1
    outer loop
      vertex -17.1 6.2 34
      vertex -0.634393 18.227 34
      vertex -0.707107 18.2929 34
    endloop
  endfacet
  facet normal 0 0 1
    outer loop
      vertex -17.1 6.2 34
      vertex -0.707107 18.2929 34
      vertex -0.77301 18.3656 34
    endloop
  endfacet
  facet normal 0 0 1
    outer loop
      vertex -17.1 6.2 34
      vertex -0.77301 18.3656 34
      vertex -0.83147 18.4444 34
    endloop
  endfacet
  facet normal 0 0 1
    outer loop
      vertex -17.1 6.2 34
      vertex -0.83147 18.4444 34
      vertex -0.881921 18.5286 34
    endloop
  endfacet
  facet normal 0 0 1
    outer loop
      vertex -0.471396 18.1181 34
      vertex -17.1 6.2 34
      vertex 5.9 6.2 34
    endloop
  endfacet
  facet normal 0 0 1
    outer loop
      vertex -0.923879 18.6173 34
      vertex -17.1 6.2 34
      vertex -0.881921 18.5286 34
    endloop
  endfacet
  facet normal 0 0 1
    outer loop
      vertex -0.95694 18.7097 34
      vertex -17.1 6.2 34
      vertex -0.923879 18.6173 34
    endloop
  endfacet
  facet normal 0 0 1
    outer loop
      vertex -0.980784 18.8049 34
      vertex -17.1 6.2 34
      vertex -0.95694 18.7097 34
    endloop
  endfacet
  facet normal -0 0 1
    outer loop
      vertex -23.3327 19.6683 34
      vertex -0.995184 18.902 34
      vertex -23.3082 19.8334 34
    endloop
  endfacet
  facet normal 0 0 1
    outer loop
      vertex -23.3082 19.8334 34
      vertex -0.995184 18.902 34
      vertex -1 19 34
    endloop
  endfacet
  facet normal 0.803137 0.595794 0
    outer loop
      vertex 29.3259 23.2223 34
      vertex 29.092 23.5376 0
      vertex 29.092 23.5376 34
    endloop
  endfacet
  facet normal 0.803137 0.595794 0
    outer loop
      vertex 29.092 23.5376 0
      vertex 29.3259 23.2223 34
      vertex 29.3259 23.2223 0
    endloop
  endfacet
  facet normal -0.904044 -0.42744 0
    outer loop
      vertex -29.5277 -22.8856 0
      vertex -29.6955 -22.5307 34
      vertex -29.6955 -22.5307 0
    endloop
  endfacet
  facet normal -0.904044 -0.42744 0
    outer loop
      vertex -29.6955 -22.5307 34
      vertex -29.5277 -22.8856 0
      vertex -29.5277 -22.8856 34
    endloop
  endfacet
  facet normal 0.146733 -0.989176 0
    outer loop
      vertex 26.3921 -24.9807 0
      vertex 26.7804 -24.9231 34
      vertex 26.3921 -24.9807 34
    endloop
  endfacet
  facet normal 0.146733 -0.989176 0
    outer loop
      vertex 26.7804 -24.9231 34
      vertex 26.3921 -24.9807 0
      vertex 26.7804 -24.9231 0
    endloop
  endfacet
  facet normal 0.595794 -0.803137 0
    outer loop
      vertex 28.2223 -24.3259 0
      vertex 28.5376 -24.092 34
      vertex 28.2223 -24.3259 34
    endloop
  endfacet
  facet normal 0.595794 -0.803137 0
    outer loop
      vertex 28.5376 -24.092 34
      vertex 28.2223 -24.3259 0
      vertex 28.5376 -24.092 0
    endloop
  endfacet
  facet normal -0.740908 0.671607 0
    outer loop
      vertex -29.092 23.5376 0
      vertex -28.8284 23.8284 34
      vertex -28.8284 23.8284 0
    endloop
  endfacet
  facet normal -0.740908 0.671607 0
    outer loop
      vertex -28.8284 23.8284 34
      vertex -29.092 23.5376 0
      vertex -29.092 23.5376 34
    endloop
  endfacet
  facet normal 0.998791 -0.0491626 0
    outer loop
      vertex 29.9807 -21.3921 34
      vertex 30 -21 0
      vertex 30 -21 34
    endloop
  endfacet
  facet normal 0.998791 -0.0491626 0
    outer loop
      vertex 30 -21 0
      vertex 29.9807 -21.3921 34
      vertex 29.9807 -21.3921 0
    endloop
  endfacet
  facet normal 0.989176 -0.146733 0
    outer loop
      vertex 29.9231 -21.7804 34
      vertex 29.9807 -21.3921 0
      vertex 29.9807 -21.3921 34
    endloop
  endfacet
  facet normal 0.989176 -0.146733 0
    outer loop
      vertex 29.9807 -21.3921 0
      vertex 29.9231 -21.7804 34
      vertex 29.9231 -21.7804 0
    endloop
  endfacet
  facet normal -0.514084 0.85774 0
    outer loop
      vertex -27.8856 24.5277 0
      vertex -28.2223 24.3259 34
      vertex -27.8856 24.5277 34
    endloop
  endfacet
  facet normal -0.514084 0.85774 0
    outer loop
      vertex -28.2223 24.3259 34
      vertex -27.8856 24.5277 0
      vertex -28.2223 24.3259 0
    endloop
  endfacet
  facet normal -0.42744 0.904044 0
    outer loop
      vertex -27.5307 24.6955 0
      vertex -27.8856 24.5277 34
      vertex -27.5307 24.6955 34
    endloop
  endfacet
  facet normal -0.42744 0.904044 0
    outer loop
      vertex -27.8856 24.5277 34
      vertex -27.5307 24.6955 0
      vertex -27.8856 24.5277 0
    endloop
  endfacet
  facet normal 0.242835 -0.970068 0
    outer loop
      vertex 26.7804 -24.9231 0
      vertex 27.1611 -24.8278 34
      vertex 26.7804 -24.9231 34
    endloop
  endfacet
  facet normal 0.242835 -0.970068 0
    outer loop
      vertex 27.1611 -24.8278 34
      vertex 26.7804 -24.9231 0
      vertex 27.1611 -24.8278 0
    endloop
  endfacet
  facet normal 0.904044 0.42744 0
    outer loop
      vertex 29.6955 22.5307 34
      vertex 29.5277 22.8856 0
      vertex 29.5277 22.8856 34
    endloop
  endfacet
  facet normal 0.904044 0.42744 0
    outer loop
      vertex 29.5277 22.8856 0
      vertex 29.6955 22.5307 34
      vertex 29.6955 22.5307 0
    endloop
  endfacet
  facet normal 0.85774 -0.514084 0
    outer loop
      vertex 29.3259 -23.2223 34
      vertex 29.5277 -22.8856 0
      vertex 29.5277 -22.8856 34
    endloop
  endfacet
  facet normal 0.85774 -0.514084 0
    outer loop
      vertex 29.5277 -22.8856 0
      vertex 29.3259 -23.2223 34
      vertex 29.3259 -23.2223 0
    endloop
  endfacet
  facet normal 1 0 0
    outer loop
      vertex -27.6 16.3325 31.39
      vertex -27.6 7 8
      vertex -27.6 16.3325 0
    endloop
  endfacet
  facet normal 1 0 0
    outer loop
      vertex -27.6 16.3325 31.39
      vertex -27.6 -7 8
      vertex -27.6 7 8
    endloop
  endfacet
  facet normal 1 -0 0
    outer loop
      vertex -27.6 -16.3325 31.39
      vertex -27.6 -7 8
      vertex -27.6 16.3325 31.39
    endloop
  endfacet
  facet normal 1 0 0
    outer loop
      vertex -27.6 -16.3325 0
      vertex -27.6 -7 8
      vertex -27.6 -16.3325 31.39
    endloop
  endfacet
  facet normal 1 0 0
    outer loop
      vertex -27.6 -7 8
      vertex -27.6 -16.3325 0
      vertex -27.6 -7 0
    endloop
  endfacet
  facet normal 1 0 0
    outer loop
      vertex -27.6 16.3325 0
      vertex -27.6 7 8
      vertex -27.6 7 0
    endloop
  endfacet
  facet normal 0 1 -0
    outer loop
      vertex 21.3325 -22.6 0
      vertex -21.3325 -22.6 31.39
      vertex 21.3325 -22.6 31.39
    endloop
  endfacet
  facet normal 0 1 0
    outer loop
      vertex -21.3325 -22.6 31.39
      vertex 21.3325 -22.6 0
      vertex -21.3325 -22.6 0
    endloop
  endfacet
  facet normal 0 -1 0
    outer loop
      vertex -21.3325 22.6 0
      vertex 21.3325 22.6 31.39
      vertex -21.3325 22.6 31.39
    endloop
  endfacet
  facet normal 0 -1 -0
    outer loop
      vertex 21.3325 22.6 31.39
      vertex -21.3325 22.6 0
      vertex 21.3325 22.6 0
    endloop
  endfacet
  facet normal -1 0 0
    outer loop
      vertex 27.6 -7 0
      vertex 27.6 -16.3325 0
      vertex 27.6 -7 8
    endloop
  endfacet
  facet normal -1 0 0
    outer loop
      vertex 27.6 7 8
      vertex 27.6 16.3325 0
      vertex 27.6 7 0
    endloop
  endfacet
  facet normal -1 0 0
    outer loop
      vertex 27.6 16.3325 0
      vertex 27.6 7 8
      vertex 27.6 16.3325 31.39
    endloop
  endfacet
  facet normal -1 0 0
    outer loop
      vertex 27.6 -7 8
      vertex 27.6 16.3325 31.39
      vertex 27.6 7 8
    endloop
  endfacet
  facet normal -1 0 0
    outer loop
      vertex 27.6 -16.3325 31.39
      vertex 27.6 -7 8
      vertex 27.6 -16.3325 0
    endloop
  endfacet
  facet normal -1 0 0
    outer loop
      vertex 27.6 -7 8
      vertex 27.6 -16.3325 31.39
      vertex 27.6 16.3325 31.39
    endloop
  endfacet
  facet normal 0 0 -1
    outer loop
      vertex -20.6938 -18.6937 31.39
      vertex -17.567 -6.66705 31.39
      vertex -20.5865 -19.1221 31.39
    endloop
  endfacet
  facet normal 0 0 -1
    outer loop
      vertex -17.567 6.66705 31.39
      vertex -20.5217 19.5589 31.39
      vertex -20.5 20 31.39
    endloop
  endfacet
  facet normal 0 0 -1
    outer loop
      vertex -20.8425 -18.2779 31.39
      vertex -17.567 -6.66705 31.39
      vertex -20.6938 -18.6937 31.39
    endloop
  endfacet
  facet normal 0 0 -1
    outer loop
      vertex -17.567 6.66705 31.39
      vertex -20.5865 19.1221 31.39
      vertex -20.5217 19.5589 31.39
    endloop
  endfacet
  facet normal 0 0 -1
    outer loop
      vertex -21.0314 -17.8787 31.39
      vertex -17.567 -6.66705 31.39
      vertex -20.8425 -18.2779 31.39
    endloop
  endfacet
  facet normal 0 0 -1
    outer loop
      vertex -17.567 6.66705 31.39
      vertex -20.6938 18.6937 31.39
      vertex -20.5865 19.1221 31.39
    endloop
  endfacet
  facet normal 0 0 -1
    outer loop
      vertex -21.2584 -17.4999 31.39
      vertex -17.567 -6.66705 31.39
      vertex -21.0314 -17.8787 31.39
    endloop
  endfacet
  facet normal 0 0 -1
    outer loop
      vertex -17.567 6.66705 31.39
      vertex -20.8425 18.2779 31.39
      vertex -20.6938 18.6937 31.39
    endloop
  endfacet
  facet normal 0 0 -1
    outer loop
      vertex -21.5215 -17.1452 31.39
      vertex -17.567 -6.66705 31.39
      vertex -21.2584 -17.4999 31.39
    endloop
  endfacet
  facet normal 0 0 -1
    outer loop
      vertex -17.567 6.66705 31.39
      vertex -21.0314 17.8787 31.39
      vertex -20.8425 18.2779 31.39
    endloop
  endfacet
  facet normal 0 0 -1
    outer loop
      vertex -21.818 -16.818 31.39
      vertex -17.567 -6.66705 31.39
      vertex -21.5215 -17.1452 31.39
    endloop
  endfacet
  facet normal 0 0 -1
    outer loop
      vertex -17.567 6.66705 31.39
      vertex -21.2584 17.4999 31.39
      vertex -21.0314 17.8787 31.39
    endloop
  endfacet
  facet normal 0 0 -1
    outer loop
      vertex -22.1452 -16.5215 31.39
      vertex -17.567 -6.66705 31.39
      vertex -21.818 -16.818 31.39
    endloop
  endfacet
  facet normal 0 0 -1
    outer loop
      vertex -17.567 6.66705 31.39
      vertex -21.5215 17.1452 31.39
      vertex -21.2584 17.4999 31.39
    endloop
  endfacet
  facet normal 0 0 -1
    outer loop
      vertex -22.4999 -16.2584 31.39
      vertex -17.567 -6.66705 31.39
      vertex -22.1452 -16.5215 31.39
    endloop
  endfacet
  facet normal 0 0 -1
    outer loop
      vertex -17.567 6.66705 31.39
      vertex -21.818 16.818 31.39
      vertex -21.5215 17.1452 31.39
    endloop
  endfacet
  facet normal 0 0 -1
    outer loop
      vertex -22.8787 -16.0314 31.39
      vertex -17.567 -6.66705 31.39
      vertex -22.4999 -16.2584 31.39
    endloop
  endfacet
  facet normal 0 0 -1
    outer loop
      vertex -17.567 6.66705 31.39
      vertex -22.1452 16.5215 31.39
      vertex -21.818 16.818 31.39
    endloop
  endfacet
  facet normal 0 0 -1
    outer loop
      vertex -23.2779 -15.8425 31.39
      vertex -17.567 -6.66705 31.39
      vertex -22.8787 -16.0314 31.39
    endloop
  endfacet
  facet normal 0 0 -1
    outer loop
      vertex -17.567 6.66705 31.39
      vertex -22.4999 16.2584 31.39
      vertex -22.1452 16.5215 31.39
    endloop
  endfacet
  facet normal 0 0 -1
    outer loop
      vertex -23.6937 -15.6938 31.39
      vertex -17.567 -6.66705 31.39
      vertex -23.2779 -15.8425 31.39
    endloop
  endfacet
  facet normal 0 0 -1
    outer loop
      vertex -17.567 6.66705 31.39
      vertex -22.8787 16.0314 31.39
      vertex -22.4999 16.2584 31.39
    endloop
  endfacet
  facet normal 0 0 -1
    outer loop
      vertex -24.1221 -15.5865 31.39
      vertex -17.567 -6.66705 31.39
      vertex -23.6937 -15.6938 31.39
    endloop
  endfacet
  facet normal 0 0 -1
    outer loop
      vertex -17.567 6.66705 31.39
      vertex -23.2779 15.8425 31.39
      vertex -22.8787 16.0314 31.39
    endloop
  endfacet
  facet normal 0 0 -1
    outer loop
      vertex -24.5589 -15.5217 31.39
      vertex -17.567 -6.66705 31.39
      vertex -24.1221 -15.5865 31.39
    endloop
  endfacet
  facet normal 0 0 -1
    outer loop
      vertex -17.567 6.66705 31.39
      vertex -23.6937 15.6938 31.39
      vertex -23.2779 15.8425 31.39
    endloop
  endfacet
  facet normal 0 0 -1
    outer loop
      vertex -25 -15.5 31.39
      vertex -17.567 -6.66705 31.39
      vertex -24.5589 -15.5217 31.39
    endloop
  endfacet
  facet normal 0 0 -1
    outer loop
      vertex -17.567 6.66705 31.39
      vertex -24.1221 15.5865 31.39
      vertex -23.6937 15.6938 31.39
    endloop
  endfacet
  facet normal 0 0 -1
    outer loop
      vertex -25.4411 -15.5217 31.39
      vertex -17.567 -6.66705 31.39
      vertex -25 -15.5 31.39
    endloop
  endfacet
  facet normal 0 0 -1
    outer loop
      vertex -17.567 6.66705 31.39
      vertex -24.5589 15.5217 31.39
      vertex -24.1221 15.5865 31.39
    endloop
  endfacet
  facet normal 0 0 -1
    outer loop
      vertex -25.8779 -15.5865 31.39
      vertex -17.567 -6.66705 31.39
      vertex -25.4411 -15.5217 31.39
    endloop
  endfacet
  facet normal 0 0 -1
    outer loop
      vertex -17.567 6.66705 31.39
      vertex -25 15.5 31.39
      vertex -24.5589 15.5217 31.39
    endloop
  endfacet
  facet normal 0 0 -1
    outer loop
      vertex -26.3063 -15.6938 31.39
      vertex -17.567 -6.66705 31.39
      vertex -25.8779 -15.5865 31.39
    endloop
  endfacet
  facet normal 0 0 -1
    outer loop
      vertex -17.567 6.66705 31.39
      vertex -25.4411 15.5217 31.39
      vertex -25 15.5 31.39
    endloop
  endfacet
  facet normal 0 0 -1
    outer loop
      vertex -26.7221 -15.8425 31.39
      vertex -17.567 -6.66705 31.39
      vertex -26.3063 -15.6938 31.39
    endloop
  endfacet
  facet normal 0 0 -1
    outer loop
      vertex -17.567 6.66705 31.39
      vertex -25.8779 15.5865 31.39
      vertex -25.4411 15.5217 31.39
    endloop
  endfacet
  facet normal -0 0 -1
    outer loop
      vertex -17.567 -6.66705 31.39
      vertex -26.7221 -15.8425 31.39
      vertex -17.567 6.66705 31.39
    endloop
  endfacet
  facet normal 0 0 -1
    outer loop
      vertex -17.567 6.66705 31.39
      vertex -26.3063 15.6938 31.39
      vertex -25.8779 15.5865 31.39
    endloop
  endfacet
  facet normal 0 0 -1
    outer loop
      vertex -26.7221 15.8425 31.39
      vertex -17.567 6.66705 31.39
      vertex -26.7221 -15.8425 31.39
    endloop
  endfacet
  facet normal 0 0 -1
    outer loop
      vertex -17.567 6.66705 31.39
      vertex -26.7221 15.8425 31.39
      vertex -26.3063 15.6938 31.39
    endloop
  endfacet
  facet normal 0 0 -1
    outer loop
      vertex -27.1213 -16.0314 31.39
      vertex -26.7221 15.8425 31.39
      vertex -26.7221 -15.8425 31.39
    endloop
  endfacet
  facet normal 0 0 -1
    outer loop
      vertex -27.1213 -16.0314 31.39
      vertex -27.1213 16.0314 31.39
      vertex -26.7221 15.8425 31.39
    endloop
  endfacet
  facet normal 0 0 -1
    outer loop
      vertex -27.5001 -16.2584 31.39
      vertex -27.1213 16.0314 31.39
      vertex -27.1213 -16.0314 31.39
    endloop
  endfacet
  facet normal 0 0 -1
    outer loop
      vertex -27.5001 -16.2584 31.39
      vertex -27.5001 16.2584 31.39
      vertex -27.1213 16.0314 31.39
    endloop
  endfacet
  facet normal 0 0 -1
    outer loop
      vertex -27.6 -16.3325 31.39
      vertex -27.5001 16.2584 31.39
      vertex -27.5001 -16.2584 31.39
    endloop
  endfacet
  facet normal -0 0 -1
    outer loop
      vertex -27.5001 16.2584 31.39
      vertex -27.6 -16.3325 31.39
      vertex -27.6 16.3325 31.39
    endloop
  endfacet
  facet normal -0 0 -1
    outer loop
      vertex 20.5865 19.1221 31.39
      vertex 6.36704 6.66705 31.39
      vertex 20.5217 19.5589 31.39
    endloop
  endfacet
  facet normal 0 0 -1
    outer loop
      vertex 20.5217 -20.4411 31.39
      vertex 6.36704 -6.66705 31.39
      vertex 20.5 -20 31.39
    endloop
  endfacet
  facet normal 0 0 -1
    outer loop
      vertex 20.5865 -20.8779 31.39
      vertex 6.36704 -6.66705 31.39
      vertex 20.5217 -20.4411 31.39
    endloop
  endfacet
  facet normal 0 0 -1
    outer loop
      vertex 20.6938 -21.3063 31.39
      vertex 6.36704 -6.66705 31.39
      vertex 20.5865 -20.8779 31.39
    endloop
  endfacet
  facet normal 0 0 -1
    outer loop
      vertex -20.6938 -21.3063 31.39
      vertex 20.6938 -21.3063 31.39
      vertex 20.8425 -21.7221 31.39
    endloop
  endfacet
  facet normal 0 0 -1
    outer loop
      vertex -20.8425 -21.7221 31.39
      vertex 20.8425 -21.7221 31.39
      vertex 21.0314 -22.1213 31.39
    endloop
  endfacet
  facet normal 0 0 -1
    outer loop
      vertex -21.0314 -22.1213 31.39
      vertex 21.0314 -22.1213 31.39
      vertex 21.2584 -22.5001 31.39
    endloop
  endfacet
  facet normal 0 0 -1
    outer loop
      vertex -21.2584 -22.5001 31.39
      vertex 21.2584 -22.5001 31.39
      vertex 21.3325 -22.6 31.39
    endloop
  endfacet
  facet normal 0 0 -1
    outer loop
      vertex 20.6938 -21.3063 31.39
      vertex -20.6938 -21.3063 31.39
      vertex 6.36704 -6.66705 31.39
    endloop
  endfacet
  facet normal 0 0 -1
    outer loop
      vertex -20.5865 -19.1221 31.39
      vertex 6.36704 -6.66705 31.39
      vertex -20.5217 -19.5589 31.39
    endloop
  endfacet
  facet normal 0 0 -1
    outer loop
      vertex -20.5217 -19.5589 31.39
      vertex 6.36704 -6.66705 31.39
      vertex -20.5 -20 31.39
    endloop
  endfacet
  facet normal 0 0 -1
    outer loop
      vertex 6.36704 -6.66705 31.39
      vertex -20.5217 -20.4411 31.39
      vertex -20.5 -20 31.39
    endloop
  endfacet
  facet normal 0 0 -1
    outer loop
      vertex 6.36704 -6.66705 31.39
      vertex -20.5865 -20.8779 31.39
      vertex -20.5217 -20.4411 31.39
    endloop
  endfacet
  facet normal 0 0 -1
    outer loop
      vertex 6.36704 -6.66705 31.39
      vertex -20.6938 -21.3063 31.39
      vertex -20.5865 -20.8779 31.39
    endloop
  endfacet
  facet normal 0 0 -1
    outer loop
      vertex 20.8425 -21.7221 31.39
      vertex -20.8425 -21.7221 31.39
      vertex -20.6938 -21.3063 31.39
    endloop
  endfacet
  facet normal 0 0 -1
    outer loop
      vertex 21.0314 -22.1213 31.39
      vertex -21.0314 -22.1213 31.39
      vertex -20.8425 -21.7221 31.39
    endloop
  endfacet
  facet normal 0 0 -1
    outer loop
      vertex 21.2584 -22.5001 31.39
      vertex -21.2584 -22.5001 31.39
      vertex -21.0314 -22.1213 31.39
    endloop
  endfacet
  facet normal 0 -0 -1
    outer loop
      vertex -21.2584 -22.5001 31.39
      vertex 21.3325 -22.6 31.39
      vertex -21.3325 -22.6 31.39
    endloop
  endfacet
  facet normal 0 0 -1
    outer loop
      vertex 27.5001 -16.2584 31.39
      vertex 27.6 16.3325 31.39
      vertex 27.6 -16.3325 31.39
    endloop
  endfacet
  facet normal 0 0 -1
    outer loop
      vertex 27.5001 -16.2584 31.39
      vertex 27.5001 16.2584 31.39
      vertex 27.6 16.3325 31.39
    endloop
  endfacet
  facet normal 0 0 -1
    outer loop
      vertex 27.1213 -16.0314 31.39
      vertex 27.5001 16.2584 31.39
      vertex 27.5001 -16.2584 31.39
    endloop
  endfacet
  facet normal 0 0 -1
    outer loop
      vertex 27.1213 -16.0314 31.39
      vertex 27.1213 16.0314 31.39
      vertex 27.5001 16.2584 31.39
    endloop
  endfacet
  facet normal 0 0 -1
    outer loop
      vertex 26.7221 -15.8425 31.39
      vertex 27.1213 16.0314 31.39
      vertex 27.1213 -16.0314 31.39
    endloop
  endfacet
  facet normal 0 0 -1
    outer loop
      vertex 26.7221 -15.8425 31.39
      vertex 26.7221 15.8425 31.39
      vertex 27.1213 16.0314 31.39
    endloop
  endfacet
  facet normal 0 0 -1
    outer loop
      vertex 26.3063 -15.6938 31.39
      vertex 26.7221 15.8425 31.39
      vertex 26.7221 -15.8425 31.39
    endloop
  endfacet
  facet normal 0 0 -1
    outer loop
      vertex 26.3063 -15.6938 31.39
      vertex 26.3063 15.6938 31.39
      vertex 26.7221 15.8425 31.39
    endloop
  endfacet
  facet normal 0 0 -1
    outer loop
      vertex 25.8779 -15.5865 31.39
      vertex 26.3063 15.6938 31.39
      vertex 26.3063 -15.6938 31.39
    endloop
  endfacet
  facet normal 0 0 -1
    outer loop
      vertex 25.8779 -15.5865 31.39
      vertex 25.8779 15.5865 31.39
      vertex 26.3063 15.6938 31.39
    endloop
  endfacet
  facet normal 0 0 -1
    outer loop
      vertex 25.4411 -15.5217 31.39
      vertex 25.8779 15.5865 31.39
      vertex 25.8779 -15.5865 31.39
    endloop
  endfacet
  facet normal 0 0 -1
    outer loop
      vertex 25.4411 -15.5217 31.39
      vertex 25.4411 15.5217 31.39
      vertex 25.8779 15.5865 31.39
    endloop
  endfacet
  facet normal 0 0 -1
    outer loop
      vertex 25 -15.5 31.39
      vertex 25.4411 15.5217 31.39
      vertex 25.4411 -15.5217 31.39
    endloop
  endfacet
  facet normal 0 0 -1
    outer loop
      vertex 25 -15.5 31.39
      vertex 25 15.5 31.39
      vertex 25.4411 15.5217 31.39
    endloop
  endfacet
  facet normal 0 0 -1
    outer loop
      vertex 24.5589 -15.5217 31.39
      vertex 25 15.5 31.39
      vertex 25 -15.5 31.39
    endloop
  endfacet
  facet normal 0 0 -1
    outer loop
      vertex 24.5589 -15.5217 31.39
      vertex 24.5589 15.5217 31.39
      vertex 25 15.5 31.39
    endloop
  endfacet
  facet normal 0 0 -1
    outer loop
      vertex 24.1221 -15.5865 31.39
      vertex 24.5589 15.5217 31.39
      vertex 24.5589 -15.5217 31.39
    endloop
  endfacet
  facet normal 0 0 -1
    outer loop
      vertex 24.1221 -15.5865 31.39
      vertex 24.1221 15.5865 31.39
      vertex 24.5589 15.5217 31.39
    endloop
  endfacet
  facet normal 0 0 -1
    outer loop
      vertex 6.36704 -6.66705 31.39
      vertex 24.1221 -15.5865 31.39
      vertex 23.6937 -15.6938 31.39
    endloop
  endfacet
  facet normal 0 0 -1
    outer loop
      vertex 24.1221 -15.5865 31.39
      vertex 6.36704 -6.66705 31.39
      vertex 24.1221 15.5865 31.39
    endloop
  endfacet
  facet normal 0 0 -1
    outer loop
      vertex 6.36704 -6.66705 31.39
      vertex 23.6937 -15.6938 31.39
      vertex 23.2779 -15.8425 31.39
    endloop
  endfacet
  facet normal 0 0 -1
    outer loop
      vertex 6.36704 6.66705 31.39
      vertex 24.1221 15.5865 31.39
      vertex 6.36704 -6.66705 31.39
    endloop
  endfacet
  facet normal 0 0 -1
    outer loop
      vertex 6.36704 -6.66705 31.39
      vertex 23.2779 -15.8425 31.39
      vertex 22.8787 -16.0314 31.39
    endloop
  endfacet
  facet normal -0 0 -1
    outer loop
      vertex 24.1221 15.5865 31.39
      vertex 6.36704 6.66705 31.39
      vertex 23.6937 15.6938 31.39
    endloop
  endfacet
  facet normal 0 0 -1
    outer loop
      vertex 6.36704 -6.66705 31.39
      vertex 22.8787 -16.0314 31.39
      vertex 22.4999 -16.2584 31.39
    endloop
  endfacet
  facet normal -0 0 -1
    outer loop
      vertex 23.6937 15.6938 31.39
      vertex 6.36704 6.66705 31.39
      vertex 23.2779 15.8425 31.39
    endloop
  endfacet
  facet normal 0 0 -1
    outer loop
      vertex 6.36704 -6.66705 31.39
      vertex 22.4999 -16.2584 31.39
      vertex 22.1452 -16.5215 31.39
    endloop
  endfacet
  facet normal -0 0 -1
    outer loop
      vertex 23.2779 15.8425 31.39
      vertex 6.36704 6.66705 31.39
      vertex 22.8787 16.0314 31.39
    endloop
  endfacet
  facet normal 0 0 -1
    outer loop
      vertex 6.36704 -6.66705 31.39
      vertex 22.1452 -16.5215 31.39
      vertex 21.818 -16.818 31.39
    endloop
  endfacet
  facet normal -0 0 -1
    outer loop
      vertex 22.8787 16.0314 31.39
      vertex 6.36704 6.66705 31.39
      vertex 22.4999 16.2584 31.39
    endloop
  endfacet
  facet normal 0 0 -1
    outer loop
      vertex 6.36704 -6.66705 31.39
      vertex 21.818 -16.818 31.39
      vertex 21.5215 -17.1452 31.39
    endloop
  endfacet
  facet normal -0 0 -1
    outer loop
      vertex 22.4999 16.2584 31.39
      vertex 6.36704 6.66705 31.39
      vertex 22.1452 16.5215 31.39
    endloop
  endfacet
  facet normal 0 0 -1
    outer loop
      vertex 6.36704 -6.66705 31.39
      vertex 21.5215 -17.1452 31.39
      vertex 21.2584 -17.4999 31.39
    endloop
  endfacet
  facet normal -0 0 -1
    outer loop
      vertex 22.1452 16.5215 31.39
      vertex 6.36704 6.66705 31.39
      vertex 21.818 16.818 31.39
    endloop
  endfacet
  facet normal 0 0 -1
    outer loop
      vertex 6.36704 -6.66705 31.39
      vertex 21.2584 -17.4999 31.39
      vertex 21.0314 -17.8787 31.39
    endloop
  endfacet
  facet normal -0 0 -1
    outer loop
      vertex 21.818 16.818 31.39
      vertex 6.36704 6.66705 31.39
      vertex 21.5215 17.1452 31.39
    endloop
  endfacet
  facet normal 0 0 -1
    outer loop
      vertex 6.36704 -6.66705 31.39
      vertex 21.0314 -17.8787 31.39
      vertex 20.8425 -18.2779 31.39
    endloop
  endfacet
  facet normal -0 0 -1
    outer loop
      vertex 21.5215 17.1452 31.39
      vertex 6.36704 6.66705 31.39
      vertex 21.2584 17.4999 31.39
    endloop
  endfacet
  facet normal 0 0 -1
    outer loop
      vertex 6.36704 -6.66705 31.39
      vertex 20.8425 -18.2779 31.39
      vertex 20.6938 -18.6937 31.39
    endloop
  endfacet
  facet normal -0 0 -1
    outer loop
      vertex 21.2584 17.4999 31.39
      vertex 6.36704 6.66705 31.39
      vertex 21.0314 17.8787 31.39
    endloop
  endfacet
  facet normal 0 0 -1
    outer loop
      vertex 6.36704 -6.66705 31.39
      vertex 20.6938 -18.6937 31.39
      vertex 20.5865 -19.1221 31.39
    endloop
  endfacet
  facet normal -0 0 -1
    outer loop
      vertex 21.0314 17.8787 31.39
      vertex 6.36704 6.66705 31.39
      vertex 20.8425 18.2779 31.39
    endloop
  endfacet
  facet normal 0 0 -1
    outer loop
      vertex 6.36704 -6.66705 31.39
      vertex 20.5865 -19.1221 31.39
      vertex 20.5217 -19.5589 31.39
    endloop
  endfacet
  facet normal -0 0 -1
    outer loop
      vertex 20.8425 18.2779 31.39
      vertex 6.36704 6.66705 31.39
      vertex 20.6938 18.6937 31.39
    endloop
  endfacet
  facet normal 0 0 -1
    outer loop
      vertex 6.36704 -6.66705 31.39
      vertex 20.5217 -19.5589 31.39
      vertex 20.5 -20 31.39
    endloop
  endfacet
  facet normal -0 0 -1
    outer loop
      vertex 20.6938 18.6937 31.39
      vertex 6.36704 6.66705 31.39
      vertex 20.5865 19.1221 31.39
    endloop
  endfacet
  facet normal -0 0 -1
    outer loop
      vertex 20.5217 19.5589 31.39
      vertex 6.36704 6.66705 31.39
      vertex 20.5 20 31.39
    endloop
  endfacet
  facet normal -0 0 -1
    outer loop
      vertex 20.5 20 31.39
      vertex 6.36704 6.66705 31.39
      vertex 20.5217 20.4411 31.39
    endloop
  endfacet
  facet normal -0 0 -1
    outer loop
      vertex 20.5217 20.4411 31.39
      vertex 6.36704 6.66705 31.39
      vertex 20.5865 20.8779 31.39
    endloop
  endfacet
  facet normal -0 0 -1
    outer loop
      vertex 20.5865 20.8779 31.39
      vertex 6.36704 6.66705 31.39
      vertex 20.6938 21.3063 31.39
    endloop
  endfacet
  facet normal 0 0 -1
    outer loop
      vertex -20.6938 21.3063 31.39
      vertex 20.6938 21.3063 31.39
      vertex 6.36704 6.66705 31.39
    endloop
  endfacet
  facet normal 0 0 -1
    outer loop
      vertex 20.6938 21.3063 31.39
      vertex -20.6938 21.3063 31.39
      vertex 20.8425 21.7221 31.39
    endloop
  endfacet
  facet normal 0 0 -1
    outer loop
      vertex -20.8425 21.7221 31.39
      vertex 20.8425 21.7221 31.39
      vertex -20.6938 21.3063 31.39
    endloop
  endfacet
  facet normal 0 0 -1
    outer loop
      vertex 20.8425 21.7221 31.39
      vertex -20.8425 21.7221 31.39
      vertex 21.0314 22.1213 31.39
    endloop
  endfacet
  facet normal 0 0 -1
    outer loop
      vertex -20.5 20 31.39
      vertex 6.36704 6.66705 31.39
      vertex -17.567 6.66705 31.39
    endloop
  endfacet
  facet normal -0 0 -1
    outer loop
      vertex 6.36704 -6.66705 31.39
      vertex -20.5865 -19.1221 31.39
      vertex -17.567 -6.66705 31.39
    endloop
  endfacet
  facet normal 0 0 -1
    outer loop
      vertex -20.5217 20.4411 31.39
      vertex 6.36704 6.66705 31.39
      vertex -20.5 20 31.39
    endloop
  endfacet
  facet normal 0 0 -1
    outer loop
      vertex -20.5865 20.8779 31.39
      vertex 6.36704 6.66705 31.39
      vertex -20.5217 20.4411 31.39
    endloop
  endfacet
  facet normal 0 0 -1
    outer loop
      vertex -20.6938 21.3063 31.39
      vertex 6.36704 6.66705 31.39
      vertex -20.5865 20.8779 31.39
    endloop
  endfacet
  facet normal 0 0 -1
    outer loop
      vertex -21.0314 22.1213 31.39
      vertex 21.0314 22.1213 31.39
      vertex -20.8425 21.7221 31.39
    endloop
  endfacet
  facet normal 0 0 -1
    outer loop
      vertex 21.0314 22.1213 31.39
      vertex -21.0314 22.1213 31.39
      vertex 21.2584 22.5001 31.39
    endloop
  endfacet
  facet normal 0 0 -1
    outer loop
      vertex -21.2584 22.5001 31.39
      vertex 21.2584 22.5001 31.39
      vertex -21.0314 22.1213 31.39
    endloop
  endfacet
  facet normal 0 0 -1
    outer loop
      vertex 21.2584 22.5001 31.39
      vertex -21.2584 22.5001 31.39
      vertex 21.3325 22.6 31.39
    endloop
  endfacet
  facet normal -0 0 -1
    outer loop
      vertex 21.3325 22.6 31.39
      vertex -21.2584 22.5001 31.39
      vertex -21.3325 22.6 31.39
    endloop
  endfacet
  facet normal 0.989174 0.146746 0
    outer loop
      vertex -20.5217 -19.5589 31.39
      vertex -20.5865 -19.1221 0
      vertex -20.5865 -19.1221 31.39
    endloop
  endfacet
  facet normal 0.989174 0.146746 0
    outer loop
      vertex -20.5865 -19.1221 0
      vertex -20.5217 -19.5589 31.39
      vertex -20.5217 -19.5589 0
    endloop
  endfacet
  facet normal 0.998792 0.0491358 0
    outer loop
      vertex -20.5 -20 31.39
      vertex -20.5217 -19.5589 0
      vertex -20.5217 -19.5589 31.39
    endloop
  endfacet
  facet normal 0.998792 0.0491358 0
    outer loop
      vertex -20.5217 -19.5589 0
      vertex -20.5 -20 31.39
      vertex -20.5 -20 0
    endloop
  endfacet
  facet normal 0.970036 0.242962 0
    outer loop
      vertex -20.5865 -19.1221 31.39
      vertex -20.6938 -18.6937 0
      vertex -20.6938 -18.6937 31.39
    endloop
  endfacet
  facet normal 0.970036 0.242962 0
    outer loop
      vertex -20.6938 -18.6937 0
      vertex -20.5865 -19.1221 31.39
      vertex -20.5865 -19.1221 0
    endloop
  endfacet
  facet normal 0.242962 0.970036 -0
    outer loop
      vertex -23.6937 -15.6938 0
      vertex -24.1221 -15.5865 31.39
      vertex -23.6937 -15.6938 31.39
    endloop
  endfacet
  facet normal 0.242962 0.970036 0
    outer loop
      vertex -24.1221 -15.5865 31.39
      vertex -23.6937 -15.6938 0
      vertex -24.1221 -15.5865 0
    endloop
  endfacet
  facet normal 0.941598 -0.336738 0
    outer loop
      vertex -20.8425 -21.7221 31.39
      vertex -20.6938 -21.3063 0
      vertex -20.6938 -21.3063 31.39
    endloop
  endfacet
  facet normal 0.941598 -0.336738 0
    outer loop
      vertex -20.6938 -21.3063 0
      vertex -20.8425 -21.7221 31.39
      vertex -20.8425 -21.7221 0
    endloop
  endfacet
  facet normal 0.146746 0.989174 -0
    outer loop
      vertex -24.1221 -15.5865 0
      vertex -24.5589 -15.5217 31.39
      vertex -24.1221 -15.5865 31.39
    endloop
  endfacet
  facet normal 0.146746 0.989174 0
    outer loop
      vertex -24.5589 -15.5217 31.39
      vertex -24.1221 -15.5865 0
      vertex -24.5589 -15.5217 0
    endloop
  endfacet
  facet normal -0.336738 0.941598 0
    outer loop
      vertex -26.3063 -15.6938 0
      vertex -26.7221 -15.8425 31.39
      vertex -26.3063 -15.6938 31.39
    endloop
  endfacet
  facet normal -0.336738 0.941598 0
    outer loop
      vertex -26.7221 -15.8425 31.39
      vertex -26.3063 -15.6938 0
      vertex -26.7221 -15.8425 0
    endloop
  endfacet
  facet normal -0.595747 0.803172 0
    outer loop
      vertex -27.5001 -16.2584 0
      vertex -27.6 -16.3325 31.39
      vertex -27.5001 -16.2584 31.39
    endloop
  endfacet
  facet normal -0.595747 0.803172 0
    outer loop
      vertex -27.6 -16.3325 31.39
      vertex -27.5001 -16.2584 0
      vertex -27.6 -16.3325 0
    endloop
  endfacet
  facet normal 0.941598 0.336738 0
    outer loop
      vertex -20.6938 -18.6937 31.39
      vertex -20.8425 -18.2779 0
      vertex -20.8425 -18.2779 31.39
    endloop
  endfacet
  facet normal 0.941598 0.336738 0
    outer loop
      vertex -20.8425 -18.2779 0
      vertex -20.6938 -18.6937 31.39
      vertex -20.6938 -18.6937 0
    endloop
  endfacet
  facet normal 0.0491358 0.998792 -0
    outer loop
      vertex -24.5589 -15.5217 0
      vertex -25 -15.5 31.39
      vertex -24.5589 -15.5217 31.39
    endloop
  endfacet
  facet normal 0.0491358 0.998792 0
    outer loop
      vertex -25 -15.5 31.39
      vertex -24.5589 -15.5217 0
      vertex -25 -15.5 0
    endloop
  endfacet
  facet normal -0.146746 0.989174 0
    outer loop
      vertex -25.4411 -15.5217 0
      vertex -25.8779 -15.5865 31.39
      vertex -25.4411 -15.5217 31.39
    endloop
  endfacet
  facet normal -0.146746 0.989174 0
    outer loop
      vertex -25.8779 -15.5865 31.39
      vertex -25.4411 -15.5217 0
      vertex -25.8779 -15.5865 0
    endloop
  endfacet
  facet normal 0.903908 0.427726 0
    outer loop
      vertex -20.8425 -18.2779 31.39
      vertex -21.0314 -17.8787 0
      vertex -21.0314 -17.8787 31.39
    endloop
  endfacet
  facet normal 0.903908 0.427726 0
    outer loop
      vertex -21.0314 -17.8787 0
      vertex -20.8425 -18.2779 31.39
      vertex -20.8425 -18.2779 0
    endloop
  endfacet
  facet normal 0.970036 -0.242962 0
    outer loop
      vertex -20.6938 -21.3063 31.39
      vertex -20.5865 -20.8779 0
      vertex -20.5865 -20.8779 31.39
    endloop
  endfacet
  facet normal 0.970036 -0.242962 0
    outer loop
      vertex -20.5865 -20.8779 0
      vertex -20.6938 -21.3063 31.39
      vertex -20.6938 -21.3063 0
    endloop
  endfacet
  facet normal 0.595753 0.803168 -0
    outer loop
      vertex -22.1452 -16.5215 0
      vertex -22.4999 -16.2584 31.39
      vertex -22.1452 -16.5215 31.39
    endloop
  endfacet
  facet normal 0.595753 0.803168 0
    outer loop
      vertex -22.4999 -16.2584 31.39
      vertex -22.1452 -16.5215 0
      vertex -22.4999 -16.2584 0
    endloop
  endfacet
  facet normal 0.989174 -0.146746 0
    outer loop
      vertex -20.5865 -20.8779 31.39
      vertex -20.5217 -20.4411 0
      vertex -20.5217 -20.4411 31.39
    endloop
  endfacet
  facet normal 0.989174 -0.146746 0
    outer loop
      vertex -20.5217 -20.4411 0
      vertex -20.5865 -20.8779 31.39
      vertex -20.5865 -20.8779 0
    endloop
  endfacet
  facet normal 0.803168 0.595753 0
    outer loop
      vertex -21.2584 -17.4999 31.39
      vertex -21.5215 -17.1452 0
      vertex -21.5215 -17.1452 31.39
    endloop
  endfacet
  facet normal 0.803168 0.595753 0
    outer loop
      vertex -21.5215 -17.1452 0
      vertex -21.2584 -17.4999 31.39
      vertex -21.2584 -17.4999 0
    endloop
  endfacet
  facet normal 0.514029 0.857773 -0
    outer loop
      vertex -22.4999 -16.2584 0
      vertex -22.8787 -16.0314 31.39
      vertex -22.4999 -16.2584 31.39
    endloop
  endfacet
  facet normal 0.514029 0.857773 0
    outer loop
      vertex -22.8787 -16.0314 31.39
      vertex -22.4999 -16.2584 0
      vertex -22.8787 -16.0314 0
    endloop
  endfacet
  facet normal 0.998792 -0.0491358 0
    outer loop
      vertex -20.5217 -20.4411 31.39
      vertex -20.5 -20 0
      vertex -20.5 -20 31.39
    endloop
  endfacet
  facet normal 0.998792 -0.0491358 0
    outer loop
      vertex -20.5 -20 0
      vertex -20.5217 -20.4411 31.39
      vertex -20.5217 -20.4411 0
    endloop
  endfacet
  facet normal 0.857773 -0.514029 0
    outer loop
      vertex -21.2584 -22.5001 31.39
      vertex -21.0314 -22.1213 0
      vertex -21.0314 -22.1213 31.39
    endloop
  endfacet
  facet normal 0.857773 -0.514029 0
    outer loop
      vertex -21.0314 -22.1213 0
      vertex -21.2584 -22.5001 31.39
      vertex -21.2584 -22.5001 0
    endloop
  endfacet
  facet normal 0.903908 -0.427726 0
    outer loop
      vertex -21.0314 -22.1213 31.39
      vertex -20.8425 -21.7221 0
      vertex -20.8425 -21.7221 31.39
    endloop
  endfacet
  facet normal 0.903908 -0.427726 0
    outer loop
      vertex -20.8425 -21.7221 0
      vertex -21.0314 -22.1213 31.39
      vertex -21.0314 -22.1213 0
    endloop
  endfacet
  facet normal -0.514029 0.857773 0
    outer loop
      vertex -27.1213 -16.0314 0
      vertex -27.5001 -16.2584 31.39
      vertex -27.1213 -16.0314 31.39
    endloop
  endfacet
  facet normal -0.514029 0.857773 0
    outer loop
      vertex -27.5001 -16.2584 31.39
      vertex -27.1213 -16.0314 0
      vertex -27.5001 -16.2584 0
    endloop
  endfacet
  facet normal 0.741015 0.671488 0
    outer loop
      vertex -21.5215 -17.1452 31.39
      vertex -21.818 -16.818 0
      vertex -21.818 -16.818 31.39
    endloop
  endfacet
  facet normal 0.741015 0.671488 0
    outer loop
      vertex -21.818 -16.818 0
      vertex -21.5215 -17.1452 31.39
      vertex -21.5215 -17.1452 0
    endloop
  endfacet
  facet normal 0.336738 0.941598 -0
    outer loop
      vertex -23.2779 -15.8425 0
      vertex -23.6937 -15.6938 31.39
      vertex -23.2779 -15.8425 31.39
    endloop
  endfacet
  facet normal 0.336738 0.941598 0
    outer loop
      vertex -23.6937 -15.6938 31.39
      vertex -23.2779 -15.8425 0
      vertex -23.6937 -15.6938 0
    endloop
  endfacet
  facet normal 0.803172 -0.595747 0
    outer loop
      vertex -21.3325 -22.6 31.39
      vertex -21.2584 -22.5001 0
      vertex -21.2584 -22.5001 31.39
    endloop
  endfacet
  facet normal 0.803172 -0.595747 0
    outer loop
      vertex -21.2584 -22.5001 0
      vertex -21.3325 -22.6 31.39
      vertex -21.3325 -22.6 0
    endloop
  endfacet
  facet normal 0.427726 0.903908 -0
    outer loop
      vertex -22.8787 -16.0314 0
      vertex -23.2779 -15.8425 31.39
      vertex -22.8787 -16.0314 31.39
    endloop
  endfacet
  facet normal 0.427726 0.903908 0
    outer loop
      vertex -23.2779 -15.8425 31.39
      vertex -22.8787 -16.0314 0
      vertex -23.2779 -15.8425 0
    endloop
  endfacet
  facet normal 0.857773 0.514029 0
    outer loop
      vertex -21.0314 -17.8787 31.39
      vertex -21.2584 -17.4999 0
      vertex -21.2584 -17.4999 31.39
    endloop
  endfacet
  facet normal 0.857773 0.514029 0
    outer loop
      vertex -21.2584 -17.4999 0
      vertex -21.0314 -17.8787 31.39
      vertex -21.0314 -17.8787 0
    endloop
  endfacet
  facet normal -0.0491358 0.998792 0
    outer loop
      vertex -25 -15.5 0
      vertex -25.4411 -15.5217 31.39
      vertex -25 -15.5 31.39
    endloop
  endfacet
  facet normal -0.0491358 0.998792 0
    outer loop
      vertex -25.4411 -15.5217 31.39
      vertex -25 -15.5 0
      vertex -25.4411 -15.5217 0
    endloop
  endfacet
  facet normal -0.427726 0.903908 0
    outer loop
      vertex -26.7221 -15.8425 0
      vertex -27.1213 -16.0314 31.39
      vertex -26.7221 -15.8425 31.39
    endloop
  endfacet
  facet normal -0.427726 0.903908 0
    outer loop
      vertex -27.1213 -16.0314 31.39
      vertex -26.7221 -15.8425 0
      vertex -27.1213 -16.0314 0
    endloop
  endfacet
  facet normal 0.671488 0.741015 -0
    outer loop
      vertex -21.818 -16.818 0
      vertex -22.1452 -16.5215 31.39
      vertex -21.818 -16.818 31.39
    endloop
  endfacet
  facet normal 0.671488 0.741015 0
    outer loop
      vertex -22.1452 -16.5215 31.39
      vertex -21.818 -16.818 0
      vertex -22.1452 -16.5215 0
    endloop
  endfacet
  facet normal -0.242962 0.970036 0
    outer loop
      vertex -25.8779 -15.5865 0
      vertex -26.3063 -15.6938 31.39
      vertex -25.8779 -15.5865 31.39
    endloop
  endfacet
  facet normal -0.242962 0.970036 0
    outer loop
      vertex -26.3063 -15.6938 31.39
      vertex -25.8779 -15.5865 0
      vertex -26.3063 -15.6938 0
    endloop
  endfacet
  facet normal 0.989174 0.146746 0
    outer loop
      vertex -20.5217 20.4411 31.39
      vertex -20.5865 20.8779 0
      vertex -20.5865 20.8779 31.39
    endloop
  endfacet
  facet normal 0.989174 0.146746 0
    outer loop
      vertex -20.5865 20.8779 0
      vertex -20.5217 20.4411 31.39
      vertex -20.5217 20.4411 0
    endloop
  endfacet
  facet normal 0.998792 0.0491358 0
    outer loop
      vertex -20.5 20 31.39
      vertex -20.5217 20.4411 0
      vertex -20.5217 20.4411 31.39
    endloop
  endfacet
  facet normal 0.998792 0.0491358 0
    outer loop
      vertex -20.5217 20.4411 0
      vertex -20.5 20 31.39
      vertex -20.5 20 0
    endloop
  endfacet
  facet normal 0.970036 0.242962 0
    outer loop
      vertex -20.5865 20.8779 31.39
      vertex -20.6938 21.3063 0
      vertex -20.6938 21.3063 31.39
    endloop
  endfacet
  facet normal 0.970036 0.242962 0
    outer loop
      vertex -20.6938 21.3063 0
      vertex -20.5865 20.8779 31.39
      vertex -20.5865 20.8779 0
    endloop
  endfacet
  facet normal 0.0491358 -0.998792 0
    outer loop
      vertex -25 15.5 0
      vertex -24.5589 15.5217 31.39
      vertex -25 15.5 31.39
    endloop
  endfacet
  facet normal 0.0491358 -0.998792 0
    outer loop
      vertex -24.5589 15.5217 31.39
      vertex -25 15.5 0
      vertex -24.5589 15.5217 0
    endloop
  endfacet
  facet normal 0.941598 0.336738 0
    outer loop
      vertex -20.6938 21.3063 31.39
      vertex -20.8425 21.7221 0
      vertex -20.8425 21.7221 31.39
    endloop
  endfacet
  facet normal 0.941598 0.336738 0
    outer loop
      vertex -20.8425 21.7221 0
      vertex -20.6938 21.3063 31.39
      vertex -20.6938 21.3063 0
    endloop
  endfacet
  facet normal 0.941598 -0.336738 0
    outer loop
      vertex -20.8425 18.2779 31.39
      vertex -20.6938 18.6937 0
      vertex -20.6938 18.6937 31.39
    endloop
  endfacet
  facet normal 0.941598 -0.336738 0
    outer loop
      vertex -20.6938 18.6937 0
      vertex -20.8425 18.2779 31.39
      vertex -20.8425 18.2779 0
    endloop
  endfacet
  facet normal 0.998792 -0.0491358 0
    outer loop
      vertex -20.5217 19.5589 31.39
      vertex -20.5 20 0
      vertex -20.5 20 31.39
    endloop
  endfacet
  facet normal 0.998792 -0.0491358 0
    outer loop
      vertex -20.5 20 0
      vertex -20.5217 19.5589 31.39
      vertex -20.5217 19.5589 0
    endloop
  endfacet
  facet normal -0.514029 -0.857773 0
    outer loop
      vertex -27.5001 16.2584 0
      vertex -27.1213 16.0314 31.39
      vertex -27.5001 16.2584 31.39
    endloop
  endfacet
  facet normal -0.514029 -0.857773 -0
    outer loop
      vertex -27.1213 16.0314 31.39
      vertex -27.5001 16.2584 0
      vertex -27.1213 16.0314 0
    endloop
  endfacet
  facet normal 0.989174 -0.146746 0
    outer loop
      vertex -20.5865 19.1221 31.39
      vertex -20.5217 19.5589 0
      vertex -20.5217 19.5589 31.39
    endloop
  endfacet
  facet normal 0.989174 -0.146746 0
    outer loop
      vertex -20.5217 19.5589 0
      vertex -20.5865 19.1221 31.39
      vertex -20.5865 19.1221 0
    endloop
  endfacet
  facet normal 0.903908 -0.427726 0
    outer loop
      vertex -21.0314 17.8787 31.39
      vertex -20.8425 18.2779 0
      vertex -20.8425 18.2779 31.39
    endloop
  endfacet
  facet normal 0.903908 -0.427726 0
    outer loop
      vertex -20.8425 18.2779 0
      vertex -21.0314 17.8787 31.39
      vertex -21.0314 17.8787 0
    endloop
  endfacet
  facet normal 0.970036 -0.242962 0
    outer loop
      vertex -20.6938 18.6937 31.39
      vertex -20.5865 19.1221 0
      vertex -20.5865 19.1221 31.39
    endloop
  endfacet
  facet normal 0.970036 -0.242962 0
    outer loop
      vertex -20.5865 19.1221 0
      vertex -20.6938 18.6937 31.39
      vertex -20.6938 18.6937 0
    endloop
  endfacet
  facet normal 0.803172 0.595747 0
    outer loop
      vertex -21.2584 22.5001 31.39
      vertex -21.3325 22.6 0
      vertex -21.3325 22.6 31.39
    endloop
  endfacet
  facet normal 0.803172 0.595747 0
    outer loop
      vertex -21.3325 22.6 0
      vertex -21.2584 22.5001 31.39
      vertex -21.2584 22.5001 0
    endloop
  endfacet
  facet normal -0.242962 -0.970036 0
    outer loop
      vertex -26.3063 15.6938 0
      vertex -25.8779 15.5865 31.39
      vertex -26.3063 15.6938 31.39
    endloop
  endfacet
  facet normal -0.242962 -0.970036 -0
    outer loop
      vertex -25.8779 15.5865 31.39
      vertex -26.3063 15.6938 0
      vertex -25.8779 15.5865 0
    endloop
  endfacet
  facet normal 0.514029 -0.857773 0
    outer loop
      vertex -22.8787 16.0314 0
      vertex -22.4999 16.2584 31.39
      vertex -22.8787 16.0314 31.39
    endloop
  endfacet
  facet normal 0.514029 -0.857773 0
    outer loop
      vertex -22.4999 16.2584 31.39
      vertex -22.8787 16.0314 0
      vertex -22.4999 16.2584 0
    endloop
  endfacet
  facet normal 0.903908 0.427726 0
    outer loop
      vertex -20.8425 21.7221 31.39
      vertex -21.0314 22.1213 0
      vertex -21.0314 22.1213 31.39
    endloop
  endfacet
  facet normal 0.903908 0.427726 0
    outer loop
      vertex -21.0314 22.1213 0
      vertex -20.8425 21.7221 31.39
      vertex -20.8425 21.7221 0
    endloop
  endfacet
  facet normal 0.741015 -0.671488 0
    outer loop
      vertex -21.818 16.818 31.39
      vertex -21.5215 17.1452 0
      vertex -21.5215 17.1452 31.39
    endloop
  endfacet
  facet normal 0.741015 -0.671488 0
    outer loop
      vertex -21.5215 17.1452 0
      vertex -21.818 16.818 31.39
      vertex -21.818 16.818 0
    endloop
  endfacet
  facet normal 0.336738 -0.941598 0
    outer loop
      vertex -23.6937 15.6938 0
      vertex -23.2779 15.8425 31.39
      vertex -23.6937 15.6938 31.39
    endloop
  endfacet
  facet normal 0.336738 -0.941598 0
    outer loop
      vertex -23.2779 15.8425 31.39
      vertex -23.6937 15.6938 0
      vertex -23.2779 15.8425 0
    endloop
  endfacet
  facet normal 0.857773 -0.514029 0
    outer loop
      vertex -21.2584 17.4999 31.39
      vertex -21.0314 17.8787 0
      vertex -21.0314 17.8787 31.39
    endloop
  endfacet
  facet normal 0.857773 -0.514029 0
    outer loop
      vertex -21.0314 17.8787 0
      vertex -21.2584 17.4999 31.39
      vertex -21.2584 17.4999 0
    endloop
  endfacet
  facet normal 0.427726 -0.903908 0
    outer loop
      vertex -23.2779 15.8425 0
      vertex -22.8787 16.0314 31.39
      vertex -23.2779 15.8425 31.39
    endloop
  endfacet
  facet normal 0.427726 -0.903908 0
    outer loop
      vertex -22.8787 16.0314 31.39
      vertex -23.2779 15.8425 0
      vertex -22.8787 16.0314 0
    endloop
  endfacet
  facet normal 0.857773 0.514029 0
    outer loop
      vertex -21.0314 22.1213 31.39
      vertex -21.2584 22.5001 0
      vertex -21.2584 22.5001 31.39
    endloop
  endfacet
  facet normal 0.857773 0.514029 0
    outer loop
      vertex -21.2584 22.5001 0
      vertex -21.0314 22.1213 31.39
      vertex -21.0314 22.1213 0
    endloop
  endfacet
  facet normal -0.336738 -0.941598 0
    outer loop
      vertex -26.7221 15.8425 0
      vertex -26.3063 15.6938 31.39
      vertex -26.7221 15.8425 31.39
    endloop
  endfacet
  facet normal -0.336738 -0.941598 -0
    outer loop
      vertex -26.3063 15.6938 31.39
      vertex -26.7221 15.8425 0
      vertex -26.3063 15.6938 0
    endloop
  endfacet
  facet normal -0.595747 -0.803172 0
    outer loop
      vertex -27.6 16.3325 0
      vertex -27.5001 16.2584 31.39
      vertex -27.6 16.3325 31.39
    endloop
  endfacet
  facet normal -0.595747 -0.803172 -0
    outer loop
      vertex -27.5001 16.2584 31.39
      vertex -27.6 16.3325 0
      vertex -27.5001 16.2584 0
    endloop
  endfacet
  facet normal 0.803168 -0.595753 0
    outer loop
      vertex -21.5215 17.1452 31.39
      vertex -21.2584 17.4999 0
      vertex -21.2584 17.4999 31.39
    endloop
  endfacet
  facet normal 0.803168 -0.595753 0
    outer loop
      vertex -21.2584 17.4999 0
      vertex -21.5215 17.1452 31.39
      vertex -21.5215 17.1452 0
    endloop
  endfacet
  facet normal 0.146746 -0.989174 0
    outer loop
      vertex -24.5589 15.5217 0
      vertex -24.1221 15.5865 31.39
      vertex -24.5589 15.5217 31.39
    endloop
  endfacet
  facet normal 0.146746 -0.989174 0
    outer loop
      vertex -24.1221 15.5865 31.39
      vertex -24.5589 15.5217 0
      vertex -24.1221 15.5865 0
    endloop
  endfacet
  facet normal 0.242962 -0.970036 0
    outer loop
      vertex -24.1221 15.5865 0
      vertex -23.6937 15.6938 31.39
      vertex -24.1221 15.5865 31.39
    endloop
  endfacet
  facet normal 0.242962 -0.970036 0
    outer loop
      vertex -23.6937 15.6938 31.39
      vertex -24.1221 15.5865 0
      vertex -23.6937 15.6938 0
    endloop
  endfacet
  facet normal 0.595753 -0.803168 0
    outer loop
      vertex -22.4999 16.2584 0
      vertex -22.1452 16.5215 31.39
      vertex -22.4999 16.2584 31.39
    endloop
  endfacet
  facet normal 0.595753 -0.803168 0
    outer loop
      vertex -22.1452 16.5215 31.39
      vertex -22.4999 16.2584 0
      vertex -22.1452 16.5215 0
    endloop
  endfacet
  facet normal -0.0491358 -0.998792 0
    outer loop
      vertex -25.4411 15.5217 0
      vertex -25 15.5 31.39
      vertex -25.4411 15.5217 31.39
    endloop
  endfacet
  facet normal -0.0491358 -0.998792 -0
    outer loop
      vertex -25 15.5 31.39
      vertex -25.4411 15.5217 0
      vertex -25 15.5 0
    endloop
  endfacet
  facet normal -0.427726 -0.903908 0
    outer loop
      vertex -27.1213 16.0314 0
      vertex -26.7221 15.8425 31.39
      vertex -27.1213 16.0314 31.39
    endloop
  endfacet
  facet normal -0.427726 -0.903908 -0
    outer loop
      vertex -26.7221 15.8425 31.39
      vertex -27.1213 16.0314 0
      vertex -26.7221 15.8425 0
    endloop
  endfacet
  facet normal 0.671488 -0.741015 0
    outer loop
      vertex -22.1452 16.5215 0
      vertex -21.818 16.818 31.39
      vertex -22.1452 16.5215 31.39
    endloop
  endfacet
  facet normal 0.671488 -0.741015 0
    outer loop
      vertex -21.818 16.818 31.39
      vertex -22.1452 16.5215 0
      vertex -21.818 16.818 0
    endloop
  endfacet
  facet normal -0.146746 -0.989174 0
    outer loop
      vertex -25.8779 15.5865 0
      vertex -25.4411 15.5217 31.39
      vertex -25.8779 15.5865 31.39
    endloop
  endfacet
  facet normal -0.146746 -0.989174 -0
    outer loop
      vertex -25.4411 15.5217 31.39
      vertex -25.8779 15.5865 0
      vertex -25.4411 15.5217 0
    endloop
  endfacet
  facet normal 0.146746 0.989174 -0
    outer loop
      vertex 25.8779 -15.5865 0
      vertex 25.4411 -15.5217 31.39
      vertex 25.8779 -15.5865 31.39
    endloop
  endfacet
  facet normal 0.146746 0.989174 0
    outer loop
      vertex 25.4411 -15.5217 31.39
      vertex 25.8779 -15.5865 0
      vertex 25.4411 -15.5217 0
    endloop
  endfacet
  facet normal 0.336738 0.941598 -0
    outer loop
      vertex 26.7221 -15.8425 0
      vertex 26.3063 -15.6938 31.39
      vertex 26.7221 -15.8425 31.39
    endloop
  endfacet
  facet normal 0.336738 0.941598 0
    outer loop
      vertex 26.3063 -15.6938 31.39
      vertex 26.7221 -15.8425 0
      vertex 26.3063 -15.6938 0
    endloop
  endfacet
  facet normal -0.595753 0.803168 0
    outer loop
      vertex 22.4999 -16.2584 0
      vertex 22.1452 -16.5215 31.39
      vertex 22.4999 -16.2584 31.39
    endloop
  endfacet
  facet normal -0.595753 0.803168 0
    outer loop
      vertex 22.1452 -16.5215 31.39
      vertex 22.4999 -16.2584 0
      vertex 22.1452 -16.5215 0
    endloop
  endfacet
  facet normal -0.941598 0.336738 0
    outer loop
      vertex 20.6938 -18.6937 0
      vertex 20.8425 -18.2779 31.39
      vertex 20.8425 -18.2779 0
    endloop
  endfacet
  facet normal -0.941598 0.336738 0
    outer loop
      vertex 20.8425 -18.2779 31.39
      vertex 20.6938 -18.6937 0
      vertex 20.6938 -18.6937 31.39
    endloop
  endfacet
  facet normal 0.242962 0.970036 -0
    outer loop
      vertex 26.3063 -15.6938 0
      vertex 25.8779 -15.5865 31.39
      vertex 26.3063 -15.6938 31.39
    endloop
  endfacet
  facet normal 0.242962 0.970036 0
    outer loop
      vertex 25.8779 -15.5865 31.39
      vertex 26.3063 -15.6938 0
      vertex 25.8779 -15.5865 0
    endloop
  endfacet
  facet normal -0.242962 0.970036 0
    outer loop
      vertex 24.1221 -15.5865 0
      vertex 23.6937 -15.6938 31.39
      vertex 24.1221 -15.5865 31.39
    endloop
  endfacet
  facet normal -0.242962 0.970036 0
    outer loop
      vertex 23.6937 -15.6938 31.39
      vertex 24.1221 -15.5865 0
      vertex 23.6937 -15.6938 0
    endloop
  endfacet
  facet normal 0.514029 0.857773 -0
    outer loop
      vertex 27.5001 -16.2584 0
      vertex 27.1213 -16.0314 31.39
      vertex 27.5001 -16.2584 31.39
    endloop
  endfacet
  facet normal 0.514029 0.857773 0
    outer loop
      vertex 27.1213 -16.0314 31.39
      vertex 27.5001 -16.2584 0
      vertex 27.1213 -16.0314 0
    endloop
  endfacet
  facet normal 0.595747 0.803172 -0
    outer loop
      vertex 27.6 -16.3325 0
      vertex 27.5001 -16.2584 31.39
      vertex 27.6 -16.3325 31.39
    endloop
  endfacet
  facet normal 0.595747 0.803172 0
    outer loop
      vertex 27.5001 -16.2584 31.39
      vertex 27.6 -16.3325 0
      vertex 27.5001 -16.2584 0
    endloop
  endfacet
  facet normal -0.903908 0.427726 0
    outer loop
      vertex 20.8425 -18.2779 0
      vertex 21.0314 -17.8787 31.39
      vertex 21.0314 -17.8787 0
    endloop
  endfacet
  facet normal -0.903908 0.427726 0
    outer loop
      vertex 21.0314 -17.8787 31.39
      vertex 20.8425 -18.2779 0
      vertex 20.8425 -18.2779 31.39
    endloop
  endfacet
  facet normal -0.514029 0.857773 0
    outer loop
      vertex 22.8787 -16.0314 0
      vertex 22.4999 -16.2584 31.39
      vertex 22.8787 -16.0314 31.39
    endloop
  endfacet
  facet normal -0.514029 0.857773 0
    outer loop
      vertex 22.4999 -16.2584 31.39
      vertex 22.8787 -16.0314 0
      vertex 22.4999 -16.2584 0
    endloop
  endfacet
  facet normal -0.671488 0.741015 0
    outer loop
      vertex 22.1452 -16.5215 0
      vertex 21.818 -16.818 31.39
      vertex 22.1452 -16.5215 31.39
    endloop
  endfacet
  facet normal -0.671488 0.741015 0
    outer loop
      vertex 21.818 -16.818 31.39
      vertex 22.1452 -16.5215 0
      vertex 21.818 -16.818 0
    endloop
  endfacet
  facet normal -0.970036 -0.242962 0
    outer loop
      vertex 20.6938 -21.3063 0
      vertex 20.5865 -20.8779 31.39
      vertex 20.5865 -20.8779 0
    endloop
  endfacet
  facet normal -0.970036 -0.242962 0
    outer loop
      vertex 20.5865 -20.8779 31.39
      vertex 20.6938 -21.3063 0
      vertex 20.6938 -21.3063 31.39
    endloop
  endfacet
  facet normal 0.427726 0.903908 -0
    outer loop
      vertex 27.1213 -16.0314 0
      vertex 26.7221 -15.8425 31.39
      vertex 27.1213 -16.0314 31.39
    endloop
  endfacet
  facet normal 0.427726 0.903908 0
    outer loop
      vertex 26.7221 -15.8425 31.39
      vertex 27.1213 -16.0314 0
      vertex 26.7221 -15.8425 0
    endloop
  endfacet
  facet normal -0.941598 -0.336738 0
    outer loop
      vertex 20.8425 -21.7221 0
      vertex 20.6938 -21.3063 31.39
      vertex 20.6938 -21.3063 0
    endloop
  endfacet
  facet normal -0.941598 -0.336738 0
    outer loop
      vertex 20.6938 -21.3063 31.39
      vertex 20.8425 -21.7221 0
      vertex 20.8425 -21.7221 31.39
    endloop
  endfacet
  facet normal -0.989174 0.146746 0
    outer loop
      vertex 20.5217 -19.5589 0
      vertex 20.5865 -19.1221 31.39
      vertex 20.5865 -19.1221 0
    endloop
  endfacet
  facet normal -0.989174 0.146746 0
    outer loop
      vertex 20.5865 -19.1221 31.39
      vertex 20.5217 -19.5589 0
      vertex 20.5217 -19.5589 31.39
    endloop
  endfacet
  facet normal -0.336738 0.941598 0
    outer loop
      vertex 23.6937 -15.6938 0
      vertex 23.2779 -15.8425 31.39
      vertex 23.6937 -15.6938 31.39
    endloop
  endfacet
  facet normal -0.336738 0.941598 0
    outer loop
      vertex 23.2779 -15.8425 31.39
      vertex 23.6937 -15.6938 0
      vertex 23.2779 -15.8425 0
    endloop
  endfacet
  facet normal -0.146746 0.989174 0
    outer loop
      vertex 24.5589 -15.5217 0
      vertex 24.1221 -15.5865 31.39
      vertex 24.5589 -15.5217 31.39
    endloop
  endfacet
  facet normal -0.146746 0.989174 0
    outer loop
      vertex 24.1221 -15.5865 31.39
      vertex 24.5589 -15.5217 0
      vertex 24.1221 -15.5865 0
    endloop
  endfacet
  facet normal -0.427726 0.903908 0
    outer loop
      vertex 23.2779 -15.8425 0
      vertex 22.8787 -16.0314 31.39
      vertex 23.2779 -15.8425 31.39
    endloop
  endfacet
  facet normal -0.427726 0.903908 0
    outer loop
      vertex 22.8787 -16.0314 31.39
      vertex 23.2779 -15.8425 0
      vertex 22.8787 -16.0314 0
    endloop
  endfacet
  facet normal -0.857773 0.514029 0
    outer loop
      vertex 21.0314 -17.8787 0
      vertex 21.2584 -17.4999 31.39
      vertex 21.2584 -17.4999 0
    endloop
  endfacet
  facet normal -0.857773 0.514029 0
    outer loop
      vertex 21.2584 -17.4999 31.39
      vertex 21.0314 -17.8787 0
      vertex 21.0314 -17.8787 31.39
    endloop
  endfacet
  facet normal -0.970036 0.242962 0
    outer loop
      vertex 20.5865 -19.1221 0
      vertex 20.6938 -18.6937 31.39
      vertex 20.6938 -18.6937 0
    endloop
  endfacet
  facet normal -0.970036 0.242962 0
    outer loop
      vertex 20.6938 -18.6937 31.39
      vertex 20.5865 -19.1221 0
      vertex 20.5865 -19.1221 31.39
    endloop
  endfacet
  facet normal -0.0491358 0.998792 0
    outer loop
      vertex 25 -15.5 0
      vertex 24.5589 -15.5217 31.39
      vertex 25 -15.5 31.39
    endloop
  endfacet
  facet normal -0.0491358 0.998792 0
    outer loop
      vertex 24.5589 -15.5217 31.39
      vertex 25 -15.5 0
      vertex 24.5589 -15.5217 0
    endloop
  endfacet
  facet normal -0.803172 -0.595747 0
    outer loop
      vertex 21.3325 -22.6 0
      vertex 21.2584 -22.5001 31.39
      vertex 21.2584 -22.5001 0
    endloop
  endfacet
  facet normal -0.803172 -0.595747 0
    outer loop
      vertex 21.2584 -22.5001 31.39
      vertex 21.3325 -22.6 0
      vertex 21.3325 -22.6 31.39
    endloop
  endfacet
  facet normal -0.989174 -0.146746 0
    outer loop
      vertex 20.5865 -20.8779 0
      vertex 20.5217 -20.4411 31.39
      vertex 20.5217 -20.4411 0
    endloop
  endfacet
  facet normal -0.989174 -0.146746 0
    outer loop
      vertex 20.5217 -20.4411 31.39
      vertex 20.5865 -20.8779 0
      vertex 20.5865 -20.8779 31.39
    endloop
  endfacet
  facet normal -0.857773 -0.514029 0
    outer loop
      vertex 21.2584 -22.5001 0
      vertex 21.0314 -22.1213 31.39
      vertex 21.0314 -22.1213 0
    endloop
  endfacet
  facet normal -0.857773 -0.514029 0
    outer loop
      vertex 21.0314 -22.1213 31.39
      vertex 21.2584 -22.5001 0
      vertex 21.2584 -22.5001 31.39
    endloop
  endfacet
  facet normal -0.741015 0.671488 0
    outer loop
      vertex 21.5215 -17.1452 0
      vertex 21.818 -16.818 31.39
      vertex 21.818 -16.818 0
    endloop
  endfacet
  facet normal -0.741015 0.671488 0
    outer loop
      vertex 21.818 -16.818 31.39
      vertex 21.5215 -17.1452 0
      vertex 21.5215 -17.1452 31.39
    endloop
  endfacet
  facet normal 0.0491358 0.998792 -0
    outer loop
      vertex 25.4411 -15.5217 0
      vertex 25 -15.5 31.39
      vertex 25.4411 -15.5217 31.39
    endloop
  endfacet
  facet normal 0.0491358 0.998792 0
    outer loop
      vertex 25 -15.5 31.39
      vertex 25.4411 -15.5217 0
      vertex 25 -15.5 0
    endloop
  endfacet
  facet normal -0.803168 0.595753 0
    outer loop
      vertex 21.2584 -17.4999 0
      vertex 21.5215 -17.1452 31.39
      vertex 21.5215 -17.1452 0
    endloop
  endfacet
  facet normal -0.803168 0.595753 0
    outer loop
      vertex 21.5215 -17.1452 31.39
      vertex 21.2584 -17.4999 0
      vertex 21.2584 -17.4999 31.39
    endloop
  endfacet
  facet normal -0.998792 0.0491358 0
    outer loop
      vertex 20.5 -20 0
      vertex 20.5217 -19.5589 31.39
      vertex 20.5217 -19.5589 0
    endloop
  endfacet
  facet normal -0.998792 0.0491358 0
    outer loop
      vertex 20.5217 -19.5589 31.39
      vertex 20.5 -20 0
      vertex 20.5 -20 31.39
    endloop
  endfacet
  facet normal -0.998792 -0.0491358 0
    outer loop
      vertex 20.5217 -20.4411 0
      vertex 20.5 -20 31.39
      vertex 20.5 -20 0
    endloop
  endfacet
  facet normal -0.998792 -0.0491358 0
    outer loop
      vertex 20.5 -20 31.39
      vertex 20.5217 -20.4411 0
      vertex 20.5217 -20.4411 31.39
    endloop
  endfacet
  facet normal -0.903908 -0.427726 0
    outer loop
      vertex 21.0314 -22.1213 0
      vertex 20.8425 -21.7221 31.39
      vertex 20.8425 -21.7221 0
    endloop
  endfacet
  facet normal -0.903908 -0.427726 0
    outer loop
      vertex 20.8425 -21.7221 31.39
      vertex 21.0314 -22.1213 0
      vertex 21.0314 -22.1213 31.39
    endloop
  endfacet
  facet normal -0.336738 -0.941598 0
    outer loop
      vertex 23.2779 15.8425 0
      vertex 23.6937 15.6938 31.39
      vertex 23.2779 15.8425 31.39
    endloop
  endfacet
  facet normal -0.336738 -0.941598 -0
    outer loop
      vertex 23.6937 15.6938 31.39
      vertex 23.2779 15.8425 0
      vertex 23.6937 15.6938 0
    endloop
  endfacet
  facet normal -0.989174 0.146746 0
    outer loop
      vertex 20.5217 20.4411 0
      vertex 20.5865 20.8779 31.39
      vertex 20.5865 20.8779 0
    endloop
  endfacet
  facet normal -0.989174 0.146746 0
    outer loop
      vertex 20.5865 20.8779 31.39
      vertex 20.5217 20.4411 0
      vertex 20.5217 20.4411 31.39
    endloop
  endfacet
  facet normal -0.242962 -0.970036 0
    outer loop
      vertex 23.6937 15.6938 0
      vertex 24.1221 15.5865 31.39
      vertex 23.6937 15.6938 31.39
    endloop
  endfacet
  facet normal -0.242962 -0.970036 -0
    outer loop
      vertex 24.1221 15.5865 31.39
      vertex 23.6937 15.6938 0
      vertex 24.1221 15.5865 0
    endloop
  endfacet
  facet normal -0.903908 -0.427726 0
    outer loop
      vertex 21.0314 17.8787 0
      vertex 20.8425 18.2779 31.39
      vertex 20.8425 18.2779 0
    endloop
  endfacet
  facet normal -0.903908 -0.427726 0
    outer loop
      vertex 20.8425 18.2779 31.39
      vertex 21.0314 17.8787 0
      vertex 21.0314 17.8787 31.39
    endloop
  endfacet
  facet normal -0.857773 -0.514029 0
    outer loop
      vertex 21.2584 17.4999 0
      vertex 21.0314 17.8787 31.39
      vertex 21.0314 17.8787 0
    endloop
  endfacet
  facet normal -0.857773 -0.514029 0
    outer loop
      vertex 21.0314 17.8787 31.39
      vertex 21.2584 17.4999 0
      vertex 21.2584 17.4999 31.39
    endloop
  endfacet
  facet normal 0.242962 -0.970036 0
    outer loop
      vertex 25.8779 15.5865 0
      vertex 26.3063 15.6938 31.39
      vertex 25.8779 15.5865 31.39
    endloop
  endfacet
  facet normal 0.242962 -0.970036 0
    outer loop
      vertex 26.3063 15.6938 31.39
      vertex 25.8779 15.5865 0
      vertex 26.3063 15.6938 0
    endloop
  endfacet
  facet normal -0.595753 -0.803168 0
    outer loop
      vertex 22.1452 16.5215 0
      vertex 22.4999 16.2584 31.39
      vertex 22.1452 16.5215 31.39
    endloop
  endfacet
  facet normal -0.595753 -0.803168 -0
    outer loop
      vertex 22.4999 16.2584 31.39
      vertex 22.1452 16.5215 0
      vertex 22.4999 16.2584 0
    endloop
  endfacet
  facet normal 0.514029 -0.857773 0
    outer loop
      vertex 27.1213 16.0314 0
      vertex 27.5001 16.2584 31.39
      vertex 27.1213 16.0314 31.39
    endloop
  endfacet
  facet normal 0.514029 -0.857773 0
    outer loop
      vertex 27.5001 16.2584 31.39
      vertex 27.1213 16.0314 0
      vertex 27.5001 16.2584 0
    endloop
  endfacet
  facet normal -0.803172 0.595747 0
    outer loop
      vertex 21.2584 22.5001 0
      vertex 21.3325 22.6 31.39
      vertex 21.3325 22.6 0
    endloop
  endfacet
  facet normal -0.803172 0.595747 0
    outer loop
      vertex 21.3325 22.6 31.39
      vertex 21.2584 22.5001 0
      vertex 21.2584 22.5001 31.39
    endloop
  endfacet
  facet normal -0.941598 0.336738 0
    outer loop
      vertex 20.6938 21.3063 0
      vertex 20.8425 21.7221 31.39
      vertex 20.8425 21.7221 0
    endloop
  endfacet
  facet normal -0.941598 0.336738 0
    outer loop
      vertex 20.8425 21.7221 31.39
      vertex 20.6938 21.3063 0
      vertex 20.6938 21.3063 31.39
    endloop
  endfacet
  facet normal -0.941598 -0.336738 0
    outer loop
      vertex 20.8425 18.2779 0
      vertex 20.6938 18.6937 31.39
      vertex 20.6938 18.6937 0
    endloop
  endfacet
  facet normal -0.941598 -0.336738 0
    outer loop
      vertex 20.6938 18.6937 31.39
      vertex 20.8425 18.2779 0
      vertex 20.8425 18.2779 31.39
    endloop
  endfacet
  facet normal 0.336738 -0.941598 0
    outer loop
      vertex 26.3063 15.6938 0
      vertex 26.7221 15.8425 31.39
      vertex 26.3063 15.6938 31.39
    endloop
  endfacet
  facet normal 0.336738 -0.941598 0
    outer loop
      vertex 26.7221 15.8425 31.39
      vertex 26.3063 15.6938 0
      vertex 26.7221 15.8425 0
    endloop
  endfacet
  facet normal -0.857773 0.514029 0
    outer loop
      vertex 21.0314 22.1213 0
      vertex 21.2584 22.5001 31.39
      vertex 21.2584 22.5001 0
    endloop
  endfacet
  facet normal -0.857773 0.514029 0
    outer loop
      vertex 21.2584 22.5001 31.39
      vertex 21.0314 22.1213 0
      vertex 21.0314 22.1213 31.39
    endloop
  endfacet
  facet normal -0.671488 -0.741015 0
    outer loop
      vertex 21.818 16.818 0
      vertex 22.1452 16.5215 31.39
      vertex 21.818 16.818 31.39
    endloop
  endfacet
  facet normal -0.671488 -0.741015 -0
    outer loop
      vertex 22.1452 16.5215 31.39
      vertex 21.818 16.818 0
      vertex 22.1452 16.5215 0
    endloop
  endfacet
  facet normal -0.514029 -0.857773 0
    outer loop
      vertex 22.4999 16.2584 0
      vertex 22.8787 16.0314 31.39
      vertex 22.4999 16.2584 31.39
    endloop
  endfacet
  facet normal -0.514029 -0.857773 -0
    outer loop
      vertex 22.8787 16.0314 31.39
      vertex 22.4999 16.2584 0
      vertex 22.8787 16.0314 0
    endloop
  endfacet
  facet normal 0.146746 -0.989174 0
    outer loop
      vertex 25.4411 15.5217 0
      vertex 25.8779 15.5865 31.39
      vertex 25.4411 15.5217 31.39
    endloop
  endfacet
  facet normal 0.146746 -0.989174 0
    outer loop
      vertex 25.8779 15.5865 31.39
      vertex 25.4411 15.5217 0
      vertex 25.8779 15.5865 0
    endloop
  endfacet
  facet normal -0.998792 -0.0491358 0
    outer loop
      vertex 20.5217 19.5589 0
      vertex 20.5 20 31.39
      vertex 20.5 20 0
    endloop
  endfacet
  facet normal -0.998792 -0.0491358 0
    outer loop
      vertex 20.5 20 31.39
      vertex 20.5217 19.5589 0
      vertex 20.5217 19.5589 31.39
    endloop
  endfacet
  facet normal -0.146746 -0.989174 0
    outer loop
      vertex 24.1221 15.5865 0
      vertex 24.5589 15.5217 31.39
      vertex 24.1221 15.5865 31.39
    endloop
  endfacet
  facet normal -0.146746 -0.989174 -0
    outer loop
      vertex 24.5589 15.5217 31.39
      vertex 24.1221 15.5865 0
      vertex 24.5589 15.5217 0
    endloop
  endfacet
  facet normal -0.0491358 -0.998792 0
    outer loop
      vertex 24.5589 15.5217 0
      vertex 25 15.5 31.39
      vertex 24.5589 15.5217 31.39
    endloop
  endfacet
  facet normal -0.0491358 -0.998792 -0
    outer loop
      vertex 25 15.5 31.39
      vertex 24.5589 15.5217 0
      vertex 25 15.5 0
    endloop
  endfacet
  facet normal -0.903908 0.427726 0
    outer loop
      vertex 20.8425 21.7221 0
      vertex 21.0314 22.1213 31.39
      vertex 21.0314 22.1213 0
    endloop
  endfacet
  facet normal -0.903908 0.427726 0
    outer loop
      vertex 21.0314 22.1213 31.39
      vertex 20.8425 21.7221 0
      vertex 20.8425 21.7221 31.39
    endloop
  endfacet
  facet normal -0.970036 0.242962 0
    outer loop
      vertex 20.5865 20.8779 0
      vertex 20.6938 21.3063 31.39
      vertex 20.6938 21.3063 0
    endloop
  endfacet
  facet normal -0.970036 0.242962 0
    outer loop
      vertex 20.6938 21.3063 31.39
      vertex 20.5865 20.8779 0
      vertex 20.5865 20.8779 31.39
    endloop
  endfacet
  facet normal -0.970036 -0.242962 0
    outer loop
      vertex 20.6938 18.6937 0
      vertex 20.5865 19.1221 31.39
      vertex 20.5865 19.1221 0
    endloop
  endfacet
  facet normal -0.970036 -0.242962 0
    outer loop
      vertex 20.5865 19.1221 31.39
      vertex 20.6938 18.6937 0
      vertex 20.6938 18.6937 31.39
    endloop
  endfacet
  facet normal -0.427726 -0.903908 0
    outer loop
      vertex 22.8787 16.0314 0
      vertex 23.2779 15.8425 31.39
      vertex 22.8787 16.0314 31.39
    endloop
  endfacet
  facet normal -0.427726 -0.903908 -0
    outer loop
      vertex 23.2779 15.8425 31.39
      vertex 22.8787 16.0314 0
      vertex 23.2779 15.8425 0
    endloop
  endfacet
  facet normal -0.741015 -0.671488 0
    outer loop
      vertex 21.818 16.818 0
      vertex 21.5215 17.1452 31.39
      vertex 21.5215 17.1452 0
    endloop
  endfacet
  facet normal -0.741015 -0.671488 0
    outer loop
      vertex 21.5215 17.1452 31.39
      vertex 21.818 16.818 0
      vertex 21.818 16.818 31.39
    endloop
  endfacet
  facet normal 0.427726 -0.903908 0
    outer loop
      vertex 26.7221 15.8425 0
      vertex 27.1213 16.0314 31.39
      vertex 26.7221 15.8425 31.39
    endloop
  endfacet
  facet normal 0.427726 -0.903908 0
    outer loop
      vertex 27.1213 16.0314 31.39
      vertex 26.7221 15.8425 0
      vertex 27.1213 16.0314 0
    endloop
  endfacet
  facet normal 0.0491358 -0.998792 0
    outer loop
      vertex 25 15.5 0
      vertex 25.4411 15.5217 31.39
      vertex 25 15.5 31.39
    endloop
  endfacet
  facet normal 0.0491358 -0.998792 0
    outer loop
      vertex 25.4411 15.5217 31.39
      vertex 25 15.5 0
      vertex 25.4411 15.5217 0
    endloop
  endfacet
  facet normal -0.989174 -0.146746 0
    outer loop
      vertex 20.5865 19.1221 0
      vertex 20.5217 19.5589 31.39
      vertex 20.5217 19.5589 0
    endloop
  endfacet
  facet normal -0.989174 -0.146746 0
    outer loop
      vertex 20.5217 19.5589 31.39
      vertex 20.5865 19.1221 0
      vertex 20.5865 19.1221 31.39
    endloop
  endfacet
  facet normal 0.595747 -0.803172 0
    outer loop
      vertex 27.5001 16.2584 0
      vertex 27.6 16.3325 31.39
      vertex 27.5001 16.2584 31.39
    endloop
  endfacet
  facet normal 0.595747 -0.803172 0
    outer loop
      vertex 27.6 16.3325 31.39
      vertex 27.5001 16.2584 0
      vertex 27.6 16.3325 0
    endloop
  endfacet
  facet normal -0.803168 -0.595753 0
    outer loop
      vertex 21.5215 17.1452 0
      vertex 21.2584 17.4999 31.39
      vertex 21.2584 17.4999 0
    endloop
  endfacet
  facet normal -0.803168 -0.595753 0
    outer loop
      vertex 21.2584 17.4999 31.39
      vertex 21.5215 17.1452 0
      vertex 21.5215 17.1452 31.39
    endloop
  endfacet
  facet normal -0.998792 0.0491358 0
    outer loop
      vertex 20.5 20 0
      vertex 20.5217 20.4411 31.39
      vertex 20.5217 20.4411 0
    endloop
  endfacet
  facet normal -0.998792 0.0491358 0
    outer loop
      vertex 20.5217 20.4411 31.39
      vertex 20.5 20 0
      vertex 20.5 20 31.39
    endloop
  endfacet
  facet normal -0.989168 -0.146788 0
    outer loop
      vertex -23.3082 -19.8334 0
      vertex -23.3327 -19.6683 34
      vertex -23.3327 -19.6683 0
    endloop
  endfacet
  facet normal -0.989168 -0.146788 0
    outer loop
      vertex -23.3327 -19.6683 34
      vertex -23.3082 -19.8334 0
      vertex -23.3082 -19.8334 34
    endloop
  endfacet
  facet normal -0.998791 -0.0491602 0
    outer loop
      vertex -23.3 -20 0
      vertex -23.3082 -19.8334 34
      vertex -23.3082 -19.8334 0
    endloop
  endfacet
  facet normal -0.998791 -0.0491602 0
    outer loop
      vertex -23.3082 -19.8334 34
      vertex -23.3 -20 0
      vertex -23.3 -20 34
    endloop
  endfacet
  facet normal -0.970072 -0.242818 0
    outer loop
      vertex -23.3327 -19.6683 0
      vertex -23.3732 -19.5065 34
      vertex -23.3732 -19.5065 0
    endloop
  endfacet
  facet normal -0.970072 -0.242818 0
    outer loop
      vertex -23.3732 -19.5065 34
      vertex -23.3327 -19.6683 0
      vertex -23.3327 -19.6683 34
    endloop
  endfacet
  facet normal -0.427442 0.904043 0
    outer loop
      vertex -24.1986 -21.4993 0
      vertex -24.3494 -21.5706 34
      vertex -24.1986 -21.4993 34
    endloop
  endfacet
  facet normal -0.427442 0.904043 0
    outer loop
      vertex -24.3494 -21.5706 34
      vertex -24.1986 -21.4993 0
      vertex -24.3494 -21.5706 0
    endloop
  endfacet
  facet normal 0.0491602 -0.998791 0
    outer loop
      vertex -25.1666 -18.3082 0
      vertex -25 -18.3 34
      vertex -25.1666 -18.3082 34
    endloop
  endfacet
  facet normal 0.0491602 -0.998791 0
    outer loop
      vertex -25 -18.3 34
      vertex -25.1666 -18.3082 0
      vertex -25 -18.3 0
    endloop
  endfacet
  facet normal 0.427442 -0.904043 0
    outer loop
      vertex -25.8014 -18.5007 0
      vertex -25.6506 -18.4294 34
      vertex -25.8014 -18.5007 34
    endloop
  endfacet
  facet normal 0.427442 -0.904043 0
    outer loop
      vertex -25.6506 -18.4294 34
      vertex -25.8014 -18.5007 0
      vertex -25.6506 -18.4294 0
    endloop
  endfacet
  facet normal -0.741024 -0.671478 0
    outer loop
      vertex -23.6859 -18.9215 0
      vertex -23.7979 -18.7979 34
      vertex -23.7979 -18.7979 0
    endloop
  endfacet
  facet normal -0.741024 -0.671478 0
    outer loop
      vertex -23.7979 -18.7979 34
      vertex -23.6859 -18.9215 0
      vertex -23.6859 -18.9215 34
    endloop
  endfacet
  facet normal 0.146788 0.989168 -0
    outer loop
      vertex -25.1666 -21.6918 0
      vertex -25.3317 -21.6673 34
      vertex -25.1666 -21.6918 34
    endloop
  endfacet
  facet normal 0.146788 0.989168 0
    outer loop
      vertex -25.3317 -21.6673 34
      vertex -25.1666 -21.6918 0
      vertex -25.3317 -21.6673 0
    endloop
  endfacet
  facet normal -0.427442 -0.904043 0
    outer loop
      vertex -24.3494 -18.4294 0
      vertex -24.1986 -18.5007 34
      vertex -24.3494 -18.4294 34
    endloop
  endfacet
  facet normal -0.427442 -0.904043 -0
    outer loop
      vertex -24.1986 -18.5007 34
      vertex -24.3494 -18.4294 0
      vertex -24.1986 -18.5007 0
    endloop
  endfacet
  facet normal 0.146788 -0.989168 0
    outer loop
      vertex -25.3317 -18.3327 0
      vertex -25.1666 -18.3082 34
      vertex -25.3317 -18.3327 34
    endloop
  endfacet
  facet normal 0.146788 -0.989168 0
    outer loop
      vertex -25.1666 -18.3082 34
      vertex -25.3317 -18.3327 0
      vertex -25.1666 -18.3082 0
    endloop
  endfacet
  facet normal -0.242818 0.970072 0
    outer loop
      vertex -24.5065 -21.6268 0
      vertex -24.6683 -21.6673 34
      vertex -24.5065 -21.6268 34
    endloop
  endfacet
  facet normal -0.242818 0.970072 0
    outer loop
      vertex -24.6683 -21.6673 34
      vertex -24.5065 -21.6268 0
      vertex -24.6683 -21.6673 0
    endloop
  endfacet
  facet normal 0.595772 -0.803154 0
    outer loop
      vertex -26.0785 -18.6859 0
      vertex -25.9445 -18.5865 34
      vertex -26.0785 -18.6859 34
    endloop
  endfacet
  facet normal 0.595772 -0.803154 0
    outer loop
      vertex -25.9445 -18.5865 34
      vertex -26.0785 -18.6859 0
      vertex -25.9445 -18.5865 0
    endloop
  endfacet
  facet normal 0.904043 -0.427442 0
    outer loop
      vertex -26.5706 -19.3494 34
      vertex -26.4993 -19.1986 0
      vertex -26.4993 -19.1986 34
    endloop
  endfacet
  facet normal 0.904043 -0.427442 0
    outer loop
      vertex -26.4993 -19.1986 0
      vertex -26.5706 -19.3494 34
      vertex -26.5706 -19.3494 0
    endloop
  endfacet
  facet normal 0.427442 0.904043 -0
    outer loop
      vertex -25.6506 -21.5706 0
      vertex -25.8014 -21.4993 34
      vertex -25.6506 -21.5706 34
    endloop
  endfacet
  facet normal 0.427442 0.904043 0
    outer loop
      vertex -25.8014 -21.4993 34
      vertex -25.6506 -21.5706 0
      vertex -25.8014 -21.4993 0
    endloop
  endfacet
  facet normal 0.595772 0.803154 -0
    outer loop
      vertex -25.9445 -21.4135 0
      vertex -26.0785 -21.3141 34
      vertex -25.9445 -21.4135 34
    endloop
  endfacet
  facet normal 0.595772 0.803154 0
    outer loop
      vertex -26.0785 -21.3141 34
      vertex -25.9445 -21.4135 0
      vertex -26.0785 -21.3141 0
    endloop
  endfacet
  facet normal 0.904043 0.427442 0
    outer loop
      vertex -26.4993 -20.8014 34
      vertex -26.5706 -20.6506 0
      vertex -26.5706 -20.6506 34
    endloop
  endfacet
  facet normal 0.904043 0.427442 0
    outer loop
      vertex -26.5706 -20.6506 0
      vertex -26.4993 -20.8014 34
      vertex -26.4993 -20.8014 0
    endloop
  endfacet
  facet normal -0.514231 -0.857652 0
    outer loop
      vertex -24.1986 -18.5007 0
      vertex -24.0555 -18.5865 34
      vertex -24.1986 -18.5007 34
    endloop
  endfacet
  facet normal -0.514231 -0.857652 -0
    outer loop
      vertex -24.0555 -18.5865 34
      vertex -24.1986 -18.5007 0
      vertex -24.0555 -18.5865 0
    endloop
  endfacet
  facet normal 0.998791 0.0491602 0
    outer loop
      vertex -26.6918 -20.1666 34
      vertex -26.7 -20 0
      vertex -26.7 -20 34
    endloop
  endfacet
  facet normal 0.998791 0.0491602 0
    outer loop
      vertex -26.7 -20 0
      vertex -26.6918 -20.1666 34
      vertex -26.6918 -20.1666 0
    endloop
  endfacet
  facet normal 0.33683 0.941566 -0
    outer loop
      vertex -25.4935 -21.6268 0
      vertex -25.6506 -21.5706 34
      vertex -25.4935 -21.6268 34
    endloop
  endfacet
  facet normal 0.33683 0.941566 0
    outer loop
      vertex -25.6506 -21.5706 34
      vertex -25.4935 -21.6268 0
      vertex -25.6506 -21.5706 0
    endloop
  endfacet
  facet normal -0.595772 -0.803154 0
    outer loop
      vertex -24.0555 -18.5865 0
      vertex -23.9215 -18.6859 34
      vertex -24.0555 -18.5865 34
    endloop
  endfacet
  facet normal -0.595772 -0.803154 -0
    outer loop
      vertex -23.9215 -18.6859 34
      vertex -24.0555 -18.5865 0
      vertex -23.9215 -18.6859 0
    endloop
  endfacet
  facet normal -0.970072 0.242818 0
    outer loop
      vertex -23.3732 -20.4935 0
      vertex -23.3327 -20.3317 34
      vertex -23.3327 -20.3317 0
    endloop
  endfacet
  facet normal -0.970072 0.242818 0
    outer loop
      vertex -23.3327 -20.3317 34
      vertex -23.3732 -20.4935 0
      vertex -23.3732 -20.4935 34
    endloop
  endfacet
  facet normal 0.941566 0.33683 0
    outer loop
      vertex -26.5706 -20.6506 34
      vertex -26.6268 -20.4935 0
      vertex -26.6268 -20.4935 34
    endloop
  endfacet
  facet normal 0.941566 0.33683 0
    outer loop
      vertex -26.6268 -20.4935 0
      vertex -26.5706 -20.6506 34
      vertex -26.5706 -20.6506 0
    endloop
  endfacet
  facet normal -0.242818 -0.970072 0
    outer loop
      vertex -24.6683 -18.3327 0
      vertex -24.5065 -18.3732 34
      vertex -24.6683 -18.3327 34
    endloop
  endfacet
  facet normal -0.242818 -0.970072 -0
    outer loop
      vertex -24.5065 -18.3732 34
      vertex -24.6683 -18.3327 0
      vertex -24.5065 -18.3732 0
    endloop
  endfacet
  facet normal 0.741024 -0.671478 0
    outer loop
      vertex -26.3141 -18.9215 34
      vertex -26.2021 -18.7979 0
      vertex -26.2021 -18.7979 34
    endloop
  endfacet
  facet normal 0.741024 -0.671478 0
    outer loop
      vertex -26.2021 -18.7979 0
      vertex -26.3141 -18.9215 34
      vertex -26.3141 -18.9215 0
    endloop
  endfacet
  facet normal -0.0491602 0.998791 0
    outer loop
      vertex -24.8334 -21.6918 0
      vertex -25 -21.7 34
      vertex -24.8334 -21.6918 34
    endloop
  endfacet
  facet normal -0.0491602 0.998791 0
    outer loop
      vertex -25 -21.7 34
      vertex -24.8334 -21.6918 0
      vertex -25 -21.7 0
    endloop
  endfacet
  facet normal -0.803154 -0.595772 0
    outer loop
      vertex -23.5865 -19.0555 0
      vertex -23.6859 -18.9215 34
      vertex -23.6859 -18.9215 0
    endloop
  endfacet
  facet normal -0.803154 -0.595772 0
    outer loop
      vertex -23.6859 -18.9215 34
      vertex -23.5865 -19.0555 0
      vertex -23.5865 -19.0555 34
    endloop
  endfacet
  facet normal 0.970072 0.242818 0
    outer loop
      vertex -26.6268 -20.4935 34
      vertex -26.6673 -20.3317 0
      vertex -26.6673 -20.3317 34
    endloop
  endfacet
  facet normal 0.970072 0.242818 0
    outer loop
      vertex -26.6673 -20.3317 0
      vertex -26.6268 -20.4935 34
      vertex -26.6268 -20.4935 0
    endloop
  endfacet
  facet normal -0.989168 0.146788 0
    outer loop
      vertex -23.3327 -20.3317 0
      vertex -23.3082 -20.1666 34
      vertex -23.3082 -20.1666 0
    endloop
  endfacet
  facet normal -0.989168 0.146788 0
    outer loop
      vertex -23.3082 -20.1666 34
      vertex -23.3327 -20.3317 0
      vertex -23.3327 -20.3317 34
    endloop
  endfacet
  facet normal -0.514231 0.857652 0
    outer loop
      vertex -24.0555 -21.4135 0
      vertex -24.1986 -21.4993 34
      vertex -24.0555 -21.4135 34
    endloop
  endfacet
  facet normal -0.514231 0.857652 0
    outer loop
      vertex -24.1986 -21.4993 34
      vertex -24.0555 -21.4135 0
      vertex -24.1986 -21.4993 0
    endloop
  endfacet
  facet normal 0.941566 -0.33683 0
    outer loop
      vertex -26.6268 -19.5065 34
      vertex -26.5706 -19.3494 0
      vertex -26.5706 -19.3494 34
    endloop
  endfacet
  facet normal 0.941566 -0.33683 0
    outer loop
      vertex -26.5706 -19.3494 0
      vertex -26.6268 -19.5065 34
      vertex -26.6268 -19.5065 0
    endloop
  endfacet
  facet normal -0.671478 -0.741024 0
    outer loop
      vertex -23.9215 -18.6859 0
      vertex -23.7979 -18.7979 34
      vertex -23.9215 -18.6859 34
    endloop
  endfacet
  facet normal -0.671478 -0.741024 -0
    outer loop
      vertex -23.7979 -18.7979 34
      vertex -23.9215 -18.6859 0
      vertex -23.7979 -18.7979 0
    endloop
  endfacet
  facet normal 0.989168 -0.146788 0
    outer loop
      vertex -26.6918 -19.8334 34
      vertex -26.6673 -19.6683 0
      vertex -26.6673 -19.6683 34
    endloop
  endfacet
  facet normal 0.989168 -0.146788 0
    outer loop
      vertex -26.6673 -19.6683 0
      vertex -26.6918 -19.8334 34
      vertex -26.6918 -19.8334 0
    endloop
  endfacet
  facet normal -0.904043 0.427442 0
    outer loop
      vertex -23.5007 -20.8014 0
      vertex -23.4294 -20.6506 34
      vertex -23.4294 -20.6506 0
    endloop
  endfacet
  facet normal -0.904043 0.427442 0
    outer loop
      vertex -23.4294 -20.6506 34
      vertex -23.5007 -20.8014 0
      vertex -23.5007 -20.8014 34
    endloop
  endfacet
  facet normal -0.33683 -0.941566 0
    outer loop
      vertex -24.5065 -18.3732 0
      vertex -24.3494 -18.4294 34
      vertex -24.5065 -18.3732 34
    endloop
  endfacet
  facet normal -0.33683 -0.941566 -0
    outer loop
      vertex -24.3494 -18.4294 34
      vertex -24.5065 -18.3732 0
      vertex -24.3494 -18.4294 0
    endloop
  endfacet
  facet normal -0.998791 0.0491602 0
    outer loop
      vertex -23.3082 -20.1666 0
      vertex -23.3 -20 34
      vertex -23.3 -20 0
    endloop
  endfacet
  facet normal -0.998791 0.0491602 0
    outer loop
      vertex -23.3 -20 34
      vertex -23.3082 -20.1666 0
      vertex -23.3082 -20.1666 34
    endloop
  endfacet
  facet normal -0.146788 0.989168 0
    outer loop
      vertex -24.6683 -21.6673 0
      vertex -24.8334 -21.6918 34
      vertex -24.6683 -21.6673 34
    endloop
  endfacet
  facet normal -0.146788 0.989168 0
    outer loop
      vertex -24.8334 -21.6918 34
      vertex -24.6683 -21.6673 0
      vertex -24.8334 -21.6918 0
    endloop
  endfacet
  facet normal -0.941566 -0.33683 0
    outer loop
      vertex -23.3732 -19.5065 0
      vertex -23.4294 -19.3494 34
      vertex -23.4294 -19.3494 0
    endloop
  endfacet
  facet normal -0.941566 -0.33683 0
    outer loop
      vertex -23.4294 -19.3494 34
      vertex -23.3732 -19.5065 0
      vertex -23.3732 -19.5065 34
    endloop
  endfacet
  facet normal -0.803154 0.595772 0
    outer loop
      vertex -23.6859 -21.0785 0
      vertex -23.5865 -20.9445 34
      vertex -23.5865 -20.9445 0
    endloop
  endfacet
  facet normal -0.803154 0.595772 0
    outer loop
      vertex -23.5865 -20.9445 34
      vertex -23.6859 -21.0785 0
      vertex -23.6859 -21.0785 34
    endloop
  endfacet
  facet normal -0.857652 0.514231 0
    outer loop
      vertex -23.5865 -20.9445 0
      vertex -23.5007 -20.8014 34
      vertex -23.5007 -20.8014 0
    endloop
  endfacet
  facet normal -0.857652 0.514231 0
    outer loop
      vertex -23.5007 -20.8014 34
      vertex -23.5865 -20.9445 0
      vertex -23.5865 -20.9445 34
    endloop
  endfacet
  facet normal 0.242818 -0.970072 0
    outer loop
      vertex -25.4935 -18.3732 0
      vertex -25.3317 -18.3327 34
      vertex -25.4935 -18.3732 34
    endloop
  endfacet
  facet normal 0.242818 -0.970072 0
    outer loop
      vertex -25.3317 -18.3327 34
      vertex -25.4935 -18.3732 0
      vertex -25.3317 -18.3327 0
    endloop
  endfacet
  facet normal -0.941566 0.33683 0
    outer loop
      vertex -23.4294 -20.6506 0
      vertex -23.3732 -20.4935 34
      vertex -23.3732 -20.4935 0
    endloop
  endfacet
  facet normal -0.941566 0.33683 0
    outer loop
      vertex -23.3732 -20.4935 34
      vertex -23.4294 -20.6506 0
      vertex -23.4294 -20.6506 34
    endloop
  endfacet
  facet normal -0.0491602 -0.998791 0
    outer loop
      vertex -25 -18.3 0
      vertex -24.8334 -18.3082 34
      vertex -25 -18.3 34
    endloop
  endfacet
  facet normal -0.0491602 -0.998791 -0
    outer loop
      vertex -24.8334 -18.3082 34
      vertex -25 -18.3 0
      vertex -24.8334 -18.3082 0
    endloop
  endfacet
  facet normal 0.514231 -0.857652 0
    outer loop
      vertex -25.9445 -18.5865 0
      vertex -25.8014 -18.5007 34
      vertex -25.9445 -18.5865 34
    endloop
  endfacet
  facet normal 0.514231 -0.857652 0
    outer loop
      vertex -25.8014 -18.5007 34
      vertex -25.9445 -18.5865 0
      vertex -25.8014 -18.5007 0
    endloop
  endfacet
  facet normal -0.904043 -0.427442 0
    outer loop
      vertex -23.4294 -19.3494 0
      vertex -23.5007 -19.1986 34
      vertex -23.5007 -19.1986 0
    endloop
  endfacet
  facet normal -0.904043 -0.427442 0
    outer loop
      vertex -23.5007 -19.1986 34
      vertex -23.4294 -19.3494 0
      vertex -23.4294 -19.3494 34
    endloop
  endfacet
  facet normal -0.146788 -0.989168 0
    outer loop
      vertex -24.8334 -18.3082 0
      vertex -24.6683 -18.3327 34
      vertex -24.8334 -18.3082 34
    endloop
  endfacet
  facet normal -0.146788 -0.989168 -0
    outer loop
      vertex -24.6683 -18.3327 34
      vertex -24.8334 -18.3082 0
      vertex -24.6683 -18.3327 0
    endloop
  endfacet
  facet normal 0.242818 0.970072 -0
    outer loop
      vertex -25.3317 -21.6673 0
      vertex -25.4935 -21.6268 34
      vertex -25.3317 -21.6673 34
    endloop
  endfacet
  facet normal 0.242818 0.970072 0
    outer loop
      vertex -25.4935 -21.6268 34
      vertex -25.3317 -21.6673 0
      vertex -25.4935 -21.6268 0
    endloop
  endfacet
  facet normal 0.857652 0.514231 0
    outer loop
      vertex -26.4135 -20.9445 34
      vertex -26.4993 -20.8014 0
      vertex -26.4993 -20.8014 34
    endloop
  endfacet
  facet normal 0.857652 0.514231 0
    outer loop
      vertex -26.4993 -20.8014 0
      vertex -26.4135 -20.9445 34
      vertex -26.4135 -20.9445 0
    endloop
  endfacet
  facet normal -0.857652 -0.514231 0
    outer loop
      vertex -23.5007 -19.1986 0
      vertex -23.5865 -19.0555 34
      vertex -23.5865 -19.0555 0
    endloop
  endfacet
  facet normal -0.857652 -0.514231 0
    outer loop
      vertex -23.5865 -19.0555 34
      vertex -23.5007 -19.1986 0
      vertex -23.5007 -19.1986 34
    endloop
  endfacet
  facet normal 0.33683 -0.941566 0
    outer loop
      vertex -25.6506 -18.4294 0
      vertex -25.4935 -18.3732 34
      vertex -25.6506 -18.4294 34
    endloop
  endfacet
  facet normal 0.33683 -0.941566 0
    outer loop
      vertex -25.4935 -18.3732 34
      vertex -25.6506 -18.4294 0
      vertex -25.4935 -18.3732 0
    endloop
  endfacet
  facet normal 0.741024 0.671478 0
    outer loop
      vertex -26.2021 -21.2021 34
      vertex -26.3141 -21.0785 0
      vertex -26.3141 -21.0785 34
    endloop
  endfacet
  facet normal 0.741024 0.671478 0
    outer loop
      vertex -26.3141 -21.0785 0
      vertex -26.2021 -21.2021 34
      vertex -26.2021 -21.2021 0
    endloop
  endfacet
  facet normal 0.671478 -0.741024 0
    outer loop
      vertex -26.2021 -18.7979 0
      vertex -26.0785 -18.6859 34
      vertex -26.2021 -18.7979 34
    endloop
  endfacet
  facet normal 0.671478 -0.741024 0
    outer loop
      vertex -26.0785 -18.6859 34
      vertex -26.2021 -18.7979 0
      vertex -26.0785 -18.6859 0
    endloop
  endfacet
  facet normal 0.514231 0.857652 -0
    outer loop
      vertex -25.8014 -21.4993 0
      vertex -25.9445 -21.4135 34
      vertex -25.8014 -21.4993 34
    endloop
  endfacet
  facet normal 0.514231 0.857652 0
    outer loop
      vertex -25.9445 -21.4135 34
      vertex -25.8014 -21.4993 0
      vertex -25.9445 -21.4135 0
    endloop
  endfacet
  facet normal 0.970072 -0.242818 0
    outer loop
      vertex -26.6673 -19.6683 34
      vertex -26.6268 -19.5065 0
      vertex -26.6268 -19.5065 34
    endloop
  endfacet
  facet normal 0.970072 -0.242818 0
    outer loop
      vertex -26.6268 -19.5065 0
      vertex -26.6673 -19.6683 34
      vertex -26.6673 -19.6683 0
    endloop
  endfacet
  facet normal -0.33683 0.941566 0
    outer loop
      vertex -24.3494 -21.5706 0
      vertex -24.5065 -21.6268 34
      vertex -24.3494 -21.5706 34
    endloop
  endfacet
  facet normal -0.33683 0.941566 0
    outer loop
      vertex -24.5065 -21.6268 34
      vertex -24.3494 -21.5706 0
      vertex -24.5065 -21.6268 0
    endloop
  endfacet
  facet normal 0.803154 0.595772 0
    outer loop
      vertex -26.3141 -21.0785 34
      vertex -26.4135 -20.9445 0
      vertex -26.4135 -20.9445 34
    endloop
  endfacet
  facet normal 0.803154 0.595772 0
    outer loop
      vertex -26.4135 -20.9445 0
      vertex -26.3141 -21.0785 34
      vertex -26.3141 -21.0785 0
    endloop
  endfacet
  facet normal 0.989168 0.146788 0
    outer loop
      vertex -26.6673 -20.3317 34
      vertex -26.6918 -20.1666 0
      vertex -26.6918 -20.1666 34
    endloop
  endfacet
  facet normal 0.989168 0.146788 0
    outer loop
      vertex -26.6918 -20.1666 0
      vertex -26.6673 -20.3317 34
      vertex -26.6673 -20.3317 0
    endloop
  endfacet
  facet normal -0.595772 0.803154 0
    outer loop
      vertex -23.9215 -21.3141 0
      vertex -24.0555 -21.4135 34
      vertex -23.9215 -21.3141 34
    endloop
  endfacet
  facet normal -0.595772 0.803154 0
    outer loop
      vertex -24.0555 -21.4135 34
      vertex -23.9215 -21.3141 0
      vertex -24.0555 -21.4135 0
    endloop
  endfacet
  facet normal 0.671478 0.741024 -0
    outer loop
      vertex -26.0785 -21.3141 0
      vertex -26.2021 -21.2021 34
      vertex -26.0785 -21.3141 34
    endloop
  endfacet
  facet normal 0.671478 0.741024 0
    outer loop
      vertex -26.2021 -21.2021 34
      vertex -26.0785 -21.3141 0
      vertex -26.2021 -21.2021 0
    endloop
  endfacet
  facet normal 0.803154 -0.595772 0
    outer loop
      vertex -26.4135 -19.0555 34
      vertex -26.3141 -18.9215 0
      vertex -26.3141 -18.9215 34
    endloop
  endfacet
  facet normal 0.803154 -0.595772 0
    outer loop
      vertex -26.3141 -18.9215 0
      vertex -26.4135 -19.0555 34
      vertex -26.4135 -19.0555 0
    endloop
  endfacet
  facet normal 0.857652 -0.514231 0
    outer loop
      vertex -26.4993 -19.1986 34
      vertex -26.4135 -19.0555 0
      vertex -26.4135 -19.0555 34
    endloop
  endfacet
  facet normal 0.857652 -0.514231 0
    outer loop
      vertex -26.4135 -19.0555 0
      vertex -26.4993 -19.1986 34
      vertex -26.4993 -19.1986 0
    endloop
  endfacet
  facet normal 0.0491602 0.998791 -0
    outer loop
      vertex -25 -21.7 0
      vertex -25.1666 -21.6918 34
      vertex -25 -21.7 34
    endloop
  endfacet
  facet normal 0.0491602 0.998791 0
    outer loop
      vertex -25.1666 -21.6918 34
      vertex -25 -21.7 0
      vertex -25.1666 -21.6918 0
    endloop
  endfacet
  facet normal 0.998791 -0.0491602 0
    outer loop
      vertex -26.7 -20 34
      vertex -26.6918 -19.8334 0
      vertex -26.6918 -19.8334 34
    endloop
  endfacet
  facet normal 0.998791 -0.0491602 0
    outer loop
      vertex -26.6918 -19.8334 0
      vertex -26.7 -20 34
      vertex -26.7 -20 0
    endloop
  endfacet
  facet normal -0.741024 0.671478 0
    outer loop
      vertex -23.7979 -21.2021 0
      vertex -23.6859 -21.0785 34
      vertex -23.6859 -21.0785 0
    endloop
  endfacet
  facet normal -0.741024 0.671478 0
    outer loop
      vertex -23.6859 -21.0785 34
      vertex -23.7979 -21.2021 0
      vertex -23.7979 -21.2021 34
    endloop
  endfacet
  facet normal -0.671478 0.741024 0
    outer loop
      vertex -23.7979 -21.2021 0
      vertex -23.9215 -21.3141 34
      vertex -23.7979 -21.2021 34
    endloop
  endfacet
  facet normal -0.671478 0.741024 0
    outer loop
      vertex -23.9215 -21.3141 34
      vertex -23.7979 -21.2021 0
      vertex -23.9215 -21.3141 0
    endloop
  endfacet
  facet normal 0.904043 -0.427442 0
    outer loop
      vertex -26.5706 20.6506 34
      vertex -26.4993 20.8014 0
      vertex -26.4993 20.8014 34
    endloop
  endfacet
  facet normal 0.904043 -0.427442 0
    outer loop
      vertex -26.4993 20.8014 0
      vertex -26.5706 20.6506 34
      vertex -26.5706 20.6506 0
    endloop
  endfacet
  facet normal -0.989168 -0.146788 0
    outer loop
      vertex -23.3082 20.1666 0
      vertex -23.3327 20.3317 34
      vertex -23.3327 20.3317 0
    endloop
  endfacet
  facet normal -0.989168 -0.146788 0
    outer loop
      vertex -23.3327 20.3317 34
      vertex -23.3082 20.1666 0
      vertex -23.3082 20.1666 34
    endloop
  endfacet
  facet normal -0.998791 -0.0491602 0
    outer loop
      vertex -23.3 20 0
      vertex -23.3082 20.1666 34
      vertex -23.3082 20.1666 0
    endloop
  endfacet
  facet normal -0.998791 -0.0491602 0
    outer loop
      vertex -23.3082 20.1666 34
      vertex -23.3 20 0
      vertex -23.3 20 34
    endloop
  endfacet
  facet normal -0.970072 -0.242818 0
    outer loop
      vertex -23.3327 20.3317 0
      vertex -23.3732 20.4935 34
      vertex -23.3732 20.4935 0
    endloop
  endfacet
  facet normal -0.970072 -0.242818 0
    outer loop
      vertex -23.3732 20.4935 34
      vertex -23.3327 20.3317 0
      vertex -23.3327 20.3317 34
    endloop
  endfacet
  facet normal -0.146788 -0.989168 0
    outer loop
      vertex -24.8334 21.6918 0
      vertex -24.6683 21.6673 34
      vertex -24.8334 21.6918 34
    endloop
  endfacet
  facet normal -0.146788 -0.989168 -0
    outer loop
      vertex -24.6683 21.6673 34
      vertex -24.8334 21.6918 0
      vertex -24.6683 21.6673 0
    endloop
  endfacet
  facet normal 0.146788 -0.989168 0
    outer loop
      vertex -25.3317 21.6673 0
      vertex -25.1666 21.6918 34
      vertex -25.3317 21.6673 34
    endloop
  endfacet
  facet normal 0.146788 -0.989168 0
    outer loop
      vertex -25.1666 21.6918 34
      vertex -25.3317 21.6673 0
      vertex -25.1666 21.6918 0
    endloop
  endfacet
  facet normal -0.803154 -0.595772 0
    outer loop
      vertex -23.5865 20.9445 0
      vertex -23.6859 21.0785 34
      vertex -23.6859 21.0785 0
    endloop
  endfacet
  facet normal -0.803154 -0.595772 0
    outer loop
      vertex -23.6859 21.0785 34
      vertex -23.5865 20.9445 0
      vertex -23.5865 20.9445 34
    endloop
  endfacet
  facet normal -0.514231 0.857652 0
    outer loop
      vertex -24.0555 18.5865 0
      vertex -24.1986 18.5007 34
      vertex -24.0555 18.5865 34
    endloop
  endfacet
  facet normal -0.514231 0.857652 0
    outer loop
      vertex -24.1986 18.5007 34
      vertex -24.0555 18.5865 0
      vertex -24.1986 18.5007 0
    endloop
  endfacet
  facet normal -0.595772 -0.803154 0
    outer loop
      vertex -24.0555 21.4135 0
      vertex -23.9215 21.3141 34
      vertex -24.0555 21.4135 34
    endloop
  endfacet
  facet normal -0.595772 -0.803154 -0
    outer loop
      vertex -23.9215 21.3141 34
      vertex -24.0555 21.4135 0
      vertex -23.9215 21.3141 0
    endloop
  endfacet
  facet normal -0.998791 0.0491602 0
    outer loop
      vertex -23.3082 19.8334 0
      vertex -23.3 20 34
      vertex -23.3 20 0
    endloop
  endfacet
  facet normal -0.998791 0.0491602 0
    outer loop
      vertex -23.3 20 34
      vertex -23.3082 19.8334 0
      vertex -23.3082 19.8334 34
    endloop
  endfacet
  facet normal 0.242818 -0.970072 0
    outer loop
      vertex -25.4935 21.6268 0
      vertex -25.3317 21.6673 34
      vertex -25.4935 21.6268 34
    endloop
  endfacet
  facet normal 0.242818 -0.970072 0
    outer loop
      vertex -25.3317 21.6673 34
      vertex -25.4935 21.6268 0
      vertex -25.3317 21.6673 0
    endloop
  endfacet
  facet normal 0.803154 -0.595772 0
    outer loop
      vertex -26.4135 20.9445 34
      vertex -26.3141 21.0785 0
      vertex -26.3141 21.0785 34
    endloop
  endfacet
  facet normal 0.803154 -0.595772 0
    outer loop
      vertex -26.3141 21.0785 0
      vertex -26.4135 20.9445 34
      vertex -26.4135 20.9445 0
    endloop
  endfacet
  facet normal 0.427442 0.904043 -0
    outer loop
      vertex -25.6506 18.4294 0
      vertex -25.8014 18.5007 34
      vertex -25.6506 18.4294 34
    endloop
  endfacet
  facet normal 0.427442 0.904043 0
    outer loop
      vertex -25.8014 18.5007 34
      vertex -25.6506 18.4294 0
      vertex -25.8014 18.5007 0
    endloop
  endfacet
  facet normal -0.427442 -0.904043 0
    outer loop
      vertex -24.3494 21.5706 0
      vertex -24.1986 21.4993 34
      vertex -24.3494 21.5706 34
    endloop
  endfacet
  facet normal -0.427442 -0.904043 -0
    outer loop
      vertex -24.1986 21.4993 34
      vertex -24.3494 21.5706 0
      vertex -24.1986 21.4993 0
    endloop
  endfacet
  facet normal 0.989168 0.146788 0
    outer loop
      vertex -26.6673 19.6683 34
      vertex -26.6918 19.8334 0
      vertex -26.6918 19.8334 34
    endloop
  endfacet
  facet normal 0.989168 0.146788 0
    outer loop
      vertex -26.6918 19.8334 0
      vertex -26.6673 19.6683 34
      vertex -26.6673 19.6683 0
    endloop
  endfacet
  facet normal -0.671478 0.741024 0
    outer loop
      vertex -23.7979 18.7979 0
      vertex -23.9215 18.6859 34
      vertex -23.7979 18.7979 34
    endloop
  endfacet
  facet normal -0.671478 0.741024 0
    outer loop
      vertex -23.9215 18.6859 34
      vertex -23.7979 18.7979 0
      vertex -23.9215 18.6859 0
    endloop
  endfacet
  facet normal 0.427442 -0.904043 0
    outer loop
      vertex -25.8014 21.4993 0
      vertex -25.6506 21.5706 34
      vertex -25.8014 21.4993 34
    endloop
  endfacet
  facet normal 0.427442 -0.904043 0
    outer loop
      vertex -25.6506 21.5706 34
      vertex -25.8014 21.4993 0
      vertex -25.6506 21.5706 0
    endloop
  endfacet
  facet normal -0.970072 0.242818 0
    outer loop
      vertex -23.3732 19.5065 0
      vertex -23.3327 19.6683 34
      vertex -23.3327 19.6683 0
    endloop
  endfacet
  facet normal -0.970072 0.242818 0
    outer loop
      vertex -23.3327 19.6683 34
      vertex -23.3732 19.5065 0
      vertex -23.3732 19.5065 34
    endloop
  endfacet
  facet normal -0.242818 0.970072 0
    outer loop
      vertex -24.5065 18.3732 0
      vertex -24.6683 18.3327 34
      vertex -24.5065 18.3732 34
    endloop
  endfacet
  facet normal -0.242818 0.970072 0
    outer loop
      vertex -24.6683 18.3327 34
      vertex -24.5065 18.3732 0
      vertex -24.6683 18.3327 0
    endloop
  endfacet
  facet normal 0.989168 -0.146788 0
    outer loop
      vertex -26.6918 20.1666 34
      vertex -26.6673 20.3317 0
      vertex -26.6673 20.3317 34
    endloop
  endfacet
  facet normal 0.989168 -0.146788 0
    outer loop
      vertex -26.6673 20.3317 0
      vertex -26.6918 20.1666 34
      vertex -26.6918 20.1666 0
    endloop
  endfacet
  facet normal 0.514231 0.857652 -0
    outer loop
      vertex -25.8014 18.5007 0
      vertex -25.9445 18.5865 34
      vertex -25.8014 18.5007 34
    endloop
  endfacet
  facet normal 0.514231 0.857652 0
    outer loop
      vertex -25.9445 18.5865 34
      vertex -25.8014 18.5007 0
      vertex -25.9445 18.5865 0
    endloop
  endfacet
  facet normal 0.970072 -0.242818 0
    outer loop
      vertex -26.6673 20.3317 34
      vertex -26.6268 20.4935 0
      vertex -26.6268 20.4935 34
    endloop
  endfacet
  facet normal 0.970072 -0.242818 0
    outer loop
      vertex -26.6268 20.4935 0
      vertex -26.6673 20.3317 34
      vertex -26.6673 20.3317 0
    endloop
  endfacet
  facet normal -0.803154 0.595772 0
    outer loop
      vertex -23.6859 18.9215 0
      vertex -23.5865 19.0555 34
      vertex -23.5865 19.0555 0
    endloop
  endfacet
  facet normal -0.803154 0.595772 0
    outer loop
      vertex -23.5865 19.0555 34
      vertex -23.6859 18.9215 0
      vertex -23.6859 18.9215 34
    endloop
  endfacet
  facet normal 0.595772 0.803154 -0
    outer loop
      vertex -25.9445 18.5865 0
      vertex -26.0785 18.6859 34
      vertex -25.9445 18.5865 34
    endloop
  endfacet
  facet normal 0.595772 0.803154 0
    outer loop
      vertex -26.0785 18.6859 34
      vertex -25.9445 18.5865 0
      vertex -26.0785 18.6859 0
    endloop
  endfacet
  facet normal 0.33683 0.941566 -0
    outer loop
      vertex -25.4935 18.3732 0
      vertex -25.6506 18.4294 34
      vertex -25.4935 18.3732 34
    endloop
  endfacet
  facet normal 0.33683 0.941566 0
    outer loop
      vertex -25.6506 18.4294 34
      vertex -25.4935 18.3732 0
      vertex -25.6506 18.4294 0
    endloop
  endfacet
  facet normal -0.33683 -0.941566 0
    outer loop
      vertex -24.5065 21.6268 0
      vertex -24.3494 21.5706 34
      vertex -24.5065 21.6268 34
    endloop
  endfacet
  facet normal -0.33683 -0.941566 -0
    outer loop
      vertex -24.3494 21.5706 34
      vertex -24.5065 21.6268 0
      vertex -24.3494 21.5706 0
    endloop
  endfacet
  facet normal 0.741024 0.671478 0
    outer loop
      vertex -26.2021 18.7979 34
      vertex -26.3141 18.9215 0
      vertex -26.3141 18.9215 34
    endloop
  endfacet
  facet normal 0.741024 0.671478 0
    outer loop
      vertex -26.3141 18.9215 0
      vertex -26.2021 18.7979 34
      vertex -26.2021 18.7979 0
    endloop
  endfacet
  facet normal -0.514231 -0.857652 0
    outer loop
      vertex -24.1986 21.4993 0
      vertex -24.0555 21.4135 34
      vertex -24.1986 21.4993 34
    endloop
  endfacet
  facet normal -0.514231 -0.857652 -0
    outer loop
      vertex -24.0555 21.4135 34
      vertex -24.1986 21.4993 0
      vertex -24.0555 21.4135 0
    endloop
  endfacet
  facet normal 0.33683 -0.941566 0
    outer loop
      vertex -25.6506 21.5706 0
      vertex -25.4935 21.6268 34
      vertex -25.6506 21.5706 34
    endloop
  endfacet
  facet normal 0.33683 -0.941566 0
    outer loop
      vertex -25.4935 21.6268 34
      vertex -25.6506 21.5706 0
      vertex -25.4935 21.6268 0
    endloop
  endfacet
  facet normal 0.904043 0.427442 0
    outer loop
      vertex -26.4993 19.1986 34
      vertex -26.5706 19.3494 0
      vertex -26.5706 19.3494 34
    endloop
  endfacet
  facet normal 0.904043 0.427442 0
    outer loop
      vertex -26.5706 19.3494 0
      vertex -26.4993 19.1986 34
      vertex -26.4993 19.1986 0
    endloop
  endfacet
  facet normal 0.941566 0.33683 0
    outer loop
      vertex -26.5706 19.3494 34
      vertex -26.6268 19.5065 0
      vertex -26.6268 19.5065 34
    endloop
  endfacet
  facet normal 0.941566 0.33683 0
    outer loop
      vertex -26.6268 19.5065 0
      vertex -26.5706 19.3494 34
      vertex -26.5706 19.3494 0
    endloop
  endfacet
  facet normal -0.904043 -0.427442 0
    outer loop
      vertex -23.4294 20.6506 0
      vertex -23.5007 20.8014 34
      vertex -23.5007 20.8014 0
    endloop
  endfacet
  facet normal -0.904043 -0.427442 0
    outer loop
      vertex -23.5007 20.8014 34
      vertex -23.4294 20.6506 0
      vertex -23.4294 20.6506 34
    endloop
  endfacet
  facet normal 0.970072 0.242818 0
    outer loop
      vertex -26.6268 19.5065 34
      vertex -26.6673 19.6683 0
      vertex -26.6673 19.6683 34
    endloop
  endfacet
  facet normal 0.970072 0.242818 0
    outer loop
      vertex -26.6673 19.6683 0
      vertex -26.6268 19.5065 34
      vertex -26.6268 19.5065 0
    endloop
  endfacet
  facet normal 0.595772 -0.803154 0
    outer loop
      vertex -26.0785 21.3141 0
      vertex -25.9445 21.4135 34
      vertex -26.0785 21.3141 34
    endloop
  endfacet
  facet normal 0.595772 -0.803154 0
    outer loop
      vertex -25.9445 21.4135 34
      vertex -26.0785 21.3141 0
      vertex -25.9445 21.4135 0
    endloop
  endfacet
  facet normal 0.146788 0.989168 -0
    outer loop
      vertex -25.1666 18.3082 0
      vertex -25.3317 18.3327 34
      vertex -25.1666 18.3082 34
    endloop
  endfacet
  facet normal 0.146788 0.989168 0
    outer loop
      vertex -25.3317 18.3327 34
      vertex -25.1666 18.3082 0
      vertex -25.3317 18.3327 0
    endloop
  endfacet
  facet normal -0.741024 0.671478 0
    outer loop
      vertex -23.7979 18.7979 0
      vertex -23.6859 18.9215 34
      vertex -23.6859 18.9215 0
    endloop
  endfacet
  facet normal -0.741024 0.671478 0
    outer loop
      vertex -23.6859 18.9215 34
      vertex -23.7979 18.7979 0
      vertex -23.7979 18.7979 34
    endloop
  endfacet
  facet normal -0.146788 0.989168 0
    outer loop
      vertex -24.6683 18.3327 0
      vertex -24.8334 18.3082 34
      vertex -24.6683 18.3327 34
    endloop
  endfacet
  facet normal -0.146788 0.989168 0
    outer loop
      vertex -24.8334 18.3082 34
      vertex -24.6683 18.3327 0
      vertex -24.8334 18.3082 0
    endloop
  endfacet
  facet normal 0.514231 -0.857652 0
    outer loop
      vertex -25.9445 21.4135 0
      vertex -25.8014 21.4993 34
      vertex -25.9445 21.4135 34
    endloop
  endfacet
  facet normal 0.514231 -0.857652 0
    outer loop
      vertex -25.8014 21.4993 34
      vertex -25.9445 21.4135 0
      vertex -25.8014 21.4993 0
    endloop
  endfacet
  facet normal -0.0491602 -0.998791 0
    outer loop
      vertex -25 21.7 0
      vertex -24.8334 21.6918 34
      vertex -25 21.7 34
    endloop
  endfacet
  facet normal -0.0491602 -0.998791 -0
    outer loop
      vertex -24.8334 21.6918 34
      vertex -25 21.7 0
      vertex -24.8334 21.6918 0
    endloop
  endfacet
  facet normal 0.857652 0.514231 0
    outer loop
      vertex -26.4135 19.0555 34
      vertex -26.4993 19.1986 0
      vertex -26.4993 19.1986 34
    endloop
  endfacet
  facet normal 0.857652 0.514231 0
    outer loop
      vertex -26.4993 19.1986 0
      vertex -26.4135 19.0555 34
      vertex -26.4135 19.0555 0
    endloop
  endfacet
  facet normal -0.941566 -0.33683 0
    outer loop
      vertex -23.3732 20.4935 0
      vertex -23.4294 20.6506 34
      vertex -23.4294 20.6506 0
    endloop
  endfacet
  facet normal -0.941566 -0.33683 0
    outer loop
      vertex -23.4294 20.6506 34
      vertex -23.3732 20.4935 0
      vertex -23.3732 20.4935 34
    endloop
  endfacet
  facet normal -0.242818 -0.970072 0
    outer loop
      vertex -24.6683 21.6673 0
      vertex -24.5065 21.6268 34
      vertex -24.6683 21.6673 34
    endloop
  endfacet
  facet normal -0.242818 -0.970072 -0
    outer loop
      vertex -24.5065 21.6268 34
      vertex -24.6683 21.6673 0
      vertex -24.5065 21.6268 0
    endloop
  endfacet
  facet normal 0.941566 -0.33683 0
    outer loop
      vertex -26.6268 20.4935 34
      vertex -26.5706 20.6506 0
      vertex -26.5706 20.6506 34
    endloop
  endfacet
  facet normal 0.941566 -0.33683 0
    outer loop
      vertex -26.5706 20.6506 0
      vertex -26.6268 20.4935 34
      vertex -26.6268 20.4935 0
    endloop
  endfacet
  facet normal -0.671478 -0.741024 0
    outer loop
      vertex -23.9215 21.3141 0
      vertex -23.7979 21.2021 34
      vertex -23.9215 21.3141 34
    endloop
  endfacet
  facet normal -0.671478 -0.741024 -0
    outer loop
      vertex -23.7979 21.2021 34
      vertex -23.9215 21.3141 0
      vertex -23.7979 21.2021 0
    endloop
  endfacet
  facet normal 0.0491602 -0.998791 0
    outer loop
      vertex -25.1666 21.6918 0
      vertex -25 21.7 34
      vertex -25.1666 21.6918 34
    endloop
  endfacet
  facet normal 0.0491602 -0.998791 0
    outer loop
      vertex -25 21.7 34
      vertex -25.1666 21.6918 0
      vertex -25 21.7 0
    endloop
  endfacet
  facet normal -0.427442 0.904043 0
    outer loop
      vertex -24.1986 18.5007 0
      vertex -24.3494 18.4294 34
      vertex -24.1986 18.5007 34
    endloop
  endfacet
  facet normal -0.427442 0.904043 0
    outer loop
      vertex -24.3494 18.4294 34
      vertex -24.1986 18.5007 0
      vertex -24.3494 18.4294 0
    endloop
  endfacet
  facet normal -0.989168 0.146788 0
    outer loop
      vertex -23.3327 19.6683 0
      vertex -23.3082 19.8334 34
      vertex -23.3082 19.8334 0
    endloop
  endfacet
  facet normal -0.989168 0.146788 0
    outer loop
      vertex -23.3082 19.8334 34
      vertex -23.3327 19.6683 0
      vertex -23.3327 19.6683 34
    endloop
  endfacet
  facet normal -0.857652 -0.514231 0
    outer loop
      vertex -23.5007 20.8014 0
      vertex -23.5865 20.9445 34
      vertex -23.5865 20.9445 0
    endloop
  endfacet
  facet normal -0.857652 -0.514231 0
    outer loop
      vertex -23.5865 20.9445 34
      vertex -23.5007 20.8014 0
      vertex -23.5007 20.8014 34
    endloop
  endfacet
  facet normal 0.0491602 0.998791 -0
    outer loop
      vertex -25 18.3 0
      vertex -25.1666 18.3082 34
      vertex -25 18.3 34
    endloop
  endfacet
  facet normal 0.0491602 0.998791 0
    outer loop
      vertex -25.1666 18.3082 34
      vertex -25 18.3 0
      vertex -25.1666 18.3082 0
    endloop
  endfacet
  facet normal 0.671478 -0.741024 0
    outer loop
      vertex -26.2021 21.2021 0
      vertex -26.0785 21.3141 34
      vertex -26.2021 21.2021 34
    endloop
  endfacet
  facet normal 0.671478 -0.741024 0
    outer loop
      vertex -26.0785 21.3141 34
      vertex -26.2021 21.2021 0
      vertex -26.0785 21.3141 0
    endloop
  endfacet
  facet normal 0.741024 -0.671478 0
    outer loop
      vertex -26.3141 21.0785 34
      vertex -26.2021 21.2021 0
      vertex -26.2021 21.2021 34
    endloop
  endfacet
  facet normal 0.741024 -0.671478 0
    outer loop
      vertex -26.2021 21.2021 0
      vertex -26.3141 21.0785 34
      vertex -26.3141 21.0785 0
    endloop
  endfacet
  facet normal -0.904043 0.427442 0
    outer loop
      vertex -23.5007 19.1986 0
      vertex -23.4294 19.3494 34
      vertex -23.4294 19.3494 0
    endloop
  endfacet
  facet normal -0.904043 0.427442 0
    outer loop
      vertex -23.4294 19.3494 34
      vertex -23.5007 19.1986 0
      vertex -23.5007 19.1986 34
    endloop
  endfacet
  facet normal -0.0491602 0.998791 0
    outer loop
      vertex -24.8334 18.3082 0
      vertex -25 18.3 34
      vertex -24.8334 18.3082 34
    endloop
  endfacet
  facet normal -0.0491602 0.998791 0
    outer loop
      vertex -25 18.3 34
      vertex -24.8334 18.3082 0
      vertex -25 18.3 0
    endloop
  endfacet
  facet normal 0.671478 0.741024 -0
    outer loop
      vertex -26.0785 18.6859 0
      vertex -26.2021 18.7979 34
      vertex -26.0785 18.6859 34
    endloop
  endfacet
  facet normal 0.671478 0.741024 0
    outer loop
      vertex -26.2021 18.7979 34
      vertex -26.0785 18.6859 0
      vertex -26.2021 18.7979 0
    endloop
  endfacet
  facet normal -0.941566 0.33683 0
    outer loop
      vertex -23.4294 19.3494 0
      vertex -23.3732 19.5065 34
      vertex -23.3732 19.5065 0
    endloop
  endfacet
  facet normal -0.941566 0.33683 0
    outer loop
      vertex -23.3732 19.5065 34
      vertex -23.4294 19.3494 0
      vertex -23.4294 19.3494 34
    endloop
  endfacet
  facet normal -0.741024 -0.671478 0
    outer loop
      vertex -23.6859 21.0785 0
      vertex -23.7979 21.2021 34
      vertex -23.7979 21.2021 0
    endloop
  endfacet
  facet normal -0.741024 -0.671478 0
    outer loop
      vertex -23.7979 21.2021 34
      vertex -23.6859 21.0785 0
      vertex -23.6859 21.0785 34
    endloop
  endfacet
  facet normal 0.242818 0.970072 -0
    outer loop
      vertex -25.3317 18.3327 0
      vertex -25.4935 18.3732 34
      vertex -25.3317 18.3327 34
    endloop
  endfacet
  facet normal 0.242818 0.970072 0
    outer loop
      vertex -25.4935 18.3732 34
      vertex -25.3317 18.3327 0
      vertex -25.4935 18.3732 0
    endloop
  endfacet
  facet normal -0.595772 0.803154 0
    outer loop
      vertex -23.9215 18.6859 0
      vertex -24.0555 18.5865 34
      vertex -23.9215 18.6859 34
    endloop
  endfacet
  facet normal -0.595772 0.803154 0
    outer loop
      vertex -24.0555 18.5865 34
      vertex -23.9215 18.6859 0
      vertex -24.0555 18.5865 0
    endloop
  endfacet
  facet normal -0.857652 0.514231 0
    outer loop
      vertex -23.5865 19.0555 0
      vertex -23.5007 19.1986 34
      vertex -23.5007 19.1986 0
    endloop
  endfacet
  facet normal -0.857652 0.514231 0
    outer loop
      vertex -23.5007 19.1986 34
      vertex -23.5865 19.0555 0
      vertex -23.5865 19.0555 34
    endloop
  endfacet
  facet normal 0.803154 0.595772 0
    outer loop
      vertex -26.3141 18.9215 34
      vertex -26.4135 19.0555 0
      vertex -26.4135 19.0555 34
    endloop
  endfacet
  facet normal 0.803154 0.595772 0
    outer loop
      vertex -26.4135 19.0555 0
      vertex -26.3141 18.9215 34
      vertex -26.3141 18.9215 0
    endloop
  endfacet
  facet normal 0.857652 -0.514231 0
    outer loop
      vertex -26.4993 20.8014 34
      vertex -26.4135 20.9445 0
      vertex -26.4135 20.9445 34
    endloop
  endfacet
  facet normal 0.857652 -0.514231 0
    outer loop
      vertex -26.4135 20.9445 0
      vertex -26.4993 20.8014 34
      vertex -26.4993 20.8014 0
    endloop
  endfacet
  facet normal -0.33683 0.941566 0
    outer loop
      vertex -24.3494 18.4294 0
      vertex -24.5065 18.3732 34
      vertex -24.3494 18.4294 34
    endloop
  endfacet
  facet normal -0.33683 0.941566 0
    outer loop
      vertex -24.5065 18.3732 34
      vertex -24.3494 18.4294 0
      vertex -24.5065 18.3732 0
    endloop
  endfacet
  facet normal 0.998791 -0.0491602 0
    outer loop
      vertex -26.7 20 34
      vertex -26.6918 20.1666 0
      vertex -26.6918 20.1666 34
    endloop
  endfacet
  facet normal 0.998791 -0.0491602 0
    outer loop
      vertex -26.6918 20.1666 0
      vertex -26.7 20 34
      vertex -26.7 20 0
    endloop
  endfacet
  facet normal 0.998791 0.0491602 0
    outer loop
      vertex -26.6918 19.8334 34
      vertex -26.7 20 0
      vertex -26.7 20 34
    endloop
  endfacet
  facet normal 0.998791 0.0491602 0
    outer loop
      vertex -26.7 20 0
      vertex -26.6918 19.8334 34
      vertex -26.6918 19.8334 0
    endloop
  endfacet
  facet normal -0.989168 -0.146788 0
    outer loop
      vertex 26.6918 -19.8334 0
      vertex 26.6673 -19.6683 34
      vertex 26.6673 -19.6683 0
    endloop
  endfacet
  facet normal -0.989168 -0.146788 0
    outer loop
      vertex 26.6673 -19.6683 34
      vertex 26.6918 -19.8334 0
      vertex 26.6918 -19.8334 34
    endloop
  endfacet
  facet normal -0.998791 -0.0491602 0
    outer loop
      vertex 26.7 -20 0
      vertex 26.6918 -19.8334 34
      vertex 26.6918 -19.8334 0
    endloop
  endfacet
  facet normal -0.998791 -0.0491602 0
    outer loop
      vertex 26.6918 -19.8334 34
      vertex 26.7 -20 0
      vertex 26.7 -20 34
    endloop
  endfacet
  facet normal -0.970072 -0.242818 0
    outer loop
      vertex 26.6673 -19.6683 0
      vertex 26.6268 -19.5065 34
      vertex 26.6268 -19.5065 0
    endloop
  endfacet
  facet normal -0.970072 -0.242818 0
    outer loop
      vertex 26.6268 -19.5065 34
      vertex 26.6673 -19.6683 0
      vertex 26.6673 -19.6683 34
    endloop
  endfacet
  facet normal -0.427442 0.904043 0
    outer loop
      vertex 25.8014 -21.4993 0
      vertex 25.6506 -21.5706 34
      vertex 25.8014 -21.4993 34
    endloop
  endfacet
  facet normal -0.427442 0.904043 0
    outer loop
      vertex 25.6506 -21.5706 34
      vertex 25.8014 -21.4993 0
      vertex 25.6506 -21.5706 0
    endloop
  endfacet
  facet normal 0.0491602 -0.998791 0
    outer loop
      vertex 24.8334 -18.3082 0
      vertex 25 -18.3 34
      vertex 24.8334 -18.3082 34
    endloop
  endfacet
  facet normal 0.0491602 -0.998791 0
    outer loop
      vertex 25 -18.3 34
      vertex 24.8334 -18.3082 0
      vertex 25 -18.3 0
    endloop
  endfacet
  facet normal 0.427442 -0.904043 0
    outer loop
      vertex 24.1986 -18.5007 0
      vertex 24.3494 -18.4294 34
      vertex 24.1986 -18.5007 34
    endloop
  endfacet
  facet normal 0.427442 -0.904043 0
    outer loop
      vertex 24.3494 -18.4294 34
      vertex 24.1986 -18.5007 0
      vertex 24.3494 -18.4294 0
    endloop
  endfacet
  facet normal -0.741024 -0.671478 0
    outer loop
      vertex 26.3141 -18.9215 0
      vertex 26.2021 -18.7979 34
      vertex 26.2021 -18.7979 0
    endloop
  endfacet
  facet normal -0.741024 -0.671478 0
    outer loop
      vertex 26.2021 -18.7979 34
      vertex 26.3141 -18.9215 0
      vertex 26.3141 -18.9215 34
    endloop
  endfacet
  facet normal 0.146788 0.989168 -0
    outer loop
      vertex 24.8334 -21.6918 0
      vertex 24.6683 -21.6673 34
      vertex 24.8334 -21.6918 34
    endloop
  endfacet
  facet normal 0.146788 0.989168 0
    outer loop
      vertex 24.6683 -21.6673 34
      vertex 24.8334 -21.6918 0
      vertex 24.6683 -21.6673 0
    endloop
  endfacet
  facet normal -0.427442 -0.904043 0
    outer loop
      vertex 25.6506 -18.4294 0
      vertex 25.8014 -18.5007 34
      vertex 25.6506 -18.4294 34
    endloop
  endfacet
  facet normal -0.427442 -0.904043 -0
    outer loop
      vertex 25.8014 -18.5007 34
      vertex 25.6506 -18.4294 0
      vertex 25.8014 -18.5007 0
    endloop
  endfacet
  facet normal 0.146788 -0.989168 0
    outer loop
      vertex 24.6683 -18.3327 0
      vertex 24.8334 -18.3082 34
      vertex 24.6683 -18.3327 34
    endloop
  endfacet
  facet normal 0.146788 -0.989168 0
    outer loop
      vertex 24.8334 -18.3082 34
      vertex 24.6683 -18.3327 0
      vertex 24.8334 -18.3082 0
    endloop
  endfacet
  facet normal -0.242818 0.970072 0
    outer loop
      vertex 25.4935 -21.6268 0
      vertex 25.3317 -21.6673 34
      vertex 25.4935 -21.6268 34
    endloop
  endfacet
  facet normal -0.242818 0.970072 0
    outer loop
      vertex 25.3317 -21.6673 34
      vertex 25.4935 -21.6268 0
      vertex 25.3317 -21.6673 0
    endloop
  endfacet
  facet normal 0.595772 -0.803154 0
    outer loop
      vertex 23.9215 -18.6859 0
      vertex 24.0555 -18.5865 34
      vertex 23.9215 -18.6859 34
    endloop
  endfacet
  facet normal 0.595772 -0.803154 0
    outer loop
      vertex 24.0555 -18.5865 34
      vertex 23.9215 -18.6859 0
      vertex 24.0555 -18.5865 0
    endloop
  endfacet
  facet normal 0.904043 -0.427442 0
    outer loop
      vertex 23.4294 -19.3494 34
      vertex 23.5007 -19.1986 0
      vertex 23.5007 -19.1986 34
    endloop
  endfacet
  facet normal 0.904043 -0.427442 0
    outer loop
      vertex 23.5007 -19.1986 0
      vertex 23.4294 -19.3494 34
      vertex 23.4294 -19.3494 0
    endloop
  endfacet
  facet normal 0.427442 0.904043 -0
    outer loop
      vertex 24.3494 -21.5706 0
      vertex 24.1986 -21.4993 34
      vertex 24.3494 -21.5706 34
    endloop
  endfacet
  facet normal 0.427442 0.904043 0
    outer loop
      vertex 24.1986 -21.4993 34
      vertex 24.3494 -21.5706 0
      vertex 24.1986 -21.4993 0
    endloop
  endfacet
  facet normal 0.595772 0.803154 -0
    outer loop
      vertex 24.0555 -21.4135 0
      vertex 23.9215 -21.3141 34
      vertex 24.0555 -21.4135 34
    endloop
  endfacet
  facet normal 0.595772 0.803154 0
    outer loop
      vertex 23.9215 -21.3141 34
      vertex 24.0555 -21.4135 0
      vertex 23.9215 -21.3141 0
    endloop
  endfacet
  facet normal 0.904043 0.427442 0
    outer loop
      vertex 23.5007 -20.8014 34
      vertex 23.4294 -20.6506 0
      vertex 23.4294 -20.6506 34
    endloop
  endfacet
  facet normal 0.904043 0.427442 0
    outer loop
      vertex 23.4294 -20.6506 0
      vertex 23.5007 -20.8014 34
      vertex 23.5007 -20.8014 0
    endloop
  endfacet
  facet normal -0.514231 -0.857652 0
    outer loop
      vertex 25.8014 -18.5007 0
      vertex 25.9445 -18.5865 34
      vertex 25.8014 -18.5007 34
    endloop
  endfacet
  facet normal -0.514231 -0.857652 -0
    outer loop
      vertex 25.9445 -18.5865 34
      vertex 25.8014 -18.5007 0
      vertex 25.9445 -18.5865 0
    endloop
  endfacet
  facet normal 0.998791 0.0491602 0
    outer loop
      vertex 23.3082 -20.1666 34
      vertex 23.3 -20 0
      vertex 23.3 -20 34
    endloop
  endfacet
  facet normal 0.998791 0.0491602 0
    outer loop
      vertex 23.3 -20 0
      vertex 23.3082 -20.1666 34
      vertex 23.3082 -20.1666 0
    endloop
  endfacet
  facet normal -0.595772 -0.803154 0
    outer loop
      vertex 25.9445 -18.5865 0
      vertex 26.0785 -18.6859 34
      vertex 25.9445 -18.5865 34
    endloop
  endfacet
  facet normal -0.595772 -0.803154 -0
    outer loop
      vertex 26.0785 -18.6859 34
      vertex 25.9445 -18.5865 0
      vertex 26.0785 -18.6859 0
    endloop
  endfacet
  facet normal -0.970072 0.242818 0
    outer loop
      vertex 26.6268 -20.4935 0
      vertex 26.6673 -20.3317 34
      vertex 26.6673 -20.3317 0
    endloop
  endfacet
  facet normal -0.970072 0.242818 0
    outer loop
      vertex 26.6673 -20.3317 34
      vertex 26.6268 -20.4935 0
      vertex 26.6268 -20.4935 34
    endloop
  endfacet
  facet normal 0.514231 -0.857652 0
    outer loop
      vertex 24.0555 -18.5865 0
      vertex 24.1986 -18.5007 34
      vertex 24.0555 -18.5865 34
    endloop
  endfacet
  facet normal 0.514231 -0.857652 0
    outer loop
      vertex 24.1986 -18.5007 34
      vertex 24.0555 -18.5865 0
      vertex 24.1986 -18.5007 0
    endloop
  endfacet
  facet normal 0.941566 0.33683 0
    outer loop
      vertex 23.4294 -20.6506 34
      vertex 23.3732 -20.4935 0
      vertex 23.3732 -20.4935 34
    endloop
  endfacet
  facet normal 0.941566 0.33683 0
    outer loop
      vertex 23.3732 -20.4935 0
      vertex 23.4294 -20.6506 34
      vertex 23.4294 -20.6506 0
    endloop
  endfacet
  facet normal -0.242818 -0.970072 0
    outer loop
      vertex 25.3317 -18.3327 0
      vertex 25.4935 -18.3732 34
      vertex 25.3317 -18.3327 34
    endloop
  endfacet
  facet normal -0.242818 -0.970072 -0
    outer loop
      vertex 25.4935 -18.3732 34
      vertex 25.3317 -18.3327 0
      vertex 25.4935 -18.3732 0
    endloop
  endfacet
  facet normal 0.741024 -0.671478 0
    outer loop
      vertex 23.6859 -18.9215 34
      vertex 23.7979 -18.7979 0
      vertex 23.7979 -18.7979 34
    endloop
  endfacet
  facet normal 0.741024 -0.671478 0
    outer loop
      vertex 23.7979 -18.7979 0
      vertex 23.6859 -18.9215 34
      vertex 23.6859 -18.9215 0
    endloop
  endfacet
  facet normal -0.0491602 0.998791 0
    outer loop
      vertex 25.1666 -21.6918 0
      vertex 25 -21.7 34
      vertex 25.1666 -21.6918 34
    endloop
  endfacet
  facet normal -0.0491602 0.998791 0
    outer loop
      vertex 25 -21.7 34
      vertex 25.1666 -21.6918 0
      vertex 25 -21.7 0
    endloop
  endfacet
  facet normal -0.803154 -0.595772 0
    outer loop
      vertex 26.4135 -19.0555 0
      vertex 26.3141 -18.9215 34
      vertex 26.3141 -18.9215 0
    endloop
  endfacet
  facet normal -0.803154 -0.595772 0
    outer loop
      vertex 26.3141 -18.9215 34
      vertex 26.4135 -19.0555 0
      vertex 26.4135 -19.0555 34
    endloop
  endfacet
  facet normal 0.970072 0.242818 0
    outer loop
      vertex 23.3732 -20.4935 34
      vertex 23.3327 -20.3317 0
      vertex 23.3327 -20.3317 34
    endloop
  endfacet
  facet normal 0.970072 0.242818 0
    outer loop
      vertex 23.3327 -20.3317 0
      vertex 23.3732 -20.4935 34
      vertex 23.3732 -20.4935 0
    endloop
  endfacet
  facet normal -0.989168 0.146788 0
    outer loop
      vertex 26.6673 -20.3317 0
      vertex 26.6918 -20.1666 34
      vertex 26.6918 -20.1666 0
    endloop
  endfacet
  facet normal -0.989168 0.146788 0
    outer loop
      vertex 26.6918 -20.1666 34
      vertex 26.6673 -20.3317 0
      vertex 26.6673 -20.3317 34
    endloop
  endfacet
  facet normal -0.514231 0.857652 0
    outer loop
      vertex 25.9445 -21.4135 0
      vertex 25.8014 -21.4993 34
      vertex 25.9445 -21.4135 34
    endloop
  endfacet
  facet normal -0.514231 0.857652 0
    outer loop
      vertex 25.8014 -21.4993 34
      vertex 25.9445 -21.4135 0
      vertex 25.8014 -21.4993 0
    endloop
  endfacet
  facet normal 0.941566 -0.33683 0
    outer loop
      vertex 23.3732 -19.5065 34
      vertex 23.4294 -19.3494 0
      vertex 23.4294 -19.3494 34
    endloop
  endfacet
  facet normal 0.941566 -0.33683 0
    outer loop
      vertex 23.4294 -19.3494 0
      vertex 23.3732 -19.5065 34
      vertex 23.3732 -19.5065 0
    endloop
  endfacet
  facet normal -0.671478 -0.741024 0
    outer loop
      vertex 26.0785 -18.6859 0
      vertex 26.2021 -18.7979 34
      vertex 26.0785 -18.6859 34
    endloop
  endfacet
  facet normal -0.671478 -0.741024 -0
    outer loop
      vertex 26.2021 -18.7979 34
      vertex 26.0785 -18.6859 0
      vertex 26.2021 -18.7979 0
    endloop
  endfacet
  facet normal 0.989168 -0.146788 0
    outer loop
      vertex 23.3082 -19.8334 34
      vertex 23.3327 -19.6683 0
      vertex 23.3327 -19.6683 34
    endloop
  endfacet
  facet normal 0.989168 -0.146788 0
    outer loop
      vertex 23.3327 -19.6683 0
      vertex 23.3082 -19.8334 34
      vertex 23.3082 -19.8334 0
    endloop
  endfacet
  facet normal -0.904043 0.427442 0
    outer loop
      vertex 26.4993 -20.8014 0
      vertex 26.5706 -20.6506 34
      vertex 26.5706 -20.6506 0
    endloop
  endfacet
  facet normal -0.904043 0.427442 0
    outer loop
      vertex 26.5706 -20.6506 34
      vertex 26.4993 -20.8014 0
      vertex 26.4993 -20.8014 34
    endloop
  endfacet
  facet normal -0.33683 -0.941566 0
    outer loop
      vertex 25.4935 -18.3732 0
      vertex 25.6506 -18.4294 34
      vertex 25.4935 -18.3732 34
    endloop
  endfacet
  facet normal -0.33683 -0.941566 -0
    outer loop
      vertex 25.6506 -18.4294 34
      vertex 25.4935 -18.3732 0
      vertex 25.6506 -18.4294 0
    endloop
  endfacet
  facet normal -0.998791 0.0491602 0
    outer loop
      vertex 26.6918 -20.1666 0
      vertex 26.7 -20 34
      vertex 26.7 -20 0
    endloop
  endfacet
  facet normal -0.998791 0.0491602 0
    outer loop
      vertex 26.7 -20 34
      vertex 26.6918 -20.1666 0
      vertex 26.6918 -20.1666 34
    endloop
  endfacet
  facet normal -0.146788 0.989168 0
    outer loop
      vertex 25.3317 -21.6673 0
      vertex 25.1666 -21.6918 34
      vertex 25.3317 -21.6673 34
    endloop
  endfacet
  facet normal -0.146788 0.989168 0
    outer loop
      vertex 25.1666 -21.6918 34
      vertex 25.3317 -21.6673 0
      vertex 25.1666 -21.6918 0
    endloop
  endfacet
  facet normal -0.941566 -0.33683 0
    outer loop
      vertex 26.6268 -19.5065 0
      vertex 26.5706 -19.3494 34
      vertex 26.5706 -19.3494 0
    endloop
  endfacet
  facet normal -0.941566 -0.33683 0
    outer loop
      vertex 26.5706 -19.3494 34
      vertex 26.6268 -19.5065 0
      vertex 26.6268 -19.5065 34
    endloop
  endfacet
  facet normal -0.803154 0.595772 0
    outer loop
      vertex 26.3141 -21.0785 0
      vertex 26.4135 -20.9445 34
      vertex 26.4135 -20.9445 0
    endloop
  endfacet
  facet normal -0.803154 0.595772 0
    outer loop
      vertex 26.4135 -20.9445 34
      vertex 26.3141 -21.0785 0
      vertex 26.3141 -21.0785 34
    endloop
  endfacet
  facet normal -0.857652 0.514231 0
    outer loop
      vertex 26.4135 -20.9445 0
      vertex 26.4993 -20.8014 34
      vertex 26.4993 -20.8014 0
    endloop
  endfacet
  facet normal -0.857652 0.514231 0
    outer loop
      vertex 26.4993 -20.8014 34
      vertex 26.4135 -20.9445 0
      vertex 26.4135 -20.9445 34
    endloop
  endfacet
  facet normal 0.242818 -0.970072 0
    outer loop
      vertex 24.5065 -18.3732 0
      vertex 24.6683 -18.3327 34
      vertex 24.5065 -18.3732 34
    endloop
  endfacet
  facet normal 0.242818 -0.970072 0
    outer loop
      vertex 24.6683 -18.3327 34
      vertex 24.5065 -18.3732 0
      vertex 24.6683 -18.3327 0
    endloop
  endfacet
  facet normal -0.941566 0.33683 0
    outer loop
      vertex 26.5706 -20.6506 0
      vertex 26.6268 -20.4935 34
      vertex 26.6268 -20.4935 0
    endloop
  endfacet
  facet normal -0.941566 0.33683 0
    outer loop
      vertex 26.6268 -20.4935 34
      vertex 26.5706 -20.6506 0
      vertex 26.5706 -20.6506 34
    endloop
  endfacet
  facet normal -0.0491602 -0.998791 0
    outer loop
      vertex 25 -18.3 0
      vertex 25.1666 -18.3082 34
      vertex 25 -18.3 34
    endloop
  endfacet
  facet normal -0.0491602 -0.998791 -0
    outer loop
      vertex 25.1666 -18.3082 34
      vertex 25 -18.3 0
      vertex 25.1666 -18.3082 0
    endloop
  endfacet
  facet normal -0.904043 -0.427442 0
    outer loop
      vertex 26.5706 -19.3494 0
      vertex 26.4993 -19.1986 34
      vertex 26.4993 -19.1986 0
    endloop
  endfacet
  facet normal -0.904043 -0.427442 0
    outer loop
      vertex 26.4993 -19.1986 34
      vertex 26.5706 -19.3494 0
      vertex 26.5706 -19.3494 34
    endloop
  endfacet
  facet normal -0.146788 -0.989168 0
    outer loop
      vertex 25.1666 -18.3082 0
      vertex 25.3317 -18.3327 34
      vertex 25.1666 -18.3082 34
    endloop
  endfacet
  facet normal -0.146788 -0.989168 -0
    outer loop
      vertex 25.3317 -18.3327 34
      vertex 25.1666 -18.3082 0
      vertex 25.3317 -18.3327 0
    endloop
  endfacet
  facet normal 0.242818 0.970072 -0
    outer loop
      vertex 24.6683 -21.6673 0
      vertex 24.5065 -21.6268 34
      vertex 24.6683 -21.6673 34
    endloop
  endfacet
  facet normal 0.242818 0.970072 0
    outer loop
      vertex 24.5065 -21.6268 34
      vertex 24.6683 -21.6673 0
      vertex 24.5065 -21.6268 0
    endloop
  endfacet
  facet normal 0.857652 0.514231 0
    outer loop
      vertex 23.5865 -20.9445 34
      vertex 23.5007 -20.8014 0
      vertex 23.5007 -20.8014 34
    endloop
  endfacet
  facet normal 0.857652 0.514231 0
    outer loop
      vertex 23.5007 -20.8014 0
      vertex 23.5865 -20.9445 34
      vertex 23.5865 -20.9445 0
    endloop
  endfacet
  facet normal -0.857652 -0.514231 0
    outer loop
      vertex 26.4993 -19.1986 0
      vertex 26.4135 -19.0555 34
      vertex 26.4135 -19.0555 0
    endloop
  endfacet
  facet normal -0.857652 -0.514231 0
    outer loop
      vertex 26.4135 -19.0555 34
      vertex 26.4993 -19.1986 0
      vertex 26.4993 -19.1986 34
    endloop
  endfacet
  facet normal 0.33683 -0.941566 0
    outer loop
      vertex 24.3494 -18.4294 0
      vertex 24.5065 -18.3732 34
      vertex 24.3494 -18.4294 34
    endloop
  endfacet
  facet normal 0.33683 -0.941566 0
    outer loop
      vertex 24.5065 -18.3732 34
      vertex 24.3494 -18.4294 0
      vertex 24.5065 -18.3732 0
    endloop
  endfacet
  facet normal 0.741024 0.671478 0
    outer loop
      vertex 23.7979 -21.2021 34
      vertex 23.6859 -21.0785 0
      vertex 23.6859 -21.0785 34
    endloop
  endfacet
  facet normal 0.741024 0.671478 0
    outer loop
      vertex 23.6859 -21.0785 0
      vertex 23.7979 -21.2021 34
      vertex 23.7979 -21.2021 0
    endloop
  endfacet
  facet normal 0.671478 -0.741024 0
    outer loop
      vertex 23.7979 -18.7979 0
      vertex 23.9215 -18.6859 34
      vertex 23.7979 -18.7979 34
    endloop
  endfacet
  facet normal 0.671478 -0.741024 0
    outer loop
      vertex 23.9215 -18.6859 34
      vertex 23.7979 -18.7979 0
      vertex 23.9215 -18.6859 0
    endloop
  endfacet
  facet normal 0.514231 0.857652 -0
    outer loop
      vertex 24.1986 -21.4993 0
      vertex 24.0555 -21.4135 34
      vertex 24.1986 -21.4993 34
    endloop
  endfacet
  facet normal 0.514231 0.857652 0
    outer loop
      vertex 24.0555 -21.4135 34
      vertex 24.1986 -21.4993 0
      vertex 24.0555 -21.4135 0
    endloop
  endfacet
  facet normal 0.970072 -0.242818 0
    outer loop
      vertex 23.3327 -19.6683 34
      vertex 23.3732 -19.5065 0
      vertex 23.3732 -19.5065 34
    endloop
  endfacet
  facet normal 0.970072 -0.242818 0
    outer loop
      vertex 23.3732 -19.5065 0
      vertex 23.3327 -19.6683 34
      vertex 23.3327 -19.6683 0
    endloop
  endfacet
  facet normal -0.33683 0.941566 0
    outer loop
      vertex 25.6506 -21.5706 0
      vertex 25.4935 -21.6268 34
      vertex 25.6506 -21.5706 34
    endloop
  endfacet
  facet normal -0.33683 0.941566 0
    outer loop
      vertex 25.4935 -21.6268 34
      vertex 25.6506 -21.5706 0
      vertex 25.4935 -21.6268 0
    endloop
  endfacet
  facet normal 0.803154 0.595772 0
    outer loop
      vertex 23.6859 -21.0785 34
      vertex 23.5865 -20.9445 0
      vertex 23.5865 -20.9445 34
    endloop
  endfacet
  facet normal 0.803154 0.595772 0
    outer loop
      vertex 23.5865 -20.9445 0
      vertex 23.6859 -21.0785 34
      vertex 23.6859 -21.0785 0
    endloop
  endfacet
  facet normal 0.989168 0.146788 0
    outer loop
      vertex 23.3327 -20.3317 34
      vertex 23.3082 -20.1666 0
      vertex 23.3082 -20.1666 34
    endloop
  endfacet
  facet normal 0.989168 0.146788 0
    outer loop
      vertex 23.3082 -20.1666 0
      vertex 23.3327 -20.3317 34
      vertex 23.3327 -20.3317 0
    endloop
  endfacet
  facet normal -0.595772 0.803154 0
    outer loop
      vertex 26.0785 -21.3141 0
      vertex 25.9445 -21.4135 34
      vertex 26.0785 -21.3141 34
    endloop
  endfacet
  facet normal -0.595772 0.803154 0
    outer loop
      vertex 25.9445 -21.4135 34
      vertex 26.0785 -21.3141 0
      vertex 25.9445 -21.4135 0
    endloop
  endfacet
  facet normal 0.671478 0.741024 -0
    outer loop
      vertex 23.9215 -21.3141 0
      vertex 23.7979 -21.2021 34
      vertex 23.9215 -21.3141 34
    endloop
  endfacet
  facet normal 0.671478 0.741024 0
    outer loop
      vertex 23.7979 -21.2021 34
      vertex 23.9215 -21.3141 0
      vertex 23.7979 -21.2021 0
    endloop
  endfacet
  facet normal 0.803154 -0.595772 0
    outer loop
      vertex 23.5865 -19.0555 34
      vertex 23.6859 -18.9215 0
      vertex 23.6859 -18.9215 34
    endloop
  endfacet
  facet normal 0.803154 -0.595772 0
    outer loop
      vertex 23.6859 -18.9215 0
      vertex 23.5865 -19.0555 34
      vertex 23.5865 -19.0555 0
    endloop
  endfacet
  facet normal 0.857652 -0.514231 0
    outer loop
      vertex 23.5007 -19.1986 34
      vertex 23.5865 -19.0555 0
      vertex 23.5865 -19.0555 34
    endloop
  endfacet
  facet normal 0.857652 -0.514231 0
    outer loop
      vertex 23.5865 -19.0555 0
      vertex 23.5007 -19.1986 34
      vertex 23.5007 -19.1986 0
    endloop
  endfacet
  facet normal 0.0491602 0.998791 -0
    outer loop
      vertex 25 -21.7 0
      vertex 24.8334 -21.6918 34
      vertex 25 -21.7 34
    endloop
  endfacet
  facet normal 0.0491602 0.998791 0
    outer loop
      vertex 24.8334 -21.6918 34
      vertex 25 -21.7 0
      vertex 24.8334 -21.6918 0
    endloop
  endfacet
  facet normal 0.998791 -0.0491602 0
    outer loop
      vertex 23.3 -20 34
      vertex 23.3082 -19.8334 0
      vertex 23.3082 -19.8334 34
    endloop
  endfacet
  facet normal 0.998791 -0.0491602 0
    outer loop
      vertex 23.3082 -19.8334 0
      vertex 23.3 -20 34
      vertex 23.3 -20 0
    endloop
  endfacet
  facet normal 0.33683 0.941566 -0
    outer loop
      vertex 24.5065 -21.6268 0
      vertex 24.3494 -21.5706 34
      vertex 24.5065 -21.6268 34
    endloop
  endfacet
  facet normal 0.33683 0.941566 0
    outer loop
      vertex 24.3494 -21.5706 34
      vertex 24.5065 -21.6268 0
      vertex 24.3494 -21.5706 0
    endloop
  endfacet
  facet normal -0.741024 0.671478 0
    outer loop
      vertex 26.2021 -21.2021 0
      vertex 26.3141 -21.0785 34
      vertex 26.3141 -21.0785 0
    endloop
  endfacet
  facet normal -0.741024 0.671478 0
    outer loop
      vertex 26.3141 -21.0785 34
      vertex 26.2021 -21.2021 0
      vertex 26.2021 -21.2021 34
    endloop
  endfacet
  facet normal -0.671478 0.741024 0
    outer loop
      vertex 26.2021 -21.2021 0
      vertex 26.0785 -21.3141 34
      vertex 26.2021 -21.2021 34
    endloop
  endfacet
  facet normal -0.671478 0.741024 0
    outer loop
      vertex 26.0785 -21.3141 34
      vertex 26.2021 -21.2021 0
      vertex 26.0785 -21.3141 0
    endloop
  endfacet
  facet normal 0.904043 -0.427442 0
    outer loop
      vertex 23.4294 20.6506 34
      vertex 23.5007 20.8014 0
      vertex 23.5007 20.8014 34
    endloop
  endfacet
  facet normal 0.904043 -0.427442 0
    outer loop
      vertex 23.5007 20.8014 0
      vertex 23.4294 20.6506 34
      vertex 23.4294 20.6506 0
    endloop
  endfacet
  facet normal -0.989168 -0.146788 0
    outer loop
      vertex 26.6918 20.1666 0
      vertex 26.6673 20.3317 34
      vertex 26.6673 20.3317 0
    endloop
  endfacet
  facet normal -0.989168 -0.146788 0
    outer loop
      vertex 26.6673 20.3317 34
      vertex 26.6918 20.1666 0
      vertex 26.6918 20.1666 34
    endloop
  endfacet
  facet normal -0.998791 -0.0491602 0
    outer loop
      vertex 26.7 20 0
      vertex 26.6918 20.1666 34
      vertex 26.6918 20.1666 0
    endloop
  endfacet
  facet normal -0.998791 -0.0491602 0
    outer loop
      vertex 26.6918 20.1666 34
      vertex 26.7 20 0
      vertex 26.7 20 34
    endloop
  endfacet
  facet normal -0.970072 -0.242818 0
    outer loop
      vertex 26.6673 20.3317 0
      vertex 26.6268 20.4935 34
      vertex 26.6268 20.4935 0
    endloop
  endfacet
  facet normal -0.970072 -0.242818 0
    outer loop
      vertex 26.6268 20.4935 34
      vertex 26.6673 20.3317 0
      vertex 26.6673 20.3317 34
    endloop
  endfacet
  facet normal -0.146788 -0.989168 0
    outer loop
      vertex 25.1666 21.6918 0
      vertex 25.3317 21.6673 34
      vertex 25.1666 21.6918 34
    endloop
  endfacet
  facet normal -0.146788 -0.989168 -0
    outer loop
      vertex 25.3317 21.6673 34
      vertex 25.1666 21.6918 0
      vertex 25.3317 21.6673 0
    endloop
  endfacet
  facet normal 0.146788 -0.989168 0
    outer loop
      vertex 24.6683 21.6673 0
      vertex 24.8334 21.6918 34
      vertex 24.6683 21.6673 34
    endloop
  endfacet
  facet normal 0.146788 -0.989168 0
    outer loop
      vertex 24.8334 21.6918 34
      vertex 24.6683 21.6673 0
      vertex 24.8334 21.6918 0
    endloop
  endfacet
  facet normal -0.803154 -0.595772 0
    outer loop
      vertex 26.4135 20.9445 0
      vertex 26.3141 21.0785 34
      vertex 26.3141 21.0785 0
    endloop
  endfacet
  facet normal -0.803154 -0.595772 0
    outer loop
      vertex 26.3141 21.0785 34
      vertex 26.4135 20.9445 0
      vertex 26.4135 20.9445 34
    endloop
  endfacet
  facet normal -0.514231 0.857652 0
    outer loop
      vertex 25.9445 18.5865 0
      vertex 25.8014 18.5007 34
      vertex 25.9445 18.5865 34
    endloop
  endfacet
  facet normal -0.514231 0.857652 0
    outer loop
      vertex 25.8014 18.5007 34
      vertex 25.9445 18.5865 0
      vertex 25.8014 18.5007 0
    endloop
  endfacet
  facet normal -0.595772 -0.803154 0
    outer loop
      vertex 25.9445 21.4135 0
      vertex 26.0785 21.3141 34
      vertex 25.9445 21.4135 34
    endloop
  endfacet
  facet normal -0.595772 -0.803154 -0
    outer loop
      vertex 26.0785 21.3141 34
      vertex 25.9445 21.4135 0
      vertex 26.0785 21.3141 0
    endloop
  endfacet
  facet normal -0.998791 0.0491602 0
    outer loop
      vertex 26.6918 19.8334 0
      vertex 26.7 20 34
      vertex 26.7 20 0
    endloop
  endfacet
  facet normal -0.998791 0.0491602 0
    outer loop
      vertex 26.7 20 34
      vertex 26.6918 19.8334 0
      vertex 26.6918 19.8334 34
    endloop
  endfacet
  facet normal 0.242818 -0.970072 0
    outer loop
      vertex 24.5065 21.6268 0
      vertex 24.6683 21.6673 34
      vertex 24.5065 21.6268 34
    endloop
  endfacet
  facet normal 0.242818 -0.970072 0
    outer loop
      vertex 24.6683 21.6673 34
      vertex 24.5065 21.6268 0
      vertex 24.6683 21.6673 0
    endloop
  endfacet
  facet normal 0.803154 -0.595772 0
    outer loop
      vertex 23.5865 20.9445 34
      vertex 23.6859 21.0785 0
      vertex 23.6859 21.0785 34
    endloop
  endfacet
  facet normal 0.803154 -0.595772 0
    outer loop
      vertex 23.6859 21.0785 0
      vertex 23.5865 20.9445 34
      vertex 23.5865 20.9445 0
    endloop
  endfacet
  facet normal 0.427442 0.904043 -0
    outer loop
      vertex 24.3494 18.4294 0
      vertex 24.1986 18.5007 34
      vertex 24.3494 18.4294 34
    endloop
  endfacet
  facet normal 0.427442 0.904043 0
    outer loop
      vertex 24.1986 18.5007 34
      vertex 24.3494 18.4294 0
      vertex 24.1986 18.5007 0
    endloop
  endfacet
  facet normal -0.427442 -0.904043 0
    outer loop
      vertex 25.6506 21.5706 0
      vertex 25.8014 21.4993 34
      vertex 25.6506 21.5706 34
    endloop
  endfacet
  facet normal -0.427442 -0.904043 -0
    outer loop
      vertex 25.8014 21.4993 34
      vertex 25.6506 21.5706 0
      vertex 25.8014 21.4993 0
    endloop
  endfacet
  facet normal 0.989168 0.146788 0
    outer loop
      vertex 23.3327 19.6683 34
      vertex 23.3082 19.8334 0
      vertex 23.3082 19.8334 34
    endloop
  endfacet
  facet normal 0.989168 0.146788 0
    outer loop
      vertex 23.3082 19.8334 0
      vertex 23.3327 19.6683 34
      vertex 23.3327 19.6683 0
    endloop
  endfacet
  facet normal -0.671478 0.741024 0
    outer loop
      vertex 26.2021 18.7979 0
      vertex 26.0785 18.6859 34
      vertex 26.2021 18.7979 34
    endloop
  endfacet
  facet normal -0.671478 0.741024 0
    outer loop
      vertex 26.0785 18.6859 34
      vertex 26.2021 18.7979 0
      vertex 26.0785 18.6859 0
    endloop
  endfacet
  facet normal 0.427442 -0.904043 0
    outer loop
      vertex 24.1986 21.4993 0
      vertex 24.3494 21.5706 34
      vertex 24.1986 21.4993 34
    endloop
  endfacet
  facet normal 0.427442 -0.904043 0
    outer loop
      vertex 24.3494 21.5706 34
      vertex 24.1986 21.4993 0
      vertex 24.3494 21.5706 0
    endloop
  endfacet
  facet normal -0.970072 0.242818 0
    outer loop
      vertex 26.6268 19.5065 0
      vertex 26.6673 19.6683 34
      vertex 26.6673 19.6683 0
    endloop
  endfacet
  facet normal -0.970072 0.242818 0
    outer loop
      vertex 26.6673 19.6683 34
      vertex 26.6268 19.5065 0
      vertex 26.6268 19.5065 34
    endloop
  endfacet
  facet normal -0.242818 0.970072 0
    outer loop
      vertex 25.4935 18.3732 0
      vertex 25.3317 18.3327 34
      vertex 25.4935 18.3732 34
    endloop
  endfacet
  facet normal -0.242818 0.970072 0
    outer loop
      vertex 25.3317 18.3327 34
      vertex 25.4935 18.3732 0
      vertex 25.3317 18.3327 0
    endloop
  endfacet
  facet normal 0.989168 -0.146788 0
    outer loop
      vertex 23.3082 20.1666 34
      vertex 23.3327 20.3317 0
      vertex 23.3327 20.3317 34
    endloop
  endfacet
  facet normal 0.989168 -0.146788 0
    outer loop
      vertex 23.3327 20.3317 0
      vertex 23.3082 20.1666 34
      vertex 23.3082 20.1666 0
    endloop
  endfacet
  facet normal -0.941566 -0.33683 0
    outer loop
      vertex 26.6268 20.4935 0
      vertex 26.5706 20.6506 34
      vertex 26.5706 20.6506 0
    endloop
  endfacet
  facet normal -0.941566 -0.33683 0
    outer loop
      vertex 26.5706 20.6506 34
      vertex 26.6268 20.4935 0
      vertex 26.6268 20.4935 34
    endloop
  endfacet
  facet normal 0.514231 0.857652 -0
    outer loop
      vertex 24.1986 18.5007 0
      vertex 24.0555 18.5865 34
      vertex 24.1986 18.5007 34
    endloop
  endfacet
  facet normal 0.514231 0.857652 0
    outer loop
      vertex 24.0555 18.5865 34
      vertex 24.1986 18.5007 0
      vertex 24.0555 18.5865 0
    endloop
  endfacet
  facet normal 0.970072 -0.242818 0
    outer loop
      vertex 23.3327 20.3317 34
      vertex 23.3732 20.4935 0
      vertex 23.3732 20.4935 34
    endloop
  endfacet
  facet normal 0.970072 -0.242818 0
    outer loop
      vertex 23.3732 20.4935 0
      vertex 23.3327 20.3317 34
      vertex 23.3327 20.3317 0
    endloop
  endfacet
  facet normal -0.803154 0.595772 0
    outer loop
      vertex 26.3141 18.9215 0
      vertex 26.4135 19.0555 34
      vertex 26.4135 19.0555 0
    endloop
  endfacet
  facet normal -0.803154 0.595772 0
    outer loop
      vertex 26.4135 19.0555 34
      vertex 26.3141 18.9215 0
      vertex 26.3141 18.9215 34
    endloop
  endfacet
  facet normal 0.595772 0.803154 -0
    outer loop
      vertex 24.0555 18.5865 0
      vertex 23.9215 18.6859 34
      vertex 24.0555 18.5865 34
    endloop
  endfacet
  facet normal 0.595772 0.803154 0
    outer loop
      vertex 23.9215 18.6859 34
      vertex 24.0555 18.5865 0
      vertex 23.9215 18.6859 0
    endloop
  endfacet
  facet normal 0.33683 0.941566 -0
    outer loop
      vertex 24.5065 18.3732 0
      vertex 24.3494 18.4294 34
      vertex 24.5065 18.3732 34
    endloop
  endfacet
  facet normal 0.33683 0.941566 0
    outer loop
      vertex 24.3494 18.4294 34
      vertex 24.5065 18.3732 0
      vertex 24.3494 18.4294 0
    endloop
  endfacet
  facet normal -0.33683 -0.941566 0
    outer loop
      vertex 25.4935 21.6268 0
      vertex 25.6506 21.5706 34
      vertex 25.4935 21.6268 34
    endloop
  endfacet
  facet normal -0.33683 -0.941566 -0
    outer loop
      vertex 25.6506 21.5706 34
      vertex 25.4935 21.6268 0
      vertex 25.6506 21.5706 0
    endloop
  endfacet
  facet normal 0.741024 0.671478 0
    outer loop
      vertex 23.7979 18.7979 34
      vertex 23.6859 18.9215 0
      vertex 23.6859 18.9215 34
    endloop
  endfacet
  facet normal 0.741024 0.671478 0
    outer loop
      vertex 23.6859 18.9215 0
      vertex 23.7979 18.7979 34
      vertex 23.7979 18.7979 0
    endloop
  endfacet
  facet normal -0.514231 -0.857652 0
    outer loop
      vertex 25.8014 21.4993 0
      vertex 25.9445 21.4135 34
      vertex 25.8014 21.4993 34
    endloop
  endfacet
  facet normal -0.514231 -0.857652 -0
    outer loop
      vertex 25.9445 21.4135 34
      vertex 25.8014 21.4993 0
      vertex 25.9445 21.4135 0
    endloop
  endfacet
  facet normal 0.33683 -0.941566 0
    outer loop
      vertex 24.3494 21.5706 0
      vertex 24.5065 21.6268 34
      vertex 24.3494 21.5706 34
    endloop
  endfacet
  facet normal 0.33683 -0.941566 0
    outer loop
      vertex 24.5065 21.6268 34
      vertex 24.3494 21.5706 0
      vertex 24.5065 21.6268 0
    endloop
  endfacet
  facet normal 0.904043 0.427442 0
    outer loop
      vertex 23.5007 19.1986 34
      vertex 23.4294 19.3494 0
      vertex 23.4294 19.3494 34
    endloop
  endfacet
  facet normal 0.904043 0.427442 0
    outer loop
      vertex 23.4294 19.3494 0
      vertex 23.5007 19.1986 34
      vertex 23.5007 19.1986 0
    endloop
  endfacet
  facet normal 0.941566 0.33683 0
    outer loop
      vertex 23.4294 19.3494 34
      vertex 23.3732 19.5065 0
      vertex 23.3732 19.5065 34
    endloop
  endfacet
  facet normal 0.941566 0.33683 0
    outer loop
      vertex 23.3732 19.5065 0
      vertex 23.4294 19.3494 34
      vertex 23.4294 19.3494 0
    endloop
  endfacet
  facet normal -0.904043 -0.427442 0
    outer loop
      vertex 26.5706 20.6506 0
      vertex 26.4993 20.8014 34
      vertex 26.4993 20.8014 0
    endloop
  endfacet
  facet normal -0.904043 -0.427442 0
    outer loop
      vertex 26.4993 20.8014 34
      vertex 26.5706 20.6506 0
      vertex 26.5706 20.6506 34
    endloop
  endfacet
  facet normal 0.970072 0.242818 0
    outer loop
      vertex 23.3732 19.5065 34
      vertex 23.3327 19.6683 0
      vertex 23.3327 19.6683 34
    endloop
  endfacet
  facet normal 0.970072 0.242818 0
    outer loop
      vertex 23.3327 19.6683 0
      vertex 23.3732 19.5065 34
      vertex 23.3732 19.5065 0
    endloop
  endfacet
  facet normal 0.595772 -0.803154 0
    outer loop
      vertex 23.9215 21.3141 0
      vertex 24.0555 21.4135 34
      vertex 23.9215 21.3141 34
    endloop
  endfacet
  facet normal 0.595772 -0.803154 0
    outer loop
      vertex 24.0555 21.4135 34
      vertex 23.9215 21.3141 0
      vertex 24.0555 21.4135 0
    endloop
  endfacet
  facet normal 0.671478 0.741024 -0
    outer loop
      vertex 23.9215 18.6859 0
      vertex 23.7979 18.7979 34
      vertex 23.9215 18.6859 34
    endloop
  endfacet
  facet normal 0.671478 0.741024 0
    outer loop
      vertex 23.7979 18.7979 34
      vertex 23.9215 18.6859 0
      vertex 23.7979 18.7979 0
    endloop
  endfacet
  facet normal 0.146788 0.989168 -0
    outer loop
      vertex 24.8334 18.3082 0
      vertex 24.6683 18.3327 34
      vertex 24.8334 18.3082 34
    endloop
  endfacet
  facet normal 0.146788 0.989168 0
    outer loop
      vertex 24.6683 18.3327 34
      vertex 24.8334 18.3082 0
      vertex 24.6683 18.3327 0
    endloop
  endfacet
  facet normal -0.741024 0.671478 0
    outer loop
      vertex 26.2021 18.7979 0
      vertex 26.3141 18.9215 34
      vertex 26.3141 18.9215 0
    endloop
  endfacet
  facet normal -0.741024 0.671478 0
    outer loop
      vertex 26.3141 18.9215 34
      vertex 26.2021 18.7979 0
      vertex 26.2021 18.7979 34
    endloop
  endfacet
  facet normal -0.146788 0.989168 0
    outer loop
      vertex 25.3317 18.3327 0
      vertex 25.1666 18.3082 34
      vertex 25.3317 18.3327 34
    endloop
  endfacet
  facet normal -0.146788 0.989168 0
    outer loop
      vertex 25.1666 18.3082 34
      vertex 25.3317 18.3327 0
      vertex 25.1666 18.3082 0
    endloop
  endfacet
  facet normal 0.514231 -0.857652 0
    outer loop
      vertex 24.0555 21.4135 0
      vertex 24.1986 21.4993 34
      vertex 24.0555 21.4135 34
    endloop
  endfacet
  facet normal 0.514231 -0.857652 0
    outer loop
      vertex 24.1986 21.4993 34
      vertex 24.0555 21.4135 0
      vertex 24.1986 21.4993 0
    endloop
  endfacet
  facet normal -0.0491602 -0.998791 0
    outer loop
      vertex 25 21.7 0
      vertex 25.1666 21.6918 34
      vertex 25 21.7 34
    endloop
  endfacet
  facet normal -0.0491602 -0.998791 -0
    outer loop
      vertex 25.1666 21.6918 34
      vertex 25 21.7 0
      vertex 25.1666 21.6918 0
    endloop
  endfacet
  facet normal -0.242818 -0.970072 0
    outer loop
      vertex 25.3317 21.6673 0
      vertex 25.4935 21.6268 34
      vertex 25.3317 21.6673 34
    endloop
  endfacet
  facet normal -0.242818 -0.970072 -0
    outer loop
      vertex 25.4935 21.6268 34
      vertex 25.3317 21.6673 0
      vertex 25.4935 21.6268 0
    endloop
  endfacet
  facet normal 0.941566 -0.33683 0
    outer loop
      vertex 23.3732 20.4935 34
      vertex 23.4294 20.6506 0
      vertex 23.4294 20.6506 34
    endloop
  endfacet
  facet normal 0.941566 -0.33683 0
    outer loop
      vertex 23.4294 20.6506 0
      vertex 23.3732 20.4935 34
      vertex 23.3732 20.4935 0
    endloop
  endfacet
  facet normal -0.671478 -0.741024 0
    outer loop
      vertex 26.0785 21.3141 0
      vertex 26.2021 21.2021 34
      vertex 26.0785 21.3141 34
    endloop
  endfacet
  facet normal -0.671478 -0.741024 -0
    outer loop
      vertex 26.2021 21.2021 34
      vertex 26.0785 21.3141 0
      vertex 26.2021 21.2021 0
    endloop
  endfacet
  facet normal 0.0491602 -0.998791 0
    outer loop
      vertex 24.8334 21.6918 0
      vertex 25 21.7 34
      vertex 24.8334 21.6918 34
    endloop
  endfacet
  facet normal 0.0491602 -0.998791 0
    outer loop
      vertex 25 21.7 34
      vertex 24.8334 21.6918 0
      vertex 25 21.7 0
    endloop
  endfacet
  facet normal -0.427442 0.904043 0
    outer loop
      vertex 25.8014 18.5007 0
      vertex 25.6506 18.4294 34
      vertex 25.8014 18.5007 34
    endloop
  endfacet
  facet normal -0.427442 0.904043 0
    outer loop
      vertex 25.6506 18.4294 34
      vertex 25.8014 18.5007 0
      vertex 25.6506 18.4294 0
    endloop
  endfacet
  facet normal -0.989168 0.146788 0
    outer loop
      vertex 26.6673 19.6683 0
      vertex 26.6918 19.8334 34
      vertex 26.6918 19.8334 0
    endloop
  endfacet
  facet normal -0.989168 0.146788 0
    outer loop
      vertex 26.6918 19.8334 34
      vertex 26.6673 19.6683 0
      vertex 26.6673 19.6683 34
    endloop
  endfacet
  facet normal -0.857652 -0.514231 0
    outer loop
      vertex 26.4993 20.8014 0
      vertex 26.4135 20.9445 34
      vertex 26.4135 20.9445 0
    endloop
  endfacet
  facet normal -0.857652 -0.514231 0
    outer loop
      vertex 26.4135 20.9445 34
      vertex 26.4993 20.8014 0
      vertex 26.4993 20.8014 34
    endloop
  endfacet
  facet normal 0.0491602 0.998791 -0
    outer loop
      vertex 25 18.3 0
      vertex 24.8334 18.3082 34
      vertex 25 18.3 34
    endloop
  endfacet
  facet normal 0.0491602 0.998791 0
    outer loop
      vertex 24.8334 18.3082 34
      vertex 25 18.3 0
      vertex 24.8334 18.3082 0
    endloop
  endfacet
  facet normal 0.671478 -0.741024 0
    outer loop
      vertex 23.7979 21.2021 0
      vertex 23.9215 21.3141 34
      vertex 23.7979 21.2021 34
    endloop
  endfacet
  facet normal 0.671478 -0.741024 0
    outer loop
      vertex 23.9215 21.3141 34
      vertex 23.7979 21.2021 0
      vertex 23.9215 21.3141 0
    endloop
  endfacet
  facet normal 0.741024 -0.671478 0
    outer loop
      vertex 23.6859 21.0785 34
      vertex 23.7979 21.2021 0
      vertex 23.7979 21.2021 34
    endloop
  endfacet
  facet normal 0.741024 -0.671478 0
    outer loop
      vertex 23.7979 21.2021 0
      vertex 23.6859 21.0785 34
      vertex 23.6859 21.0785 0
    endloop
  endfacet
  facet normal -0.904043 0.427442 0
    outer loop
      vertex 26.4993 19.1986 0
      vertex 26.5706 19.3494 34
      vertex 26.5706 19.3494 0
    endloop
  endfacet
  facet normal -0.904043 0.427442 0
    outer loop
      vertex 26.5706 19.3494 34
      vertex 26.4993 19.1986 0
      vertex 26.4993 19.1986 34
    endloop
  endfacet
  facet normal -0.0491602 0.998791 0
    outer loop
      vertex 25.1666 18.3082 0
      vertex 25 18.3 34
      vertex 25.1666 18.3082 34
    endloop
  endfacet
  facet normal -0.0491602 0.998791 0
    outer loop
      vertex 25 18.3 34
      vertex 25.1666 18.3082 0
      vertex 25 18.3 0
    endloop
  endfacet
  facet normal -0.941566 0.33683 0
    outer loop
      vertex 26.5706 19.3494 0
      vertex 26.6268 19.5065 34
      vertex 26.6268 19.5065 0
    endloop
  endfacet
  facet normal -0.941566 0.33683 0
    outer loop
      vertex 26.6268 19.5065 34
      vertex 26.5706 19.3494 0
      vertex 26.5706 19.3494 34
    endloop
  endfacet
  facet normal -0.741024 -0.671478 0
    outer loop
      vertex 26.3141 21.0785 0
      vertex 26.2021 21.2021 34
      vertex 26.2021 21.2021 0
    endloop
  endfacet
  facet normal -0.741024 -0.671478 0
    outer loop
      vertex 26.2021 21.2021 34
      vertex 26.3141 21.0785 0
      vertex 26.3141 21.0785 34
    endloop
  endfacet
  facet normal 0.242818 0.970072 -0
    outer loop
      vertex 24.6683 18.3327 0
      vertex 24.5065 18.3732 34
      vertex 24.6683 18.3327 34
    endloop
  endfacet
  facet normal 0.242818 0.970072 0
    outer loop
      vertex 24.5065 18.3732 34
      vertex 24.6683 18.3327 0
      vertex 24.5065 18.3732 0
    endloop
  endfacet
  facet normal -0.595772 0.803154 0
    outer loop
      vertex 26.0785 18.6859 0
      vertex 25.9445 18.5865 34
      vertex 26.0785 18.6859 34
    endloop
  endfacet
  facet normal -0.595772 0.803154 0
    outer loop
      vertex 25.9445 18.5865 34
      vertex 26.0785 18.6859 0
      vertex 25.9445 18.5865 0
    endloop
  endfacet
  facet normal -0.857652 0.514231 0
    outer loop
      vertex 26.4135 19.0555 0
      vertex 26.4993 19.1986 34
      vertex 26.4993 19.1986 0
    endloop
  endfacet
  facet normal -0.857652 0.514231 0
    outer loop
      vertex 26.4993 19.1986 34
      vertex 26.4135 19.0555 0
      vertex 26.4135 19.0555 34
    endloop
  endfacet
  facet normal 0.803154 0.595772 0
    outer loop
      vertex 23.6859 18.9215 34
      vertex 23.5865 19.0555 0
      vertex 23.5865 19.0555 34
    endloop
  endfacet
  facet normal 0.803154 0.595772 0
    outer loop
      vertex 23.5865 19.0555 0
      vertex 23.6859 18.9215 34
      vertex 23.6859 18.9215 0
    endloop
  endfacet
  facet normal 0.857652 -0.514231 0
    outer loop
      vertex 23.5007 20.8014 34
      vertex 23.5865 20.9445 0
      vertex 23.5865 20.9445 34
    endloop
  endfacet
  facet normal 0.857652 -0.514231 0
    outer loop
      vertex 23.5865 20.9445 0
      vertex 23.5007 20.8014 34
      vertex 23.5007 20.8014 0
    endloop
  endfacet
  facet normal -0.33683 0.941566 0
    outer loop
      vertex 25.6506 18.4294 0
      vertex 25.4935 18.3732 34
      vertex 25.6506 18.4294 34
    endloop
  endfacet
  facet normal -0.33683 0.941566 0
    outer loop
      vertex 25.4935 18.3732 34
      vertex 25.6506 18.4294 0
      vertex 25.4935 18.3732 0
    endloop
  endfacet
  facet normal 0.857652 0.514231 0
    outer loop
      vertex 23.5865 19.0555 34
      vertex 23.5007 19.1986 0
      vertex 23.5007 19.1986 34
    endloop
  endfacet
  facet normal 0.857652 0.514231 0
    outer loop
      vertex 23.5007 19.1986 0
      vertex 23.5865 19.0555 34
      vertex 23.5865 19.0555 0
    endloop
  endfacet
  facet normal 0.998791 -0.0491602 0
    outer loop
      vertex 23.3 20 34
      vertex 23.3082 20.1666 0
      vertex 23.3082 20.1666 34
    endloop
  endfacet
  facet normal 0.998791 -0.0491602 0
    outer loop
      vertex 23.3082 20.1666 0
      vertex 23.3 20 34
      vertex 23.3 20 0
    endloop
  endfacet
  facet normal 0.998791 0.0491602 0
    outer loop
      vertex 23.3082 19.8334 34
      vertex 23.3 20 0
      vertex 23.3 20 34
    endloop
  endfacet
  facet normal 0.998791 0.0491602 0
    outer loop
      vertex 23.3 20 0
      vertex 23.3082 19.8334 34
      vertex 23.3082 19.8334 0
    endloop
  endfacet
  facet normal -1 0 0
    outer loop
      vertex 5.9 -6.2 32.915
      vertex 5.9 6.2 34
      vertex 5.9 6.2 32.915
    endloop
  endfacet
  facet normal -1 -0 0
    outer loop
      vertex 5.9 6.2 34
      vertex 5.9 -6.2 32.915
      vertex 5.9 -6.2 34
    endloop
  endfacet
  facet normal 1 -0 0
    outer loop
      vertex -17.1 -6.2 34
      vertex -17.1 6.2 32.915
      vertex -17.1 6.2 34
    endloop
  endfacet
  facet normal 1 0 0
    outer loop
      vertex -17.1 6.2 32.915
      vertex -17.1 -6.2 34
      vertex -17.1 -6.2 32.915
    endloop
  endfacet
  facet normal 0 -1 0
    outer loop
      vertex -17.1 6.2 32.915
      vertex 5.9 6.2 34
      vertex -17.1 6.2 34
    endloop
  endfacet
  facet normal 0 -1 -0
    outer loop
      vertex 5.9 6.2 34
      vertex -17.1 6.2 32.915
      vertex 5.9 6.2 32.915
    endloop
  endfacet
  facet normal 0 1 -0
    outer loop
      vertex 5.9 -6.2 32.915
      vertex -17.1 -6.2 34
      vertex 5.9 -6.2 34
    endloop
  endfacet
  facet normal 0 1 0
    outer loop
      vertex -17.1 -6.2 34
      vertex 5.9 -6.2 32.915
      vertex -17.1 -6.2 32.915
    endloop
  endfacet
  facet normal 0 -1 0
    outer loop
      vertex -18.6 7.7 32.905
      vertex 7.4 7.7 32.915
      vertex -18.6 7.7 32.915
    endloop
  endfacet
  facet normal 0 -1 -0
    outer loop
      vertex 7.4 7.7 32.915
      vertex -18.6 7.7 32.905
      vertex 7.4 7.7 32.905
    endloop
  endfacet
  facet normal -0.826226 0 0.563339
    outer loop
      vertex 6.36704 -6.66705 31.39
      vertex 7.4 7.7 32.905
      vertex 6.36704 6.66705 31.39
    endloop
  endfacet
  facet normal -0.826226 0 0.563339
    outer loop
      vertex 7.4 7.7 32.905
      vertex 6.36704 -6.66705 31.39
      vertex 7.4 -7.7 32.905
    endloop
  endfacet
  facet normal 0 0 -1
    outer loop
      vertex 7.4 -7.7 32.915
      vertex 5.9 -6.2 32.915
      vertex 7.4 7.7 32.915
    endloop
  endfacet
  facet normal 0 0 -1
    outer loop
      vertex 7.4 -7.7 32.915
      vertex -17.1 -6.2 32.915
      vertex 5.9 -6.2 32.915
    endloop
  endfacet
  facet normal -0 0 -1
    outer loop
      vertex -17.1 -6.2 32.915
      vertex -18.6 -7.7 32.915
      vertex -17.1 6.2 32.915
    endloop
  endfacet
  facet normal 0 0 -1
    outer loop
      vertex -18.6 -7.7 32.915
      vertex -17.1 -6.2 32.915
      vertex 7.4 -7.7 32.915
    endloop
  endfacet
  facet normal 0 0 -1
    outer loop
      vertex 5.9 6.2 32.915
      vertex 7.4 7.7 32.915
      vertex 5.9 -6.2 32.915
    endloop
  endfacet
  facet normal 0 0 -1
    outer loop
      vertex -17.1 6.2 32.915
      vertex 7.4 7.7 32.915
      vertex 5.9 6.2 32.915
    endloop
  endfacet
  facet normal 0 0 -1
    outer loop
      vertex -17.1 6.2 32.915
      vertex -18.6 7.7 32.915
      vertex 7.4 7.7 32.915
    endloop
  endfacet
  facet normal 0 0 -1
    outer loop
      vertex -18.6 7.7 32.915
      vertex -17.1 6.2 32.915
      vertex -18.6 -7.7 32.915
    endloop
  endfacet
  facet normal 1 -0 0
    outer loop
      vertex -18.6 -7.7 32.915
      vertex -18.6 7.7 32.905
      vertex -18.6 7.7 32.915
    endloop
  endfacet
  facet normal 1 0 0
    outer loop
      vertex -18.6 7.7 32.905
      vertex -18.6 -7.7 32.915
      vertex -18.6 -7.7 32.905
    endloop
  endfacet
  facet normal 0 0.826228 0.563335
    outer loop
      vertex 6.36704 -6.66705 31.39
      vertex -18.6 -7.7 32.905
      vertex 7.4 -7.7 32.905
    endloop
  endfacet
  facet normal 0 0.826228 0.563335
    outer loop
      vertex -18.6 -7.7 32.905
      vertex 6.36704 -6.66705 31.39
      vertex -17.567 -6.66705 31.39
    endloop
  endfacet
  facet normal 0 -0.826228 0.563335
    outer loop
      vertex -17.567 6.66705 31.39
      vertex 7.4 7.7 32.905
      vertex -18.6 7.7 32.905
    endloop
  endfacet
  facet normal 0 -0.826228 0.563335
    outer loop
      vertex 7.4 7.7 32.905
      vertex -17.567 6.66705 31.39
      vertex 6.36704 6.66705 31.39
    endloop
  endfacet
  facet normal 0.826216 0 0.563354
    outer loop
      vertex -18.6 7.7 32.905
      vertex -17.567 -6.66705 31.39
      vertex -17.567 6.66705 31.39
    endloop
  endfacet
  facet normal 0.826216 0 0.563354
    outer loop
      vertex -17.567 -6.66705 31.39
      vertex -18.6 7.7 32.905
      vertex -18.6 -7.7 32.905
    endloop
  endfacet
  facet normal 0 1 -0
    outer loop
      vertex 7.4 -7.7 32.905
      vertex -18.6 -7.7 32.915
      vertex 7.4 -7.7 32.915
    endloop
  endfacet
  facet normal 0 1 0
    outer loop
      vertex -18.6 -7.7 32.915
      vertex 7.4 -7.7 32.905
      vertex -18.6 -7.7 32.905
    endloop
  endfacet
  facet normal -1 0 0
    outer loop
      vertex 7.4 -7.7 32.905
      vertex 7.4 7.7 32.915
      vertex 7.4 7.7 32.905
    endloop
  endfacet
  facet normal -1 -0 0
    outer loop
      vertex 7.4 7.7 32.915
      vertex 7.4 -7.7 32.905
      vertex 7.4 -7.7 32.915
    endloop
  endfacet
  facet normal 0 0 -1
    outer loop
      vertex -30 -7 8
      vertex -27.6 7 8
      vertex -27.6 -7 8
    endloop
  endfacet
  facet normal -0 0 -1
    outer loop
      vertex -27.6 7 8
      vertex -30 -7 8
      vertex -30 7 8
    endloop
  endfacet
  facet normal 0 -1 0
    outer loop
      vertex -30 7 0
      vertex -27.6 7 8
      vertex -30 7 8
    endloop
  endfacet
  facet normal 0 -1 -0
    outer loop
      vertex -27.6 7 8
      vertex -30 7 0
      vertex -27.6 7 0
    endloop
  endfacet
  facet normal 0 1 -0
    outer loop
      vertex -27.6 -7 0
      vertex -30 -7 8
      vertex -27.6 -7 8
    endloop
  endfacet
  facet normal 0 1 0
    outer loop
      vertex -30 -7 8
      vertex -27.6 -7 0
      vertex -30 -7 0
    endloop
  endfacet
  facet normal 0 0 -1
    outer loop
      vertex 27.6 -7 8
      vertex 30 7 8
      vertex 30 -7 8
    endloop
  endfacet
  facet normal -0 0 -1
    outer loop
      vertex 30 7 8
      vertex 27.6 -7 8
      vertex 27.6 7 8
    endloop
  endfacet
  facet normal 0 -1 0
    outer loop
      vertex 27.6 7 0
      vertex 30 7 8
      vertex 27.6 7 8
    endloop
  endfacet
  facet normal 0 -1 -0
    outer loop
      vertex 30 7 8
      vertex 27.6 7 0
      vertex 30 7 0
    endloop
  endfacet
  facet normal 0 1 -0
    outer loop
      vertex 30 -7 0
      vertex 27.6 -7 8
      vertex 30 -7 8
    endloop
  endfacet
  facet normal 0 1 0
    outer loop
      vertex 27.6 -7 8
      vertex 30 -7 0
      vertex 27.6 -7 0
    endloop
  endfacet
  facet normal 0.33634 0.941741 -0
    outer loop
      vertex -0.290284 18.0431 33.4
      vertex -0.382683 18.0761 34
      vertex -0.290284 18.0431 34
    endloop
  endfacet
  facet normal 0.33634 0.941741 0
    outer loop
      vertex -0.382683 18.0761 34
      vertex -0.290284 18.0431 33.4
      vertex -0.382683 18.0761 33.4
    endloop
  endfacet
  facet normal -0.989182 -0.146696 0
    outer loop
      vertex 0.995184 19.098 33.4
      vertex 0.980784 19.1951 34
      vertex 0.980784 19.1951 33.4
    endloop
  endfacet
  facet normal -0.989182 -0.146696 0
    outer loop
      vertex 0.980784 19.1951 34
      vertex 0.995184 19.098 33.4
      vertex 0.995184 19.098 34
    endloop
  endfacet
  facet normal -0.998795 -0.0490836 0
    outer loop
      vertex 1 19 33.4
      vertex 0.995184 19.098 34
      vertex 0.995184 19.098 33.4
    endloop
  endfacet
  facet normal -0.998795 -0.0490836 0
    outer loop
      vertex 0.995184 19.098 34
      vertex 1 19 33.4
      vertex 1 19 34
    endloop
  endfacet
  facet normal -0.970037 -0.242958 0
    outer loop
      vertex 0.980784 19.1951 33.4
      vertex 0.95694 19.2903 34
      vertex 0.95694 19.2903 33.4
    endloop
  endfacet
  facet normal -0.970037 -0.242958 0
    outer loop
      vertex 0.95694 19.2903 34
      vertex 0.980784 19.1951 33.4
      vertex 0.980784 19.1951 34
    endloop
  endfacet
  facet normal 0.989182 -0.146696 0
    outer loop
      vertex -0.995184 19.098 34
      vertex -0.980784 19.1951 33.4
      vertex -0.980784 19.1951 34
    endloop
  endfacet
  facet normal 0.989182 -0.146696 0
    outer loop
      vertex -0.980784 19.1951 33.4
      vertex -0.995184 19.098 34
      vertex -0.995184 19.098 33.4
    endloop
  endfacet
  facet normal 0.243509 0.969899 -0
    outer loop
      vertex -0.19509 18.0192 33.4
      vertex -0.290284 18.0431 34
      vertex -0.19509 18.0192 34
    endloop
  endfacet
  facet normal 0.243509 0.969899 0
    outer loop
      vertex -0.290284 18.0431 34
      vertex -0.19509 18.0192 33.4
      vertex -0.290284 18.0431 33.4
    endloop
  endfacet
  facet normal -0.33634 -0.941741 0
    outer loop
      vertex 0.290284 19.9569 33.4
      vertex 0.382683 19.9239 34
      vertex 0.290284 19.9569 34
    endloop
  endfacet
  facet normal -0.33634 -0.941741 -0
    outer loop
      vertex 0.382683 19.9239 34
      vertex 0.290284 19.9569 33.4
      vertex 0.382683 19.9239 33.4
    endloop
  endfacet
  facet normal 0.513713 -0.857962 0
    outer loop
      vertex -0.55557 19.8315 33.4
      vertex -0.471396 19.8819 34
      vertex -0.55557 19.8315 34
    endloop
  endfacet
  facet normal 0.513713 -0.857962 0
    outer loop
      vertex -0.471396 19.8819 34
      vertex -0.55557 19.8315 33.4
      vertex -0.471396 19.8819 33.4
    endloop
  endfacet
  facet normal 0.903966 0.427605 0
    outer loop
      vertex -0.881921 18.5286 34
      vertex -0.923879 18.6173 33.4
      vertex -0.923879 18.6173 34
    endloop
  endfacet
  facet normal 0.903966 0.427605 0
    outer loop
      vertex -0.923879 18.6173 33.4
      vertex -0.881921 18.5286 34
      vertex -0.881921 18.5286 33.4
    endloop
  endfacet
  facet normal 0.243509 -0.969899 0
    outer loop
      vertex -0.290284 19.9569 33.4
      vertex -0.19509 19.9808 34
      vertex -0.290284 19.9569 34
    endloop
  endfacet
  facet normal 0.243509 -0.969899 0
    outer loop
      vertex -0.19509 19.9808 34
      vertex -0.290284 19.9569 33.4
      vertex -0.19509 19.9808 33.4
    endloop
  endfacet
  facet normal 0.857803 0.513979 0
    outer loop
      vertex -0.83147 18.4444 34
      vertex -0.881921 18.5286 33.4
      vertex -0.881921 18.5286 34
    endloop
  endfacet
  facet normal 0.857803 0.513979 0
    outer loop
      vertex -0.881921 18.5286 33.4
      vertex -0.83147 18.4444 34
      vertex -0.83147 18.4444 33.4
    endloop
  endfacet
  facet normal -0.243509 0.969899 0
    outer loop
      vertex 0.290284 18.0431 33.4
      vertex 0.19509 18.0192 34
      vertex 0.290284 18.0431 34
    endloop
  endfacet
  facet normal -0.243509 0.969899 0
    outer loop
      vertex 0.19509 18.0192 34
      vertex 0.290284 18.0431 33.4
      vertex 0.19509 18.0192 33.4
    endloop
  endfacet
  facet normal 0.595968 0.803008 -0
    outer loop
      vertex -0.55557 18.1685 33.4
      vertex -0.634393 18.227 34
      vertex -0.55557 18.1685 34
    endloop
  endfacet
  facet normal 0.595968 0.803008 0
    outer loop
      vertex -0.634393 18.227 34
      vertex -0.55557 18.1685 33.4
      vertex -0.634393 18.227 33.4
    endloop
  endfacet
  facet normal -0.513713 0.857962 0
    outer loop
      vertex 0.55557 18.1685 33.4
      vertex 0.471396 18.1181 34
      vertex 0.55557 18.1685 34
    endloop
  endfacet
  facet normal -0.513713 0.857962 0
    outer loop
      vertex 0.471396 18.1181 34
      vertex 0.55557 18.1685 33.4
      vertex 0.471396 18.1181 33.4
    endloop
  endfacet
  facet normal -0.80312 0.595817 0
    outer loop
      vertex 0.77301 18.3656 33.4
      vertex 0.83147 18.4444 34
      vertex 0.83147 18.4444 33.4
    endloop
  endfacet
  facet normal -0.80312 0.595817 0
    outer loop
      vertex 0.83147 18.4444 34
      vertex 0.77301 18.3656 33.4
      vertex 0.77301 18.3656 34
    endloop
  endfacet
  facet normal -0.146736 -0.989176 0
    outer loop
      vertex 0.0980167 19.9952 33.4
      vertex 0.19509 19.9808 34
      vertex 0.0980167 19.9952 34
    endloop
  endfacet
  facet normal -0.146736 -0.989176 -0
    outer loop
      vertex 0.19509 19.9808 34
      vertex 0.0980167 19.9952 33.4
      vertex 0.19509 19.9808 33.4
    endloop
  endfacet
  facet normal 0.595968 -0.803008 0
    outer loop
      vertex -0.634393 19.773 33.4
      vertex -0.55557 19.8315 34
      vertex -0.634393 19.773 34
    endloop
  endfacet
  facet normal 0.595968 -0.803008 0
    outer loop
      vertex -0.55557 19.8315 34
      vertex -0.634393 19.773 33.4
      vertex -0.55557 19.8315 33.4
    endloop
  endfacet
  facet normal 0.80312 -0.595817 0
    outer loop
      vertex -0.83147 19.5556 34
      vertex -0.77301 19.6344 33.4
      vertex -0.77301 19.6344 34
    endloop
  endfacet
  facet normal 0.80312 -0.595817 0
    outer loop
      vertex -0.77301 19.6344 33.4
      vertex -0.83147 19.5556 34
      vertex -0.83147 19.5556 33.4
    endloop
  endfacet
  facet normal -0.989182 0.146696 0
    outer loop
      vertex 0.980784 18.8049 33.4
      vertex 0.995184 18.902 34
      vertex 0.995184 18.902 33.4
    endloop
  endfacet
  facet normal -0.989182 0.146696 0
    outer loop
      vertex 0.995184 18.902 34
      vertex 0.980784 18.8049 33.4
      vertex 0.980784 18.8049 34
    endloop
  endfacet
  facet normal 0.941545 -0.336888 0
    outer loop
      vertex -0.95694 19.2903 34
      vertex -0.923879 19.3827 33.4
      vertex -0.923879 19.3827 34
    endloop
  endfacet
  facet normal 0.941545 -0.336888 0
    outer loop
      vertex -0.923879 19.3827 33.4
      vertex -0.95694 19.2903 34
      vertex -0.95694 19.2903 33.4
    endloop
  endfacet
  facet normal -0.427904 -0.903824 0
    outer loop
      vertex 0.382683 19.9239 33.4
      vertex 0.471396 19.8819 34
      vertex 0.382683 19.9239 34
    endloop
  endfacet
  facet normal -0.427904 -0.903824 -0
    outer loop
      vertex 0.471396 19.8819 34
      vertex 0.382683 19.9239 33.4
      vertex 0.471396 19.8819 33.4
    endloop
  endfacet
  facet normal 0.941545 0.336888 0
    outer loop
      vertex -0.923879 18.6173 34
      vertex -0.95694 18.7097 33.4
      vertex -0.95694 18.7097 34
    endloop
  endfacet
  facet normal 0.941545 0.336888 0
    outer loop
      vertex -0.95694 18.7097 33.4
      vertex -0.923879 18.6173 34
      vertex -0.923879 18.6173 33.4
    endloop
  endfacet
  facet normal -0.970037 0.242958 0
    outer loop
      vertex 0.95694 18.7097 33.4
      vertex 0.980784 18.8049 34
      vertex 0.980784 18.8049 33.4
    endloop
  endfacet
  facet normal -0.970037 0.242958 0
    outer loop
      vertex 0.980784 18.8049 34
      vertex 0.95694 18.7097 33.4
      vertex 0.95694 18.7097 34
    endloop
  endfacet
  facet normal 0.0489126 -0.998803 0
    outer loop
      vertex -0.0980167 19.9952 33.4
      vertex 0 20 34
      vertex -0.0980167 19.9952 34
    endloop
  endfacet
  facet normal 0.0489126 -0.998803 0
    outer loop
      vertex 0 20 34
      vertex -0.0980167 19.9952 33.4
      vertex 0 20 33.4
    endloop
  endfacet
  facet normal -0.671536 -0.740972 0
    outer loop
      vertex 0.634393 19.773 33.4
      vertex 0.707107 19.7071 34
      vertex 0.634393 19.773 34
    endloop
  endfacet
  facet normal -0.671536 -0.740972 -0
    outer loop
      vertex 0.707107 19.7071 34
      vertex 0.634393 19.773 33.4
      vertex 0.707107 19.7071 33.4
    endloop
  endfacet
  facet normal 0.427904 -0.903824 0
    outer loop
      vertex -0.471396 19.8819 33.4
      vertex -0.382683 19.9239 34
      vertex -0.471396 19.8819 34
    endloop
  endfacet
  facet normal 0.427904 -0.903824 0
    outer loop
      vertex -0.382683 19.9239 34
      vertex -0.471396 19.8819 33.4
      vertex -0.382683 19.9239 33.4
    endloop
  endfacet
  facet normal 0.671536 -0.740972 0
    outer loop
      vertex -0.707107 19.7071 33.4
      vertex -0.634393 19.773 34
      vertex -0.707107 19.7071 34
    endloop
  endfacet
  facet normal 0.671536 -0.740972 0
    outer loop
      vertex -0.634393 19.773 34
      vertex -0.707107 19.7071 33.4
      vertex -0.634393 19.773 33.4
    endloop
  endfacet
  facet normal -0.33634 0.941741 0
    outer loop
      vertex 0.382683 18.0761 33.4
      vertex 0.290284 18.0431 34
      vertex 0.382683 18.0761 34
    endloop
  endfacet
  facet normal -0.33634 0.941741 0
    outer loop
      vertex 0.290284 18.0431 34
      vertex 0.382683 18.0761 33.4
      vertex 0.290284 18.0431 33.4
    endloop
  endfacet
  facet normal 0.33634 -0.941741 0
    outer loop
      vertex -0.382683 19.9239 33.4
      vertex -0.290284 19.9569 34
      vertex -0.382683 19.9239 34
    endloop
  endfacet
  facet normal 0.33634 -0.941741 0
    outer loop
      vertex -0.290284 19.9569 34
      vertex -0.382683 19.9239 33.4
      vertex -0.290284 19.9569 33.4
    endloop
  endfacet
  facet normal -0.80312 -0.595817 0
    outer loop
      vertex 0.83147 19.5556 33.4
      vertex 0.77301 19.6344 34
      vertex 0.77301 19.6344 33.4
    endloop
  endfacet
  facet normal -0.80312 -0.595817 0
    outer loop
      vertex 0.77301 19.6344 34
      vertex 0.83147 19.5556 33.4
      vertex 0.83147 19.5556 34
    endloop
  endfacet
  facet normal 0.857803 -0.513979 0
    outer loop
      vertex -0.881921 19.4714 34
      vertex -0.83147 19.5556 33.4
      vertex -0.83147 19.5556 34
    endloop
  endfacet
  facet normal 0.857803 -0.513979 0
    outer loop
      vertex -0.83147 19.5556 33.4
      vertex -0.881921 19.4714 34
      vertex -0.881921 19.4714 33.4
    endloop
  endfacet
  facet normal -0.998795 0.0490836 0
    outer loop
      vertex 0.995184 18.902 33.4
      vertex 1 19 34
      vertex 1 19 33.4
    endloop
  endfacet
  facet normal -0.998795 0.0490836 0
    outer loop
      vertex 1 19 34
      vertex 0.995184 18.902 33.4
      vertex 0.995184 18.902 34
    endloop
  endfacet
  facet normal -0.903966 0.427605 0
    outer loop
      vertex 0.881921 18.5286 33.4
      vertex 0.923879 18.6173 34
      vertex 0.923879 18.6173 33.4
    endloop
  endfacet
  facet normal -0.903966 0.427605 0
    outer loop
      vertex 0.923879 18.6173 34
      vertex 0.881921 18.5286 33.4
      vertex 0.881921 18.5286 34
    endloop
  endfacet
  facet normal -0.595968 -0.803008 0
    outer loop
      vertex 0.55557 19.8315 33.4
      vertex 0.634393 19.773 34
      vertex 0.55557 19.8315 34
    endloop
  endfacet
  facet normal -0.595968 -0.803008 -0
    outer loop
      vertex 0.634393 19.773 34
      vertex 0.55557 19.8315 33.4
      vertex 0.634393 19.773 33.4
    endloop
  endfacet
  facet normal 0.513713 0.857962 -0
    outer loop
      vertex -0.471396 18.1181 33.4
      vertex -0.55557 18.1685 34
      vertex -0.471396 18.1181 34
    endloop
  endfacet
  facet normal 0.513713 0.857962 0
    outer loop
      vertex -0.55557 18.1685 34
      vertex -0.471396 18.1181 33.4
      vertex -0.55557 18.1685 33.4
    endloop
  endfacet
  facet normal -0.513713 -0.857962 0
    outer loop
      vertex 0.471396 19.8819 33.4
      vertex 0.55557 19.8315 34
      vertex 0.471396 19.8819 34
    endloop
  endfacet
  facet normal -0.513713 -0.857962 -0
    outer loop
      vertex 0.55557 19.8315 34
      vertex 0.471396 19.8819 33.4
      vertex 0.55557 19.8315 33.4
    endloop
  endfacet
  facet normal -0.146736 0.989176 0
    outer loop
      vertex 0.19509 18.0192 33.4
      vertex 0.0980167 18.0048 34
      vertex 0.19509 18.0192 34
    endloop
  endfacet
  facet normal -0.146736 0.989176 0
    outer loop
      vertex 0.0980167 18.0048 34
      vertex 0.19509 18.0192 33.4
      vertex 0.0980167 18.0048 33.4
    endloop
  endfacet
  facet normal -0.941545 -0.336888 0
    outer loop
      vertex 0.95694 19.2903 33.4
      vertex 0.923879 19.3827 34
      vertex 0.923879 19.3827 33.4
    endloop
  endfacet
  facet normal -0.941545 -0.336888 0
    outer loop
      vertex 0.923879 19.3827 34
      vertex 0.95694 19.2903 33.4
      vertex 0.95694 19.2903 34
    endloop
  endfacet
  facet normal -0.857803 0.513979 0
    outer loop
      vertex 0.83147 18.4444 33.4
      vertex 0.881921 18.5286 34
      vertex 0.881921 18.5286 33.4
    endloop
  endfacet
  facet normal -0.857803 0.513979 0
    outer loop
      vertex 0.881921 18.5286 34
      vertex 0.83147 18.4444 33.4
      vertex 0.83147 18.4444 34
    endloop
  endfacet
  facet normal 0.998795 0.0490836 0
    outer loop
      vertex -0.995184 18.902 34
      vertex -1 19 33.4
      vertex -1 19 34
    endloop
  endfacet
  facet normal 0.998795 0.0490836 0
    outer loop
      vertex -1 19 33.4
      vertex -0.995184 18.902 34
      vertex -0.995184 18.902 33.4
    endloop
  endfacet
  facet normal -0.941545 0.336888 0
    outer loop
      vertex 0.923879 18.6173 33.4
      vertex 0.95694 18.7097 34
      vertex 0.95694 18.7097 33.4
    endloop
  endfacet
  facet normal -0.941545 0.336888 0
    outer loop
      vertex 0.95694 18.7097 34
      vertex 0.923879 18.6173 33.4
      vertex 0.923879 18.6173 34
    endloop
  endfacet
  facet normal 0.146736 -0.989176 0
    outer loop
      vertex -0.19509 19.9808 33.4
      vertex -0.0980167 19.9952 34
      vertex -0.19509 19.9808 34
    endloop
  endfacet
  facet normal 0.146736 -0.989176 0
    outer loop
      vertex -0.0980167 19.9952 34
      vertex -0.19509 19.9808 33.4
      vertex -0.0980167 19.9952 33.4
    endloop
  endfacet
  facet normal -0.740892 -0.671624 0
    outer loop
      vertex 0.77301 19.6344 33.4
      vertex 0.707107 19.7071 34
      vertex 0.707107 19.7071 33.4
    endloop
  endfacet
  facet normal -0.740892 -0.671624 0
    outer loop
      vertex 0.707107 19.7071 34
      vertex 0.77301 19.6344 33.4
      vertex 0.77301 19.6344 34
    endloop
  endfacet
  facet normal -0.0489126 -0.998803 0
    outer loop
      vertex 0 20 33.4
      vertex 0.0980167 19.9952 34
      vertex 0 20 34
    endloop
  endfacet
  facet normal -0.0489126 -0.998803 -0
    outer loop
      vertex 0.0980167 19.9952 34
      vertex 0 20 33.4
      vertex 0.0980167 19.9952 33.4
    endloop
  endfacet
  facet normal -0.903966 -0.427605 0
    outer loop
      vertex 0.923879 19.3827 33.4
      vertex 0.881921 19.4714 34
      vertex 0.881921 19.4714 33.4
    endloop
  endfacet
  facet normal -0.903966 -0.427605 0
    outer loop
      vertex 0.881921 19.4714 34
      vertex 0.923879 19.3827 33.4
      vertex 0.923879 19.3827 34
    endloop
  endfacet
  facet normal 0.146736 0.989176 -0
    outer loop
      vertex -0.0980167 18.0048 33.4
      vertex -0.19509 18.0192 34
      vertex -0.0980167 18.0048 34
    endloop
  endfacet
  facet normal 0.146736 0.989176 0
    outer loop
      vertex -0.19509 18.0192 34
      vertex -0.0980167 18.0048 33.4
      vertex -0.19509 18.0192 33.4
    endloop
  endfacet
  facet normal -0.671536 0.740972 0
    outer loop
      vertex 0.707107 18.2929 33.4
      vertex 0.634393 18.227 34
      vertex 0.707107 18.2929 34
    endloop
  endfacet
  facet normal -0.671536 0.740972 0
    outer loop
      vertex 0.634393 18.227 34
      vertex 0.707107 18.2929 33.4
      vertex 0.634393 18.227 33.4
    endloop
  endfacet
  facet normal -0.857803 -0.513979 0
    outer loop
      vertex 0.881921 19.4714 33.4
      vertex 0.83147 19.5556 34
      vertex 0.83147 19.5556 33.4
    endloop
  endfacet
  facet normal -0.857803 -0.513979 0
    outer loop
      vertex 0.83147 19.5556 34
      vertex 0.881921 19.4714 33.4
      vertex 0.881921 19.4714 34
    endloop
  endfacet
  facet normal 0.0489126 0.998803 -0
    outer loop
      vertex 0 18 33.4
      vertex -0.0980167 18.0048 34
      vertex 0 18 34
    endloop
  endfacet
  facet normal 0.0489126 0.998803 0
    outer loop
      vertex -0.0980167 18.0048 34
      vertex 0 18 33.4
      vertex -0.0980167 18.0048 33.4
    endloop
  endfacet
  facet normal 0.740892 -0.671624 0
    outer loop
      vertex -0.77301 19.6344 34
      vertex -0.707107 19.7071 33.4
      vertex -0.707107 19.7071 34
    endloop
  endfacet
  facet normal 0.740892 -0.671624 0
    outer loop
      vertex -0.707107 19.7071 33.4
      vertex -0.77301 19.6344 34
      vertex -0.77301 19.6344 33.4
    endloop
  endfacet
  facet normal 0.903966 -0.427605 0
    outer loop
      vertex -0.923879 19.3827 34
      vertex -0.881921 19.4714 33.4
      vertex -0.881921 19.4714 34
    endloop
  endfacet
  facet normal 0.903966 -0.427605 0
    outer loop
      vertex -0.881921 19.4714 33.4
      vertex -0.923879 19.3827 34
      vertex -0.923879 19.3827 33.4
    endloop
  endfacet
  facet normal 0.671536 0.740972 -0
    outer loop
      vertex -0.634393 18.227 33.4
      vertex -0.707107 18.2929 34
      vertex -0.634393 18.227 34
    endloop
  endfacet
  facet normal 0.671536 0.740972 0
    outer loop
      vertex -0.707107 18.2929 34
      vertex -0.634393 18.227 33.4
      vertex -0.707107 18.2929 33.4
    endloop
  endfacet
  facet normal 0.970037 -0.242958 0
    outer loop
      vertex -0.980784 19.1951 34
      vertex -0.95694 19.2903 33.4
      vertex -0.95694 19.2903 34
    endloop
  endfacet
  facet normal 0.970037 -0.242958 0
    outer loop
      vertex -0.95694 19.2903 33.4
      vertex -0.980784 19.1951 34
      vertex -0.980784 19.1951 33.4
    endloop
  endfacet
  facet normal -0.243509 -0.969899 0
    outer loop
      vertex 0.19509 19.9808 33.4
      vertex 0.290284 19.9569 34
      vertex 0.19509 19.9808 34
    endloop
  endfacet
  facet normal -0.243509 -0.969899 -0
    outer loop
      vertex 0.290284 19.9569 34
      vertex 0.19509 19.9808 33.4
      vertex 0.290284 19.9569 33.4
    endloop
  endfacet
  facet normal 0.970037 0.242958 0
    outer loop
      vertex -0.95694 18.7097 34
      vertex -0.980784 18.8049 33.4
      vertex -0.980784 18.8049 34
    endloop
  endfacet
  facet normal 0.970037 0.242958 0
    outer loop
      vertex -0.980784 18.8049 33.4
      vertex -0.95694 18.7097 34
      vertex -0.95694 18.7097 33.4
    endloop
  endfacet
  facet normal 0.427904 0.903824 -0
    outer loop
      vertex -0.382683 18.0761 33.4
      vertex -0.471396 18.1181 34
      vertex -0.382683 18.0761 34
    endloop
  endfacet
  facet normal 0.427904 0.903824 0
    outer loop
      vertex -0.471396 18.1181 34
      vertex -0.382683 18.0761 33.4
      vertex -0.471396 18.1181 33.4
    endloop
  endfacet
  facet normal 0.740892 0.671624 0
    outer loop
      vertex -0.707107 18.2929 34
      vertex -0.77301 18.3656 33.4
      vertex -0.77301 18.3656 34
    endloop
  endfacet
  facet normal 0.740892 0.671624 0
    outer loop
      vertex -0.77301 18.3656 33.4
      vertex -0.707107 18.2929 34
      vertex -0.707107 18.2929 33.4
    endloop
  endfacet
  facet normal -0.427904 0.903824 0
    outer loop
      vertex 0.471396 18.1181 33.4
      vertex 0.382683 18.0761 34
      vertex 0.471396 18.1181 34
    endloop
  endfacet
  facet normal -0.427904 0.903824 0
    outer loop
      vertex 0.382683 18.0761 34
      vertex 0.471396 18.1181 33.4
      vertex 0.382683 18.0761 33.4
    endloop
  endfacet
  facet normal -0.0489126 0.998803 0
    outer loop
      vertex 0.0980167 18.0048 33.4
      vertex 0 18 34
      vertex 0.0980167 18.0048 34
    endloop
  endfacet
  facet normal -0.0489126 0.998803 0
    outer loop
      vertex 0 18 34
      vertex 0.0980167 18.0048 33.4
      vertex 0 18 33.4
    endloop
  endfacet
  facet normal 0.989182 0.146696 0
    outer loop
      vertex -0.980784 18.8049 34
      vertex -0.995184 18.902 33.4
      vertex -0.995184 18.902 34
    endloop
  endfacet
  facet normal 0.989182 0.146696 0
    outer loop
      vertex -0.995184 18.902 33.4
      vertex -0.980784 18.8049 34
      vertex -0.980784 18.8049 33.4
    endloop
  endfacet
  facet normal -0.595968 0.803008 0
    outer loop
      vertex 0.634393 18.227 33.4
      vertex 0.55557 18.1685 34
      vertex 0.634393 18.227 34
    endloop
  endfacet
  facet normal -0.595968 0.803008 0
    outer loop
      vertex 0.55557 18.1685 34
      vertex 0.634393 18.227 33.4
      vertex 0.55557 18.1685 33.4
    endloop
  endfacet
  facet normal 0.80312 0.595817 0
    outer loop
      vertex -0.77301 18.3656 34
      vertex -0.83147 18.4444 33.4
      vertex -0.83147 18.4444 34
    endloop
  endfacet
  facet normal 0.80312 0.595817 0
    outer loop
      vertex -0.83147 18.4444 33.4
      vertex -0.77301 18.3656 34
      vertex -0.77301 18.3656 33.4
    endloop
  endfacet
  facet normal 0.998795 -0.0490836 0
    outer loop
      vertex -1 19 34
      vertex -0.995184 19.098 33.4
      vertex -0.995184 19.098 34
    endloop
  endfacet
  facet normal 0.998795 -0.0490836 0
    outer loop
      vertex -0.995184 19.098 33.4
      vertex -1 19 34
      vertex -1 19 33.4
    endloop
  endfacet
  facet normal 0 0 1
    outer loop
      vertex 0.995184 19.098 33.4
      vertex 0.995184 18.902 33.4
      vertex 1 19 33.4
    endloop
  endfacet
  facet normal 0 0 1
    outer loop
      vertex 0.980784 19.1951 33.4
      vertex 0.995184 18.902 33.4
      vertex 0.995184 19.098 33.4
    endloop
  endfacet
  facet normal 0 0 1
    outer loop
      vertex 0.980784 19.1951 33.4
      vertex 0.980784 18.8049 33.4
      vertex 0.995184 18.902 33.4
    endloop
  endfacet
  facet normal 0 0 1
    outer loop
      vertex 0.95694 19.2903 33.4
      vertex 0.980784 18.8049 33.4
      vertex 0.980784 19.1951 33.4
    endloop
  endfacet
  facet normal 0 0 1
    outer loop
      vertex 0.95694 19.2903 33.4
      vertex 0.95694 18.7097 33.4
      vertex 0.980784 18.8049 33.4
    endloop
  endfacet
  facet normal 0 0 1
    outer loop
      vertex 0.923879 19.3827 33.4
      vertex 0.95694 18.7097 33.4
      vertex 0.95694 19.2903 33.4
    endloop
  endfacet
  facet normal 0 0 1
    outer loop
      vertex 0.923879 19.3827 33.4
      vertex 0.923879 18.6173 33.4
      vertex 0.95694 18.7097 33.4
    endloop
  endfacet
  facet normal 0 0 1
    outer loop
      vertex 0.881921 19.4714 33.4
      vertex 0.923879 18.6173 33.4
      vertex 0.923879 19.3827 33.4
    endloop
  endfacet
  facet normal 0 0 1
    outer loop
      vertex 0.881921 19.4714 33.4
      vertex 0.881921 18.5286 33.4
      vertex 0.923879 18.6173 33.4
    endloop
  endfacet
  facet normal 0 0 1
    outer loop
      vertex 0.83147 19.5556 33.4
      vertex 0.881921 18.5286 33.4
      vertex 0.881921 19.4714 33.4
    endloop
  endfacet
  facet normal 0 0 1
    outer loop
      vertex 0.83147 19.5556 33.4
      vertex 0.83147 18.4444 33.4
      vertex 0.881921 18.5286 33.4
    endloop
  endfacet
  facet normal 0 0 1
    outer loop
      vertex 0.77301 19.6344 33.4
      vertex 0.83147 18.4444 33.4
      vertex 0.83147 19.5556 33.4
    endloop
  endfacet
  facet normal 0 0 1
    outer loop
      vertex 0.77301 19.6344 33.4
      vertex 0.77301 18.3656 33.4
      vertex 0.83147 18.4444 33.4
    endloop
  endfacet
  facet normal 0 0 1
    outer loop
      vertex 0.707107 19.7071 33.4
      vertex 0.77301 18.3656 33.4
      vertex 0.77301 19.6344 33.4
    endloop
  endfacet
  facet normal 0 0 1
    outer loop
      vertex 0.707107 19.7071 33.4
      vertex 0.707107 18.2929 33.4
      vertex 0.77301 18.3656 33.4
    endloop
  endfacet
  facet normal 0 0 1
    outer loop
      vertex 0.634393 19.773 33.4
      vertex 0.707107 18.2929 33.4
      vertex 0.707107 19.7071 33.4
    endloop
  endfacet
  facet normal 0 0 1
    outer loop
      vertex 0.634393 19.773 33.4
      vertex 0.634393 18.227 33.4
      vertex 0.707107 18.2929 33.4
    endloop
  endfacet
  facet normal 0 0 1
    outer loop
      vertex 0.55557 19.8315 33.4
      vertex 0.634393 18.227 33.4
      vertex 0.634393 19.773 33.4
    endloop
  endfacet
  facet normal 0 0 1
    outer loop
      vertex 0.55557 19.8315 33.4
      vertex 0.55557 18.1685 33.4
      vertex 0.634393 18.227 33.4
    endloop
  endfacet
  facet normal 0 0 1
    outer loop
      vertex 0.471396 19.8819 33.4
      vertex 0.55557 18.1685 33.4
      vertex 0.55557 19.8315 33.4
    endloop
  endfacet
  facet normal 0 0 1
    outer loop
      vertex 0.471396 19.8819 33.4
      vertex 0.471396 18.1181 33.4
      vertex 0.55557 18.1685 33.4
    endloop
  endfacet
  facet normal 0 0 1
    outer loop
      vertex 0.382683 19.9239 33.4
      vertex 0.471396 18.1181 33.4
      vertex 0.471396 19.8819 33.4
    endloop
  endfacet
  facet normal 0 0 1
    outer loop
      vertex 0.382683 19.9239 33.4
      vertex 0.382683 18.0761 33.4
      vertex 0.471396 18.1181 33.4
    endloop
  endfacet
  facet normal 0 0 1
    outer loop
      vertex 0.290284 19.9569 33.4
      vertex 0.382683 18.0761 33.4
      vertex 0.382683 19.9239 33.4
    endloop
  endfacet
  facet normal 0 0 1
    outer loop
      vertex 0.290284 19.9569 33.4
      vertex 0.290284 18.0431 33.4
      vertex 0.382683 18.0761 33.4
    endloop
  endfacet
  facet normal 0 0 1
    outer loop
      vertex 0.19509 19.9808 33.4
      vertex 0.290284 18.0431 33.4
      vertex 0.290284 19.9569 33.4
    endloop
  endfacet
  facet normal 0 0 1
    outer loop
      vertex 0.19509 19.9808 33.4
      vertex 0.19509 18.0192 33.4
      vertex 0.290284 18.0431 33.4
    endloop
  endfacet
  facet normal 0 0 1
    outer loop
      vertex 0.0980167 19.9952 33.4
      vertex 0.19509 18.0192 33.4
      vertex 0.19509 19.9808 33.4
    endloop
  endfacet
  facet normal 0 0 1
    outer loop
      vertex 0.0980167 19.9952 33.4
      vertex 0.0980167 18.0048 33.4
      vertex 0.19509 18.0192 33.4
    endloop
  endfacet
  facet normal 0 0 1
    outer loop
      vertex 0 20 33.4
      vertex 0.0980167 18.0048 33.4
      vertex 0.0980167 19.9952 33.4
    endloop
  endfacet
  facet normal 0 0 1
    outer loop
      vertex 0 20 33.4
      vertex 0 18 33.4
      vertex 0.0980167 18.0048 33.4
    endloop
  endfacet
  facet normal -0 0 1
    outer loop
      vertex -0.0980167 19.9952 33.4
      vertex 0 18 33.4
      vertex 0 20 33.4
    endloop
  endfacet
  facet normal 0 0 1
    outer loop
      vertex -0.0980167 19.9952 33.4
      vertex -0.0980167 18.0048 33.4
      vertex 0 18 33.4
    endloop
  endfacet
  facet normal -0 0 1
    outer loop
      vertex -0.19509 19.9808 33.4
      vertex -0.0980167 18.0048 33.4
      vertex -0.0980167 19.9952 33.4
    endloop
  endfacet
  facet normal 0 0 1
    outer loop
      vertex -0.19509 19.9808 33.4
      vertex -0.19509 18.0192 33.4
      vertex -0.0980167 18.0048 33.4
    endloop
  endfacet
  facet normal -0 0 1
    outer loop
      vertex -0.290284 19.9569 33.4
      vertex -0.19509 18.0192 33.4
      vertex -0.19509 19.9808 33.4
    endloop
  endfacet
  facet normal 0 0 1
    outer loop
      vertex -0.290284 19.9569 33.4
      vertex -0.290284 18.0431 33.4
      vertex -0.19509 18.0192 33.4
    endloop
  endfacet
  facet normal -0 0 1
    outer loop
      vertex -0.382683 19.9239 33.4
      vertex -0.290284 18.0431 33.4
      vertex -0.290284 19.9569 33.4
    endloop
  endfacet
  facet normal 0 0 1
    outer loop
      vertex -0.382683 19.9239 33.4
      vertex -0.382683 18.0761 33.4
      vertex -0.290284 18.0431 33.4
    endloop
  endfacet
  facet normal -0 0 1
    outer loop
      vertex -0.471396 19.8819 33.4
      vertex -0.382683 18.0761 33.4
      vertex -0.382683 19.9239 33.4
    endloop
  endfacet
  facet normal 0 0 1
    outer loop
      vertex -0.471396 19.8819 33.4
      vertex -0.471396 18.1181 33.4
      vertex -0.382683 18.0761 33.4
    endloop
  endfacet
  facet normal -0 0 1
    outer loop
      vertex -0.55557 19.8315 33.4
      vertex -0.471396 18.1181 33.4
      vertex -0.471396 19.8819 33.4
    endloop
  endfacet
  facet normal 0 0 1
    outer loop
      vertex -0.55557 19.8315 33.4
      vertex -0.55557 18.1685 33.4
      vertex -0.471396 18.1181 33.4
    endloop
  endfacet
  facet normal -0 0 1
    outer loop
      vertex -0.634393 19.773 33.4
      vertex -0.55557 18.1685 33.4
      vertex -0.55557 19.8315 33.4
    endloop
  endfacet
  facet normal 0 0 1
    outer loop
      vertex -0.634393 19.773 33.4
      vertex -0.634393 18.227 33.4
      vertex -0.55557 18.1685 33.4
    endloop
  endfacet
  facet normal -0 0 1
    outer loop
      vertex -0.707107 19.7071 33.4
      vertex -0.634393 18.227 33.4
      vertex -0.634393 19.773 33.4
    endloop
  endfacet
  facet normal 0 0 1
    outer loop
      vertex -0.707107 19.7071 33.4
      vertex -0.707107 18.2929 33.4
      vertex -0.634393 18.227 33.4
    endloop
  endfacet
  facet normal -0 0 1
    outer loop
      vertex -0.77301 19.6344 33.4
      vertex -0.707107 18.2929 33.4
      vertex -0.707107 19.7071 33.4
    endloop
  endfacet
  facet normal 0 0 1
    outer loop
      vertex -0.77301 19.6344 33.4
      vertex -0.77301 18.3656 33.4
      vertex -0.707107 18.2929 33.4
    endloop
  endfacet
  facet normal -0 0 1
    outer loop
      vertex -0.83147 19.5556 33.4
      vertex -0.77301 18.3656 33.4
      vertex -0.77301 19.6344 33.4
    endloop
  endfacet
  facet normal 0 0 1
    outer loop
      vertex -0.83147 19.5556 33.4
      vertex -0.83147 18.4444 33.4
      vertex -0.77301 18.3656 33.4
    endloop
  endfacet
  facet normal -0 0 1
    outer loop
      vertex -0.881921 19.4714 33.4
      vertex -0.83147 18.4444 33.4
      vertex -0.83147 19.5556 33.4
    endloop
  endfacet
  facet normal 0 0 1
    outer loop
      vertex -0.881921 19.4714 33.4
      vertex -0.881921 18.5286 33.4
      vertex -0.83147 18.4444 33.4
    endloop
  endfacet
  facet normal -0 0 1
    outer loop
      vertex -0.923879 19.3827 33.4
      vertex -0.881921 18.5286 33.4
      vertex -0.881921 19.4714 33.4
    endloop
  endfacet
  facet normal 0 0 1
    outer loop
      vertex -0.923879 19.3827 33.4
      vertex -0.923879 18.6173 33.4
      vertex -0.881921 18.5286 33.4
    endloop
  endfacet
  facet normal -0 0 1
    outer loop
      vertex -0.95694 19.2903 33.4
      vertex -0.923879 18.6173 33.4
      vertex -0.923879 19.3827 33.4
    endloop
  endfacet
  facet normal 0 0 1
    outer loop
      vertex -0.95694 19.2903 33.4
      vertex -0.95694 18.7097 33.4
      vertex -0.923879 18.6173 33.4
    endloop
  endfacet
  facet normal -0 0 1
    outer loop
      vertex -0.980784 19.1951 33.4
      vertex -0.95694 18.7097 33.4
      vertex -0.95694 19.2903 33.4
    endloop
  endfacet
  facet normal 0 0 1
    outer loop
      vertex -0.980784 19.1951 33.4
      vertex -0.980784 18.8049 33.4
      vertex -0.95694 18.7097 33.4
    endloop
  endfacet
  facet normal -0 0 1
    outer loop
      vertex -0.995184 19.098 33.4
      vertex -0.980784 18.8049 33.4
      vertex -0.980784 19.1951 33.4
    endloop
  endfacet
  facet normal 0 0 1
    outer loop
      vertex -0.995184 19.098 33.4
      vertex -0.995184 18.902 33.4
      vertex -0.980784 18.8049 33.4
    endloop
  endfacet
  facet normal 0 -0 1
    outer loop
      vertex -0.995184 18.902 33.4
      vertex -0.995184 19.098 33.4
      vertex -1 19 33.4
    endloop
  endfacet
  facet normal -0.740892 0.671624 0
    outer loop
      vertex 0.707107 18.2929 33.4
      vertex 0.77301 18.3656 34
      vertex 0.77301 18.3656 33.4
    endloop
  endfacet
  facet normal -0.740892 0.671624 0
    outer loop
      vertex 0.77301 18.3656 34
      vertex 0.707107 18.2929 33.4
      vertex 0.707107 18.2929 34
    endloop
  endfacet
  facet normal 0.595678 -0.803223 0
    outer loop
      vertex 12.2225 -18.2923 50.5
      vertex 13.9567 -17.0062 54.5
      vertex 12.2225 -18.2923 54.5
    endloop
  endfacet
  facet normal 0.595678 -0.803223 0
    outer loop
      vertex 13.9567 -17.0062 54.5
      vertex 12.2225 -18.2923 50.5
      vertex 13.9567 -17.0062 50.5
    endloop
  endfacet
  facet normal 0.427528 -0.904002 0
    outer loop
      vertex 8.41903 -20.3253 50.5
      vertex 10.3707 -19.4023 54.5
      vertex 8.41903 -20.3253 54.5
    endloop
  endfacet
  facet normal 0.427528 -0.904002 0
    outer loop
      vertex 10.3707 -19.4023 54.5
      vertex 8.41903 -20.3253 50.5
      vertex 10.3707 -19.4023 50.5
    endloop
  endfacet
  facet normal -0.671586 -0.740926 0
    outer loop
      vertex -15.5563 -15.5563 50.5
      vertex -13.9567 -17.0062 54.5
      vertex -15.5563 -15.5563 54.5
    endloop
  endfacet
  facet normal -0.671586 -0.740926 -0
    outer loop
      vertex -13.9567 -17.0062 54.5
      vertex -15.5563 -15.5563 50.5
      vertex -13.9567 -17.0062 50.5
    endloop
  endfacet
  facet normal 0.514128 0.857714 -0
    outer loop
      vertex 12.2225 18.2923 50.5
      vertex 10.3707 19.4023 54.5
      vertex 12.2225 18.2923 54.5
    endloop
  endfacet
  facet normal 0.514128 0.857714 0
    outer loop
      vertex 10.3707 19.4023 54.5
      vertex 12.2225 18.2923 50.5
      vertex 10.3707 19.4023 50.5
    endloop
  endfacet
  facet normal -0.146736 -0.989176 0
    outer loop
      vertex -4.29199 -21.5773 50.5
      vertex -2.15638 -21.8941 54.5
      vertex -4.29199 -21.5773 54.5
    endloop
  endfacet
  facet normal -0.146736 -0.989176 -0
    outer loop
      vertex -2.15638 -21.8941 54.5
      vertex -4.29199 -21.5773 50.5
      vertex -2.15638 -21.8941 50.5
    endloop
  endfacet
  facet normal -0.242986 0.97003 0
    outer loop
      vertex -4.29199 21.5773 50.5
      vertex -6.38626 21.0527 54.5
      vertex -4.29199 21.5773 54.5
    endloop
  endfacet
  facet normal -0.242986 0.97003 0
    outer loop
      vertex -6.38626 21.0527 54.5
      vertex -4.29199 21.5773 50.5
      vertex -6.38626 21.0527 50.5
    endloop
  endfacet
  facet normal 0.740926 0.671586 0
    outer loop
      vertex 17.0062 13.9567 54.5
      vertex 15.5563 15.5563 50.5
      vertex 15.5563 15.5563 54.5
    endloop
  endfacet
  facet normal 0.740926 0.671586 0
    outer loop
      vertex 15.5563 15.5563 50.5
      vertex 17.0062 13.9567 54.5
      vertex 17.0062 13.9567 50.5
    endloop
  endfacet
  facet normal -0.97003 -0.242986 0
    outer loop
      vertex -21.0527 -6.38626 50.5
      vertex -21.5773 -4.29199 54.5
      vertex -21.5773 -4.29199 50.5
    endloop
  endfacet
  facet normal -0.97003 -0.242986 0
    outer loop
      vertex -21.5773 -4.29199 54.5
      vertex -21.0527 -6.38626 50.5
      vertex -21.0527 -6.38626 54.5
    endloop
  endfacet
  facet normal 0.857704 0.514143 0
    outer loop
      vertex 19 11.0419 54.5
      vertex 18.2923 12.2225 50.5
      vertex 18.2923 12.2225 54.5
    endloop
  endfacet
  facet normal 0.857704 0.514143 0
    outer loop
      vertex 18.2923 12.2225 50.5
      vertex 19 11.0419 54.5
      vertex 19 11.0419 50.5
    endloop
  endfacet
  facet normal 0.671586 0.740926 -0
    outer loop
      vertex 15.5563 15.5563 50.5
      vertex 13.9567 17.0062 54.5
      vertex 15.5563 15.5563 54.5
    endloop
  endfacet
  facet normal 0.671586 0.740926 0
    outer loop
      vertex 13.9567 17.0062 54.5
      vertex 15.5563 15.5563 50.5
      vertex 13.9567 17.0062 50.5
    endloop
  endfacet
  facet normal -0.941535 -0.336916 0
    outer loop
      vertex -20.3253 -8.41903 50.5
      vertex -21.0527 -6.38626 54.5
      vertex -21.0527 -6.38626 50.5
    endloop
  endfacet
  facet normal -0.941535 -0.336916 0
    outer loop
      vertex -21.0527 -6.38626 54.5
      vertex -20.3253 -8.41903 50.5
      vertex -20.3253 -8.41903 54.5
    endloop
  endfacet
  facet normal 0.336916 -0.941535 0
    outer loop
      vertex 6.38626 -21.0527 50.5
      vertex 8.41903 -20.3253 54.5
      vertex 6.38626 -21.0527 54.5
    endloop
  endfacet
  facet normal 0.336916 -0.941535 0
    outer loop
      vertex 8.41903 -20.3253 54.5
      vertex 6.38626 -21.0527 50.5
      vertex 8.41903 -20.3253 50.5
    endloop
  endfacet
  facet normal -0.998796 -0.049051 0
    outer loop
      vertex -21.8941 -2.15638 50.5
      vertex -22 0 54.5
      vertex -22 0 50.5
    endloop
  endfacet
  facet normal -0.998796 -0.049051 0
    outer loop
      vertex -22 0 54.5
      vertex -21.8941 -2.15638 50.5
      vertex -21.8941 -2.15638 54.5
    endloop
  endfacet
  facet normal -0.049051 0.998796 0
    outer loop
      vertex 0 22 50.5
      vertex -2.15638 21.8941 54.5
      vertex 0 22 54.5
    endloop
  endfacet
  facet normal -0.049051 0.998796 0
    outer loop
      vertex -2.15638 21.8941 54.5
      vertex 0 22 50.5
      vertex -2.15638 21.8941 50.5
    endloop
  endfacet
  facet normal 0.595678 0.803223 -0
    outer loop
      vertex 13.9567 17.0062 50.5
      vertex 12.2225 18.2923 54.5
      vertex 13.9567 17.0062 54.5
    endloop
  endfacet
  facet normal 0.595678 0.803223 0
    outer loop
      vertex 12.2225 18.2923 54.5
      vertex 13.9567 17.0062 50.5
      vertex 12.2225 18.2923 50.5
    endloop
  endfacet
  facet normal -0.336916 -0.941535 0
    outer loop
      vertex -8.41903 -20.3253 50.5
      vertex -6.38626 -21.0527 54.5
      vertex -8.41903 -20.3253 54.5
    endloop
  endfacet
  facet normal -0.336916 -0.941535 -0
    outer loop
      vertex -6.38626 -21.0527 54.5
      vertex -8.41903 -20.3253 50.5
      vertex -6.38626 -21.0527 50.5
    endloop
  endfacet
  facet normal -0.049051 -0.998796 0
    outer loop
      vertex -2.15638 -21.8941 50.5
      vertex 0 -22 54.5
      vertex -2.15638 -21.8941 54.5
    endloop
  endfacet
  facet normal -0.049051 -0.998796 -0
    outer loop
      vertex 0 -22 54.5
      vertex -2.15638 -21.8941 50.5
      vertex 0 -22 50.5
    endloop
  endfacet
  facet normal 0.049051 -0.998796 0
    outer loop
      vertex 0 -22 50.5
      vertex 2.15638 -21.8941 54.5
      vertex 0 -22 54.5
    endloop
  endfacet
  facet normal 0.049051 -0.998796 0
    outer loop
      vertex 2.15638 -21.8941 54.5
      vertex 0 -22 50.5
      vertex 2.15638 -21.8941 50.5
    endloop
  endfacet
  facet normal 0.803223 0.595678 0
    outer loop
      vertex 18.2923 12.2225 54.5
      vertex 17.0062 13.9567 50.5
      vertex 17.0062 13.9567 54.5
    endloop
  endfacet
  facet normal 0.803223 0.595678 0
    outer loop
      vertex 17.0062 13.9567 50.5
      vertex 18.2923 12.2225 54.5
      vertex 18.2923 12.2225 50.5
    endloop
  endfacet
  facet normal -0.671586 0.740926 0
    outer loop
      vertex -13.9567 17.0062 50.5
      vertex -15.5563 15.5563 54.5
      vertex -13.9567 17.0062 54.5
    endloop
  endfacet
  facet normal -0.671586 0.740926 0
    outer loop
      vertex -15.5563 15.5563 54.5
      vertex -13.9567 17.0062 50.5
      vertex -15.5563 15.5563 50.5
    endloop
  endfacet
  facet normal 0.146736 0.989176 -0
    outer loop
      vertex 4.29199 21.5773 50.5
      vertex 2.15638 21.8941 54.5
      vertex 4.29199 21.5773 54.5
    endloop
  endfacet
  facet normal 0.146736 0.989176 0
    outer loop
      vertex 2.15638 21.8941 54.5
      vertex 4.29199 21.5773 50.5
      vertex 2.15638 21.8941 50.5
    endloop
  endfacet
  facet normal 0.146736 -0.989176 0
    outer loop
      vertex 2.15638 -21.8941 50.5
      vertex 4.29199 -21.5773 54.5
      vertex 2.15638 -21.8941 54.5
    endloop
  endfacet
  facet normal 0.146736 -0.989176 0
    outer loop
      vertex 4.29199 -21.5773 54.5
      vertex 2.15638 -21.8941 50.5
      vertex 4.29199 -21.5773 50.5
    endloop
  endfacet
  facet normal 0.427528 0.904002 -0
    outer loop
      vertex 10.3707 19.4023 50.5
      vertex 8.41903 20.3253 54.5
      vertex 10.3707 19.4023 54.5
    endloop
  endfacet
  facet normal 0.427528 0.904002 0
    outer loop
      vertex 8.41903 20.3253 54.5
      vertex 10.3707 19.4023 50.5
      vertex 8.41903 20.3253 50.5
    endloop
  endfacet
  facet normal 0.740926 -0.671586 0
    outer loop
      vertex 15.5563 -15.5563 54.5
      vertex 17.0062 -13.9567 50.5
      vertex 17.0062 -13.9567 54.5
    endloop
  endfacet
  facet normal 0.740926 -0.671586 0
    outer loop
      vertex 17.0062 -13.9567 50.5
      vertex 15.5563 -15.5563 54.5
      vertex 15.5563 -15.5563 50.5
    endloop
  endfacet
  facet normal -0.740926 0.671586 0
    outer loop
      vertex -17.0062 13.9567 50.5
      vertex -15.5563 15.5563 54.5
      vertex -15.5563 15.5563 50.5
    endloop
  endfacet
  facet normal -0.740926 0.671586 0
    outer loop
      vertex -15.5563 15.5563 54.5
      vertex -17.0062 13.9567 50.5
      vertex -17.0062 13.9567 54.5
    endloop
  endfacet
  facet normal -0.857714 0.514128 0
    outer loop
      vertex -19.4023 10.3707 50.5
      vertex -18.2923 12.2225 54.5
      vertex -18.2923 12.2225 50.5
    endloop
  endfacet
  facet normal -0.857714 0.514128 0
    outer loop
      vertex -18.2923 12.2225 54.5
      vertex -19.4023 10.3707 50.5
      vertex -19.4023 10.3707 54.5
    endloop
  endfacet
  facet normal -0.514128 0.857714 0
    outer loop
      vertex -10.3707 19.4023 50.5
      vertex -12.2225 18.2923 54.5
      vertex -10.3707 19.4023 54.5
    endloop
  endfacet
  facet normal -0.514128 0.857714 0
    outer loop
      vertex -12.2225 18.2923 54.5
      vertex -10.3707 19.4023 50.5
      vertex -12.2225 18.2923 50.5
    endloop
  endfacet
  facet normal 0.514128 -0.857714 0
    outer loop
      vertex 10.3707 -19.4023 50.5
      vertex 12.2225 -18.2923 54.5
      vertex 10.3707 -19.4023 54.5
    endloop
  endfacet
  facet normal 0.514128 -0.857714 0
    outer loop
      vertex 12.2225 -18.2923 54.5
      vertex 10.3707 -19.4023 50.5
      vertex 12.2225 -18.2923 50.5
    endloop
  endfacet
  facet normal -0.941535 0.336916 0
    outer loop
      vertex -21.0527 6.38626 50.5
      vertex -20.3253 8.41903 54.5
      vertex -20.3253 8.41903 50.5
    endloop
  endfacet
  facet normal -0.941535 0.336916 0
    outer loop
      vertex -20.3253 8.41903 54.5
      vertex -21.0527 6.38626 50.5
      vertex -21.0527 6.38626 54.5
    endloop
  endfacet
  facet normal 0.336916 0.941535 -0
    outer loop
      vertex 8.41903 20.3253 50.5
      vertex 6.38626 21.0527 54.5
      vertex 8.41903 20.3253 54.5
    endloop
  endfacet
  facet normal 0.336916 0.941535 0
    outer loop
      vertex 6.38626 21.0527 54.5
      vertex 8.41903 20.3253 50.5
      vertex 6.38626 21.0527 50.5
    endloop
  endfacet
  facet normal 0.242986 0.97003 -0
    outer loop
      vertex 6.38626 21.0527 50.5
      vertex 4.29199 21.5773 54.5
      vertex 6.38626 21.0527 54.5
    endloop
  endfacet
  facet normal 0.242986 0.97003 0
    outer loop
      vertex 4.29199 21.5773 54.5
      vertex 6.38626 21.0527 50.5
      vertex 4.29199 21.5773 50.5
    endloop
  endfacet
  facet normal -0.427528 0.904002 0
    outer loop
      vertex -8.41903 20.3253 50.5
      vertex -10.3707 19.4023 54.5
      vertex -8.41903 20.3253 54.5
    endloop
  endfacet
  facet normal -0.427528 0.904002 0
    outer loop
      vertex -10.3707 19.4023 54.5
      vertex -8.41903 20.3253 50.5
      vertex -10.3707 19.4023 50.5
    endloop
  endfacet
  facet normal -0.595678 0.803223 0
    outer loop
      vertex -12.2225 18.2923 50.5
      vertex -13.9567 17.0062 54.5
      vertex -12.2225 18.2923 54.5
    endloop
  endfacet
  facet normal -0.595678 0.803223 0
    outer loop
      vertex -13.9567 17.0062 54.5
      vertex -12.2225 18.2923 50.5
      vertex -13.9567 17.0062 50.5
    endloop
  endfacet
  facet normal -0.146736 0.989176 0
    outer loop
      vertex -2.15638 21.8941 50.5
      vertex -4.29199 21.5773 54.5
      vertex -2.15638 21.8941 54.5
    endloop
  endfacet
  facet normal -0.146736 0.989176 0
    outer loop
      vertex -4.29199 21.5773 54.5
      vertex -2.15638 21.8941 50.5
      vertex -4.29199 21.5773 50.5
    endloop
  endfacet
  facet normal 0.242986 -0.97003 0
    outer loop
      vertex 4.29199 -21.5773 50.5
      vertex 6.38626 -21.0527 54.5
      vertex 4.29199 -21.5773 54.5
    endloop
  endfacet
  facet normal 0.242986 -0.97003 0
    outer loop
      vertex 6.38626 -21.0527 54.5
      vertex 4.29199 -21.5773 50.5
      vertex 6.38626 -21.0527 50.5
    endloop
  endfacet
  facet normal -0.904002 -0.427528 0
    outer loop
      vertex -19.4023 -10.3707 50.5
      vertex -20.3253 -8.41903 54.5
      vertex -20.3253 -8.41903 50.5
    endloop
  endfacet
  facet normal -0.904002 -0.427528 0
    outer loop
      vertex -20.3253 -8.41903 54.5
      vertex -19.4023 -10.3707 50.5
      vertex -19.4023 -10.3707 54.5
    endloop
  endfacet
  facet normal -0.97003 0.242986 0
    outer loop
      vertex -21.5773 4.29199 50.5
      vertex -21.0527 6.38626 54.5
      vertex -21.0527 6.38626 50.5
    endloop
  endfacet
  facet normal -0.97003 0.242986 0
    outer loop
      vertex -21.0527 6.38626 54.5
      vertex -21.5773 4.29199 50.5
      vertex -21.5773 4.29199 54.5
    endloop
  endfacet
  facet normal -0.740926 -0.671586 0
    outer loop
      vertex -15.5563 -15.5563 50.5
      vertex -17.0062 -13.9567 54.5
      vertex -17.0062 -13.9567 50.5
    endloop
  endfacet
  facet normal -0.740926 -0.671586 0
    outer loop
      vertex -17.0062 -13.9567 54.5
      vertex -15.5563 -15.5563 50.5
      vertex -15.5563 -15.5563 54.5
    endloop
  endfacet
  facet normal -0.336916 0.941535 0
    outer loop
      vertex -6.38626 21.0527 50.5
      vertex -8.41903 20.3253 54.5
      vertex -6.38626 21.0527 54.5
    endloop
  endfacet
  facet normal -0.336916 0.941535 0
    outer loop
      vertex -8.41903 20.3253 54.5
      vertex -6.38626 21.0527 50.5
      vertex -8.41903 20.3253 50.5
    endloop
  endfacet
  facet normal -0.989176 0.146736 0
    outer loop
      vertex -21.8941 2.15638 50.5
      vertex -21.5773 4.29199 54.5
      vertex -21.5773 4.29199 50.5
    endloop
  endfacet
  facet normal -0.989176 0.146736 0
    outer loop
      vertex -21.5773 4.29199 54.5
      vertex -21.8941 2.15638 50.5
      vertex -21.8941 2.15638 54.5
    endloop
  endfacet
  facet normal -0.998796 0.049051 0
    outer loop
      vertex -22 0 50.5
      vertex -21.8941 2.15638 54.5
      vertex -21.8941 2.15638 50.5
    endloop
  endfacet
  facet normal -0.998796 0.049051 0
    outer loop
      vertex -21.8941 2.15638 54.5
      vertex -22 0 50.5
      vertex -22 0 54.5
    endloop
  endfacet
  facet normal -0.803223 0.595678 0
    outer loop
      vertex -18.2923 12.2225 50.5
      vertex -17.0062 13.9567 54.5
      vertex -17.0062 13.9567 50.5
    endloop
  endfacet
  facet normal -0.803223 0.595678 0
    outer loop
      vertex -17.0062 13.9567 54.5
      vertex -18.2923 12.2225 50.5
      vertex -18.2923 12.2225 54.5
    endloop
  endfacet
  facet normal -0.803223 -0.595678 0
    outer loop
      vertex -17.0062 -13.9567 50.5
      vertex -18.2923 -12.2225 54.5
      vertex -18.2923 -12.2225 50.5
    endloop
  endfacet
  facet normal -0.803223 -0.595678 0
    outer loop
      vertex -18.2923 -12.2225 54.5
      vertex -17.0062 -13.9567 50.5
      vertex -17.0062 -13.9567 54.5
    endloop
  endfacet
  facet normal -0.989176 -0.146736 0
    outer loop
      vertex -21.5773 -4.29199 50.5
      vertex -21.8941 -2.15638 54.5
      vertex -21.8941 -2.15638 50.5
    endloop
  endfacet
  facet normal -0.989176 -0.146736 0
    outer loop
      vertex -21.8941 -2.15638 54.5
      vertex -21.5773 -4.29199 50.5
      vertex -21.5773 -4.29199 54.5
    endloop
  endfacet
  facet normal 0.049051 0.998796 -0
    outer loop
      vertex 2.15638 21.8941 50.5
      vertex 0 22 54.5
      vertex 2.15638 21.8941 54.5
    endloop
  endfacet
  facet normal 0.049051 0.998796 0
    outer loop
      vertex 0 22 54.5
      vertex 2.15638 21.8941 50.5
      vertex 0 22 50.5
    endloop
  endfacet
  facet normal 0.857704 -0.514143 0
    outer loop
      vertex 18.2923 -12.2225 54.5
      vertex 19 -11.0419 50.5
      vertex 19 -11.0419 54.5
    endloop
  endfacet
  facet normal 0.857704 -0.514143 0
    outer loop
      vertex 19 -11.0419 50.5
      vertex 18.2923 -12.2225 54.5
      vertex 18.2923 -12.2225 50.5
    endloop
  endfacet
  facet normal -0.514128 -0.857714 0
    outer loop
      vertex -12.2225 -18.2923 50.5
      vertex -10.3707 -19.4023 54.5
      vertex -12.2225 -18.2923 54.5
    endloop
  endfacet
  facet normal -0.514128 -0.857714 -0
    outer loop
      vertex -10.3707 -19.4023 54.5
      vertex -12.2225 -18.2923 50.5
      vertex -10.3707 -19.4023 50.5
    endloop
  endfacet
  facet normal -0.595678 -0.803223 0
    outer loop
      vertex -13.9567 -17.0062 50.5
      vertex -12.2225 -18.2923 54.5
      vertex -13.9567 -17.0062 54.5
    endloop
  endfacet
  facet normal -0.595678 -0.803223 -0
    outer loop
      vertex -12.2225 -18.2923 54.5
      vertex -13.9567 -17.0062 50.5
      vertex -12.2225 -18.2923 50.5
    endloop
  endfacet
  facet normal -0.427528 -0.904002 0
    outer loop
      vertex -10.3707 -19.4023 50.5
      vertex -8.41903 -20.3253 54.5
      vertex -10.3707 -19.4023 54.5
    endloop
  endfacet
  facet normal -0.427528 -0.904002 -0
    outer loop
      vertex -8.41903 -20.3253 54.5
      vertex -10.3707 -19.4023 50.5
      vertex -8.41903 -20.3253 50.5
    endloop
  endfacet
  facet normal 0.803223 -0.595678 0
    outer loop
      vertex 17.0062 -13.9567 54.5
      vertex 18.2923 -12.2225 50.5
      vertex 18.2923 -12.2225 54.5
    endloop
  endfacet
  facet normal 0.803223 -0.595678 0
    outer loop
      vertex 18.2923 -12.2225 50.5
      vertex 17.0062 -13.9567 54.5
      vertex 17.0062 -13.9567 50.5
    endloop
  endfacet
  facet normal -0.242986 -0.97003 0
    outer loop
      vertex -6.38626 -21.0527 50.5
      vertex -4.29199 -21.5773 54.5
      vertex -6.38626 -21.0527 54.5
    endloop
  endfacet
  facet normal -0.242986 -0.97003 -0
    outer loop
      vertex -4.29199 -21.5773 54.5
      vertex -6.38626 -21.0527 50.5
      vertex -4.29199 -21.5773 50.5
    endloop
  endfacet
  facet normal -0.857714 -0.514128 0
    outer loop
      vertex -18.2923 -12.2225 50.5
      vertex -19.4023 -10.3707 54.5
      vertex -19.4023 -10.3707 50.5
    endloop
  endfacet
  facet normal -0.857714 -0.514128 0
    outer loop
      vertex -19.4023 -10.3707 54.5
      vertex -18.2923 -12.2225 50.5
      vertex -18.2923 -12.2225 54.5
    endloop
  endfacet
  facet normal -0.904002 0.427528 0
    outer loop
      vertex -20.3253 8.41903 50.5
      vertex -19.4023 10.3707 54.5
      vertex -19.4023 10.3707 50.5
    endloop
  endfacet
  facet normal -0.904002 0.427528 0
    outer loop
      vertex -19.4023 10.3707 54.5
      vertex -20.3253 8.41903 50.5
      vertex -20.3253 8.41903 54.5
    endloop
  endfacet
  facet normal 0.671586 -0.740926 0
    outer loop
      vertex 13.9567 -17.0062 50.5
      vertex 15.5563 -15.5563 54.5
      vertex 13.9567 -17.0062 54.5
    endloop
  endfacet
  facet normal 0.671586 -0.740926 0
    outer loop
      vertex 15.5563 -15.5563 54.5
      vertex 13.9567 -17.0062 50.5
      vertex 15.5563 -15.5563 50.5
    endloop
  endfacet
  facet normal 0 0 -1
    outer loop
      vertex 15.3442 -10.1116 50.5
      vertex 5.23259 0 50.5
      vertex 15.3442 10.1116 50.5
    endloop
  endfacet
  facet normal 0 0 -1
    outer loop
      vertex 15.3442 -10.1116 50.5
      vertex 19 -11.0419 50.5
      vertex 18.2923 -12.2225 50.5
    endloop
  endfacet
  facet normal 0 0 -1
    outer loop
      vertex 19 -11.0419 50.5
      vertex 15.3442 -10.1116 50.5
      vertex 19 11.0419 50.5
    endloop
  endfacet
  facet normal 0 0 -1
    outer loop
      vertex 15.3442 -10.1116 50.5
      vertex 18.2923 -12.2225 50.5
      vertex 17.0062 -13.9567 50.5
    endloop
  endfacet
  facet normal 0 0 -1
    outer loop
      vertex 15.3442 10.1116 50.5
      vertex 19 11.0419 50.5
      vertex 15.3442 -10.1116 50.5
    endloop
  endfacet
  facet normal 0 0 -1
    outer loop
      vertex 15.3442 -10.1116 50.5
      vertex 17.0062 -13.9567 50.5
      vertex 15.5563 -15.5563 50.5
    endloop
  endfacet
  facet normal -0 0 -1
    outer loop
      vertex 19 11.0419 50.5
      vertex 15.3442 10.1116 50.5
      vertex 18.2923 12.2225 50.5
    endloop
  endfacet
  facet normal -0 0 -1
    outer loop
      vertex 18.2923 12.2225 50.5
      vertex 15.3442 10.1116 50.5
      vertex 17.0062 13.9567 50.5
    endloop
  endfacet
  facet normal 0 0 -1
    outer loop
      vertex 10.1116 -15.3442 50.5
      vertex 15.5563 -15.5563 50.5
      vertex 13.9567 -17.0062 50.5
    endloop
  endfacet
  facet normal 0 0 -1
    outer loop
      vertex 10.1116 -15.3442 50.5
      vertex 13.9567 -17.0062 50.5
      vertex 12.2225 -18.2923 50.5
    endloop
  endfacet
  facet normal 0 0 -1
    outer loop
      vertex 10.1116 -15.3442 50.5
      vertex 12.2225 -18.2923 50.5
      vertex 10.3707 -19.4023 50.5
    endloop
  endfacet
  facet normal 0 0 -1
    outer loop
      vertex 15.5563 -15.5563 50.5
      vertex 10.1116 -15.3442 50.5
      vertex 15.3442 -10.1116 50.5
    endloop
  endfacet
  facet normal 0 0 -1
    outer loop
      vertex 8.41903 -20.3253 50.5
      vertex 10.1116 -15.3442 50.5
      vertex 10.3707 -19.4023 50.5
    endloop
  endfacet
  facet normal 0 0 -1
    outer loop
      vertex 6.38626 -21.0527 50.5
      vertex 10.1116 -15.3442 50.5
      vertex 8.41903 -20.3253 50.5
    endloop
  endfacet
  facet normal 0 0 -1
    outer loop
      vertex 4.29199 -21.5773 50.5
      vertex 10.1116 -15.3442 50.5
      vertex 6.38626 -21.0527 50.5
    endloop
  endfacet
  facet normal 0 0 -1
    outer loop
      vertex 2.15638 -21.8941 50.5
      vertex 10.1116 -15.3442 50.5
      vertex 4.29199 -21.5773 50.5
    endloop
  endfacet
  facet normal 0 0 -1
    outer loop
      vertex 0 -5.23259 50.5
      vertex 2.15638 -21.8941 50.5
      vertex 0 -22 50.5
    endloop
  endfacet
  facet normal 0 0 -1
    outer loop
      vertex 2.15638 -21.8941 50.5
      vertex 0 -5.23259 50.5
      vertex 10.1116 -15.3442 50.5
    endloop
  endfacet
  facet normal 0 0 -1
    outer loop
      vertex -2.15638 -21.8941 50.5
      vertex 0 -5.23259 50.5
      vertex 0 -22 50.5
    endloop
  endfacet
  facet normal 0 0 -1
    outer loop
      vertex -10.1116 -15.3442 50.5
      vertex -2.15638 -21.8941 50.5
      vertex -4.29199 -21.5773 50.5
    endloop
  endfacet
  facet normal 0 0 -1
    outer loop
      vertex -10.1116 -15.3442 50.5
      vertex -4.29199 -21.5773 50.5
      vertex -6.38626 -21.0527 50.5
    endloop
  endfacet
  facet normal 0 0 -1
    outer loop
      vertex -10.1116 -15.3442 50.5
      vertex -6.38626 -21.0527 50.5
      vertex -8.41903 -20.3253 50.5
    endloop
  endfacet
  facet normal 0 0 -1
    outer loop
      vertex -2.15638 -21.8941 50.5
      vertex -10.1116 -15.3442 50.5
      vertex 0 -5.23259 50.5
    endloop
  endfacet
  facet normal 0 0 -1
    outer loop
      vertex -10.3707 -19.4023 50.5
      vertex -10.1116 -15.3442 50.5
      vertex -8.41903 -20.3253 50.5
    endloop
  endfacet
  facet normal 0 0 -1
    outer loop
      vertex -12.2225 -18.2923 50.5
      vertex -10.1116 -15.3442 50.5
      vertex -10.3707 -19.4023 50.5
    endloop
  endfacet
  facet normal 0 0 -1
    outer loop
      vertex -13.9567 -17.0062 50.5
      vertex -10.1116 -15.3442 50.5
      vertex -12.2225 -18.2923 50.5
    endloop
  endfacet
  facet normal 0 0 -1
    outer loop
      vertex -15.5563 -15.5563 50.5
      vertex -10.1116 -15.3442 50.5
      vertex -13.9567 -17.0062 50.5
    endloop
  endfacet
  facet normal 0 0 -1
    outer loop
      vertex -17.0062 -13.9567 50.5
      vertex -15.3442 -10.1116 50.5
      vertex -15.5563 -15.5563 50.5
    endloop
  endfacet
  facet normal -0 0 -1
    outer loop
      vertex -10.1116 -15.3442 50.5
      vertex -15.5563 -15.5563 50.5
      vertex -15.3442 -10.1116 50.5
    endloop
  endfacet
  facet normal -0 0 -1
    outer loop
      vertex 17.0062 13.9567 50.5
      vertex 15.3442 10.1116 50.5
      vertex 15.5563 15.5563 50.5
    endloop
  endfacet
  facet normal 0 0 -1
    outer loop
      vertex 10.1116 15.3442 50.5
      vertex 15.5563 15.5563 50.5
      vertex 15.3442 10.1116 50.5
    endloop
  endfacet
  facet normal -0 0 -1
    outer loop
      vertex 15.5563 15.5563 50.5
      vertex 10.1116 15.3442 50.5
      vertex 13.9567 17.0062 50.5
    endloop
  endfacet
  facet normal -0 0 -1
    outer loop
      vertex 13.9567 17.0062 50.5
      vertex 10.1116 15.3442 50.5
      vertex 12.2225 18.2923 50.5
    endloop
  endfacet
  facet normal -0 0 -1
    outer loop
      vertex 12.2225 18.2923 50.5
      vertex 10.1116 15.3442 50.5
      vertex 10.3707 19.4023 50.5
    endloop
  endfacet
  facet normal 0 0 -1
    outer loop
      vertex 10.1116 15.3442 50.5
      vertex 8.41903 20.3253 50.5
      vertex 10.3707 19.4023 50.5
    endloop
  endfacet
  facet normal 0 0 -1
    outer loop
      vertex 10.1116 15.3442 50.5
      vertex 6.38626 21.0527 50.5
      vertex 8.41903 20.3253 50.5
    endloop
  endfacet
  facet normal 0 0 -1
    outer loop
      vertex 10.1116 15.3442 50.5
      vertex 4.29199 21.5773 50.5
      vertex 6.38626 21.0527 50.5
    endloop
  endfacet
  facet normal 0 0 -1
    outer loop
      vertex 10.1116 15.3442 50.5
      vertex 2.15638 21.8941 50.5
      vertex 4.29199 21.5773 50.5
    endloop
  endfacet
  facet normal 0 0 -1
    outer loop
      vertex 0 5.23259 50.5
      vertex 2.15638 21.8941 50.5
      vertex 10.1116 15.3442 50.5
    endloop
  endfacet
  facet normal 0 0 -1
    outer loop
      vertex 0 5.23259 50.5
      vertex 0 22 50.5
      vertex 2.15638 21.8941 50.5
    endloop
  endfacet
  facet normal 0 0 -1
    outer loop
      vertex 0 5.23259 50.5
      vertex -2.15638 21.8941 50.5
      vertex 0 22 50.5
    endloop
  endfacet
  facet normal 0 0 -1
    outer loop
      vertex -10.1116 15.3442 50.5
      vertex -2.15638 21.8941 50.5
      vertex 0 5.23259 50.5
    endloop
  endfacet
  facet normal 0 0 -1
    outer loop
      vertex -2.15638 21.8941 50.5
      vertex -10.1116 15.3442 50.5
      vertex -4.29199 21.5773 50.5
    endloop
  endfacet
  facet normal 0 0 -1
    outer loop
      vertex -4.29199 21.5773 50.5
      vertex -10.1116 15.3442 50.5
      vertex -6.38626 21.0527 50.5
    endloop
  endfacet
  facet normal 0 0 -1
    outer loop
      vertex -6.38626 21.0527 50.5
      vertex -10.1116 15.3442 50.5
      vertex -8.41903 20.3253 50.5
    endloop
  endfacet
  facet normal 0 0 -1
    outer loop
      vertex -10.1116 15.3442 50.5
      vertex -10.3707 19.4023 50.5
      vertex -8.41903 20.3253 50.5
    endloop
  endfacet
  facet normal 0 0 -1
    outer loop
      vertex -10.1116 15.3442 50.5
      vertex -12.2225 18.2923 50.5
      vertex -10.3707 19.4023 50.5
    endloop
  endfacet
  facet normal 0 0 -1
    outer loop
      vertex -10.1116 15.3442 50.5
      vertex -13.9567 17.0062 50.5
      vertex -12.2225 18.2923 50.5
    endloop
  endfacet
  facet normal 0 0 -1
    outer loop
      vertex -15.5563 15.5563 50.5
      vertex -10.1116 15.3442 50.5
      vertex -15.3442 10.1116 50.5
    endloop
  endfacet
  facet normal 0 0 -1
    outer loop
      vertex -10.1116 15.3442 50.5
      vertex -15.5563 15.5563 50.5
      vertex -13.9567 17.0062 50.5
    endloop
  endfacet
  facet normal 0 0 -1
    outer loop
      vertex -18.2923 -12.2225 50.5
      vertex -15.3442 -10.1116 50.5
      vertex -17.0062 -13.9567 50.5
    endloop
  endfacet
  facet normal 0 0 -1
    outer loop
      vertex -19.4023 -10.3707 50.5
      vertex -15.3442 -10.1116 50.5
      vertex -18.2923 -12.2225 50.5
    endloop
  endfacet
  facet normal 0 0 -1
    outer loop
      vertex -15.3442 10.1116 50.5
      vertex -17.0062 13.9567 50.5
      vertex -15.5563 15.5563 50.5
    endloop
  endfacet
  facet normal 0 0 -1
    outer loop
      vertex -20.3253 -8.41903 50.5
      vertex -15.3442 -10.1116 50.5
      vertex -19.4023 -10.3707 50.5
    endloop
  endfacet
  facet normal 0 0 -1
    outer loop
      vertex -15.3442 10.1116 50.5
      vertex -18.2923 12.2225 50.5
      vertex -17.0062 13.9567 50.5
    endloop
  endfacet
  facet normal 0 0 -1
    outer loop
      vertex -21.0527 -6.38626 50.5
      vertex -15.3442 -10.1116 50.5
      vertex -20.3253 -8.41903 50.5
    endloop
  endfacet
  facet normal 0 0 -1
    outer loop
      vertex -15.3442 10.1116 50.5
      vertex -19.4023 10.3707 50.5
      vertex -18.2923 12.2225 50.5
    endloop
  endfacet
  facet normal 0 0 -1
    outer loop
      vertex -21.5773 -4.29199 50.5
      vertex -15.3442 -10.1116 50.5
      vertex -21.0527 -6.38626 50.5
    endloop
  endfacet
  facet normal -0 0 -1
    outer loop
      vertex -15.3442 10.1116 50.5
      vertex -20.3253 8.41903 50.5
      vertex -19.4023 10.3707 50.5
    endloop
  endfacet
  facet normal 0 0 -1
    outer loop
      vertex -21.8941 -2.15638 50.5
      vertex -15.3442 -10.1116 50.5
      vertex -21.5773 -4.29199 50.5
    endloop
  endfacet
  facet normal 0 0 -1
    outer loop
      vertex -15.3442 10.1116 50.5
      vertex -21.0527 6.38626 50.5
      vertex -20.3253 8.41903 50.5
    endloop
  endfacet
  facet normal 0 0 -1
    outer loop
      vertex -22 0 50.5
      vertex -15.3442 -10.1116 50.5
      vertex -21.8941 -2.15638 50.5
    endloop
  endfacet
  facet normal 0 0 -1
    outer loop
      vertex -15.3442 10.1116 50.5
      vertex -21.5773 4.29199 50.5
      vertex -21.0527 6.38626 50.5
    endloop
  endfacet
  facet normal 0 0 -1
    outer loop
      vertex -15.3442 -10.1116 50.5
      vertex -22 0 50.5
      vertex -15.3442 10.1116 50.5
    endloop
  endfacet
  facet normal 0 0 -1
    outer loop
      vertex -15.3442 10.1116 50.5
      vertex -21.8941 2.15638 50.5
      vertex -21.5773 4.29199 50.5
    endloop
  endfacet
  facet normal 0 0 -1
    outer loop
      vertex -15.3442 10.1116 50.5
      vertex -22 0 50.5
      vertex -21.8941 2.15638 50.5
    endloop
  endfacet
  facet normal -0 0 -1
    outer loop
      vertex -5.23259 0 50.5
      vertex -15.3442 -10.1116 50.5
      vertex -15.3442 10.1116 50.5
    endloop
  endfacet
  facet normal -0 0 1
    outer loop
      vertex 18 12 54.5
      vertex 19 11.0419 54.5
      vertex 18.2923 12.2225 54.5
    endloop
  endfacet
  facet normal 0 0 1
    outer loop
      vertex 19 11.0419 54.5
      vertex 18 12 54.5
      vertex 19 -11.0419 54.5
    endloop
  endfacet
  facet normal 0 0 1
    outer loop
      vertex 18 -12 54.5
      vertex 19 -11.0419 54.5
      vertex 18 12 54.5
    endloop
  endfacet
  facet normal 0 0 1
    outer loop
      vertex 17.0062 13.9567 54.5
      vertex 18 12 54.5
      vertex 18.2923 12.2225 54.5
    endloop
  endfacet
  facet normal 0 0 1
    outer loop
      vertex 15.5563 15.5563 54.5
      vertex 18 12 54.5
      vertex 17.0062 13.9567 54.5
    endloop
  endfacet
  facet normal 0 0 1
    outer loop
      vertex 3 12 54.5
      vertex 15.5563 15.5563 54.5
      vertex 13.9567 17.0062 54.5
    endloop
  endfacet
  facet normal 0 0 1
    outer loop
      vertex 3 12 54.5
      vertex 13.9567 17.0062 54.5
      vertex 12.2225 18.2923 54.5
    endloop
  endfacet
  facet normal 0 0 1
    outer loop
      vertex 3 12 54.5
      vertex 12.2225 18.2923 54.5
      vertex 10.3707 19.4023 54.5
    endloop
  endfacet
  facet normal 0 0 1
    outer loop
      vertex 3 12 54.5
      vertex 10.3707 19.4023 54.5
      vertex 8.41903 20.3253 54.5
    endloop
  endfacet
  facet normal 0 0 1
    outer loop
      vertex 3 12 54.5
      vertex 8.41903 20.3253 54.5
      vertex 6.38626 21.0527 54.5
    endloop
  endfacet
  facet normal 0 0 1
    outer loop
      vertex 3 12 54.5
      vertex 6.38626 21.0527 54.5
      vertex 4.29199 21.5773 54.5
    endloop
  endfacet
  facet normal 0 0 1
    outer loop
      vertex 15.5563 15.5563 54.5
      vertex 3 12 54.5
      vertex 18 12 54.5
    endloop
  endfacet
  facet normal 0 0 1
    outer loop
      vertex -10.3707 19.4023 54.5
      vertex 3 10 54.5
      vertex 3 12 54.5
    endloop
  endfacet
  facet normal 0 0 1
    outer loop
      vertex 3 10 54.5
      vertex 2.3 0 54.5
      vertex 3 -10 54.5
    endloop
  endfacet
  facet normal -0 0 1
    outer loop
      vertex 2.28892 -0.225439 54.5
      vertex 3 -10 54.5
      vertex 2.3 0 54.5
    endloop
  endfacet
  facet normal 0 0 1
    outer loop
      vertex 3 10 54.5
      vertex 2.28892 0.225439 54.5
      vertex 2.3 0 54.5
    endloop
  endfacet
  facet normal 0 0 1
    outer loop
      vertex 3 10 54.5
      vertex 2.25581 0.448707 54.5
      vertex 2.28892 0.225439 54.5
    endloop
  endfacet
  facet normal 0 0 1
    outer loop
      vertex 3 10 54.5
      vertex 2.20096 0.667655 54.5
      vertex 2.25581 0.448707 54.5
    endloop
  endfacet
  facet normal 0 0 1
    outer loop
      vertex 2.15638 21.8941 54.5
      vertex 3 12 54.5
      vertex 4.29199 21.5773 54.5
    endloop
  endfacet
  facet normal 0 0 1
    outer loop
      vertex 0 22 54.5
      vertex 3 12 54.5
      vertex 2.15638 21.8941 54.5
    endloop
  endfacet
  facet normal 0 0 1
    outer loop
      vertex 3 10 54.5
      vertex 2.12492 0.880172 54.5
      vertex 2.20096 0.667655 54.5
    endloop
  endfacet
  facet normal 0 0 1
    outer loop
      vertex 3 10 54.5
      vertex 2.02842 1.08421 54.5
      vertex 2.12492 0.880172 54.5
    endloop
  endfacet
  facet normal 0 0 1
    outer loop
      vertex 3 10 54.5
      vertex 1.91238 1.27781 54.5
      vertex 2.02842 1.08421 54.5
    endloop
  endfacet
  facet normal 0 0 1
    outer loop
      vertex 3 10 54.5
      vertex 1.77792 1.4591 54.5
      vertex 1.91238 1.27781 54.5
    endloop
  endfacet
  facet normal 0 0 1
    outer loop
      vertex 3 10 54.5
      vertex 1.62635 1.62635 54.5
      vertex 1.77792 1.4591 54.5
    endloop
  endfacet
  facet normal 0 0 1
    outer loop
      vertex 3 10 54.5
      vertex 1.4591 1.77792 54.5
      vertex 1.62635 1.62635 54.5
    endloop
  endfacet
  facet normal 0 0 1
    outer loop
      vertex 3 10 54.5
      vertex 1.27781 1.91238 54.5
      vertex 1.4591 1.77792 54.5
    endloop
  endfacet
  facet normal 0 0 1
    outer loop
      vertex 3 10 54.5
      vertex 1.08421 2.02842 54.5
      vertex 1.27781 1.91238 54.5
    endloop
  endfacet
  facet normal 0 0 1
    outer loop
      vertex 3 10 54.5
      vertex 0.880172 2.12492 54.5
      vertex 1.08421 2.02842 54.5
    endloop
  endfacet
  facet normal 0 0 1
    outer loop
      vertex 3 10 54.5
      vertex 0.667655 2.20096 54.5
      vertex 0.880172 2.12492 54.5
    endloop
  endfacet
  facet normal 0 0 1
    outer loop
      vertex 3 10 54.5
      vertex 0.448707 2.25581 54.5
      vertex 0.667655 2.20096 54.5
    endloop
  endfacet
  facet normal 0 0 1
    outer loop
      vertex 3 10 54.5
      vertex 0.225439 2.28892 54.5
      vertex 0.448707 2.25581 54.5
    endloop
  endfacet
  facet normal -0 0 1
    outer loop
      vertex -2.15638 21.8941 54.5
      vertex 3 12 54.5
      vertex 0 22 54.5
    endloop
  endfacet
  facet normal 0 0 1
    outer loop
      vertex 3 10 54.5
      vertex 0 2.3 54.5
      vertex 0.225439 2.28892 54.5
    endloop
  endfacet
  facet normal 0 0 1
    outer loop
      vertex 3 10 54.5
      vertex -0.225439 2.28892 54.5
      vertex 0 2.3 54.5
    endloop
  endfacet
  facet normal -0 0 1
    outer loop
      vertex -4.29199 21.5773 54.5
      vertex 3 12 54.5
      vertex -2.15638 21.8941 54.5
    endloop
  endfacet
  facet normal 0 0 1
    outer loop
      vertex 3 10 54.5
      vertex -0.448707 2.25581 54.5
      vertex -0.225439 2.28892 54.5
    endloop
  endfacet
  facet normal -0 0 1
    outer loop
      vertex -6.38626 21.0527 54.5
      vertex 3 12 54.5
      vertex -4.29199 21.5773 54.5
    endloop
  endfacet
  facet normal 0 0 1
    outer loop
      vertex 3 10 54.5
      vertex -0.667655 2.20096 54.5
      vertex -0.448707 2.25581 54.5
    endloop
  endfacet
  facet normal -0 0 1
    outer loop
      vertex -8.41903 20.3253 54.5
      vertex 3 12 54.5
      vertex -6.38626 21.0527 54.5
    endloop
  endfacet
  facet normal 0 0 1
    outer loop
      vertex 3 10 54.5
      vertex -0.880172 2.12492 54.5
      vertex -0.667655 2.20096 54.5
    endloop
  endfacet
  facet normal -0 0 1
    outer loop
      vertex -10.3707 19.4023 54.5
      vertex 3 12 54.5
      vertex -8.41903 20.3253 54.5
    endloop
  endfacet
  facet normal 0 0 1
    outer loop
      vertex 3 10 54.5
      vertex -1.08421 2.02842 54.5
      vertex -0.880172 2.12492 54.5
    endloop
  endfacet
  facet normal 0 0 1
    outer loop
      vertex 3 10 54.5
      vertex -10.3707 19.4023 54.5
      vertex -12.2225 18.2923 54.5
    endloop
  endfacet
  facet normal 0 0 1
    outer loop
      vertex 3 10 54.5
      vertex -1.27781 1.91238 54.5
      vertex -1.08421 2.02842 54.5
    endloop
  endfacet
  facet normal 0 0 1
    outer loop
      vertex 3 10 54.5
      vertex -12.2225 18.2923 54.5
      vertex -1.27781 1.91238 54.5
    endloop
  endfacet
  facet normal 0 0 1
    outer loop
      vertex -1.27781 1.91238 54.5
      vertex -12.2225 18.2923 54.5
      vertex -1.4591 1.77792 54.5
    endloop
  endfacet
  facet normal -0 0 1
    outer loop
      vertex -13.9567 17.0062 54.5
      vertex -1.4591 1.77792 54.5
      vertex -12.2225 18.2923 54.5
    endloop
  endfacet
  facet normal 0 0 1
    outer loop
      vertex -1.4591 1.77792 54.5
      vertex -13.9567 17.0062 54.5
      vertex -1.62635 1.62635 54.5
    endloop
  endfacet
  facet normal -0 0 1
    outer loop
      vertex -15.5563 15.5563 54.5
      vertex -1.62635 1.62635 54.5
      vertex -13.9567 17.0062 54.5
    endloop
  endfacet
  facet normal 0 0 1
    outer loop
      vertex -1.62635 1.62635 54.5
      vertex -15.5563 15.5563 54.5
      vertex -1.77792 1.4591 54.5
    endloop
  endfacet
  facet normal -0 0 1
    outer loop
      vertex -17.0062 13.9567 54.5
      vertex -1.77792 1.4591 54.5
      vertex -15.5563 15.5563 54.5
    endloop
  endfacet
  facet normal 0 0 1
    outer loop
      vertex 19 -11.0419 54.5
      vertex 18 -12 54.5
      vertex 18.2923 -12.2225 54.5
    endloop
  endfacet
  facet normal 0 0 1
    outer loop
      vertex 18 -12 54.5
      vertex 17.0062 -13.9567 54.5
      vertex 18.2923 -12.2225 54.5
    endloop
  endfacet
  facet normal 0 0 1
    outer loop
      vertex 18 -12 54.5
      vertex 15.5563 -15.5563 54.5
      vertex 17.0062 -13.9567 54.5
    endloop
  endfacet
  facet normal -0 0 1
    outer loop
      vertex 3 -12 54.5
      vertex 15.5563 -15.5563 54.5
      vertex 18 -12 54.5
    endloop
  endfacet
  facet normal 0 0 1
    outer loop
      vertex 15.5563 -15.5563 54.5
      vertex 3 -12 54.5
      vertex 13.9567 -17.0062 54.5
    endloop
  endfacet
  facet normal 0 0 1
    outer loop
      vertex 13.9567 -17.0062 54.5
      vertex 3 -12 54.5
      vertex 12.2225 -18.2923 54.5
    endloop
  endfacet
  facet normal 0 0 1
    outer loop
      vertex 12.2225 -18.2923 54.5
      vertex 3 -12 54.5
      vertex 10.3707 -19.4023 54.5
    endloop
  endfacet
  facet normal 0 0 1
    outer loop
      vertex 10.3707 -19.4023 54.5
      vertex 3 -12 54.5
      vertex 8.41903 -20.3253 54.5
    endloop
  endfacet
  facet normal 0 0 1
    outer loop
      vertex 8.41903 -20.3253 54.5
      vertex 3 -12 54.5
      vertex 6.38626 -21.0527 54.5
    endloop
  endfacet
  facet normal 0 0 1
    outer loop
      vertex 6.38626 -21.0527 54.5
      vertex 3 -12 54.5
      vertex 4.29199 -21.5773 54.5
    endloop
  endfacet
  facet normal -0 0 1
    outer loop
      vertex 2.25581 -0.448707 54.5
      vertex 3 -10 54.5
      vertex 2.28892 -0.225439 54.5
    endloop
  endfacet
  facet normal -0 0 1
    outer loop
      vertex 2.20096 -0.667655 54.5
      vertex 3 -10 54.5
      vertex 2.25581 -0.448707 54.5
    endloop
  endfacet
  facet normal -0 0 1
    outer loop
      vertex 2.12492 -0.880172 54.5
      vertex 3 -10 54.5
      vertex 2.20096 -0.667655 54.5
    endloop
  endfacet
  facet normal 0 0 1
    outer loop
      vertex 3 -12 54.5
      vertex 2.15638 -21.8941 54.5
      vertex 4.29199 -21.5773 54.5
    endloop
  endfacet
  facet normal -0 0 1
    outer loop
      vertex 2.02842 -1.08421 54.5
      vertex 3 -10 54.5
      vertex 2.12492 -0.880172 54.5
    endloop
  endfacet
  facet normal -0 0 1
    outer loop
      vertex 1.91238 -1.27781 54.5
      vertex 3 -10 54.5
      vertex 2.02842 -1.08421 54.5
    endloop
  endfacet
  facet normal -0 0 1
    outer loop
      vertex 1.77792 -1.4591 54.5
      vertex 3 -10 54.5
      vertex 1.91238 -1.27781 54.5
    endloop
  endfacet
  facet normal -0 0 1
    outer loop
      vertex 1.62635 -1.62635 54.5
      vertex 3 -10 54.5
      vertex 1.77792 -1.4591 54.5
    endloop
  endfacet
  facet normal -0 0 1
    outer loop
      vertex 1.4591 -1.77792 54.5
      vertex 3 -10 54.5
      vertex 1.62635 -1.62635 54.5
    endloop
  endfacet
  facet normal -0 0 1
    outer loop
      vertex 1.27781 -1.91238 54.5
      vertex 3 -10 54.5
      vertex 1.4591 -1.77792 54.5
    endloop
  endfacet
  facet normal -0 0 1
    outer loop
      vertex 1.08421 -2.02842 54.5
      vertex 3 -10 54.5
      vertex 1.27781 -1.91238 54.5
    endloop
  endfacet
  facet normal -0 0 1
    outer loop
      vertex 0.880172 -2.12492 54.5
      vertex 3 -10 54.5
      vertex 1.08421 -2.02842 54.5
    endloop
  endfacet
  facet normal -0 0 1
    outer loop
      vertex 0.667655 -2.20096 54.5
      vertex 3 -10 54.5
      vertex 0.880172 -2.12492 54.5
    endloop
  endfacet
  facet normal -0 0 1
    outer loop
      vertex 0.448707 -2.25581 54.5
      vertex 3 -10 54.5
      vertex 0.667655 -2.20096 54.5
    endloop
  endfacet
  facet normal -0 0 1
    outer loop
      vertex 0.225439 -2.28892 54.5
      vertex 3 -10 54.5
      vertex 0.448707 -2.25581 54.5
    endloop
  endfacet
  facet normal -0 0 1
    outer loop
      vertex 0 -2.3 54.5
      vertex 3 -10 54.5
      vertex 0.225439 -2.28892 54.5
    endloop
  endfacet
  facet normal 0 0 1
    outer loop
      vertex -0.225439 -2.28892 54.5
      vertex 3 -10 54.5
      vertex 0 -2.3 54.5
    endloop
  endfacet
  facet normal 0 0 1
    outer loop
      vertex -0.448707 -2.25581 54.5
      vertex 3 -10 54.5
      vertex -0.225439 -2.28892 54.5
    endloop
  endfacet
  facet normal 0 0 1
    outer loop
      vertex 3 -12 54.5
      vertex 0 -22 54.5
      vertex 2.15638 -21.8941 54.5
    endloop
  endfacet
  facet normal 0 0 1
    outer loop
      vertex -0.667655 -2.20096 54.5
      vertex 3 -10 54.5
      vertex -0.448707 -2.25581 54.5
    endloop
  endfacet
  facet normal 0 0 1
    outer loop
      vertex -0.880172 -2.12492 54.5
      vertex 3 -10 54.5
      vertex -0.667655 -2.20096 54.5
    endloop
  endfacet
  facet normal 0 0 1
    outer loop
      vertex -1.08421 -2.02842 54.5
      vertex 3 -10 54.5
      vertex -0.880172 -2.12492 54.5
    endloop
  endfacet
  facet normal 0 0 1
    outer loop
      vertex -1.27781 -1.91238 54.5
      vertex 3 -10 54.5
      vertex -1.08421 -2.02842 54.5
    endloop
  endfacet
  facet normal 0 0 1
    outer loop
      vertex -12.2225 -18.2923 54.5
      vertex 3 -10 54.5
      vertex -1.27781 -1.91238 54.5
    endloop
  endfacet
  facet normal 0 -0 1
    outer loop
      vertex -10.3707 -19.4023 54.5
      vertex 3 -10 54.5
      vertex -12.2225 -18.2923 54.5
    endloop
  endfacet
  facet normal 0 0 1
    outer loop
      vertex -12.2225 -18.2923 54.5
      vertex -1.27781 -1.91238 54.5
      vertex -1.4591 -1.77792 54.5
    endloop
  endfacet
  facet normal 0 0 1
    outer loop
      vertex -13.9567 -17.0062 54.5
      vertex -1.4591 -1.77792 54.5
      vertex -1.62635 -1.62635 54.5
    endloop
  endfacet
  facet normal 0 0 1
    outer loop
      vertex -15.5563 -15.5563 54.5
      vertex -1.62635 -1.62635 54.5
      vertex -1.77792 -1.4591 54.5
    endloop
  endfacet
  facet normal 0 0 1
    outer loop
      vertex -17.0062 -13.9567 54.5
      vertex -1.77792 -1.4591 54.5
      vertex -1.91238 -1.27781 54.5
    endloop
  endfacet
  facet normal 0 0 1
    outer loop
      vertex -18.2923 -12.2225 54.5
      vertex -1.91238 -1.27781 54.5
      vertex -2.02842 -1.08421 54.5
    endloop
  endfacet
  facet normal 0 0 1
    outer loop
      vertex -19.4023 -10.3707 54.5
      vertex -2.02842 -1.08421 54.5
      vertex -2.12492 -0.880172 54.5
    endloop
  endfacet
  facet normal 0 0 1
    outer loop
      vertex 3 -12 54.5
      vertex -2.15638 -21.8941 54.5
      vertex 0 -22 54.5
    endloop
  endfacet
  facet normal 0 0 1
    outer loop
      vertex -20.3253 -8.41903 54.5
      vertex -2.12492 -0.880172 54.5
      vertex -2.20096 -0.667655 54.5
    endloop
  endfacet
  facet normal 0 0 1
    outer loop
      vertex -21.0527 -6.38626 54.5
      vertex -2.20096 -0.667655 54.5
      vertex -2.25581 -0.448707 54.5
    endloop
  endfacet
  facet normal 0 0 1
    outer loop
      vertex -21.5773 -4.29199 54.5
      vertex -2.25581 -0.448707 54.5
      vertex -2.28892 -0.225439 54.5
    endloop
  endfacet
  facet normal 0 0 1
    outer loop
      vertex -21.8941 -2.15638 54.5
      vertex -2.28892 -0.225439 54.5
      vertex -2.3 0 54.5
    endloop
  endfacet
  facet normal 0 0 1
    outer loop
      vertex -1.77792 1.4591 54.5
      vertex -17.0062 13.9567 54.5
      vertex -1.91238 1.27781 54.5
    endloop
  endfacet
  facet normal 0 0 1
    outer loop
      vertex 3 -12 54.5
      vertex -4.29199 -21.5773 54.5
      vertex -2.15638 -21.8941 54.5
    endloop
  endfacet
  facet normal -0 0 1
    outer loop
      vertex -18.2923 12.2225 54.5
      vertex -1.91238 1.27781 54.5
      vertex -17.0062 13.9567 54.5
    endloop
  endfacet
  facet normal 0 0 1
    outer loop
      vertex 3 -12 54.5
      vertex -6.38626 -21.0527 54.5
      vertex -4.29199 -21.5773 54.5
    endloop
  endfacet
  facet normal 0 0 1
    outer loop
      vertex -1.91238 1.27781 54.5
      vertex -18.2923 12.2225 54.5
      vertex -2.02842 1.08421 54.5
    endloop
  endfacet
  facet normal 0 0 1
    outer loop
      vertex 3 -12 54.5
      vertex -8.41903 -20.3253 54.5
      vertex -6.38626 -21.0527 54.5
    endloop
  endfacet
  facet normal -0 0 1
    outer loop
      vertex -19.4023 10.3707 54.5
      vertex -2.02842 1.08421 54.5
      vertex -18.2923 12.2225 54.5
    endloop
  endfacet
  facet normal 0 0 1
    outer loop
      vertex 3 -12 54.5
      vertex -10.3707 -19.4023 54.5
      vertex -8.41903 -20.3253 54.5
    endloop
  endfacet
  facet normal 0 0 1
    outer loop
      vertex -2.02842 1.08421 54.5
      vertex -19.4023 10.3707 54.5
      vertex -2.12492 0.880172 54.5
    endloop
  endfacet
  facet normal 0 0 1
    outer loop
      vertex 3 -10 54.5
      vertex -10.3707 -19.4023 54.5
      vertex 3 -12 54.5
    endloop
  endfacet
  facet normal -0 0 1
    outer loop
      vertex -20.3253 8.41903 54.5
      vertex -2.12492 0.880172 54.5
      vertex -19.4023 10.3707 54.5
    endloop
  endfacet
  facet normal 0 0 1
    outer loop
      vertex -1.4591 -1.77792 54.5
      vertex -13.9567 -17.0062 54.5
      vertex -12.2225 -18.2923 54.5
    endloop
  endfacet
  facet normal 0 0 1
    outer loop
      vertex -2.12492 0.880172 54.5
      vertex -20.3253 8.41903 54.5
      vertex -2.20096 0.667655 54.5
    endloop
  endfacet
  facet normal 0 0 1
    outer loop
      vertex -1.62635 -1.62635 54.5
      vertex -15.5563 -15.5563 54.5
      vertex -13.9567 -17.0062 54.5
    endloop
  endfacet
  facet normal -0 0 1
    outer loop
      vertex -21.0527 6.38626 54.5
      vertex -2.20096 0.667655 54.5
      vertex -20.3253 8.41903 54.5
    endloop
  endfacet
  facet normal 0 0 1
    outer loop
      vertex -1.77792 -1.4591 54.5
      vertex -17.0062 -13.9567 54.5
      vertex -15.5563 -15.5563 54.5
    endloop
  endfacet
  facet normal 0 0 1
    outer loop
      vertex -2.20096 0.667655 54.5
      vertex -21.0527 6.38626 54.5
      vertex -2.25581 0.448707 54.5
    endloop
  endfacet
  facet normal 0 0 1
    outer loop
      vertex -1.91238 -1.27781 54.5
      vertex -18.2923 -12.2225 54.5
      vertex -17.0062 -13.9567 54.5
    endloop
  endfacet
  facet normal -0 0 1
    outer loop
      vertex -21.5773 4.29199 54.5
      vertex -2.25581 0.448707 54.5
      vertex -21.0527 6.38626 54.5
    endloop
  endfacet
  facet normal 0 0 1
    outer loop
      vertex -2.02842 -1.08421 54.5
      vertex -19.4023 -10.3707 54.5
      vertex -18.2923 -12.2225 54.5
    endloop
  endfacet
  facet normal 0 0 1
    outer loop
      vertex -2.25581 0.448707 54.5
      vertex -21.5773 4.29199 54.5
      vertex -2.28892 0.225439 54.5
    endloop
  endfacet
  facet normal 0 0 1
    outer loop
      vertex -2.12492 -0.880172 54.5
      vertex -20.3253 -8.41903 54.5
      vertex -19.4023 -10.3707 54.5
    endloop
  endfacet
  facet normal -0 0 1
    outer loop
      vertex -21.8941 2.15638 54.5
      vertex -2.28892 0.225439 54.5
      vertex -21.5773 4.29199 54.5
    endloop
  endfacet
  facet normal 0 0 1
    outer loop
      vertex -2.20096 -0.667655 54.5
      vertex -21.0527 -6.38626 54.5
      vertex -20.3253 -8.41903 54.5
    endloop
  endfacet
  facet normal 0 0 1
    outer loop
      vertex -2.28892 0.225439 54.5
      vertex -21.8941 2.15638 54.5
      vertex -2.3 0 54.5
    endloop
  endfacet
  facet normal 0 0 1
    outer loop
      vertex -2.25581 -0.448707 54.5
      vertex -21.5773 -4.29199 54.5
      vertex -21.0527 -6.38626 54.5
    endloop
  endfacet
  facet normal 0 0 1
    outer loop
      vertex -22 0 54.5
      vertex -2.3 0 54.5
      vertex -21.8941 2.15638 54.5
    endloop
  endfacet
  facet normal 0 0 1
    outer loop
      vertex -2.28892 -0.225439 54.5
      vertex -21.8941 -2.15638 54.5
      vertex -21.5773 -4.29199 54.5
    endloop
  endfacet
  facet normal 0 0 1
    outer loop
      vertex -2.3 0 54.5
      vertex -22 0 54.5
      vertex -21.8941 -2.15638 54.5
    endloop
  endfacet
  facet normal -0 0 1
    outer loop
      vertex 3 10 54.5
      vertex 14 -10 54.5
      vertex 14 10 54.5
    endloop
  endfacet
  facet normal 0 0 1
    outer loop
      vertex 14 -10 54.5
      vertex 3 10 54.5
      vertex 3 -10 54.5
    endloop
  endfacet
  facet normal 1 -0 0
    outer loop
      vertex 19 -11.0419 54.5
      vertex 19 11.0419 50.5
      vertex 19 11.0419 54.5
    endloop
  endfacet
  facet normal 1 0 0
    outer loop
      vertex 19 11.0419 50.5
      vertex 19 -11.0419 54.5
      vertex 19 -11.0419 50.5
    endloop
  endfacet
  facet normal -0.945777 0 0.324815
    outer loop
      vertex 3 -12 54.5
      vertex 13.99 -10 86.5
      vertex 3 -10 54.5
    endloop
  endfacet
  facet normal -0.945777 0 0.324815
    outer loop
      vertex 13.99 -10 86.5
      vertex 3 -12 54.5
      vertex 13.99 -12 86.5
    endloop
  endfacet
  facet normal 0 1 -0
    outer loop
      vertex 14 -10 54.5
      vertex 13.99 -10 86.5
      vertex 14 -10 86.5
    endloop
  endfacet
  facet normal 0 1 0
    outer loop
      vertex 13.99 -10 86.5
      vertex 14 -10 54.5
      vertex 3 -10 54.5
    endloop
  endfacet
  facet normal -0 0 1
    outer loop
      vertex 13.99 -10 86.5
      vertex 14 -12 86.5
      vertex 14 -10 86.5
    endloop
  endfacet
  facet normal 0 0 1
    outer loop
      vertex 14 -12 86.5
      vertex 13.99 -10 86.5
      vertex 13.99 -12 86.5
    endloop
  endfacet
  facet normal -1 0 0
    outer loop
      vertex 14 10 54.5
      vertex 14 7.01477 59.6852
      vertex 14 10 86.5
    endloop
  endfacet
  facet normal -1 0 0
    outer loop
      vertex 14 10 54.5
      vertex 14 -7.01477 59.6852
      vertex 14 7.01477 59.6852
    endloop
  endfacet
  facet normal -1 0 0
    outer loop
      vertex 14 -10 86.5
      vertex 14 -7.01477 59.6852
      vertex 14 -10 54.5
    endloop
  endfacet
  facet normal -1 0 0
    outer loop
      vertex 14 -10 54.5
      vertex 14 -7.01477 59.6852
      vertex 14 10 54.5
    endloop
  endfacet
  facet normal -1 0 0
    outer loop
      vertex 14 10 86.5
      vertex 14 12 90.5
      vertex 14 12 86.5
    endloop
  endfacet
  facet normal -1 0 0
    outer loop
      vertex 14 7.01477 84.3148
      vertex 14 10 86.5
      vertex 14 7.01477 59.6852
    endloop
  endfacet
  facet normal -1 0 0
    outer loop
      vertex 14 7.01477 84.3148
      vertex 14 12 90.5
      vertex 14 10 86.5
    endloop
  endfacet
  facet normal -1 0 0
    outer loop
      vertex 14 -7.01477 84.3148
      vertex 14 12 90.5
      vertex 14 7.01477 84.3148
    endloop
  endfacet
  facet normal -1 0 0
    outer loop
      vertex 14 -7.01477 59.6852
      vertex 14 -10 86.5
      vertex 14 -7.01477 84.3148
    endloop
  endfacet
  facet normal -1 0 0
    outer loop
      vertex 14 -12 90.5
      vertex 14 -7.01477 84.3148
      vertex 14 -10 86.5
    endloop
  endfacet
  facet normal -1 0 0
    outer loop
      vertex 14 -12 90.5
      vertex 14 -10 86.5
      vertex 14 -12 86.5
    endloop
  endfacet
  facet normal -1 0 0
    outer loop
      vertex 14 -7.01477 84.3148
      vertex 14 -12 90.5
      vertex 14 12 90.5
    endloop
  endfacet
  facet normal 0 -1 0
    outer loop
      vertex 18 -12 54.5
      vertex 13.99 -12 86.5
      vertex 3 -12 54.5
    endloop
  endfacet
  facet normal 0 -1 0
    outer loop
      vertex 14 -12 86.5
      vertex 18 -12 90.5
      vertex 14 -12 90.5
    endloop
  endfacet
  facet normal 0 -1 0
    outer loop
      vertex 13.99 -12 86.5
      vertex 18 -12 54.5
      vertex 14 -12 86.5
    endloop
  endfacet
  facet normal 0 -1 0
    outer loop
      vertex 14 -12 86.5
      vertex 18 -12 54.5
      vertex 18 -12 90.5
    endloop
  endfacet
  facet normal -0.945777 0 0.324815
    outer loop
      vertex 3 10 54.5
      vertex 13.99 12 86.5
      vertex 3 12 54.5
    endloop
  endfacet
  facet normal -0.945777 0 0.324815
    outer loop
      vertex 13.99 12 86.5
      vertex 3 10 54.5
      vertex 13.99 10 86.5
    endloop
  endfacet
  facet normal 0 1 0
    outer loop
      vertex 18 12 90.5
      vertex 14 12 86.5
      vertex 14 12 90.5
    endloop
  endfacet
  facet normal 0 1 -0
    outer loop
      vertex 18 12 54.5
      vertex 14 12 86.5
      vertex 18 12 90.5
    endloop
  endfacet
  facet normal 0 1 0
    outer loop
      vertex 18 12 54.5
      vertex 13.99 12 86.5
      vertex 14 12 86.5
    endloop
  endfacet
  facet normal 0 1 0
    outer loop
      vertex 13.99 12 86.5
      vertex 18 12 54.5
      vertex 3 12 54.5
    endloop
  endfacet
  facet normal 0 -1 0
    outer loop
      vertex 14 10 54.5
      vertex 13.99 10 86.5
      vertex 3 10 54.5
    endloop
  endfacet
  facet normal 0 -1 0
    outer loop
      vertex 13.99 10 86.5
      vertex 14 10 54.5
      vertex 14 10 86.5
    endloop
  endfacet
  facet normal -0 0 1
    outer loop
      vertex 13.99 12 86.5
      vertex 14 10 86.5
      vertex 14 12 86.5
    endloop
  endfacet
  facet normal 0 0 1
    outer loop
      vertex 14 10 86.5
      vertex 13.99 12 86.5
      vertex 13.99 10 86.5
    endloop
  endfacet
  facet normal 1 0 0
    outer loop
      vertex 18 12 90.5
      vertex 18 6.2 83.5
      vertex 18 12 54.5
    endloop
  endfacet
  facet normal 1 0 0
    outer loop
      vertex 18 12 90.5
      vertex 18 -6.2 83.5
      vertex 18 6.2 83.5
    endloop
  endfacet
  facet normal 1 0 0
    outer loop
      vertex 18 -12 54.5
      vertex 18 -6.2 83.5
      vertex 18 -12 90.5
    endloop
  endfacet
  facet normal 1 -0 0
    outer loop
      vertex 18 -12 90.5
      vertex 18 -6.2 83.5
      vertex 18 12 90.5
    endloop
  endfacet
  facet normal 1 -0 0
    outer loop
      vertex 18 6.2 60.5
      vertex 18 12 54.5
      vertex 18 6.2 83.5
    endloop
  endfacet
  facet normal 1 -0 0
    outer loop
      vertex 18 -6.2 60.5
      vertex 18 12 54.5
      vertex 18 6.2 60.5
    endloop
  endfacet
  facet normal 1 0 0
    outer loop
      vertex 18 -6.2 60.5
      vertex 18 -12 54.5
      vertex 18 12 54.5
    endloop
  endfacet
  facet normal 1 0 0
    outer loop
      vertex 18 -6.2 83.5
      vertex 18 -12 54.5
      vertex 18 -6.2 60.5
    endloop
  endfacet
  facet normal -0 0 1
    outer loop
      vertex 14 12 90.5
      vertex 18 -12 90.5
      vertex 18 12 90.5
    endloop
  endfacet
  facet normal 0 0 1
    outer loop
      vertex 18 -12 90.5
      vertex 14 12 90.5
      vertex 14 -12 90.5
    endloop
  endfacet
  facet normal 0 0 -1
    outer loop
      vertex 10.1116 -15.3442 52.29
      vertex 5.23259 0 52.29
      vertex 15.3442 -10.1116 52.29
    endloop
  endfacet
  facet normal 0 0 -1
    outer loop
      vertex 0 -5.23259 52.29
      vertex 5.23259 0 52.29
      vertex 10.1116 -15.3442 52.29
    endloop
  endfacet
  facet normal -0 0 -1
    outer loop
      vertex 5.23259 0 52.29
      vertex 2.28892 -0.225439 52.29
      vertex 2.3 0 52.29
    endloop
  endfacet
  facet normal 0 0 -1
    outer loop
      vertex 5.23259 0 52.29
      vertex 2.25581 -0.448707 52.29
      vertex 2.28892 -0.225439 52.29
    endloop
  endfacet
  facet normal 0 0 -1
    outer loop
      vertex 5.23259 0 52.29
      vertex 2.20096 -0.667655 52.29
      vertex 2.25581 -0.448707 52.29
    endloop
  endfacet
  facet normal 0 0 -1
    outer loop
      vertex 5.23259 0 52.29
      vertex 2.12492 -0.880172 52.29
      vertex 2.20096 -0.667655 52.29
    endloop
  endfacet
  facet normal 0 0 -1
    outer loop
      vertex 5.23259 0 52.29
      vertex 2.02842 -1.08421 52.29
      vertex 2.12492 -0.880172 52.29
    endloop
  endfacet
  facet normal 0 0 -1
    outer loop
      vertex 5.23259 0 52.29
      vertex 1.91238 -1.27781 52.29
      vertex 2.02842 -1.08421 52.29
    endloop
  endfacet
  facet normal 0 0 -1
    outer loop
      vertex 5.23259 0 52.29
      vertex 1.77792 -1.4591 52.29
      vertex 1.91238 -1.27781 52.29
    endloop
  endfacet
  facet normal 0 -0 -1
    outer loop
      vertex 1.62635 -1.62635 52.29
      vertex 5.23259 0 52.29
      vertex 0 -5.23259 52.29
    endloop
  endfacet
  facet normal 0 0 -1
    outer loop
      vertex 5.23259 0 52.29
      vertex 1.62635 -1.62635 52.29
      vertex 1.77792 -1.4591 52.29
    endloop
  endfacet
  facet normal 0 0 -1
    outer loop
      vertex 1.62635 -1.62635 52.29
      vertex 0 -5.23259 52.29
      vertex 1.4591 -1.77792 52.29
    endloop
  endfacet
  facet normal 0 0 -1
    outer loop
      vertex 1.4591 -1.77792 52.29
      vertex 0 -5.23259 52.29
      vertex 1.27781 -1.91238 52.29
    endloop
  endfacet
  facet normal 0 0 -1
    outer loop
      vertex 1.27781 -1.91238 52.29
      vertex 0 -5.23259 52.29
      vertex 1.08421 -2.02842 52.29
    endloop
  endfacet
  facet normal 0 0 -1
    outer loop
      vertex 1.08421 -2.02842 52.29
      vertex 0 -5.23259 52.29
      vertex 0.880172 -2.12492 52.29
    endloop
  endfacet
  facet normal 0 0 -1
    outer loop
      vertex 0.880172 -2.12492 52.29
      vertex 0 -5.23259 52.29
      vertex 0.667655 -2.20096 52.29
    endloop
  endfacet
  facet normal 0 0 -1
    outer loop
      vertex 0.667655 -2.20096 52.29
      vertex 0 -5.23259 52.29
      vertex 0.448707 -2.25581 52.29
    endloop
  endfacet
  facet normal 0 0 -1
    outer loop
      vertex 0.448707 -2.25581 52.29
      vertex 0 -5.23259 52.29
      vertex 0.225439 -2.28892 52.29
    endloop
  endfacet
  facet normal 0 0 -1
    outer loop
      vertex 0 -5.23259 52.29
      vertex 0 -2.3 52.29
      vertex 0.225439 -2.28892 52.29
    endloop
  endfacet
  facet normal 0 0 -1
    outer loop
      vertex 0 -5.23259 52.29
      vertex -0.225439 -2.28892 52.29
      vertex 0 -2.3 52.29
    endloop
  endfacet
  facet normal 0 0 -1
    outer loop
      vertex 0 -5.23259 52.29
      vertex -0.448707 -2.25581 52.29
      vertex -0.225439 -2.28892 52.29
    endloop
  endfacet
  facet normal 0 0 -1
    outer loop
      vertex 0 -5.23259 52.29
      vertex -0.667655 -2.20096 52.29
      vertex -0.448707 -2.25581 52.29
    endloop
  endfacet
  facet normal 0 0 -1
    outer loop
      vertex 0 -5.23259 52.29
      vertex -0.880172 -2.12492 52.29
      vertex -0.667655 -2.20096 52.29
    endloop
  endfacet
  facet normal 0 0 -1
    outer loop
      vertex 0 -5.23259 52.29
      vertex -1.08421 -2.02842 52.29
      vertex -0.880172 -2.12492 52.29
    endloop
  endfacet
  facet normal 0 0 -1
    outer loop
      vertex 0 -5.23259 52.29
      vertex -1.27781 -1.91238 52.29
      vertex -1.08421 -2.02842 52.29
    endloop
  endfacet
  facet normal 0 0 -1
    outer loop
      vertex 0 -5.23259 52.29
      vertex -1.4591 -1.77792 52.29
      vertex -1.27781 -1.91238 52.29
    endloop
  endfacet
  facet normal 0 0 -1
    outer loop
      vertex 0 -5.23259 52.29
      vertex -1.62635 -1.62635 52.29
      vertex -1.4591 -1.77792 52.29
    endloop
  endfacet
  facet normal 0 0 -1
    outer loop
      vertex -5.23259 0 52.29
      vertex -1.62635 -1.62635 52.29
      vertex 0 -5.23259 52.29
    endloop
  endfacet
  facet normal 0 0 -1
    outer loop
      vertex -1.62635 -1.62635 52.29
      vertex -5.23259 0 52.29
      vertex -1.77792 -1.4591 52.29
    endloop
  endfacet
  facet normal 0 0 -1
    outer loop
      vertex -1.77792 -1.4591 52.29
      vertex -5.23259 0 52.29
      vertex -1.91238 -1.27781 52.29
    endloop
  endfacet
  facet normal 0 0 -1
    outer loop
      vertex -2.28892 -0.225439 52.29
      vertex -5.23259 0 52.29
      vertex -2.3 0 52.29
    endloop
  endfacet
  facet normal 0 0 -1
    outer loop
      vertex -2.25581 -0.448707 52.29
      vertex -5.23259 0 52.29
      vertex -2.28892 -0.225439 52.29
    endloop
  endfacet
  facet normal 0 0 -1
    outer loop
      vertex -2.20096 -0.667655 52.29
      vertex -5.23259 0 52.29
      vertex -2.25581 -0.448707 52.29
    endloop
  endfacet
  facet normal 0 0 -1
    outer loop
      vertex -2.12492 -0.880172 52.29
      vertex -5.23259 0 52.29
      vertex -2.20096 -0.667655 52.29
    endloop
  endfacet
  facet normal 0 0 -1
    outer loop
      vertex -2.02842 -1.08421 52.29
      vertex -5.23259 0 52.29
      vertex -2.12492 -0.880172 52.29
    endloop
  endfacet
  facet normal 0 0 -1
    outer loop
      vertex -1.91238 -1.27781 52.29
      vertex -5.23259 0 52.29
      vertex -2.02842 -1.08421 52.29
    endloop
  endfacet
  facet normal 0 0 -1
    outer loop
      vertex -10.1116 -15.3442 52.29
      vertex -5.23259 0 52.29
      vertex 0 -5.23259 52.29
    endloop
  endfacet
  facet normal 0 0 -1
    outer loop
      vertex -5.23259 0 52.29
      vertex -10.1116 -15.3442 52.29
      vertex -15.3442 -10.1116 52.29
    endloop
  endfacet
  facet normal 0 0 -1
    outer loop
      vertex 5.23259 0 52.29
      vertex 10.1116 15.3442 52.29
      vertex 15.3442 10.1116 52.29
    endloop
  endfacet
  facet normal 0 0 -1
    outer loop
      vertex 2.28892 0.225439 52.29
      vertex 5.23259 0 52.29
      vertex 2.3 0 52.29
    endloop
  endfacet
  facet normal 0 0 -1
    outer loop
      vertex 2.25581 0.448707 52.29
      vertex 5.23259 0 52.29
      vertex 2.28892 0.225439 52.29
    endloop
  endfacet
  facet normal 0 0 -1
    outer loop
      vertex 2.20096 0.667655 52.29
      vertex 5.23259 0 52.29
      vertex 2.25581 0.448707 52.29
    endloop
  endfacet
  facet normal 0 0 -1
    outer loop
      vertex 2.12492 0.880172 52.29
      vertex 5.23259 0 52.29
      vertex 2.20096 0.667655 52.29
    endloop
  endfacet
  facet normal 0 0 -1
    outer loop
      vertex 2.02842 1.08421 52.29
      vertex 5.23259 0 52.29
      vertex 2.12492 0.880172 52.29
    endloop
  endfacet
  facet normal 0 0 -1
    outer loop
      vertex 1.91238 1.27781 52.29
      vertex 5.23259 0 52.29
      vertex 2.02842 1.08421 52.29
    endloop
  endfacet
  facet normal 0 0 -1
    outer loop
      vertex 1.77792 1.4591 52.29
      vertex 5.23259 0 52.29
      vertex 1.91238 1.27781 52.29
    endloop
  endfacet
  facet normal 0 0 -1
    outer loop
      vertex 1.62635 1.62635 52.29
      vertex 5.23259 0 52.29
      vertex 1.77792 1.4591 52.29
    endloop
  endfacet
  facet normal 0 0 -1
    outer loop
      vertex 5.23259 0 52.29
      vertex 1.62635 1.62635 52.29
      vertex 0 5.23259 52.29
    endloop
  endfacet
  facet normal 0 0 -1
    outer loop
      vertex 0 5.23259 52.29
      vertex 1.62635 1.62635 52.29
      vertex 1.4591 1.77792 52.29
    endloop
  endfacet
  facet normal 0 0 -1
    outer loop
      vertex 0 5.23259 52.29
      vertex 1.4591 1.77792 52.29
      vertex 1.27781 1.91238 52.29
    endloop
  endfacet
  facet normal 0 0 -1
    outer loop
      vertex 0 5.23259 52.29
      vertex 1.27781 1.91238 52.29
      vertex 1.08421 2.02842 52.29
    endloop
  endfacet
  facet normal 0 0 -1
    outer loop
      vertex 0 5.23259 52.29
      vertex 1.08421 2.02842 52.29
      vertex 0.880172 2.12492 52.29
    endloop
  endfacet
  facet normal 0 0 -1
    outer loop
      vertex 0 5.23259 52.29
      vertex 0.880172 2.12492 52.29
      vertex 0.667655 2.20096 52.29
    endloop
  endfacet
  facet normal 0 0 -1
    outer loop
      vertex 0 5.23259 52.29
      vertex 0.667655 2.20096 52.29
      vertex 0.448707 2.25581 52.29
    endloop
  endfacet
  facet normal 0 0 -1
    outer loop
      vertex 0 5.23259 52.29
      vertex 0.448707 2.25581 52.29
      vertex 0.225439 2.28892 52.29
    endloop
  endfacet
  facet normal 0 0 -1
    outer loop
      vertex 0 5.23259 52.29
      vertex 0.225439 2.28892 52.29
      vertex 0 2.3 52.29
    endloop
  endfacet
  facet normal 0 0 -1
    outer loop
      vertex 5.23259 0 52.29
      vertex 0 5.23259 52.29
      vertex 10.1116 15.3442 52.29
    endloop
  endfacet
  facet normal 0 0 -1
    outer loop
      vertex -0.225439 2.28892 52.29
      vertex 0 5.23259 52.29
      vertex 0 2.3 52.29
    endloop
  endfacet
  facet normal 0 0 -1
    outer loop
      vertex -0.448707 2.25581 52.29
      vertex 0 5.23259 52.29
      vertex -0.225439 2.28892 52.29
    endloop
  endfacet
  facet normal 0 0 -1
    outer loop
      vertex -0.667655 2.20096 52.29
      vertex 0 5.23259 52.29
      vertex -0.448707 2.25581 52.29
    endloop
  endfacet
  facet normal 0 0 -1
    outer loop
      vertex -0.880172 2.12492 52.29
      vertex 0 5.23259 52.29
      vertex -0.667655 2.20096 52.29
    endloop
  endfacet
  facet normal 0 0 -1
    outer loop
      vertex -1.08421 2.02842 52.29
      vertex 0 5.23259 52.29
      vertex -0.880172 2.12492 52.29
    endloop
  endfacet
  facet normal 0 0 -1
    outer loop
      vertex -1.27781 1.91238 52.29
      vertex 0 5.23259 52.29
      vertex -1.08421 2.02842 52.29
    endloop
  endfacet
  facet normal 0 0 -1
    outer loop
      vertex -1.4591 1.77792 52.29
      vertex 0 5.23259 52.29
      vertex -1.27781 1.91238 52.29
    endloop
  endfacet
  facet normal 0 0 -1
    outer loop
      vertex -1.62635 1.62635 52.29
      vertex 0 5.23259 52.29
      vertex -1.4591 1.77792 52.29
    endloop
  endfacet
  facet normal 0 0 -1
    outer loop
      vertex -5.23259 0 52.29
      vertex -1.62635 1.62635 52.29
      vertex -1.77792 1.4591 52.29
    endloop
  endfacet
  facet normal 0 0 -1
    outer loop
      vertex -5.23259 0 52.29
      vertex -1.77792 1.4591 52.29
      vertex -1.91238 1.27781 52.29
    endloop
  endfacet
  facet normal 0 0 -1
    outer loop
      vertex -5.23259 0 52.29
      vertex -1.91238 1.27781 52.29
      vertex -2.02842 1.08421 52.29
    endloop
  endfacet
  facet normal 0 0 -1
    outer loop
      vertex -5.23259 0 52.29
      vertex -2.28892 0.225439 52.29
      vertex -2.3 0 52.29
    endloop
  endfacet
  facet normal 0 0 -1
    outer loop
      vertex -5.23259 0 52.29
      vertex -2.25581 0.448707 52.29
      vertex -2.28892 0.225439 52.29
    endloop
  endfacet
  facet normal 0 0 -1
    outer loop
      vertex -5.23259 0 52.29
      vertex -2.20096 0.667655 52.29
      vertex -2.25581 0.448707 52.29
    endloop
  endfacet
  facet normal 0 0 -1
    outer loop
      vertex -5.23259 0 52.29
      vertex -2.12492 0.880172 52.29
      vertex -2.20096 0.667655 52.29
    endloop
  endfacet
  facet normal 0 0 -1
    outer loop
      vertex -5.23259 0 52.29
      vertex -2.02842 1.08421 52.29
      vertex -2.12492 0.880172 52.29
    endloop
  endfacet
  facet normal -0 0 -1
    outer loop
      vertex -1.62635 1.62635 52.29
      vertex -5.23259 0 52.29
      vertex 0 5.23259 52.29
    endloop
  endfacet
  facet normal 0 0 -1
    outer loop
      vertex -5.23259 0 52.29
      vertex -10.1116 15.3442 52.29
      vertex 0 5.23259 52.29
    endloop
  endfacet
  facet normal 0 -0 -1
    outer loop
      vertex -10.1116 15.3442 52.29
      vertex -5.23259 0 52.29
      vertex -15.3442 10.1116 52.29
    endloop
  endfacet
  facet normal -0.707106 0.707107 0
    outer loop
      vertex 5.23259 0 50.5
      vertex 15.3442 10.1116 52.29
      vertex 15.3442 10.1116 50.5
    endloop
  endfacet
  facet normal -0.707106 0.707107 0
    outer loop
      vertex 15.3442 10.1116 52.29
      vertex 5.23259 0 50.5
      vertex 5.23259 0 52.29
    endloop
  endfacet
  facet normal -0.707107 -0.707107 0
    outer loop
      vertex 15.3442 10.1116 50.5
      vertex 10.1116 15.3442 52.29
      vertex 10.1116 15.3442 50.5
    endloop
  endfacet
  facet normal -0.707107 -0.707107 0
    outer loop
      vertex 10.1116 15.3442 52.29
      vertex 15.3442 10.1116 50.5
      vertex 15.3442 10.1116 52.29
    endloop
  endfacet
  facet normal 0.707107 -0.707106 0
    outer loop
      vertex 0 5.23259 52.29
      vertex 10.1116 15.3442 50.5
      vertex 10.1116 15.3442 52.29
    endloop
  endfacet
  facet normal 0.707107 -0.707106 0
    outer loop
      vertex 10.1116 15.3442 50.5
      vertex 0 5.23259 52.29
      vertex 0 5.23259 50.5
    endloop
  endfacet
  facet normal -0.707107 -0.707106 0
    outer loop
      vertex 0 5.23259 50.5
      vertex -10.1116 15.3442 52.29
      vertex -10.1116 15.3442 50.5
    endloop
  endfacet
  facet normal -0.707107 -0.707106 0
    outer loop
      vertex -10.1116 15.3442 52.29
      vertex 0 5.23259 50.5
      vertex 0 5.23259 52.29
    endloop
  endfacet
  facet normal 0.707107 -0.707107 0
    outer loop
      vertex -15.3442 10.1116 52.29
      vertex -10.1116 15.3442 50.5
      vertex -10.1116 15.3442 52.29
    endloop
  endfacet
  facet normal 0.707107 -0.707107 0
    outer loop
      vertex -10.1116 15.3442 50.5
      vertex -15.3442 10.1116 52.29
      vertex -15.3442 10.1116 50.5
    endloop
  endfacet
  facet normal 0.707106 0.707107 0
    outer loop
      vertex -5.23259 0 52.29
      vertex -15.3442 10.1116 50.5
      vertex -15.3442 10.1116 52.29
    endloop
  endfacet
  facet normal 0.707106 0.707107 0
    outer loop
      vertex -15.3442 10.1116 50.5
      vertex -5.23259 0 52.29
      vertex -5.23259 0 50.5
    endloop
  endfacet
  facet normal 0.707106 -0.707107 0
    outer loop
      vertex -15.3442 -10.1116 52.29
      vertex -5.23259 0 50.5
      vertex -5.23259 0 52.29
    endloop
  endfacet
  facet normal 0.707106 -0.707107 0
    outer loop
      vertex -5.23259 0 50.5
      vertex -15.3442 -10.1116 52.29
      vertex -15.3442 -10.1116 50.5
    endloop
  endfacet
  facet normal 0.707107 0.707107 0
    outer loop
      vertex -10.1116 -15.3442 52.29
      vertex -15.3442 -10.1116 50.5
      vertex -15.3442 -10.1116 52.29
    endloop
  endfacet
  facet normal 0.707107 0.707107 0
    outer loop
      vertex -15.3442 -10.1116 50.5
      vertex -10.1116 -15.3442 52.29
      vertex -10.1116 -15.3442 50.5
    endloop
  endfacet
  facet normal -0.707107 0.707106 0
    outer loop
      vertex -10.1116 -15.3442 50.5
      vertex 0 -5.23259 52.29
      vertex 0 -5.23259 50.5
    endloop
  endfacet
  facet normal -0.707107 0.707106 0
    outer loop
      vertex 0 -5.23259 52.29
      vertex -10.1116 -15.3442 50.5
      vertex -10.1116 -15.3442 52.29
    endloop
  endfacet
  facet normal 0.707107 0.707106 0
    outer loop
      vertex 10.1116 -15.3442 52.29
      vertex 0 -5.23259 50.5
      vertex 0 -5.23259 52.29
    endloop
  endfacet
  facet normal 0.707107 0.707106 0
    outer loop
      vertex 0 -5.23259 50.5
      vertex 10.1116 -15.3442 52.29
      vertex 10.1116 -15.3442 50.5
    endloop
  endfacet
  facet normal -0.707107 0.707107 0
    outer loop
      vertex 10.1116 -15.3442 50.5
      vertex 15.3442 -10.1116 52.29
      vertex 15.3442 -10.1116 50.5
    endloop
  endfacet
  facet normal -0.707107 0.707107 0
    outer loop
      vertex 15.3442 -10.1116 52.29
      vertex 10.1116 -15.3442 50.5
      vertex 10.1116 -15.3442 52.29
    endloop
  endfacet
  facet normal -0.707106 -0.707107 0
    outer loop
      vertex 15.3442 -10.1116 50.5
      vertex 5.23259 0 52.29
      vertex 5.23259 0 50.5
    endloop
  endfacet
  facet normal -0.707106 -0.707107 0
    outer loop
      vertex 5.23259 0 52.29
      vertex 15.3442 -10.1116 50.5
      vertex 15.3442 -10.1116 52.29
    endloop
  endfacet
  facet normal 0.803194 -0.595717 0
    outer loop
      vertex -1.91238 1.27781 54.5
      vertex -1.77792 1.4591 52.29
      vertex -1.77792 1.4591 54.5
    endloop
  endfacet
  facet normal 0.803194 -0.595717 0
    outer loop
      vertex -1.77792 1.4591 52.29
      vertex -1.91238 1.27781 54.5
      vertex -1.91238 1.27781 52.29
    endloop
  endfacet
  facet normal -0.595717 -0.803194 0
    outer loop
      vertex 1.27781 1.91238 52.29
      vertex 1.4591 1.77792 54.5
      vertex 1.27781 1.91238 54.5
    endloop
  endfacet
  facet normal -0.595717 -0.803194 -0
    outer loop
      vertex 1.4591 1.77792 54.5
      vertex 1.27781 1.91238 52.29
      vertex 1.4591 1.77792 52.29
    endloop
  endfacet
  facet normal -0.671519 -0.740988 0
    outer loop
      vertex 1.4591 1.77792 52.29
      vertex 1.62635 1.62635 54.5
      vertex 1.4591 1.77792 54.5
    endloop
  endfacet
  facet normal -0.671519 -0.740988 -0
    outer loop
      vertex 1.62635 1.62635 54.5
      vertex 1.4591 1.77792 52.29
      vertex 1.62635 1.62635 52.29
    endloop
  endfacet
  facet normal -0.514105 -0.857727 0
    outer loop
      vertex 1.08421 2.02842 52.29
      vertex 1.27781 1.91238 54.5
      vertex 1.08421 2.02842 54.5
    endloop
  endfacet
  facet normal -0.514105 -0.857727 -0
    outer loop
      vertex 1.27781 1.91238 54.5
      vertex 1.08421 2.02842 52.29
      vertex 1.27781 1.91238 52.29
    endloop
  endfacet
  facet normal -0.740988 -0.671519 0
    outer loop
      vertex 1.77792 1.4591 52.29
      vertex 1.62635 1.62635 54.5
      vertex 1.62635 1.62635 52.29
    endloop
  endfacet
  facet normal -0.740988 -0.671519 0
    outer loop
      vertex 1.62635 1.62635 54.5
      vertex 1.77792 1.4591 52.29
      vertex 1.77792 1.4591 54.5
    endloop
  endfacet
  facet normal 0.903994 -0.427545 0
    outer loop
      vertex -2.12492 0.880172 54.5
      vertex -2.02842 1.08421 52.29
      vertex -2.02842 1.08421 54.5
    endloop
  endfacet
  facet normal 0.903994 -0.427545 0
    outer loop
      vertex -2.02842 1.08421 52.29
      vertex -2.12492 0.880172 54.5
      vertex -2.12492 0.880172 52.29
    endloop
  endfacet
  facet normal -0.903994 -0.427545 0
    outer loop
      vertex 2.12492 0.880172 52.29
      vertex 2.02842 1.08421 54.5
      vertex 2.02842 1.08421 52.29
    endloop
  endfacet
  facet normal -0.903994 -0.427545 0
    outer loop
      vertex 2.02842 1.08421 54.5
      vertex 2.12492 0.880172 52.29
      vertex 2.12492 0.880172 54.5
    endloop
  endfacet
  facet normal -0.998794 0.0490893 0
    outer loop
      vertex 2.28892 -0.225439 52.29
      vertex 2.3 0 54.5
      vertex 2.3 0 52.29
    endloop
  endfacet
  facet normal -0.998794 0.0490893 0
    outer loop
      vertex 2.3 0 54.5
      vertex 2.28892 -0.225439 52.29
      vertex 2.28892 -0.225439 54.5
    endloop
  endfacet
  facet normal 0.427545 -0.903994 0
    outer loop
      vertex -1.08421 2.02842 52.29
      vertex -0.880172 2.12492 54.5
      vertex -1.08421 2.02842 54.5
    endloop
  endfacet
  facet normal 0.427545 -0.903994 0
    outer loop
      vertex -0.880172 2.12492 54.5
      vertex -1.08421 2.02842 52.29
      vertex -0.880172 2.12492 52.29
    endloop
  endfacet
  facet normal -0.146693 -0.989182 0
    outer loop
      vertex 0.225439 2.28892 52.29
      vertex 0.448707 2.25581 54.5
      vertex 0.225439 2.28892 54.5
    endloop
  endfacet
  facet normal -0.146693 -0.989182 -0
    outer loop
      vertex 0.448707 2.25581 54.5
      vertex 0.225439 2.28892 52.29
      vertex 0.448707 2.25581 52.29
    endloop
  endfacet
  facet normal 0.243007 -0.970025 0
    outer loop
      vertex -0.667655 2.20096 52.29
      vertex -0.448707 2.25581 54.5
      vertex -0.667655 2.20096 54.5
    endloop
  endfacet
  facet normal 0.243007 -0.970025 0
    outer loop
      vertex -0.448707 2.25581 54.5
      vertex -0.667655 2.20096 52.29
      vertex -0.448707 2.25581 52.29
    endloop
  endfacet
  facet normal -0.998794 -0.0490893 0
    outer loop
      vertex 2.3 0 52.29
      vertex 2.28892 0.225439 54.5
      vertex 2.28892 0.225439 52.29
    endloop
  endfacet
  facet normal -0.998794 -0.0490893 0
    outer loop
      vertex 2.28892 0.225439 54.5
      vertex 2.3 0 52.29
      vertex 2.3 0 54.5
    endloop
  endfacet
  facet normal 0.857727 -0.514105 0
    outer loop
      vertex -2.02842 1.08421 54.5
      vertex -1.91238 1.27781 52.29
      vertex -1.91238 1.27781 54.5
    endloop
  endfacet
  facet normal 0.857727 -0.514105 0
    outer loop
      vertex -1.91238 1.27781 52.29
      vertex -2.02842 1.08421 54.5
      vertex -2.02842 1.08421 52.29
    endloop
  endfacet
  facet normal -0.740988 0.671519 0
    outer loop
      vertex 1.62635 -1.62635 52.29
      vertex 1.77792 -1.4591 54.5
      vertex 1.77792 -1.4591 52.29
    endloop
  endfacet
  facet normal -0.740988 0.671519 0
    outer loop
      vertex 1.77792 -1.4591 54.5
      vertex 1.62635 -1.62635 52.29
      vertex 1.62635 -1.62635 54.5
    endloop
  endfacet
  facet normal 0.941544 -0.336891 0
    outer loop
      vertex -2.20096 0.667655 54.5
      vertex -2.12492 0.880172 52.29
      vertex -2.12492 0.880172 54.5
    endloop
  endfacet
  facet normal 0.941544 -0.336891 0
    outer loop
      vertex -2.12492 0.880172 52.29
      vertex -2.20096 0.667655 54.5
      vertex -2.20096 0.667655 52.29
    endloop
  endfacet
  facet normal -0.941544 -0.336891 0
    outer loop
      vertex 2.20096 0.667655 52.29
      vertex 2.12492 0.880172 54.5
      vertex 2.12492 0.880172 52.29
    endloop
  endfacet
  facet normal -0.941544 -0.336891 0
    outer loop
      vertex 2.12492 0.880172 54.5
      vertex 2.20096 0.667655 52.29
      vertex 2.20096 0.667655 54.5
    endloop
  endfacet
  facet normal 0.146693 0.989182 -0
    outer loop
      vertex -0.225439 -2.28892 52.29
      vertex -0.448707 -2.25581 54.5
      vertex -0.225439 -2.28892 54.5
    endloop
  endfacet
  facet normal 0.146693 0.989182 0
    outer loop
      vertex -0.448707 -2.25581 54.5
      vertex -0.225439 -2.28892 52.29
      vertex -0.448707 -2.25581 52.29
    endloop
  endfacet
  facet normal -0.803194 -0.595717 0
    outer loop
      vertex 1.91238 1.27781 52.29
      vertex 1.77792 1.4591 54.5
      vertex 1.77792 1.4591 52.29
    endloop
  endfacet
  facet normal -0.803194 -0.595717 0
    outer loop
      vertex 1.77792 1.4591 54.5
      vertex 1.91238 1.27781 52.29
      vertex 1.91238 1.27781 54.5
    endloop
  endfacet
  facet normal -0.243007 0.970025 0
    outer loop
      vertex 0.667655 -2.20096 52.29
      vertex 0.448707 -2.25581 54.5
      vertex 0.667655 -2.20096 54.5
    endloop
  endfacet
  facet normal -0.243007 0.970025 0
    outer loop
      vertex 0.448707 -2.25581 54.5
      vertex 0.667655 -2.20096 52.29
      vertex 0.448707 -2.25581 52.29
    endloop
  endfacet
  facet normal 0.671519 -0.740988 0
    outer loop
      vertex -1.62635 1.62635 52.29
      vertex -1.4591 1.77792 54.5
      vertex -1.62635 1.62635 54.5
    endloop
  endfacet
  facet normal 0.671519 -0.740988 0
    outer loop
      vertex -1.4591 1.77792 54.5
      vertex -1.62635 1.62635 52.29
      vertex -1.4591 1.77792 52.29
    endloop
  endfacet
  facet normal 0.0490893 -0.998794 0
    outer loop
      vertex -0.225439 2.28892 52.29
      vertex 0 2.3 54.5
      vertex -0.225439 2.28892 54.5
    endloop
  endfacet
  facet normal 0.0490893 -0.998794 0
    outer loop
      vertex 0 2.3 54.5
      vertex -0.225439 2.28892 52.29
      vertex 0 2.3 52.29
    endloop
  endfacet
  facet normal -0.803194 0.595717 0
    outer loop
      vertex 1.77792 -1.4591 52.29
      vertex 1.91238 -1.27781 54.5
      vertex 1.91238 -1.27781 52.29
    endloop
  endfacet
  facet normal -0.803194 0.595717 0
    outer loop
      vertex 1.91238 -1.27781 54.5
      vertex 1.77792 -1.4591 52.29
      vertex 1.77792 -1.4591 54.5
    endloop
  endfacet
  facet normal -0.989182 -0.146693 0
    outer loop
      vertex 2.28892 0.225439 52.29
      vertex 2.25581 0.448707 54.5
      vertex 2.25581 0.448707 52.29
    endloop
  endfacet
  facet normal -0.989182 -0.146693 0
    outer loop
      vertex 2.25581 0.448707 54.5
      vertex 2.28892 0.225439 52.29
      vertex 2.28892 0.225439 54.5
    endloop
  endfacet
  facet normal 0.336891 -0.941544 0
    outer loop
      vertex -0.880172 2.12492 52.29
      vertex -0.667655 2.20096 54.5
      vertex -0.880172 2.12492 54.5
    endloop
  endfacet
  facet normal 0.336891 -0.941544 0
    outer loop
      vertex -0.667655 2.20096 54.5
      vertex -0.880172 2.12492 52.29
      vertex -0.667655 2.20096 52.29
    endloop
  endfacet
  facet normal -0.989182 0.146693 0
    outer loop
      vertex 2.25581 -0.448707 52.29
      vertex 2.28892 -0.225439 54.5
      vertex 2.28892 -0.225439 52.29
    endloop
  endfacet
  facet normal -0.989182 0.146693 0
    outer loop
      vertex 2.28892 -0.225439 54.5
      vertex 2.25581 -0.448707 52.29
      vertex 2.25581 -0.448707 54.5
    endloop
  endfacet
  facet normal -0.970025 -0.243007 0
    outer loop
      vertex 2.25581 0.448707 52.29
      vertex 2.20096 0.667655 54.5
      vertex 2.20096 0.667655 52.29
    endloop
  endfacet
  facet normal -0.970025 -0.243007 0
    outer loop
      vertex 2.20096 0.667655 54.5
      vertex 2.25581 0.448707 52.29
      vertex 2.25581 0.448707 54.5
    endloop
  endfacet
  facet normal 0.989182 0.146693 0
    outer loop
      vertex -2.25581 -0.448707 54.5
      vertex -2.28892 -0.225439 52.29
      vertex -2.28892 -0.225439 54.5
    endloop
  endfacet
  facet normal 0.989182 0.146693 0
    outer loop
      vertex -2.28892 -0.225439 52.29
      vertex -2.25581 -0.448707 54.5
      vertex -2.25581 -0.448707 52.29
    endloop
  endfacet
  facet normal -0.671519 0.740988 0
    outer loop
      vertex 1.62635 -1.62635 52.29
      vertex 1.4591 -1.77792 54.5
      vertex 1.62635 -1.62635 54.5
    endloop
  endfacet
  facet normal -0.671519 0.740988 0
    outer loop
      vertex 1.4591 -1.77792 54.5
      vertex 1.62635 -1.62635 52.29
      vertex 1.4591 -1.77792 52.29
    endloop
  endfacet
  facet normal 0.595717 -0.803194 0
    outer loop
      vertex -1.4591 1.77792 52.29
      vertex -1.27781 1.91238 54.5
      vertex -1.4591 1.77792 54.5
    endloop
  endfacet
  facet normal 0.595717 -0.803194 0
    outer loop
      vertex -1.27781 1.91238 54.5
      vertex -1.4591 1.77792 52.29
      vertex -1.27781 1.91238 52.29
    endloop
  endfacet
  facet normal 0.514105 0.857727 -0
    outer loop
      vertex -1.08421 -2.02842 52.29
      vertex -1.27781 -1.91238 54.5
      vertex -1.08421 -2.02842 54.5
    endloop
  endfacet
  facet normal 0.514105 0.857727 0
    outer loop
      vertex -1.27781 -1.91238 54.5
      vertex -1.08421 -2.02842 52.29
      vertex -1.27781 -1.91238 52.29
    endloop
  endfacet
  facet normal 0.740988 -0.671519 0
    outer loop
      vertex -1.77792 1.4591 54.5
      vertex -1.62635 1.62635 52.29
      vertex -1.62635 1.62635 54.5
    endloop
  endfacet
  facet normal 0.740988 -0.671519 0
    outer loop
      vertex -1.62635 1.62635 52.29
      vertex -1.77792 1.4591 54.5
      vertex -1.77792 1.4591 52.29
    endloop
  endfacet
  facet normal 0.243007 0.970025 -0
    outer loop
      vertex -0.448707 -2.25581 52.29
      vertex -0.667655 -2.20096 54.5
      vertex -0.448707 -2.25581 54.5
    endloop
  endfacet
  facet normal 0.243007 0.970025 0
    outer loop
      vertex -0.667655 -2.20096 54.5
      vertex -0.448707 -2.25581 52.29
      vertex -0.667655 -2.20096 52.29
    endloop
  endfacet
  facet normal -0.0490893 -0.998794 0
    outer loop
      vertex 0 2.3 52.29
      vertex 0.225439 2.28892 54.5
      vertex 0 2.3 54.5
    endloop
  endfacet
  facet normal -0.0490893 -0.998794 -0
    outer loop
      vertex 0.225439 2.28892 54.5
      vertex 0 2.3 52.29
      vertex 0.225439 2.28892 52.29
    endloop
  endfacet
  facet normal 0.857727 0.514105 0
    outer loop
      vertex -1.91238 -1.27781 54.5
      vertex -2.02842 -1.08421 52.29
      vertex -2.02842 -1.08421 54.5
    endloop
  endfacet
  facet normal 0.857727 0.514105 0
    outer loop
      vertex -2.02842 -1.08421 52.29
      vertex -1.91238 -1.27781 54.5
      vertex -1.91238 -1.27781 52.29
    endloop
  endfacet
  facet normal 0.989182 -0.146693 0
    outer loop
      vertex -2.28892 0.225439 54.5
      vertex -2.25581 0.448707 52.29
      vertex -2.25581 0.448707 54.5
    endloop
  endfacet
  facet normal 0.989182 -0.146693 0
    outer loop
      vertex -2.25581 0.448707 52.29
      vertex -2.28892 0.225439 54.5
      vertex -2.28892 0.225439 52.29
    endloop
  endfacet
  facet normal 0.903994 0.427545 0
    outer loop
      vertex -2.02842 -1.08421 54.5
      vertex -2.12492 -0.880172 52.29
      vertex -2.12492 -0.880172 54.5
    endloop
  endfacet
  facet normal 0.903994 0.427545 0
    outer loop
      vertex -2.12492 -0.880172 52.29
      vertex -2.02842 -1.08421 54.5
      vertex -2.02842 -1.08421 52.29
    endloop
  endfacet
  facet normal 0.146693 -0.989182 0
    outer loop
      vertex -0.448707 2.25581 52.29
      vertex -0.225439 2.28892 54.5
      vertex -0.448707 2.25581 54.5
    endloop
  endfacet
  facet normal 0.146693 -0.989182 0
    outer loop
      vertex -0.225439 2.28892 54.5
      vertex -0.448707 2.25581 52.29
      vertex -0.225439 2.28892 52.29
    endloop
  endfacet
  facet normal -0.941544 0.336891 0
    outer loop
      vertex 2.12492 -0.880172 52.29
      vertex 2.20096 -0.667655 54.5
      vertex 2.20096 -0.667655 52.29
    endloop
  endfacet
  facet normal -0.941544 0.336891 0
    outer loop
      vertex 2.20096 -0.667655 54.5
      vertex 2.12492 -0.880172 52.29
      vertex 2.12492 -0.880172 54.5
    endloop
  endfacet
  facet normal -0.427545 -0.903994 0
    outer loop
      vertex 0.880172 2.12492 52.29
      vertex 1.08421 2.02842 54.5
      vertex 0.880172 2.12492 54.5
    endloop
  endfacet
  facet normal -0.427545 -0.903994 -0
    outer loop
      vertex 1.08421 2.02842 54.5
      vertex 0.880172 2.12492 52.29
      vertex 1.08421 2.02842 52.29
    endloop
  endfacet
  facet normal 0.998794 -0.0490893 0
    outer loop
      vertex -2.3 0 54.5
      vertex -2.28892 0.225439 52.29
      vertex -2.28892 0.225439 54.5
    endloop
  endfacet
  facet normal 0.998794 -0.0490893 0
    outer loop
      vertex -2.28892 0.225439 52.29
      vertex -2.3 0 54.5
      vertex -2.3 0 52.29
    endloop
  endfacet
  facet normal 0.970025 -0.243007 0
    outer loop
      vertex -2.25581 0.448707 54.5
      vertex -2.20096 0.667655 52.29
      vertex -2.20096 0.667655 54.5
    endloop
  endfacet
  facet normal 0.970025 -0.243007 0
    outer loop
      vertex -2.20096 0.667655 52.29
      vertex -2.25581 0.448707 54.5
      vertex -2.25581 0.448707 52.29
    endloop
  endfacet
  facet normal -0.336891 -0.941544 0
    outer loop
      vertex 0.667655 2.20096 52.29
      vertex 0.880172 2.12492 54.5
      vertex 0.667655 2.20096 54.5
    endloop
  endfacet
  facet normal -0.336891 -0.941544 -0
    outer loop
      vertex 0.880172 2.12492 54.5
      vertex 0.667655 2.20096 52.29
      vertex 0.880172 2.12492 52.29
    endloop
  endfacet
  facet normal -0.857727 -0.514105 0
    outer loop
      vertex 2.02842 1.08421 52.29
      vertex 1.91238 1.27781 54.5
      vertex 1.91238 1.27781 52.29
    endloop
  endfacet
  facet normal -0.857727 -0.514105 0
    outer loop
      vertex 1.91238 1.27781 54.5
      vertex 2.02842 1.08421 52.29
      vertex 2.02842 1.08421 54.5
    endloop
  endfacet
  facet normal -0.243007 -0.970025 0
    outer loop
      vertex 0.448707 2.25581 52.29
      vertex 0.667655 2.20096 54.5
      vertex 0.448707 2.25581 54.5
    endloop
  endfacet
  facet normal -0.243007 -0.970025 -0
    outer loop
      vertex 0.667655 2.20096 54.5
      vertex 0.448707 2.25581 52.29
      vertex 0.667655 2.20096 52.29
    endloop
  endfacet
  facet normal 0.427545 0.903994 -0
    outer loop
      vertex -0.880172 -2.12492 52.29
      vertex -1.08421 -2.02842 54.5
      vertex -0.880172 -2.12492 54.5
    endloop
  endfacet
  facet normal 0.427545 0.903994 0
    outer loop
      vertex -1.08421 -2.02842 54.5
      vertex -0.880172 -2.12492 52.29
      vertex -1.08421 -2.02842 52.29
    endloop
  endfacet
  facet normal 0.941544 0.336891 0
    outer loop
      vertex -2.12492 -0.880172 54.5
      vertex -2.20096 -0.667655 52.29
      vertex -2.20096 -0.667655 54.5
    endloop
  endfacet
  facet normal 0.941544 0.336891 0
    outer loop
      vertex -2.20096 -0.667655 52.29
      vertex -2.12492 -0.880172 54.5
      vertex -2.12492 -0.880172 52.29
    endloop
  endfacet
  facet normal 0.514105 -0.857727 0
    outer loop
      vertex -1.27781 1.91238 52.29
      vertex -1.08421 2.02842 54.5
      vertex -1.27781 1.91238 54.5
    endloop
  endfacet
  facet normal 0.514105 -0.857727 0
    outer loop
      vertex -1.08421 2.02842 54.5
      vertex -1.27781 1.91238 52.29
      vertex -1.08421 2.02842 52.29
    endloop
  endfacet
  facet normal 0.0490893 0.998794 -0
    outer loop
      vertex 0 -2.3 52.29
      vertex -0.225439 -2.28892 54.5
      vertex 0 -2.3 54.5
    endloop
  endfacet
  facet normal 0.0490893 0.998794 0
    outer loop
      vertex -0.225439 -2.28892 54.5
      vertex 0 -2.3 52.29
      vertex -0.225439 -2.28892 52.29
    endloop
  endfacet
  facet normal -0.146693 0.989182 0
    outer loop
      vertex 0.448707 -2.25581 52.29
      vertex 0.225439 -2.28892 54.5
      vertex 0.448707 -2.25581 54.5
    endloop
  endfacet
  facet normal -0.146693 0.989182 0
    outer loop
      vertex 0.225439 -2.28892 54.5
      vertex 0.448707 -2.25581 52.29
      vertex 0.225439 -2.28892 52.29
    endloop
  endfacet
  facet normal -0.903994 0.427545 0
    outer loop
      vertex 2.02842 -1.08421 52.29
      vertex 2.12492 -0.880172 54.5
      vertex 2.12492 -0.880172 52.29
    endloop
  endfacet
  facet normal -0.903994 0.427545 0
    outer loop
      vertex 2.12492 -0.880172 54.5
      vertex 2.02842 -1.08421 52.29
      vertex 2.02842 -1.08421 54.5
    endloop
  endfacet
  facet normal -0.0490893 0.998794 0
    outer loop
      vertex 0.225439 -2.28892 52.29
      vertex 0 -2.3 54.5
      vertex 0.225439 -2.28892 54.5
    endloop
  endfacet
  facet normal -0.0490893 0.998794 0
    outer loop
      vertex 0 -2.3 54.5
      vertex 0.225439 -2.28892 52.29
      vertex 0 -2.3 52.29
    endloop
  endfacet
  facet normal 0.998794 0.0490893 0
    outer loop
      vertex -2.28892 -0.225439 54.5
      vertex -2.3 0 52.29
      vertex -2.3 0 54.5
    endloop
  endfacet
  facet normal 0.998794 0.0490893 0
    outer loop
      vertex -2.3 0 52.29
      vertex -2.28892 -0.225439 54.5
      vertex -2.28892 -0.225439 52.29
    endloop
  endfacet
  facet normal -0.427545 0.903994 0
    outer loop
      vertex 1.08421 -2.02842 52.29
      vertex 0.880172 -2.12492 54.5
      vertex 1.08421 -2.02842 54.5
    endloop
  endfacet
  facet normal -0.427545 0.903994 0
    outer loop
      vertex 0.880172 -2.12492 54.5
      vertex 1.08421 -2.02842 52.29
      vertex 0.880172 -2.12492 52.29
    endloop
  endfacet
  facet normal 0.671519 0.740988 -0
    outer loop
      vertex -1.4591 -1.77792 52.29
      vertex -1.62635 -1.62635 54.5
      vertex -1.4591 -1.77792 54.5
    endloop
  endfacet
  facet normal 0.671519 0.740988 0
    outer loop
      vertex -1.62635 -1.62635 54.5
      vertex -1.4591 -1.77792 52.29
      vertex -1.62635 -1.62635 52.29
    endloop
  endfacet
  facet normal 0.595717 0.803194 -0
    outer loop
      vertex -1.27781 -1.91238 52.29
      vertex -1.4591 -1.77792 54.5
      vertex -1.27781 -1.91238 54.5
    endloop
  endfacet
  facet normal 0.595717 0.803194 0
    outer loop
      vertex -1.4591 -1.77792 54.5
      vertex -1.27781 -1.91238 52.29
      vertex -1.4591 -1.77792 52.29
    endloop
  endfacet
  facet normal -0.514105 0.857727 0
    outer loop
      vertex 1.27781 -1.91238 52.29
      vertex 1.08421 -2.02842 54.5
      vertex 1.27781 -1.91238 54.5
    endloop
  endfacet
  facet normal -0.514105 0.857727 0
    outer loop
      vertex 1.08421 -2.02842 54.5
      vertex 1.27781 -1.91238 52.29
      vertex 1.08421 -2.02842 52.29
    endloop
  endfacet
  facet normal -0.857727 0.514105 0
    outer loop
      vertex 1.91238 -1.27781 52.29
      vertex 2.02842 -1.08421 54.5
      vertex 2.02842 -1.08421 52.29
    endloop
  endfacet
  facet normal -0.857727 0.514105 0
    outer loop
      vertex 2.02842 -1.08421 54.5
      vertex 1.91238 -1.27781 52.29
      vertex 1.91238 -1.27781 54.5
    endloop
  endfacet
  facet normal -0.970025 0.243007 0
    outer loop
      vertex 2.20096 -0.667655 52.29
      vertex 2.25581 -0.448707 54.5
      vertex 2.25581 -0.448707 52.29
    endloop
  endfacet
  facet normal -0.970025 0.243007 0
    outer loop
      vertex 2.25581 -0.448707 54.5
      vertex 2.20096 -0.667655 52.29
      vertex 2.20096 -0.667655 54.5
    endloop
  endfacet
  facet normal -0.595717 0.803194 0
    outer loop
      vertex 1.4591 -1.77792 52.29
      vertex 1.27781 -1.91238 54.5
      vertex 1.4591 -1.77792 54.5
    endloop
  endfacet
  facet normal -0.595717 0.803194 0
    outer loop
      vertex 1.27781 -1.91238 54.5
      vertex 1.4591 -1.77792 52.29
      vertex 1.27781 -1.91238 52.29
    endloop
  endfacet
  facet normal 0.803194 0.595717 0
    outer loop
      vertex -1.77792 -1.4591 54.5
      vertex -1.91238 -1.27781 52.29
      vertex -1.91238 -1.27781 54.5
    endloop
  endfacet
  facet normal 0.803194 0.595717 0
    outer loop
      vertex -1.91238 -1.27781 52.29
      vertex -1.77792 -1.4591 54.5
      vertex -1.77792 -1.4591 52.29
    endloop
  endfacet
  facet normal 0.740988 0.671519 0
    outer loop
      vertex -1.62635 -1.62635 54.5
      vertex -1.77792 -1.4591 52.29
      vertex -1.77792 -1.4591 54.5
    endloop
  endfacet
  facet normal 0.740988 0.671519 0
    outer loop
      vertex -1.77792 -1.4591 52.29
      vertex -1.62635 -1.62635 54.5
      vertex -1.62635 -1.62635 52.29
    endloop
  endfacet
  facet normal -0.336891 0.941544 0
    outer loop
      vertex 0.880172 -2.12492 52.29
      vertex 0.667655 -2.20096 54.5
      vertex 0.880172 -2.12492 54.5
    endloop
  endfacet
  facet normal -0.336891 0.941544 0
    outer loop
      vertex 0.667655 -2.20096 54.5
      vertex 0.880172 -2.12492 52.29
      vertex 0.667655 -2.20096 52.29
    endloop
  endfacet
  facet normal 0.336891 0.941544 -0
    outer loop
      vertex -0.667655 -2.20096 52.29
      vertex -0.880172 -2.12492 54.5
      vertex -0.667655 -2.20096 54.5
    endloop
  endfacet
  facet normal 0.336891 0.941544 0
    outer loop
      vertex -0.880172 -2.12492 54.5
      vertex -0.667655 -2.20096 52.29
      vertex -0.880172 -2.12492 52.29
    endloop
  endfacet
  facet normal 0.970025 0.243007 0
    outer loop
      vertex -2.20096 -0.667655 54.5
      vertex -2.25581 -0.448707 52.29
      vertex -2.25581 -0.448707 54.5
    endloop
  endfacet
  facet normal 0.970025 0.243007 0
    outer loop
      vertex -2.25581 -0.448707 52.29
      vertex -2.20096 -0.667655 54.5
      vertex -2.20096 -0.667655 52.29
    endloop
  endfacet
  facet normal 0 0 -1
    outer loop
      vertex 15.195 -6.2 83.5
      vertex 18 6.2 83.5
      vertex 18 -6.2 83.5
    endloop
  endfacet
  facet normal -0 0 -1
    outer loop
      vertex 18 6.2 83.5
      vertex 15.195 -6.2 83.5
      vertex 15.195 6.2 83.5
    endloop
  endfacet
  facet normal -0 0 1
    outer loop
      vertex 15.195 6.2 60.5
      vertex 18 -6.2 60.5
      vertex 18 6.2 60.5
    endloop
  endfacet
  facet normal 0 0 1
    outer loop
      vertex 18 -6.2 60.5
      vertex 15.195 6.2 60.5
      vertex 15.195 -6.2 60.5
    endloop
  endfacet
  facet normal 0 -1 0
    outer loop
      vertex 15.195 6.2 60.5
      vertex 18 6.2 83.5
      vertex 15.195 6.2 83.5
    endloop
  endfacet
  facet normal 0 -1 -0
    outer loop
      vertex 18 6.2 83.5
      vertex 15.195 6.2 60.5
      vertex 18 6.2 60.5
    endloop
  endfacet
  facet normal 0 1 -0
    outer loop
      vertex 18 -6.2 60.5
      vertex 15.195 -6.2 83.5
      vertex 18 -6.2 83.5
    endloop
  endfacet
  facet normal 0 1 0
    outer loop
      vertex 15.195 -6.2 83.5
      vertex 18 -6.2 60.5
      vertex 15.195 -6.2 60.5
    endloop
  endfacet
  facet normal -0.563336 -0.826228 0
    outer loop
      vertex 14 7.01477 84.3148
      vertex 15.195 6.2 60.5
      vertex 15.195 6.2 83.5
    endloop
  endfacet
  facet normal -0.563336 -0.826228 0
    outer loop
      vertex 15.195 6.2 60.5
      vertex 14 7.01477 84.3148
      vertex 14 7.01477 59.6852
    endloop
  endfacet
  facet normal -0.56335 0 -0.826219
    outer loop
      vertex 14 -7.01477 84.3148
      vertex 15.195 6.2 83.5
      vertex 15.195 -6.2 83.5
    endloop
  endfacet
  facet normal -0.56335 0 -0.826219
    outer loop
      vertex 15.195 6.2 83.5
      vertex 14 -7.01477 84.3148
      vertex 14 7.01477 84.3148
    endloop
  endfacet
  facet normal -0.56335 0 0.826219
    outer loop
      vertex 14 7.01477 59.6852
      vertex 15.195 -6.2 60.5
      vertex 15.195 6.2 60.5
    endloop
  endfacet
  facet normal -0.56335 0 0.826219
    outer loop
      vertex 15.195 -6.2 60.5
      vertex 14 7.01477 59.6852
      vertex 14 -7.01477 59.6852
    endloop
  endfacet
  facet normal -0.563336 0.826228 0
    outer loop
      vertex 15.195 -6.2 60.5
      vertex 14 -7.01477 84.3148
      vertex 15.195 -6.2 83.5
    endloop
  endfacet
  facet normal -0.563336 0.826228 0
    outer loop
      vertex 14 -7.01477 84.3148
      vertex 15.195 -6.2 60.5
      vertex 14 -7.01477 59.6852
    endloop
  endfacet
  facet normal 0 -0.857718 -0.514121
    outer loop
      vertex 27.3 -8.49442 57.9333
      vertex 31.3 -8.64577 58.1858
      vertex 27.3 -8.64577 58.1858
    endloop
  endfacet
  facet normal 0 -0.857718 -0.514121
    outer loop
      vertex 31.3 -8.64577 58.1858
      vertex 27.3 -8.49442 57.9333
      vertex 31.3 -8.49442 57.9333
    endloop
  endfacet
  facet normal -0 0.243255 0.969962
    outer loop
      vertex 27.3 14.8708 98.4708
      vertex 31.3 14.5853 98.5424
      vertex 31.3 14.8708 98.4708
    endloop
  endfacet
  facet normal 0 0.243255 0.969962
    outer loop
      vertex 31.3 14.5853 98.5424
      vertex 27.3 14.8708 98.4708
      vertex 27.3 14.5853 98.5424
    endloop
  endfacet
  facet normal 0 0.904063 -0.4274
    outer loop
      vertex 31.3 16.6458 58.1858
      vertex 27.3 16.7716 58.4519
      vertex 31.3 16.7716 58.4519
    endloop
  endfacet
  facet normal 0 0.904063 -0.4274
    outer loop
      vertex 27.3 16.7716 58.4519
      vertex 31.3 16.6458 58.1858
      vertex 27.3 16.6458 58.1858
    endloop
  endfacet
  facet normal -0 0.671607 0.740908
    outer loop
      vertex 27.3 16.1213 97.7213
      vertex 31.3 15.9032 97.919
      vertex 31.3 16.1213 97.7213
    endloop
  endfacet
  facet normal 0 0.671607 0.740908
    outer loop
      vertex 31.3 15.9032 97.919
      vertex 27.3 16.1213 97.7213
      vertex 27.3 15.9032 97.919
    endloop
  endfacet
  facet normal 0 -0.803224 0.595677
    outer loop
      vertex 27.3 -8.49442 97.2667
      vertex 31.3 -8.31903 97.5032
      vertex 27.3 -8.31903 97.5032
    endloop
  endfacet
  facet normal 0 -0.803224 0.595677
    outer loop
      vertex 31.3 -8.31903 97.5032
      vertex 27.3 -8.49442 97.2667
      vertex 31.3 -8.49442 97.2667
    endloop
  endfacet
  facet normal 0 -0.970018 0.243031
    outer loop
      vertex 27.3 -8.94235 96.1853
      vertex 31.3 -8.87082 96.4708
      vertex 27.3 -8.87082 96.4708
    endloop
  endfacet
  facet normal 0 -0.970018 0.243031
    outer loop
      vertex 31.3 -8.87082 96.4708
      vertex 27.3 -8.94235 96.1853
      vertex 31.3 -8.94235 96.1853
    endloop
  endfacet
  facet normal 0 -0.941548 -0.336879
    outer loop
      vertex 27.3 -8.77164 58.4519
      vertex 31.3 -8.87082 58.7291
      vertex 27.3 -8.87082 58.7291
    endloop
  endfacet
  facet normal 0 -0.941548 -0.336879
    outer loop
      vertex 31.3 -8.87082 58.7291
      vertex 27.3 -8.77164 58.4519
      vertex 31.3 -8.77164 58.4519
    endloop
  endfacet
  facet normal 0 -0.903971 -0.427594
    outer loop
      vertex 27.3 -8.64577 58.1858
      vertex 31.3 -8.77164 58.4519
      vertex 27.3 -8.77164 58.4519
    endloop
  endfacet
  facet normal 0 -0.903971 -0.427594
    outer loop
      vertex 31.3 -8.77164 58.4519
      vertex 27.3 -8.64577 58.1858
      vertex 31.3 -8.64577 58.1858
    endloop
  endfacet
  facet normal 0 -0.941587 0.336771
    outer loop
      vertex 27.3 -8.87082 96.4708
      vertex 31.3 -8.77164 96.7481
      vertex 27.3 -8.77164 96.7481
    endloop
  endfacet
  facet normal 0 -0.941587 0.336771
    outer loop
      vertex 31.3 -8.77164 96.7481
      vertex 27.3 -8.87082 96.4708
      vertex 31.3 -8.87082 96.4708
    endloop
  endfacet
  facet normal 0 -0.514186 0.857679
    outer loop
      vertex 27.3 -7.41418 98.2458
      vertex 31.3 -7.66672 98.0944
      vertex 31.3 -7.41418 98.2458
    endloop
  endfacet
  facet normal 0 -0.514186 0.857679
    outer loop
      vertex 31.3 -7.66672 98.0944
      vertex 27.3 -7.41418 98.2458
      vertex 27.3 -7.66672 98.0944
    endloop
  endfacet
  facet normal 0 0.969962 0.243255
    outer loop
      vertex 31.3 16.9424 96.1853
      vertex 27.3 16.8708 96.4708
      vertex 31.3 16.8708 96.4708
    endloop
  endfacet
  facet normal 0 0.969962 0.243255
    outer loop
      vertex 27.3 16.8708 96.4708
      vertex 31.3 16.9424 96.1853
      vertex 27.3 16.9424 96.1853
    endloop
  endfacet
  facet normal 0 0.803208 -0.595699
    outer loop
      vertex 31.3 16.319 57.6968
      vertex 27.3 16.4944 57.9333
      vertex 31.3 16.4944 57.9333
    endloop
  endfacet
  facet normal 0 0.803208 -0.595699
    outer loop
      vertex 27.3 16.4944 57.9333
      vertex 31.3 16.319 57.6968
      vertex 27.3 16.319 57.6968
    endloop
  endfacet
  facet normal -0 0.514246 0.857643
    outer loop
      vertex 27.3 15.6667 98.0944
      vertex 31.3 15.4142 98.2458
      vertex 31.3 15.6667 98.0944
    endloop
  endfacet
  facet normal 0 0.514246 0.857643
    outer loop
      vertex 31.3 15.4142 98.2458
      vertex 27.3 15.6667 98.0944
      vertex 27.3 15.4142 98.2458
    endloop
  endfacet
  facet normal 0 -0.427374 -0.904075
    outer loop
      vertex 27.3 -7.41418 56.9542
      vertex 31.3 -7.14806 56.8284
      vertex 31.3 -7.41418 56.9542
    endloop
  endfacet
  facet normal -0 -0.427374 -0.904075
    outer loop
      vertex 31.3 -7.14806 56.8284
      vertex 27.3 -7.41418 56.9542
      vertex 27.3 -7.14806 56.8284
    endloop
  endfacet
  facet normal 0 -0.903971 0.427594
    outer loop
      vertex 27.3 -8.77164 96.7481
      vertex 31.3 -8.64577 97.0142
      vertex 27.3 -8.64577 97.0142
    endloop
  endfacet
  facet normal 0 -0.903971 0.427594
    outer loop
      vertex 31.3 -8.64577 97.0142
      vertex 27.3 -8.77164 96.7481
      vertex 31.3 -8.77164 96.7481
    endloop
  endfacet
  facet normal -0 0.0492431 0.998787
    outer loop
      vertex 27.3 14.2941 98.5855
      vertex 31.3 14 98.6
      vertex 31.3 14.2941 98.5855
    endloop
  endfacet
  facet normal 0 0.0492431 0.998787
    outer loop
      vertex 31.3 14 98.6
      vertex 27.3 14.2941 98.5855
      vertex 27.3 14 98.6
    endloop
  endfacet
  facet normal 0 0.998787 0.0492431
    outer loop
      vertex 31.3 17 95.6
      vertex 27.3 16.9855 95.8941
      vertex 31.3 16.9855 95.8941
    endloop
  endfacet
  facet normal 0 0.998787 0.0492431
    outer loop
      vertex 27.3 16.9855 95.8941
      vertex 31.3 17 95.6
      vertex 27.3 17 95.6
    endloop
  endfacet
  facet normal 0 0.989224 -0.146413
    outer loop
      vertex 31.3 16.9424 59.0147
      vertex 27.3 16.9855 59.3059
      vertex 31.3 16.9855 59.3059
    endloop
  endfacet
  facet normal 0 0.989224 -0.146413
    outer loop
      vertex 27.3 16.9855 59.3059
      vertex 31.3 16.9424 59.0147
      vertex 27.3 16.9424 59.0147
    endloop
  endfacet
  facet normal 0 -0.998795 -0.0490738
    outer loop
      vertex 27.3 -8.98555 59.3059
      vertex 31.3 -9 59.6
      vertex 27.3 -9 59.6
    endloop
  endfacet
  facet normal 0 -0.998795 -0.0490738
    outer loop
      vertex 31.3 -9 59.6
      vertex 27.3 -8.98555 59.3059
      vertex 31.3 -8.98555 59.3059
    endloop
  endfacet
  facet normal 0 0.740908 0.671607
    outer loop
      vertex 31.3 16.319 97.5032
      vertex 27.3 16.1213 97.7213
      vertex 31.3 16.1213 97.7213
    endloop
  endfacet
  facet normal 0 0.740908 0.671607
    outer loop
      vertex 27.3 16.1213 97.7213
      vertex 31.3 16.319 97.5032
      vertex 27.3 16.319 97.5032
    endloop
  endfacet
  facet normal 0 -0.671539 0.740969
    outer loop
      vertex 27.3 -7.90318 97.919
      vertex 31.3 -8.12132 97.7213
      vertex 31.3 -7.90318 97.919
    endloop
  endfacet
  facet normal 0 -0.671539 0.740969
    outer loop
      vertex 31.3 -8.12132 97.7213
      vertex 27.3 -7.90318 97.919
      vertex 27.3 -8.12132 97.7213
    endloop
  endfacet
  facet normal 0 0.969982 -0.243175
    outer loop
      vertex 31.3 16.8708 58.7291
      vertex 27.3 16.9424 59.0147
      vertex 31.3 16.9424 59.0147
    endloop
  endfacet
  facet normal 0 0.969982 -0.243175
    outer loop
      vertex 27.3 16.9424 59.0147
      vertex 31.3 16.8708 58.7291
      vertex 27.3 16.8708 58.7291
    endloop
  endfacet
  facet normal 0 -0.0492515 0.998786
    outer loop
      vertex 27.3 -6 98.6
      vertex 31.3 -6.29405 98.5855
      vertex 31.3 -6 98.6
    endloop
  endfacet
  facet normal 0 -0.0492515 0.998786
    outer loop
      vertex 31.3 -6.29405 98.5855
      vertex 27.3 -6 98.6
      vertex 27.3 -6.29405 98.5855
    endloop
  endfacet
  facet normal 0 -0.427374 0.904075
    outer loop
      vertex 27.3 -7.14806 98.3716
      vertex 31.3 -7.41418 98.2458
      vertex 31.3 -7.14806 98.3716
    endloop
  endfacet
  facet normal 0 -0.427374 0.904075
    outer loop
      vertex 31.3 -7.41418 98.2458
      vertex 27.3 -7.14806 98.3716
      vertex 27.3 -7.41418 98.2458
    endloop
  endfacet
  facet normal 0 0.243255 -0.969962
    outer loop
      vertex 27.3 14.5853 56.6576
      vertex 31.3 14.8708 56.7292
      vertex 31.3 14.5853 56.6576
    endloop
  endfacet
  facet normal 0 0.243255 -0.969962
    outer loop
      vertex 31.3 14.8708 56.7292
      vertex 27.3 14.5853 56.6576
      vertex 27.3 14.8708 56.7292
    endloop
  endfacet
  facet normal 0 0.671607 -0.740908
    outer loop
      vertex 27.3 15.9032 57.281
      vertex 31.3 16.1213 57.4787
      vertex 31.3 15.9032 57.281
    endloop
  endfacet
  facet normal 0 0.671607 -0.740908
    outer loop
      vertex 31.3 16.1213 57.4787
      vertex 27.3 15.9032 57.281
      vertex 27.3 16.1213 57.4787
    endloop
  endfacet
  facet normal -0 0 1
    outer loop
      vertex 27.3 14 98.6
      vertex 31.3 -6 98.6
      vertex 31.3 14 98.6
    endloop
  endfacet
  facet normal 0 0 1
    outer loop
      vertex 31.3 -6 98.6
      vertex 27.3 14 98.6
      vertex 27.3 -6 98.6
    endloop
  endfacet
  facet normal 0 -0.989174 -0.146746
    outer loop
      vertex 27.3 -8.94235 59.0147
      vertex 31.3 -8.98555 59.3059
      vertex 27.3 -8.98555 59.3059
    endloop
  endfacet
  facet normal 0 -0.989174 -0.146746
    outer loop
      vertex 31.3 -8.98555 59.3059
      vertex 27.3 -8.94235 59.0147
      vertex 31.3 -8.94235 59.0147
    endloop
  endfacet
  facet normal 0 -1 0
    outer loop
      vertex 27.3 -9 59.6
      vertex 31.3 -9 95.6
      vertex 27.3 -9 95.6
    endloop
  endfacet
  facet normal 0 -1 -0
    outer loop
      vertex 31.3 -9 95.6
      vertex 27.3 -9 59.6
      vertex 31.3 -9 59.6
    endloop
  endfacet
  facet normal -0 0.4274 0.904063
    outer loop
      vertex 27.3 15.4142 98.2458
      vertex 31.3 15.1481 98.3716
      vertex 31.3 15.4142 98.2458
    endloop
  endfacet
  facet normal 0 0.4274 0.904063
    outer loop
      vertex 31.3 15.1481 98.3716
      vertex 27.3 15.4142 98.2458
      vertex 27.3 15.1481 98.3716
    endloop
  endfacet
  facet normal 0 -0.970039 -0.242951
    outer loop
      vertex 27.3 -8.87082 58.7291
      vertex 31.3 -8.94235 59.0147
      vertex 27.3 -8.94235 59.0147
    endloop
  endfacet
  facet normal 0 -0.970039 -0.242951
    outer loop
      vertex 31.3 -8.94235 59.0147
      vertex 27.3 -8.87082 58.7291
      vertex 31.3 -8.87082 58.7291
    endloop
  endfacet
  facet normal 0 0.803208 0.595699
    outer loop
      vertex 31.3 16.4944 97.2667
      vertex 27.3 16.319 97.5032
      vertex 31.3 16.319 97.5032
    endloop
  endfacet
  facet normal 0 0.803208 0.595699
    outer loop
      vertex 27.3 16.319 97.5032
      vertex 31.3 16.4944 97.2667
      vertex 27.3 16.4944 97.2667
    endloop
  endfacet
  facet normal 0 0.904063 0.4274
    outer loop
      vertex 31.3 16.7716 96.7481
      vertex 27.3 16.6458 97.0142
      vertex 31.3 16.6458 97.0142
    endloop
  endfacet
  facet normal 0 0.904063 0.4274
    outer loop
      vertex 27.3 16.6458 97.0142
      vertex 31.3 16.7716 96.7481
      vertex 27.3 16.7716 96.7481
    endloop
  endfacet
  facet normal 0 -0.857718 0.514121
    outer loop
      vertex 27.3 -8.64577 97.0142
      vertex 31.3 -8.49442 97.2667
      vertex 27.3 -8.49442 97.2667
    endloop
  endfacet
  facet normal 0 -0.857718 0.514121
    outer loop
      vertex 31.3 -8.49442 97.2667
      vertex 27.3 -8.64577 97.0142
      vertex 31.3 -8.64577 97.0142
    endloop
  endfacet
  facet normal 0 0.941527 -0.336939
    outer loop
      vertex 31.3 16.7716 58.4519
      vertex 27.3 16.8708 58.7291
      vertex 31.3 16.8708 58.7291
    endloop
  endfacet
  facet normal 0 0.941527 -0.336939
    outer loop
      vertex 27.3 16.8708 58.7291
      vertex 31.3 16.7716 58.4519
      vertex 27.3 16.7716 58.4519
    endloop
  endfacet
  facet normal 0 0.857643 0.514246
    outer loop
      vertex 31.3 16.6458 97.0142
      vertex 27.3 16.4944 97.2667
      vertex 31.3 16.4944 97.2667
    endloop
  endfacet
  facet normal 0 0.857643 0.514246
    outer loop
      vertex 27.3 16.4944 97.2667
      vertex 31.3 16.6458 97.0142
      vertex 27.3 16.6458 97.0142
    endloop
  endfacet
  facet normal -0 0.595699 0.803208
    outer loop
      vertex 27.3 15.9032 97.919
      vertex 31.3 15.6667 98.0944
      vertex 31.3 15.9032 97.919
    endloop
  endfacet
  facet normal 0 0.595699 0.803208
    outer loop
      vertex 31.3 15.6667 98.0944
      vertex 27.3 15.9032 97.919
      vertex 27.3 15.6667 98.0944
    endloop
  endfacet
  facet normal 0 -0.998795 0.0490738
    outer loop
      vertex 27.3 -9 95.6
      vertex 31.3 -8.98555 95.8941
      vertex 27.3 -8.98555 95.8941
    endloop
  endfacet
  facet normal 0 -0.998795 0.0490738
    outer loop
      vertex 31.3 -8.98555 95.8941
      vertex 27.3 -9 95.6
      vertex 31.3 -9 95.6
    endloop
  endfacet
  facet normal 0 -0.595764 0.80316
    outer loop
      vertex 27.3 -7.66672 98.0944
      vertex 31.3 -7.90318 97.919
      vertex 31.3 -7.66672 98.0944
    endloop
  endfacet
  facet normal 0 -0.595764 0.80316
    outer loop
      vertex 31.3 -7.90318 97.919
      vertex 27.3 -7.66672 98.0944
      vertex 27.3 -7.90318 97.919
    endloop
  endfacet
  facet normal 0 -0.671539 -0.740969
    outer loop
      vertex 27.3 -8.12132 57.4787
      vertex 31.3 -7.90318 57.281
      vertex 31.3 -8.12132 57.4787
    endloop
  endfacet
  facet normal -0 -0.671539 -0.740969
    outer loop
      vertex 31.3 -7.90318 57.281
      vertex 27.3 -8.12132 57.4787
      vertex 27.3 -7.90318 57.281
    endloop
  endfacet
  facet normal 0 0.989224 0.146413
    outer loop
      vertex 31.3 16.9855 95.8941
      vertex 27.3 16.9424 96.1853
      vertex 31.3 16.9424 96.1853
    endloop
  endfacet
  facet normal 0 0.989224 0.146413
    outer loop
      vertex 27.3 16.9424 96.1853
      vertex 31.3 16.9855 95.8941
      vertex 27.3 16.9855 95.8941
    endloop
  endfacet
  facet normal 0 1 0
    outer loop
      vertex 42.3 17 94.6
      vertex 42.3 17 60.6
      vertex 31.3 17 94.6
    endloop
  endfacet
  facet normal 0 1 -0
    outer loop
      vertex 31.3 17 94.6
      vertex 27.3 17 95.6
      vertex 31.3 17 95.6
    endloop
  endfacet
  facet normal 0 1 0
    outer loop
      vertex 31.3 17 60.6
      vertex 31.3 17 94.6
      vertex 42.3 17 60.6
    endloop
  endfacet
  facet normal 0 1 0
    outer loop
      vertex 31.3 17 94.6
      vertex 31.3 17 60.6
      vertex 27.3 17 95.6
    endloop
  endfacet
  facet normal 0 1 0
    outer loop
      vertex 27.3 17 59.6
      vertex 31.3 17 60.6
      vertex 31.3 17 59.6
    endloop
  endfacet
  facet normal 0 1 0
    outer loop
      vertex 31.3 17 60.6
      vertex 27.3 17 59.6
      vertex 27.3 17 95.6
    endloop
  endfacet
  facet normal 0 0.998787 -0.0492431
    outer loop
      vertex 31.3 16.9855 59.3059
      vertex 27.3 17 59.6
      vertex 31.3 17 59.6
    endloop
  endfacet
  facet normal 0 0.998787 -0.0492431
    outer loop
      vertex 27.3 17 59.6
      vertex 31.3 16.9855 59.3059
      vertex 27.3 16.9855 59.3059
    endloop
  endfacet
  facet normal 0 0.941565 0.336831
    outer loop
      vertex 31.3 16.8708 96.4708
      vertex 27.3 16.7716 96.7481
      vertex 31.3 16.7716 96.7481
    endloop
  endfacet
  facet normal 0 0.941565 0.336831
    outer loop
      vertex 27.3 16.7716 96.7481
      vertex 31.3 16.8708 96.4708
      vertex 27.3 16.8708 96.4708
    endloop
  endfacet
  facet normal -1 0 0
    outer loop
      vertex 27.3 -9 95.6
      vertex 27.3 -3.7 79.7809
      vertex 27.3 -3.79225 79.627
    endloop
  endfacet
  facet normal -1 0 0
    outer loop
      vertex 27.3 14 56.6
      vertex 27.3 17 59.6
      vertex 27.3 16.9855 59.3059
    endloop
  endfacet
  facet normal -1 0 0
    outer loop
      vertex 27.3 17 59.6
      vertex 27.3 4.29999 77.6
      vertex 27.3 17 95.6
    endloop
  endfacet
  facet normal -1 0 0
    outer loop
      vertex 27.3 14 56.6
      vertex 27.3 16.9855 59.3059
      vertex 27.3 16.9424 59.0147
    endloop
  endfacet
  facet normal -1 0 0
    outer loop
      vertex 27.3 4.27928 78.0215
      vertex 27.3 17 95.6
      vertex 27.3 4.29999 77.6
    endloop
  endfacet
  facet normal -1 0 0
    outer loop
      vertex 27.3 14 56.6
      vertex 27.3 16.9424 59.0147
      vertex 27.3 16.8708 58.7291
    endloop
  endfacet
  facet normal -1 0 0
    outer loop
      vertex 27.3 4.21736 78.4389
      vertex 27.3 17 95.6
      vertex 27.3 4.27928 78.0215
    endloop
  endfacet
  facet normal -1 0 0
    outer loop
      vertex 27.3 14 56.6
      vertex 27.3 16.8708 58.7291
      vertex 27.3 16.7716 58.4519
    endloop
  endfacet
  facet normal -1 0 0
    outer loop
      vertex 27.3 4.11484 78.8482
      vertex 27.3 17 95.6
      vertex 27.3 4.21736 78.4389
    endloop
  endfacet
  facet normal -1 0 0
    outer loop
      vertex 27.3 14 56.6
      vertex 27.3 16.7716 58.4519
      vertex 27.3 16.6458 58.1858
    endloop
  endfacet
  facet normal -1 0 0
    outer loop
      vertex 27.3 3.97267 79.2455
      vertex 27.3 17 95.6
      vertex 27.3 4.11484 78.8482
    endloop
  endfacet
  facet normal -1 0 0
    outer loop
      vertex 27.3 14 56.6
      vertex 27.3 16.6458 58.1858
      vertex 27.3 16.4944 57.9333
    endloop
  endfacet
  facet normal -1 0 0
    outer loop
      vertex 27.3 3.79225 79.627
      vertex 27.3 17 95.6
      vertex 27.3 3.97267 79.2455
    endloop
  endfacet
  facet normal -1 0 0
    outer loop
      vertex 27.3 14 56.6
      vertex 27.3 16.4944 57.9333
      vertex 27.3 16.319 57.6968
    endloop
  endfacet
  facet normal -1 0 0
    outer loop
      vertex 27.3 3.7 79.7809
      vertex 27.3 17 95.6
      vertex 27.3 3.79225 79.627
    endloop
  endfacet
  facet normal -1 0 0
    outer loop
      vertex 27.3 14 56.6
      vertex 27.3 16.319 57.6968
      vertex 27.3 16.1213 57.4787
    endloop
  endfacet
  facet normal -1 0 0
    outer loop
      vertex 27.3 3.7 95.6
      vertex 27.3 17 95.6
      vertex 27.3 3.7 79.7809
    endloop
  endfacet
  facet normal -1 0 0
    outer loop
      vertex 27.3 14 56.6
      vertex 27.3 16.1213 57.4787
      vertex 27.3 15.9032 57.281
    endloop
  endfacet
  facet normal -1 0 -0
    outer loop
      vertex 27.3 14 98.6
      vertex 27.3 17 95.6
      vertex 27.3 3.7 95.6
    endloop
  endfacet
  facet normal -1 0 0
    outer loop
      vertex 27.3 14 56.6
      vertex 27.3 15.9032 57.281
      vertex 27.3 15.6667 57.1056
    endloop
  endfacet
  facet normal -1 0 0
    outer loop
      vertex 27.3 17 95.6
      vertex 27.3 14 98.6
      vertex 27.3 16.9855 95.8941
    endloop
  endfacet
  facet normal -1 0 0
    outer loop
      vertex 27.3 14 56.6
      vertex 27.3 15.6667 57.1056
      vertex 27.3 15.4142 56.9542
    endloop
  endfacet
  facet normal -1 0 0
    outer loop
      vertex 27.3 16.9855 95.8941
      vertex 27.3 14 98.6
      vertex 27.3 16.9424 96.1853
    endloop
  endfacet
  facet normal -1 0 0
    outer loop
      vertex 27.3 14 56.6
      vertex 27.3 15.4142 56.9542
      vertex 27.3 15.1481 56.8284
    endloop
  endfacet
  facet normal -1 0 0
    outer loop
      vertex 27.3 16.9424 96.1853
      vertex 27.3 14 98.6
      vertex 27.3 16.8708 96.4708
    endloop
  endfacet
  facet normal -1 0 0
    outer loop
      vertex 27.3 14 56.6
      vertex 27.3 15.1481 56.8284
      vertex 27.3 14.8708 56.7292
    endloop
  endfacet
  facet normal -1 0 0
    outer loop
      vertex 27.3 16.8708 96.4708
      vertex 27.3 14 98.6
      vertex 27.3 16.7716 96.7481
    endloop
  endfacet
  facet normal -1 0 0
    outer loop
      vertex 27.3 14 56.6
      vertex 27.3 14.8708 56.7292
      vertex 27.3 14.5853 56.6576
    endloop
  endfacet
  facet normal -1 0 0
    outer loop
      vertex 27.3 16.7716 96.7481
      vertex 27.3 14 98.6
      vertex 27.3 16.6458 97.0142
    endloop
  endfacet
  facet normal -1 0 0
    outer loop
      vertex 27.3 14 56.6
      vertex 27.3 14.5853 56.6576
      vertex 27.3 14.2941 56.6144
    endloop
  endfacet
  facet normal -1 0 0
    outer loop
      vertex 27.3 16.6458 97.0142
      vertex 27.3 14 98.6
      vertex 27.3 16.4944 97.2667
    endloop
  endfacet
  facet normal -1 -0 0
    outer loop
      vertex 27.3 17 59.6
      vertex 27.3 14 56.6
      vertex 27.3 3.7 59.6
    endloop
  endfacet
  facet normal -1 0 0
    outer loop
      vertex 27.3 16.4944 97.2667
      vertex 27.3 14 98.6
      vertex 27.3 16.319 97.5032
    endloop
  endfacet
  facet normal -1 0 0
    outer loop
      vertex 27.3 16.319 97.5032
      vertex 27.3 14 98.6
      vertex 27.3 16.1213 97.7213
    endloop
  endfacet
  facet normal -1 0 0
    outer loop
      vertex 27.3 17 59.6
      vertex 27.3 4.27928 77.1785
      vertex 27.3 4.29999 77.6
    endloop
  endfacet
  facet normal -1 0 0
    outer loop
      vertex 27.3 17 59.6
      vertex 27.3 4.21736 76.7611
      vertex 27.3 4.27928 77.1785
    endloop
  endfacet
  facet normal -1 0 0
    outer loop
      vertex 27.3 17 59.6
      vertex 27.3 4.11484 76.3518
      vertex 27.3 4.21736 76.7611
    endloop
  endfacet
  facet normal -1 0 0
    outer loop
      vertex 27.3 17 59.6
      vertex 27.3 3.97267 75.9545
      vertex 27.3 4.11484 76.3518
    endloop
  endfacet
  facet normal -1 0 0
    outer loop
      vertex 27.3 17 59.6
      vertex 27.3 3.79225 75.573
      vertex 27.3 3.97267 75.9545
    endloop
  endfacet
  facet normal -1 0 0
    outer loop
      vertex 27.3 17 59.6
      vertex 27.3 3.7 59.6
      vertex 27.3 3.7 75.4191
    endloop
  endfacet
  facet normal -1 0 0
    outer loop
      vertex 27.3 -6 56.6
      vertex 27.3 3.7 59.6
      vertex 27.3 14 56.6
    endloop
  endfacet
  facet normal -1 0 0
    outer loop
      vertex 27.3 -9 59.6
      vertex 27.3 -3.7 75.4191
      vertex 27.3 -3.7 59.6
    endloop
  endfacet
  facet normal -1 -0 0
    outer loop
      vertex 27.3 -3.7 75.4191
      vertex 27.3 -9 59.6
      vertex 27.3 -3.79225 75.573
    endloop
  endfacet
  facet normal -1 -0 0
    outer loop
      vertex 27.3 -3.79225 75.573
      vertex 27.3 -9 59.6
      vertex 27.3 -3.97267 75.9545
    endloop
  endfacet
  facet normal -1 -0 0
    outer loop
      vertex 27.3 -3.97267 75.9545
      vertex 27.3 -9 59.6
      vertex 27.3 -4.11484 76.3518
    endloop
  endfacet
  facet normal -1 -0 0
    outer loop
      vertex 27.3 -4.11484 76.3518
      vertex 27.3 -9 59.6
      vertex 27.3 -4.21736 76.7611
    endloop
  endfacet
  facet normal -1 -0 0
    outer loop
      vertex 27.3 -4.21736 76.7611
      vertex 27.3 -9 59.6
      vertex 27.3 -4.27928 77.1785
    endloop
  endfacet
  facet normal -1 0 0
    outer loop
      vertex 27.3 -6.29405 56.6144
      vertex 27.3 -3.7 59.6
      vertex 27.3 -6 56.6
    endloop
  endfacet
  facet normal -1 -0 0
    outer loop
      vertex 27.3 3.7 59.6
      vertex 27.3 -6 56.6
      vertex 27.3 -3.7 59.6
    endloop
  endfacet
  facet normal -1 0 0
    outer loop
      vertex 27.3 15.9032 97.919
      vertex 27.3 14 98.6
      vertex 27.3 15.6667 98.0944
    endloop
  endfacet
  facet normal -1 0 0
    outer loop
      vertex 27.3 15.6667 98.0944
      vertex 27.3 14 98.6
      vertex 27.3 15.4142 98.2458
    endloop
  endfacet
  facet normal -1 0 0
    outer loop
      vertex 27.3 15.4142 98.2458
      vertex 27.3 14 98.6
      vertex 27.3 15.1481 98.3716
    endloop
  endfacet
  facet normal -1 0 0
    outer loop
      vertex 27.3 15.1481 98.3716
      vertex 27.3 14 98.6
      vertex 27.3 14.8708 98.4708
    endloop
  endfacet
  facet normal -1 0 0
    outer loop
      vertex 27.3 14.8708 98.4708
      vertex 27.3 14 98.6
      vertex 27.3 14.5853 98.5424
    endloop
  endfacet
  facet normal -1 0 0
    outer loop
      vertex 27.3 14.5853 98.5424
      vertex 27.3 14 98.6
      vertex 27.3 14.2941 98.5855
    endloop
  endfacet
  facet normal -1 0 0
    outer loop
      vertex 27.3 16.1213 97.7213
      vertex 27.3 14 98.6
      vertex 27.3 15.9032 97.919
    endloop
  endfacet
  facet normal -1 0 0
    outer loop
      vertex 27.3 -6 98.6
      vertex 27.3 3.7 95.6
      vertex 27.3 -3.7 95.6
    endloop
  endfacet
  facet normal -1 0 0
    outer loop
      vertex 27.3 -9 95.6
      vertex 27.3 -3.79225 79.627
      vertex 27.3 -3.97267 79.2455
    endloop
  endfacet
  facet normal -1 0 0
    outer loop
      vertex 27.3 -9 95.6
      vertex 27.3 -3.97267 79.2455
      vertex 27.3 -4.11484 78.8482
    endloop
  endfacet
  facet normal -1 0 0
    outer loop
      vertex 27.3 -9 95.6
      vertex 27.3 -4.11484 78.8482
      vertex 27.3 -4.21736 78.4389
    endloop
  endfacet
  facet normal -1 0 0
    outer loop
      vertex 27.3 -9 95.6
      vertex 27.3 -4.21736 78.4389
      vertex 27.3 -4.27928 78.0215
    endloop
  endfacet
  facet normal -1 0 0
    outer loop
      vertex 27.3 -9 95.6
      vertex 27.3 -4.27928 78.0215
      vertex 27.3 -4.29999 77.6
    endloop
  endfacet
  facet normal -1 -0 0
    outer loop
      vertex 27.3 -4.27928 77.1785
      vertex 27.3 -9 59.6
      vertex 27.3 -4.29999 77.6
    endloop
  endfacet
  facet normal -1 0 0
    outer loop
      vertex 27.3 3.7 95.6
      vertex 27.3 -6 98.6
      vertex 27.3 14 98.6
    endloop
  endfacet
  facet normal -1 0 0
    outer loop
      vertex 27.3 -9 95.6
      vertex 27.3 -4.29999 77.6
      vertex 27.3 -9 59.6
    endloop
  endfacet
  facet normal -1 0 0
    outer loop
      vertex 27.3 -6.58527 56.6576
      vertex 27.3 -3.7 59.6
      vertex 27.3 -6.29405 56.6144
    endloop
  endfacet
  facet normal -1 0 0
    outer loop
      vertex 27.3 -3.7 79.7809
      vertex 27.3 -9 95.6
      vertex 27.3 -3.7 95.6
    endloop
  endfacet
  facet normal -1 0 0
    outer loop
      vertex 27.3 -6.87085 56.7292
      vertex 27.3 -3.7 59.6
      vertex 27.3 -6.58527 56.6576
    endloop
  endfacet
  facet normal -1 0 -0
    outer loop
      vertex 27.3 -8.98555 95.8941
      vertex 27.3 -3.7 95.6
      vertex 27.3 -9 95.6
    endloop
  endfacet
  facet normal -1 0 0
    outer loop
      vertex 27.3 -7.14806 56.8284
      vertex 27.3 -3.7 59.6
      vertex 27.3 -6.87085 56.7292
    endloop
  endfacet
  facet normal -1 0 0
    outer loop
      vertex 27.3 -3.7 95.6
      vertex 27.3 -6.29405 98.5855
      vertex 27.3 -6 98.6
    endloop
  endfacet
  facet normal -1 0 0
    outer loop
      vertex 27.3 -7.41418 56.9542
      vertex 27.3 -3.7 59.6
      vertex 27.3 -7.14806 56.8284
    endloop
  endfacet
  facet normal -1 0 0
    outer loop
      vertex 27.3 -3.7 95.6
      vertex 27.3 -6.58527 98.5424
      vertex 27.3 -6.29405 98.5855
    endloop
  endfacet
  facet normal -1 0 0
    outer loop
      vertex 27.3 -7.66672 57.1056
      vertex 27.3 -3.7 59.6
      vertex 27.3 -7.41418 56.9542
    endloop
  endfacet
  facet normal -1 0 0
    outer loop
      vertex 27.3 -3.7 95.6
      vertex 27.3 -6.87085 98.4708
      vertex 27.3 -6.58527 98.5424
    endloop
  endfacet
  facet normal -1 0 0
    outer loop
      vertex 27.3 -7.90318 57.281
      vertex 27.3 -3.7 59.6
      vertex 27.3 -7.66672 57.1056
    endloop
  endfacet
  facet normal -1 0 0
    outer loop
      vertex 27.3 -3.7 95.6
      vertex 27.3 -7.14806 98.3716
      vertex 27.3 -6.87085 98.4708
    endloop
  endfacet
  facet normal -1 0 0
    outer loop
      vertex 27.3 -8.12132 57.4787
      vertex 27.3 -3.7 59.6
      vertex 27.3 -7.90318 57.281
    endloop
  endfacet
  facet normal -1 0 0
    outer loop
      vertex 27.3 -3.7 95.6
      vertex 27.3 -7.41418 98.2458
      vertex 27.3 -7.14806 98.3716
    endloop
  endfacet
  facet normal -1 0 0
    outer loop
      vertex 27.3 -8.31903 57.6968
      vertex 27.3 -3.7 59.6
      vertex 27.3 -8.12132 57.4787
    endloop
  endfacet
  facet normal -1 0 0
    outer loop
      vertex 27.3 -3.7 95.6
      vertex 27.3 -7.66672 98.0944
      vertex 27.3 -7.41418 98.2458
    endloop
  endfacet
  facet normal -1 0 0
    outer loop
      vertex 27.3 -8.49442 57.9333
      vertex 27.3 -3.7 59.6
      vertex 27.3 -8.31903 57.6968
    endloop
  endfacet
  facet normal -1 0 0
    outer loop
      vertex 27.3 -3.7 95.6
      vertex 27.3 -7.90318 97.919
      vertex 27.3 -7.66672 98.0944
    endloop
  endfacet
  facet normal -1 0 0
    outer loop
      vertex 27.3 -8.64577 58.1858
      vertex 27.3 -3.7 59.6
      vertex 27.3 -8.49442 57.9333
    endloop
  endfacet
  facet normal -1 0 0
    outer loop
      vertex 27.3 -3.7 95.6
      vertex 27.3 -8.12132 97.7213
      vertex 27.3 -7.90318 97.919
    endloop
  endfacet
  facet normal -1 0 0
    outer loop
      vertex 27.3 -8.77164 58.4519
      vertex 27.3 -3.7 59.6
      vertex 27.3 -8.64577 58.1858
    endloop
  endfacet
  facet normal -1 0 0
    outer loop
      vertex 27.3 -3.7 95.6
      vertex 27.3 -8.31903 97.5032
      vertex 27.3 -8.12132 97.7213
    endloop
  endfacet
  facet normal -1 0 0
    outer loop
      vertex 27.3 -8.87082 58.7291
      vertex 27.3 -3.7 59.6
      vertex 27.3 -8.77164 58.4519
    endloop
  endfacet
  facet normal -1 0 0
    outer loop
      vertex 27.3 -3.7 95.6
      vertex 27.3 -8.49442 97.2667
      vertex 27.3 -8.31903 97.5032
    endloop
  endfacet
  facet normal -1 0 0
    outer loop
      vertex 27.3 -8.94235 59.0147
      vertex 27.3 -3.7 59.6
      vertex 27.3 -8.87082 58.7291
    endloop
  endfacet
  facet normal -1 0 0
    outer loop
      vertex 27.3 -3.7 95.6
      vertex 27.3 -8.64577 97.0142
      vertex 27.3 -8.49442 97.2667
    endloop
  endfacet
  facet normal -1 0 0
    outer loop
      vertex 27.3 -8.98555 59.3059
      vertex 27.3 -3.7 59.6
      vertex 27.3 -8.94235 59.0147
    endloop
  endfacet
  facet normal -1 0 0
    outer loop
      vertex 27.3 -3.7 95.6
      vertex 27.3 -8.77164 96.7481
      vertex 27.3 -8.64577 97.0142
    endloop
  endfacet
  facet normal -1 -0 0
    outer loop
      vertex 27.3 -3.7 59.6
      vertex 27.3 -8.98555 59.3059
      vertex 27.3 -9 59.6
    endloop
  endfacet
  facet normal -1 0 0
    outer loop
      vertex 27.3 -3.7 95.6
      vertex 27.3 -8.87082 96.4708
      vertex 27.3 -8.77164 96.7481
    endloop
  endfacet
  facet normal -1 0 0
    outer loop
      vertex 27.3 -3.7 95.6
      vertex 27.3 -8.94235 96.1853
      vertex 27.3 -8.87082 96.4708
    endloop
  endfacet
  facet normal -1 0 0
    outer loop
      vertex 27.3 -3.7 95.6
      vertex 27.3 -8.98555 95.8941
      vertex 27.3 -8.94235 96.1853
    endloop
  endfacet
  facet normal -1 0 0
    outer loop
      vertex 27.3 17 59.6
      vertex 27.3 3.7 75.4191
      vertex 27.3 3.79225 75.573
    endloop
  endfacet
  facet normal -0 0.146413 0.989224
    outer loop
      vertex 27.3 14.5853 98.5424
      vertex 31.3 14.2941 98.5855
      vertex 31.3 14.5853 98.5424
    endloop
  endfacet
  facet normal 0 0.146413 0.989224
    outer loop
      vertex 31.3 14.2941 98.5855
      vertex 27.3 14.5853 98.5424
      vertex 27.3 14.2941 98.5855
    endloop
  endfacet
  facet normal 0 -0.146736 -0.989176
    outer loop
      vertex 27.3 -6.58527 56.6576
      vertex 31.3 -6.29405 56.6144
      vertex 31.3 -6.58527 56.6576
    endloop
  endfacet
  facet normal -0 -0.146736 -0.989176
    outer loop
      vertex 31.3 -6.29405 56.6144
      vertex 27.3 -6.58527 56.6576
      vertex 27.3 -6.29405 56.6144
    endloop
  endfacet
  facet normal 0 0.857643 -0.514246
    outer loop
      vertex 31.3 16.4944 57.9333
      vertex 27.3 16.6458 58.1858
      vertex 31.3 16.6458 58.1858
    endloop
  endfacet
  facet normal 0 0.857643 -0.514246
    outer loop
      vertex 27.3 16.6458 58.1858
      vertex 31.3 16.4944 57.9333
      vertex 27.3 16.4944 57.9333
    endloop
  endfacet
  facet normal 0 -0.514186 -0.857679
    outer loop
      vertex 27.3 -7.66672 57.1056
      vertex 31.3 -7.41418 56.9542
      vertex 31.3 -7.66672 57.1056
    endloop
  endfacet
  facet normal -0 -0.514186 -0.857679
    outer loop
      vertex 31.3 -7.41418 56.9542
      vertex 27.3 -7.66672 57.1056
      vertex 27.3 -7.41418 56.9542
    endloop
  endfacet
  facet normal 0 -0.146403 0.989225
    outer loop
      vertex 27.3 -6.29405 98.5855
      vertex 31.3 -6.58527 98.5424
      vertex 31.3 -6.29405 98.5855
    endloop
  endfacet
  facet normal 0 -0.146403 0.989225
    outer loop
      vertex 31.3 -6.58527 98.5424
      vertex 27.3 -6.29405 98.5855
      vertex 27.3 -6.58527 98.5424
    endloop
  endfacet
  facet normal 0 -0.336928 0.94153
    outer loop
      vertex 27.3 -6.87085 98.4708
      vertex 31.3 -7.14806 98.3716
      vertex 31.3 -6.87085 98.4708
    endloop
  endfacet
  facet normal 0 -0.336928 0.94153
    outer loop
      vertex 31.3 -7.14806 98.3716
      vertex 27.3 -6.87085 98.4708
      vertex 27.3 -7.14806 98.3716
    endloop
  endfacet
  facet normal 0 -0.0489126 -0.998803
    outer loop
      vertex 27.3 -6.29405 56.6144
      vertex 31.3 -6 56.6
      vertex 31.3 -6.29405 56.6144
    endloop
  endfacet
  facet normal -0 -0.0489126 -0.998803
    outer loop
      vertex 31.3 -6 56.6
      vertex 27.3 -6.29405 56.6144
      vertex 27.3 -6 56.6
    endloop
  endfacet
  facet normal 0 -0.989174 0.146746
    outer loop
      vertex 27.3 -8.98555 95.8941
      vertex 31.3 -8.94235 96.1853
      vertex 27.3 -8.94235 96.1853
    endloop
  endfacet
  facet normal 0 -0.989174 0.146746
    outer loop
      vertex 31.3 -8.94235 96.1853
      vertex 27.3 -8.98555 95.8941
      vertex 31.3 -8.98555 95.8941
    endloop
  endfacet
  facet normal 0 -0.740891 0.671625
    outer loop
      vertex 27.3 -8.31903 97.5032
      vertex 31.3 -8.12132 97.7213
      vertex 27.3 -8.12132 97.7213
    endloop
  endfacet
  facet normal 0 -0.740891 0.671625
    outer loop
      vertex 31.3 -8.12132 97.7213
      vertex 27.3 -8.31903 97.5032
      vertex 31.3 -8.31903 97.5032
    endloop
  endfacet
  facet normal 0 0 -1
    outer loop
      vertex 27.3 -6 56.6
      vertex 31.3 14 56.6
      vertex 31.3 -6 56.6
    endloop
  endfacet
  facet normal -0 0 -1
    outer loop
      vertex 31.3 14 56.6
      vertex 27.3 -6 56.6
      vertex 27.3 14 56.6
    endloop
  endfacet
  facet normal -0 0.336831 0.941565
    outer loop
      vertex 27.3 15.1481 98.3716
      vertex 31.3 14.8708 98.4708
      vertex 31.3 15.1481 98.3716
    endloop
  endfacet
  facet normal 0 0.336831 0.941565
    outer loop
      vertex 31.3 14.8708 98.4708
      vertex 27.3 15.1481 98.3716
      vertex 27.3 14.8708 98.4708
    endloop
  endfacet
  facet normal 0 0.595699 -0.803208
    outer loop
      vertex 27.3 15.6667 57.1056
      vertex 31.3 15.9032 57.281
      vertex 31.3 15.6667 57.1056
    endloop
  endfacet
  facet normal 0 0.595699 -0.803208
    outer loop
      vertex 31.3 15.9032 57.281
      vertex 27.3 15.6667 57.1056
      vertex 27.3 15.9032 57.281
    endloop
  endfacet
  facet normal 0 -0.243191 0.969978
    outer loop
      vertex 27.3 -6.58527 98.5424
      vertex 31.3 -6.87085 98.4708
      vertex 31.3 -6.58527 98.5424
    endloop
  endfacet
  facet normal 0 -0.243191 0.969978
    outer loop
      vertex 31.3 -6.87085 98.4708
      vertex 27.3 -6.58527 98.5424
      vertex 27.3 -6.87085 98.4708
    endloop
  endfacet
  facet normal 0 -0.595764 -0.80316
    outer loop
      vertex 27.3 -7.90318 57.281
      vertex 31.3 -7.66672 57.1056
      vertex 31.3 -7.90318 57.281
    endloop
  endfacet
  facet normal -0 -0.595764 -0.80316
    outer loop
      vertex 31.3 -7.66672 57.1056
      vertex 27.3 -7.90318 57.281
      vertex 27.3 -7.66672 57.1056
    endloop
  endfacet
  facet normal 0 -0.803224 -0.595677
    outer loop
      vertex 27.3 -8.31903 57.6968
      vertex 31.3 -8.49442 57.9333
      vertex 27.3 -8.49442 57.9333
    endloop
  endfacet
  facet normal 0 -0.803224 -0.595677
    outer loop
      vertex 31.3 -8.49442 57.9333
      vertex 27.3 -8.31903 57.6968
      vertex 31.3 -8.31903 57.6968
    endloop
  endfacet
  facet normal 0 0.740908 -0.671607
    outer loop
      vertex 31.3 16.1213 57.4787
      vertex 27.3 16.319 57.6968
      vertex 31.3 16.319 57.6968
    endloop
  endfacet
  facet normal 0 0.740908 -0.671607
    outer loop
      vertex 27.3 16.319 57.6968
      vertex 31.3 16.1213 57.4787
      vertex 27.3 16.1213 57.4787
    endloop
  endfacet
  facet normal 0 0.514246 -0.857643
    outer loop
      vertex 27.3 15.4142 56.9542
      vertex 31.3 15.6667 57.1056
      vertex 31.3 15.4142 56.9542
    endloop
  endfacet
  facet normal 0 0.514246 -0.857643
    outer loop
      vertex 31.3 15.6667 57.1056
      vertex 27.3 15.4142 56.9542
      vertex 27.3 15.6667 57.1056
    endloop
  endfacet
  facet normal 0 0.336831 -0.941565
    outer loop
      vertex 27.3 14.8708 56.7292
      vertex 31.3 15.1481 56.8284
      vertex 31.3 14.8708 56.7292
    endloop
  endfacet
  facet normal 0 0.336831 -0.941565
    outer loop
      vertex 31.3 15.1481 56.8284
      vertex 27.3 14.8708 56.7292
      vertex 27.3 15.1481 56.8284
    endloop
  endfacet
  facet normal 0 -0.243191 -0.969978
    outer loop
      vertex 27.3 -6.87085 56.7292
      vertex 31.3 -6.58527 56.6576
      vertex 31.3 -6.87085 56.7292
    endloop
  endfacet
  facet normal -0 -0.243191 -0.969978
    outer loop
      vertex 31.3 -6.58527 56.6576
      vertex 27.3 -6.87085 56.7292
      vertex 27.3 -6.58527 56.6576
    endloop
  endfacet
  facet normal 0 0.0489044 -0.998803
    outer loop
      vertex 27.3 14 56.6
      vertex 31.3 14.2941 56.6144
      vertex 31.3 14 56.6
    endloop
  endfacet
  facet normal 0 0.0489044 -0.998803
    outer loop
      vertex 31.3 14.2941 56.6144
      vertex 27.3 14 56.6
      vertex 27.3 14.2941 56.6144
    endloop
  endfacet
  facet normal 0 -0.740891 -0.671625
    outer loop
      vertex 27.3 -8.12132 57.4787
      vertex 31.3 -8.31903 57.6968
      vertex 27.3 -8.31903 57.6968
    endloop
  endfacet
  facet normal 0 -0.740891 -0.671625
    outer loop
      vertex 31.3 -8.31903 57.6968
      vertex 27.3 -8.12132 57.4787
      vertex 31.3 -8.12132 57.4787
    endloop
  endfacet
  facet normal 0 -0.336928 -0.94153
    outer loop
      vertex 27.3 -7.14806 56.8284
      vertex 31.3 -6.87085 56.7292
      vertex 31.3 -7.14806 56.8284
    endloop
  endfacet
  facet normal -0 -0.336928 -0.94153
    outer loop
      vertex 31.3 -6.87085 56.7292
      vertex 27.3 -7.14806 56.8284
      vertex 27.3 -6.87085 56.7292
    endloop
  endfacet
  facet normal 0 0.146746 -0.989174
    outer loop
      vertex 27.3 14.2941 56.6144
      vertex 31.3 14.5853 56.6576
      vertex 31.3 14.2941 56.6144
    endloop
  endfacet
  facet normal 0 0.146746 -0.989174
    outer loop
      vertex 31.3 14.5853 56.6576
      vertex 27.3 14.2941 56.6144
      vertex 27.3 14.5853 56.6576
    endloop
  endfacet
  facet normal 0 0.4274 -0.904063
    outer loop
      vertex 27.3 15.1481 56.8284
      vertex 31.3 15.4142 56.9542
      vertex 31.3 15.1481 56.8284
    endloop
  endfacet
  facet normal 0 0.4274 -0.904063
    outer loop
      vertex 31.3 15.4142 56.9542
      vertex 27.3 15.1481 56.8284
      vertex 27.3 15.4142 56.9542
    endloop
  endfacet
  facet normal 1 0 0
    outer loop
      vertex 31.3 14 98.6
      vertex 31.3 17 95.6
      vertex 31.3 16.9855 95.8941
    endloop
  endfacet
  facet normal 1 0 0
    outer loop
      vertex 31.3 14 98.6
      vertex 31.3 16.9855 95.8941
      vertex 31.3 16.9424 96.1853
    endloop
  endfacet
  facet normal 1 0 0
    outer loop
      vertex 31.3 14 98.6
      vertex 31.3 16.9424 96.1853
      vertex 31.3 16.8708 96.4708
    endloop
  endfacet
  facet normal 1 0 0
    outer loop
      vertex 31.3 14 98.6
      vertex 31.3 16.8708 96.4708
      vertex 31.3 16.7716 96.7481
    endloop
  endfacet
  facet normal 1 0 0
    outer loop
      vertex 31.3 14 98.6
      vertex 31.3 16.7716 96.7481
      vertex 31.3 16.6458 97.0142
    endloop
  endfacet
  facet normal 1 0 0
    outer loop
      vertex 31.3 14 98.6
      vertex 31.3 16.6458 97.0142
      vertex 31.3 16.4944 97.2667
    endloop
  endfacet
  facet normal 1 0 0
    outer loop
      vertex 31.3 16.1213 97.7213
      vertex 31.3 16.4944 97.2667
      vertex 31.3 16.319 97.5032
    endloop
  endfacet
  facet normal 1 0 0
    outer loop
      vertex 31.3 15.9032 97.919
      vertex 31.3 16.4944 97.2667
      vertex 31.3 16.1213 97.7213
    endloop
  endfacet
  facet normal 1 0 0
    outer loop
      vertex 31.3 15.6667 98.0944
      vertex 31.3 16.4944 97.2667
      vertex 31.3 15.9032 97.919
    endloop
  endfacet
  facet normal 1 0 0
    outer loop
      vertex 31.3 15.4142 98.2458
      vertex 31.3 16.4944 97.2667
      vertex 31.3 15.6667 98.0944
    endloop
  endfacet
  facet normal 1 0 0
    outer loop
      vertex 31.3 15.1481 98.3716
      vertex 31.3 16.4944 97.2667
      vertex 31.3 15.4142 98.2458
    endloop
  endfacet
  facet normal 1 0 0
    outer loop
      vertex 31.3 14.8708 98.4708
      vertex 31.3 16.4944 97.2667
      vertex 31.3 15.1481 98.3716
    endloop
  endfacet
  facet normal 1 0 0
    outer loop
      vertex 31.3 14.5853 98.5424
      vertex 31.3 16.4944 97.2667
      vertex 31.3 14.8708 98.4708
    endloop
  endfacet
  facet normal 1 0 0
    outer loop
      vertex 31.3 14.2941 98.5855
      vertex 31.3 16.4944 97.2667
      vertex 31.3 14.5853 98.5424
    endloop
  endfacet
  facet normal 1 0 0
    outer loop
      vertex 31.3 14 98.6
      vertex 31.3 16.4944 97.2667
      vertex 31.3 14.2941 98.5855
    endloop
  endfacet
  facet normal 1 0 0
    outer loop
      vertex 31.3 17 95.6
      vertex 31.3 14 98.6
      vertex 31.3 17 94.6
    endloop
  endfacet
  facet normal 1 0 0
    outer loop
      vertex 31.3 14 98.6
      vertex 31.3 5 94.6
      vertex 31.3 17 94.6
    endloop
  endfacet
  facet normal 1 0 0
    outer loop
      vertex 31.3 5 94.6
      vertex 31.3 2.3 77.6
      vertex 31.3 5 60.6
    endloop
  endfacet
  facet normal 1 0 0
    outer loop
      vertex 31.3 5 94.6
      vertex 31.3 2.28892 77.8254
      vertex 31.3 2.3 77.6
    endloop
  endfacet
  facet normal 1 0 0
    outer loop
      vertex 31.3 5 94.6
      vertex 31.3 2.25581 78.0487
      vertex 31.3 2.28892 77.8254
    endloop
  endfacet
  facet normal 1 0 0
    outer loop
      vertex 31.3 5 94.6
      vertex 31.3 2.20096 78.2677
      vertex 31.3 2.25581 78.0487
    endloop
  endfacet
  facet normal 1 0 0
    outer loop
      vertex 31.3 5 94.6
      vertex 31.3 2.12492 78.4802
      vertex 31.3 2.20096 78.2677
    endloop
  endfacet
  facet normal 1 0 0
    outer loop
      vertex 31.3 5 94.6
      vertex 31.3 2.02842 78.6842
      vertex 31.3 2.12492 78.4802
    endloop
  endfacet
  facet normal 1 0 0
    outer loop
      vertex 31.3 5 94.6
      vertex 31.3 1.91238 78.8778
      vertex 31.3 2.02842 78.6842
    endloop
  endfacet
  facet normal 1 0 0
    outer loop
      vertex 31.3 5 94.6
      vertex 31.3 1.77792 79.0591
      vertex 31.3 1.91238 78.8778
    endloop
  endfacet
  facet normal 1 0 0
    outer loop
      vertex 31.3 5 94.6
      vertex 31.3 1.62634 79.2263
      vertex 31.3 1.77792 79.0591
    endloop
  endfacet
  facet normal 1 0 0
    outer loop
      vertex 31.3 5 94.6
      vertex 31.3 1.4591 79.3779
      vertex 31.3 1.62634 79.2263
    endloop
  endfacet
  facet normal 1 0 0
    outer loop
      vertex 31.3 5 94.6
      vertex 31.3 1.27781 79.5124
      vertex 31.3 1.4591 79.3779
    endloop
  endfacet
  facet normal 1 0 0
    outer loop
      vertex 31.3 5 94.6
      vertex 31.3 1.08421 79.6284
      vertex 31.3 1.27781 79.5124
    endloop
  endfacet
  facet normal 1 0 0
    outer loop
      vertex 31.3 5 94.6
      vertex 31.3 0.880172 79.7249
      vertex 31.3 1.08421 79.6284
    endloop
  endfacet
  facet normal 1 0 0
    outer loop
      vertex 31.3 5 94.6
      vertex 31.3 0.667654 79.801
      vertex 31.3 0.880172 79.7249
    endloop
  endfacet
  facet normal 1 0 0
    outer loop
      vertex 31.3 5 94.6
      vertex 31.3 0.448708 79.8558
      vertex 31.3 0.667654 79.801
    endloop
  endfacet
  facet normal 1 0 0
    outer loop
      vertex 31.3 5 94.6
      vertex 31.3 0.225439 79.8889
      vertex 31.3 0.448708 79.8558
    endloop
  endfacet
  facet normal 1 0 0
    outer loop
      vertex 31.3 5 94.6
      vertex 31.3 0 79.9
      vertex 31.3 0.225439 79.8889
    endloop
  endfacet
  facet normal 1 0 0
    outer loop
      vertex 31.3 5 94.6
      vertex 31.3 -0.225439 79.8889
      vertex 31.3 0 79.9
    endloop
  endfacet
  facet normal 1 0 0
    outer loop
      vertex 31.3 5 94.6
      vertex 31.3 -0.448708 79.8558
      vertex 31.3 -0.225439 79.8889
    endloop
  endfacet
  facet normal 1 0 0
    outer loop
      vertex 31.3 -9 95.6
      vertex 31.3 -0.448708 79.8558
      vertex 31.3 5 94.6
    endloop
  endfacet
  facet normal 1 0 0
    outer loop
      vertex 31.3 -0.448708 79.8558
      vertex 31.3 -9 95.6
      vertex 31.3 -0.667654 79.801
    endloop
  endfacet
  facet normal 1 0 0
    outer loop
      vertex 31.3 -0.667654 79.801
      vertex 31.3 -9 95.6
      vertex 31.3 -0.880172 79.7249
    endloop
  endfacet
  facet normal 1 0 0
    outer loop
      vertex 31.3 -0.880172 79.7249
      vertex 31.3 -9 95.6
      vertex 31.3 -1.08421 79.6284
    endloop
  endfacet
  facet normal 1 0 0
    outer loop
      vertex 31.3 -1.08421 79.6284
      vertex 31.3 -9 95.6
      vertex 31.3 -1.27781 79.5124
    endloop
  endfacet
  facet normal 1 0 0
    outer loop
      vertex 31.3 -1.27781 79.5124
      vertex 31.3 -9 95.6
      vertex 31.3 -1.4591 79.3779
    endloop
  endfacet
  facet normal 1 0 0
    outer loop
      vertex 31.3 -1.4591 79.3779
      vertex 31.3 -9 95.6
      vertex 31.3 -1.62634 79.2263
    endloop
  endfacet
  facet normal 1 0 0
    outer loop
      vertex 31.3 -1.62634 79.2263
      vertex 31.3 -9 95.6
      vertex 31.3 -1.77792 79.0591
    endloop
  endfacet
  facet normal 1 0 0
    outer loop
      vertex 31.3 -1.77792 79.0591
      vertex 31.3 -9 95.6
      vertex 31.3 -1.91238 78.8778
    endloop
  endfacet
  facet normal 1 0 0
    outer loop
      vertex 31.3 -1.91238 78.8778
      vertex 31.3 -9 95.6
      vertex 31.3 -2.02842 78.6842
    endloop
  endfacet
  facet normal 1 0 0
    outer loop
      vertex 31.3 -2.25581 78.0487
      vertex 31.3 -9 95.6
      vertex 31.3 -2.28892 77.8254
    endloop
  endfacet
  facet normal 1 0 0
    outer loop
      vertex 31.3 -2.20096 78.2677
      vertex 31.3 -9 95.6
      vertex 31.3 -2.25581 78.0487
    endloop
  endfacet
  facet normal 1 0 0
    outer loop
      vertex 31.3 -2.12492 78.4802
      vertex 31.3 -9 95.6
      vertex 31.3 -2.20096 78.2677
    endloop
  endfacet
  facet normal 1 0 0
    outer loop
      vertex 31.3 -2.02842 78.6842
      vertex 31.3 -9 95.6
      vertex 31.3 -2.12492 78.4802
    endloop
  endfacet
  facet normal 1 -0 0
    outer loop
      vertex 31.3 -9 95.6
      vertex 31.3 5 94.6
      vertex 31.3 -6 98.6
    endloop
  endfacet
  facet normal 1 -0 0
    outer loop
      vertex 31.3 -6 98.6
      vertex 31.3 5 94.6
      vertex 31.3 14 98.6
    endloop
  endfacet
  facet normal 1 0 0
    outer loop
      vertex 31.3 14 56.6
      vertex 31.3 17 59.6
      vertex 31.3 17 60.6
    endloop
  endfacet
  facet normal 1 0 0
    outer loop
      vertex 31.3 17 59.6
      vertex 31.3 14 56.6
      vertex 31.3 16.9855 59.3059
    endloop
  endfacet
  facet normal 1 0 0
    outer loop
      vertex 31.3 16.9855 59.3059
      vertex 31.3 14 56.6
      vertex 31.3 16.9424 59.0147
    endloop
  endfacet
  facet normal 1 0 0
    outer loop
      vertex 31.3 16.9424 59.0147
      vertex 31.3 14 56.6
      vertex 31.3 16.8708 58.7291
    endloop
  endfacet
  facet normal 1 0 0
    outer loop
      vertex 31.3 16.8708 58.7291
      vertex 31.3 14 56.6
      vertex 31.3 16.7716 58.4519
    endloop
  endfacet
  facet normal 1 0 0
    outer loop
      vertex 31.3 16.7716 58.4519
      vertex 31.3 14 56.6
      vertex 31.3 16.6458 58.1858
    endloop
  endfacet
  facet normal 1 0 0
    outer loop
      vertex 31.3 16.6458 58.1858
      vertex 31.3 14 56.6
      vertex 31.3 16.4944 57.9333
    endloop
  endfacet
  facet normal 1 0 0
    outer loop
      vertex 31.3 16.4944 57.9333
      vertex 31.3 16.1213 57.4787
      vertex 31.3 16.319 57.6968
    endloop
  endfacet
  facet normal 1 0 0
    outer loop
      vertex 31.3 16.4944 57.9333
      vertex 31.3 15.9032 57.281
      vertex 31.3 16.1213 57.4787
    endloop
  endfacet
  facet normal 1 0 0
    outer loop
      vertex 31.3 16.4944 57.9333
      vertex 31.3 15.6667 57.1056
      vertex 31.3 15.9032 57.281
    endloop
  endfacet
  facet normal 1 0 0
    outer loop
      vertex 31.3 16.4944 57.9333
      vertex 31.3 15.4142 56.9542
      vertex 31.3 15.6667 57.1056
    endloop
  endfacet
  facet normal 1 0 0
    outer loop
      vertex 31.3 16.4944 57.9333
      vertex 31.3 15.1481 56.8284
      vertex 31.3 15.4142 56.9542
    endloop
  endfacet
  facet normal 1 0 0
    outer loop
      vertex 31.3 16.4944 57.9333
      vertex 31.3 14.8708 56.7292
      vertex 31.3 15.1481 56.8284
    endloop
  endfacet
  facet normal 1 0 0
    outer loop
      vertex 31.3 16.4944 57.9333
      vertex 31.3 14.5853 56.6576
      vertex 31.3 14.8708 56.7292
    endloop
  endfacet
  facet normal 1 0 0
    outer loop
      vertex 31.3 16.4944 57.9333
      vertex 31.3 14.2941 56.6144
      vertex 31.3 14.5853 56.6576
    endloop
  endfacet
  facet normal 1 0 0
    outer loop
      vertex 31.3 16.4944 57.9333
      vertex 31.3 14 56.6
      vertex 31.3 14.2941 56.6144
    endloop
  endfacet
  facet normal 1 -0 0
    outer loop
      vertex 31.3 5 60.6
      vertex 31.3 14 56.6
      vertex 31.3 17 60.6
    endloop
  endfacet
  facet normal 1 -0 0
    outer loop
      vertex 31.3 2.28892 77.3746
      vertex 31.3 5 60.6
      vertex 31.3 2.3 77.6
    endloop
  endfacet
  facet normal 1 -0 0
    outer loop
      vertex 31.3 2.25581 77.1513
      vertex 31.3 5 60.6
      vertex 31.3 2.28892 77.3746
    endloop
  endfacet
  facet normal 1 -0 0
    outer loop
      vertex 31.3 2.20096 76.9323
      vertex 31.3 5 60.6
      vertex 31.3 2.25581 77.1513
    endloop
  endfacet
  facet normal 1 -0 0
    outer loop
      vertex 31.3 2.12492 76.7198
      vertex 31.3 5 60.6
      vertex 31.3 2.20096 76.9323
    endloop
  endfacet
  facet normal 1 -0 0
    outer loop
      vertex 31.3 2.02842 76.5158
      vertex 31.3 5 60.6
      vertex 31.3 2.12492 76.7198
    endloop
  endfacet
  facet normal 1 -0 0
    outer loop
      vertex 31.3 1.91238 76.3222
      vertex 31.3 5 60.6
      vertex 31.3 2.02842 76.5158
    endloop
  endfacet
  facet normal 1 -0 0
    outer loop
      vertex 31.3 1.77792 76.1409
      vertex 31.3 5 60.6
      vertex 31.3 1.91238 76.3222
    endloop
  endfacet
  facet normal 1 -0 0
    outer loop
      vertex 31.3 1.62634 75.9737
      vertex 31.3 5 60.6
      vertex 31.3 1.77792 76.1409
    endloop
  endfacet
  facet normal 1 -0 0
    outer loop
      vertex 31.3 1.4591 75.8221
      vertex 31.3 5 60.6
      vertex 31.3 1.62634 75.9737
    endloop
  endfacet
  facet normal 1 -0 0
    outer loop
      vertex 31.3 1.27781 75.6876
      vertex 31.3 5 60.6
      vertex 31.3 1.4591 75.8221
    endloop
  endfacet
  facet normal 1 -0 0
    outer loop
      vertex 31.3 1.08421 75.5716
      vertex 31.3 5 60.6
      vertex 31.3 1.27781 75.6876
    endloop
  endfacet
  facet normal 1 -0 0
    outer loop
      vertex 31.3 0.880172 75.4751
      vertex 31.3 5 60.6
      vertex 31.3 1.08421 75.5716
    endloop
  endfacet
  facet normal 1 -0 0
    outer loop
      vertex 31.3 0.667654 75.399
      vertex 31.3 5 60.6
      vertex 31.3 0.880172 75.4751
    endloop
  endfacet
  facet normal 1 -0 0
    outer loop
      vertex 31.3 0.448708 75.3442
      vertex 31.3 5 60.6
      vertex 31.3 0.667654 75.399
    endloop
  endfacet
  facet normal 1 -0 0
    outer loop
      vertex 31.3 0.225439 75.3111
      vertex 31.3 5 60.6
      vertex 31.3 0.448708 75.3442
    endloop
  endfacet
  facet normal 1 -0 0
    outer loop
      vertex 31.3 0 75.3
      vertex 31.3 5 60.6
      vertex 31.3 0.225439 75.3111
    endloop
  endfacet
  facet normal 1 0 0
    outer loop
      vertex 31.3 -0.225439 75.3111
      vertex 31.3 5 60.6
      vertex 31.3 0 75.3
    endloop
  endfacet
  facet normal 1 0 0
    outer loop
      vertex 31.3 -0.448708 75.3442
      vertex 31.3 5 60.6
      vertex 31.3 -0.225439 75.3111
    endloop
  endfacet
  facet normal 1 0 0
    outer loop
      vertex 31.3 -9 59.6
      vertex 31.3 -0.448708 75.3442
      vertex 31.3 -0.667654 75.399
    endloop
  endfacet
  facet normal 1 0 0
    outer loop
      vertex 31.3 -9 59.6
      vertex 31.3 -0.667654 75.399
      vertex 31.3 -0.880172 75.4751
    endloop
  endfacet
  facet normal 1 0 0
    outer loop
      vertex 31.3 -9 59.6
      vertex 31.3 -0.880172 75.4751
      vertex 31.3 -1.08421 75.5716
    endloop
  endfacet
  facet normal 1 0 0
    outer loop
      vertex 31.3 -9 59.6
      vertex 31.3 -1.08421 75.5716
      vertex 31.3 -1.27781 75.6876
    endloop
  endfacet
  facet normal 1 0 0
    outer loop
      vertex 31.3 -9 59.6
      vertex 31.3 -1.27781 75.6876
      vertex 31.3 -1.4591 75.8221
    endloop
  endfacet
  facet normal 1 0 0
    outer loop
      vertex 31.3 -9 59.6
      vertex 31.3 -1.4591 75.8221
      vertex 31.3 -1.62634 75.9737
    endloop
  endfacet
  facet normal 1 0 0
    outer loop
      vertex 31.3 -9 59.6
      vertex 31.3 -1.62634 75.9737
      vertex 31.3 -1.77792 76.1409
    endloop
  endfacet
  facet normal 1 0 0
    outer loop
      vertex 31.3 -9 59.6
      vertex 31.3 -1.77792 76.1409
      vertex 31.3 -1.91238 76.3222
    endloop
  endfacet
  facet normal 1 0 0
    outer loop
      vertex 31.3 -9 59.6
      vertex 31.3 -1.91238 76.3222
      vertex 31.3 -2.02842 76.5158
    endloop
  endfacet
  facet normal 1 0 0
    outer loop
      vertex 31.3 -9 59.6
      vertex 31.3 -2.02842 76.5158
      vertex 31.3 -2.12492 76.7198
    endloop
  endfacet
  facet normal 1 0 0
    outer loop
      vertex 31.3 -2.28892 77.8254
      vertex 31.3 -9 95.6
      vertex 31.3 -2.3 77.6
    endloop
  endfacet
  facet normal 1 0 0
    outer loop
      vertex 31.3 -9 59.6
      vertex 31.3 -2.3 77.6
      vertex 31.3 -9 95.6
    endloop
  endfacet
  facet normal 1 0 0
    outer loop
      vertex 31.3 5 60.6
      vertex 31.3 -6 56.6
      vertex 31.3 14 56.6
    endloop
  endfacet
  facet normal 1 0 0
    outer loop
      vertex 31.3 -0.448708 75.3442
      vertex 31.3 -9 59.6
      vertex 31.3 5 60.6
    endloop
  endfacet
  facet normal 1 0 0
    outer loop
      vertex 31.3 -9 59.6
      vertex 31.3 -2.12492 76.7198
      vertex 31.3 -2.20096 76.9323
    endloop
  endfacet
  facet normal 1 0 0
    outer loop
      vertex 31.3 -9 59.6
      vertex 31.3 -2.20096 76.9323
      vertex 31.3 -2.25581 77.1513
    endloop
  endfacet
  facet normal 1 0 0
    outer loop
      vertex 31.3 -2.3 77.6
      vertex 31.3 -9 59.6
      vertex 31.3 -2.28892 77.3746
    endloop
  endfacet
  facet normal 1 0 0
    outer loop
      vertex 31.3 -9 95.6
      vertex 31.3 -6 98.6
      vertex 31.3 -6.29405 98.5855
    endloop
  endfacet
  facet normal 1 0 0
    outer loop
      vertex 31.3 -2.28892 77.3746
      vertex 31.3 -9 59.6
      vertex 31.3 -2.25581 77.1513
    endloop
  endfacet
  facet normal 1 0 0
    outer loop
      vertex 31.3 -9 95.6
      vertex 31.3 -6.29405 98.5855
      vertex 31.3 -6.58527 98.5424
    endloop
  endfacet
  facet normal 1 0 0
    outer loop
      vertex 31.3 5 60.6
      vertex 31.3 -9 59.6
      vertex 31.3 -6 56.6
    endloop
  endfacet
  facet normal 1 0 0
    outer loop
      vertex 31.3 -9 95.6
      vertex 31.3 -6.58527 98.5424
      vertex 31.3 -6.87085 98.4708
    endloop
  endfacet
  facet normal 1 0 0
    outer loop
      vertex 31.3 -6 56.6
      vertex 31.3 -9 59.6
      vertex 31.3 -6.29405 56.6144
    endloop
  endfacet
  facet normal 1 0 0
    outer loop
      vertex 31.3 -9 95.6
      vertex 31.3 -6.87085 98.4708
      vertex 31.3 -7.14806 98.3716
    endloop
  endfacet
  facet normal 1 0 0
    outer loop
      vertex 31.3 -6.29405 56.6144
      vertex 31.3 -9 59.6
      vertex 31.3 -6.58527 56.6576
    endloop
  endfacet
  facet normal 1 0 0
    outer loop
      vertex 31.3 -9 95.6
      vertex 31.3 -7.14806 98.3716
      vertex 31.3 -7.41418 98.2458
    endloop
  endfacet
  facet normal 1 0 0
    outer loop
      vertex 31.3 -6.58527 56.6576
      vertex 31.3 -9 59.6
      vertex 31.3 -6.87085 56.7292
    endloop
  endfacet
  facet normal 1 0 0
    outer loop
      vertex 31.3 -9 95.6
      vertex 31.3 -7.41418 98.2458
      vertex 31.3 -7.66672 98.0944
    endloop
  endfacet
  facet normal 1 0 0
    outer loop
      vertex 31.3 -6.87085 56.7292
      vertex 31.3 -9 59.6
      vertex 31.3 -7.14806 56.8284
    endloop
  endfacet
  facet normal 1 0 0
    outer loop
      vertex 31.3 -9 95.6
      vertex 31.3 -7.66672 98.0944
      vertex 31.3 -7.90318 97.919
    endloop
  endfacet
  facet normal 1 0 0
    outer loop
      vertex 31.3 -7.14806 56.8284
      vertex 31.3 -9 59.6
      vertex 31.3 -7.41418 56.9542
    endloop
  endfacet
  facet normal 1 0 0
    outer loop
      vertex 31.3 -9 95.6
      vertex 31.3 -7.90318 97.919
      vertex 31.3 -8.12132 97.7213
    endloop
  endfacet
  facet normal 1 0 0
    outer loop
      vertex 31.3 -7.41418 56.9542
      vertex 31.3 -9 59.6
      vertex 31.3 -7.66672 57.1056
    endloop
  endfacet
  facet normal 1 0 0
    outer loop
      vertex 31.3 -9 95.6
      vertex 31.3 -8.12132 97.7213
      vertex 31.3 -8.31903 97.5032
    endloop
  endfacet
  facet normal 1 0 0
    outer loop
      vertex 31.3 -7.66672 57.1056
      vertex 31.3 -9 59.6
      vertex 31.3 -7.90318 57.281
    endloop
  endfacet
  facet normal 1 0 0
    outer loop
      vertex 31.3 -9 95.6
      vertex 31.3 -8.31903 97.5032
      vertex 31.3 -8.49442 97.2667
    endloop
  endfacet
  facet normal 1 0 0
    outer loop
      vertex 31.3 -7.90318 57.281
      vertex 31.3 -9 59.6
      vertex 31.3 -8.12132 57.4787
    endloop
  endfacet
  facet normal 1 0 0
    outer loop
      vertex 31.3 -9 95.6
      vertex 31.3 -8.49442 97.2667
      vertex 31.3 -8.64577 97.0142
    endloop
  endfacet
  facet normal 1 0 0
    outer loop
      vertex 31.3 -8.12132 57.4787
      vertex 31.3 -9 59.6
      vertex 31.3 -8.31903 57.6968
    endloop
  endfacet
  facet normal 1 0 0
    outer loop
      vertex 31.3 -9 95.6
      vertex 31.3 -8.64577 97.0142
      vertex 31.3 -8.77164 96.7481
    endloop
  endfacet
  facet normal 1 0 0
    outer loop
      vertex 31.3 -8.31903 57.6968
      vertex 31.3 -9 59.6
      vertex 31.3 -8.49442 57.9333
    endloop
  endfacet
  facet normal 1 0 0
    outer loop
      vertex 31.3 -9 95.6
      vertex 31.3 -8.77164 96.7481
      vertex 31.3 -8.87082 96.4708
    endloop
  endfacet
  facet normal 1 0 0
    outer loop
      vertex 31.3 -8.49442 57.9333
      vertex 31.3 -9 59.6
      vertex 31.3 -8.64577 58.1858
    endloop
  endfacet
  facet normal 1 0 0
    outer loop
      vertex 31.3 -9 95.6
      vertex 31.3 -8.87082 96.4708
      vertex 31.3 -8.94235 96.1853
    endloop
  endfacet
  facet normal 1 0 0
    outer loop
      vertex 31.3 -8.64577 58.1858
      vertex 31.3 -9 59.6
      vertex 31.3 -8.77164 58.4519
    endloop
  endfacet
  facet normal 1 0 0
    outer loop
      vertex 31.3 -9 95.6
      vertex 31.3 -8.94235 96.1853
      vertex 31.3 -8.98555 95.8941
    endloop
  endfacet
  facet normal 1 0 0
    outer loop
      vertex 31.3 -8.77164 58.4519
      vertex 31.3 -9 59.6
      vertex 31.3 -8.87082 58.7291
    endloop
  endfacet
  facet normal 1 0 0
    outer loop
      vertex 31.3 -8.87082 58.7291
      vertex 31.3 -9 59.6
      vertex 31.3 -8.94235 59.0147
    endloop
  endfacet
  facet normal 1 0 0
    outer loop
      vertex 31.3 -8.94235 59.0147
      vertex 31.3 -9 59.6
      vertex 31.3 -8.98555 59.3059
    endloop
  endfacet
  facet normal 0 0 -1
    outer loop
      vertex 42.3 5 60.6
      vertex 39.95 11 60.6
      vertex 42.3 17 60.6
    endloop
  endfacet
  facet normal 0 0 -1
    outer loop
      vertex 42.3 5 60.6
      vertex 39.9348 10.6913 60.6
      vertex 39.95 11 60.6
    endloop
  endfacet
  facet normal 0 0 -1
    outer loop
      vertex 42.3 5 60.6
      vertex 39.8895 10.3855 60.6
      vertex 39.9348 10.6913 60.6
    endloop
  endfacet
  facet normal 0 0 -1
    outer loop
      vertex 42.3 5 60.6
      vertex 39.8144 10.0856 60.6
      vertex 39.8895 10.3855 60.6
    endloop
  endfacet
  facet normal 0 0 -1
    outer loop
      vertex 42.3 5 60.6
      vertex 39.7102 9.79456 60.6
      vertex 39.8144 10.0856 60.6
    endloop
  endfacet
  facet normal 0 0 -1
    outer loop
      vertex 42.3 5 60.6
      vertex 39.578 9.51511 60.6
      vertex 39.7102 9.79456 60.6
    endloop
  endfacet
  facet normal 0 0 -1
    outer loop
      vertex 42.3 5 60.6
      vertex 39.4191 9.24995 60.6
      vertex 39.578 9.51511 60.6
    endloop
  endfacet
  facet normal 0 0 -1
    outer loop
      vertex 42.3 5 60.6
      vertex 39.235 9.00166 60.6
      vertex 39.4191 9.24995 60.6
    endloop
  endfacet
  facet normal 0 0 -1
    outer loop
      vertex 42.3 5 60.6
      vertex 39.0274 8.77263 60.6
      vertex 39.235 9.00166 60.6
    endloop
  endfacet
  facet normal 0 0 -1
    outer loop
      vertex 42.3 5 60.6
      vertex 38.7983 8.56502 60.6
      vertex 39.0274 8.77263 60.6
    endloop
  endfacet
  facet normal 0 0 -1
    outer loop
      vertex 42.3 5 60.6
      vertex 38.55 8.38087 60.6
      vertex 38.7983 8.56502 60.6
    endloop
  endfacet
  facet normal 0 0 -1
    outer loop
      vertex 42.3 5 60.6
      vertex 38.2849 8.22195 60.6
      vertex 38.55 8.38087 60.6
    endloop
  endfacet
  facet normal 0 0 -1
    outer loop
      vertex 42.3 5 60.6
      vertex 38.0054 8.08978 60.6
      vertex 38.2849 8.22195 60.6
    endloop
  endfacet
  facet normal 0 0 -1
    outer loop
      vertex 42.3 5 60.6
      vertex 37.7144 7.98564 60.6
      vertex 38.0054 8.08978 60.6
    endloop
  endfacet
  facet normal 0 0 -1
    outer loop
      vertex 42.3 5 60.6
      vertex 37.4145 7.91054 60.6
      vertex 37.7144 7.98564 60.6
    endloop
  endfacet
  facet normal 0 0 -1
    outer loop
      vertex 42.3 5 60.6
      vertex 37.1087 7.86517 60.6
      vertex 37.4145 7.91054 60.6
    endloop
  endfacet
  facet normal 0 0 -1
    outer loop
      vertex 42.3 5 60.6
      vertex 36.8 7.85001 60.6
      vertex 37.1087 7.86517 60.6
    endloop
  endfacet
  facet normal 0 0 -1
    outer loop
      vertex 31.3 5 60.6
      vertex 36.8 7.85001 60.6
      vertex 42.3 5 60.6
    endloop
  endfacet
  facet normal -0 0 -1
    outer loop
      vertex 36.8 7.85001 60.6
      vertex 31.3 5 60.6
      vertex 36.4913 7.86517 60.6
    endloop
  endfacet
  facet normal -0 0 -1
    outer loop
      vertex 36.4913 7.86517 60.6
      vertex 31.3 5 60.6
      vertex 36.1855 7.91054 60.6
    endloop
  endfacet
  facet normal -0 0 -1
    outer loop
      vertex 36.1855 7.91054 60.6
      vertex 31.3 5 60.6
      vertex 35.8856 7.98564 60.6
    endloop
  endfacet
  facet normal -0 0 -1
    outer loop
      vertex 33.6652 10.6913 60.6
      vertex 31.3 5 60.6
      vertex 33.65 11 60.6
    endloop
  endfacet
  facet normal -0 0 -1
    outer loop
      vertex 33.7105 10.3855 60.6
      vertex 31.3 5 60.6
      vertex 33.6652 10.6913 60.6
    endloop
  endfacet
  facet normal -0 0 -1
    outer loop
      vertex 33.7856 10.0856 60.6
      vertex 31.3 5 60.6
      vertex 33.7105 10.3855 60.6
    endloop
  endfacet
  facet normal -0 0 -1
    outer loop
      vertex 33.8898 9.79456 60.6
      vertex 31.3 5 60.6
      vertex 33.7856 10.0856 60.6
    endloop
  endfacet
  facet normal -0 0 -1
    outer loop
      vertex 34.022 9.51511 60.6
      vertex 31.3 5 60.6
      vertex 33.8898 9.79456 60.6
    endloop
  endfacet
  facet normal -0 0 -1
    outer loop
      vertex 34.1809 9.24995 60.6
      vertex 31.3 5 60.6
      vertex 34.022 9.51511 60.6
    endloop
  endfacet
  facet normal -0 0 -1
    outer loop
      vertex 34.365 9.00166 60.6
      vertex 31.3 5 60.6
      vertex 34.1809 9.24995 60.6
    endloop
  endfacet
  facet normal -0 0 -1
    outer loop
      vertex 34.5726 8.77263 60.6
      vertex 31.3 5 60.6
      vertex 34.365 9.00166 60.6
    endloop
  endfacet
  facet normal -0 0 -1
    outer loop
      vertex 34.8017 8.56502 60.6
      vertex 31.3 5 60.6
      vertex 34.5726 8.77263 60.6
    endloop
  endfacet
  facet normal -0 0 -1
    outer loop
      vertex 35.05 8.38087 60.6
      vertex 31.3 5 60.6
      vertex 34.8017 8.56502 60.6
    endloop
  endfacet
  facet normal -0 0 -1
    outer loop
      vertex 35.3151 8.22195 60.6
      vertex 31.3 5 60.6
      vertex 35.05 8.38087 60.6
    endloop
  endfacet
  facet normal -0 0 -1
    outer loop
      vertex 35.5946 8.08978 60.6
      vertex 31.3 5 60.6
      vertex 35.3151 8.22195 60.6
    endloop
  endfacet
  facet normal -0 0 -1
    outer loop
      vertex 35.8856 7.98564 60.6
      vertex 31.3 5 60.6
      vertex 35.5946 8.08978 60.6
    endloop
  endfacet
  facet normal 0 0 -1
    outer loop
      vertex 39.9348 11.3087 60.6
      vertex 42.3 17 60.6
      vertex 39.95 11 60.6
    endloop
  endfacet
  facet normal 0 0 -1
    outer loop
      vertex 39.8895 11.6145 60.6
      vertex 42.3 17 60.6
      vertex 39.9348 11.3087 60.6
    endloop
  endfacet
  facet normal 0 0 -1
    outer loop
      vertex 39.8144 11.9144 60.6
      vertex 42.3 17 60.6
      vertex 39.8895 11.6145 60.6
    endloop
  endfacet
  facet normal 0 0 -1
    outer loop
      vertex 39.7102 12.2054 60.6
      vertex 42.3 17 60.6
      vertex 39.8144 11.9144 60.6
    endloop
  endfacet
  facet normal 0 0 -1
    outer loop
      vertex 39.578 12.4849 60.6
      vertex 42.3 17 60.6
      vertex 39.7102 12.2054 60.6
    endloop
  endfacet
  facet normal 0 0 -1
    outer loop
      vertex 39.4191 12.75 60.6
      vertex 42.3 17 60.6
      vertex 39.578 12.4849 60.6
    endloop
  endfacet
  facet normal 0 0 -1
    outer loop
      vertex 39.235 12.9983 60.6
      vertex 42.3 17 60.6
      vertex 39.4191 12.75 60.6
    endloop
  endfacet
  facet normal 0 0 -1
    outer loop
      vertex 39.0274 13.2274 60.6
      vertex 42.3 17 60.6
      vertex 39.235 12.9983 60.6
    endloop
  endfacet
  facet normal 0 0 -1
    outer loop
      vertex 36.8 15.4548 60.6
      vertex 42.3 17 60.6
      vertex 39.0274 13.2274 60.6
    endloop
  endfacet
  facet normal 0 0 -1
    outer loop
      vertex 31.3 17 60.6
      vertex 33.65 11 60.6
      vertex 31.3 5 60.6
    endloop
  endfacet
  facet normal 0 0 -1
    outer loop
      vertex 33.65 11 60.6
      vertex 31.3 17 60.6
      vertex 33.6652 11.3087 60.6
    endloop
  endfacet
  facet normal 0 0 -1
    outer loop
      vertex 33.6652 11.3087 60.6
      vertex 31.3 17 60.6
      vertex 33.7105 11.6145 60.6
    endloop
  endfacet
  facet normal 0 0 -1
    outer loop
      vertex 33.7105 11.6145 60.6
      vertex 31.3 17 60.6
      vertex 33.7856 11.9144 60.6
    endloop
  endfacet
  facet normal 0 0 -1
    outer loop
      vertex 36.8 15.4548 60.6
      vertex 31.3 17 60.6
      vertex 42.3 17 60.6
    endloop
  endfacet
  facet normal 0 0 -1
    outer loop
      vertex 34.5726 13.2274 60.6
      vertex 31.3 17 60.6
      vertex 36.8 15.4548 60.6
    endloop
  endfacet
  facet normal 0 0 -1
    outer loop
      vertex 34.365 12.9983 60.6
      vertex 31.3 17 60.6
      vertex 34.5726 13.2274 60.6
    endloop
  endfacet
  facet normal 0 0 -1
    outer loop
      vertex 34.1809 12.75 60.6
      vertex 31.3 17 60.6
      vertex 34.365 12.9983 60.6
    endloop
  endfacet
  facet normal 0 0 -1
    outer loop
      vertex 34.022 12.4849 60.6
      vertex 31.3 17 60.6
      vertex 34.1809 12.75 60.6
    endloop
  endfacet
  facet normal 0 0 -1
    outer loop
      vertex 33.8898 12.2054 60.6
      vertex 31.3 17 60.6
      vertex 34.022 12.4849 60.6
    endloop
  endfacet
  facet normal 0 0 -1
    outer loop
      vertex 33.7856 11.9144 60.6
      vertex 31.3 17 60.6
      vertex 33.8898 12.2054 60.6
    endloop
  endfacet
  facet normal 1 -0 0
    outer loop
      vertex 42.3 12.1548 68.0784
      vertex 42.3 17 60.6
      vertex 42.3 17 94.6
    endloop
  endfacet
  facet normal 1 0 0
    outer loop
      vertex 42.3 17 60.6
      vertex 42.3 12.244 67.7225
      vertex 42.3 12.25 67.6
    endloop
  endfacet
  facet normal 1 0 0
    outer loop
      vertex 42.3 17 60.6
      vertex 42.3 12.226 67.8439
      vertex 42.3 12.244 67.7225
    endloop
  endfacet
  facet normal 1 0 0
    outer loop
      vertex 42.3 17 60.6
      vertex 42.3 12.1962 67.9629
      vertex 42.3 12.226 67.8439
    endloop
  endfacet
  facet normal 1 0 0
    outer loop
      vertex 42.3 17 60.6
      vertex 42.3 12.1548 68.0784
      vertex 42.3 12.1962 67.9629
    endloop
  endfacet
  facet normal 1 0 0
    outer loop
      vertex 42.3 17 94.6
      vertex 42.3 12.1024 68.1892
      vertex 42.3 12.1548 68.0784
    endloop
  endfacet
  facet normal 1 0 0
    outer loop
      vertex 42.3 17 94.6
      vertex 42.3 12.0393 68.2945
      vertex 42.3 12.1024 68.1892
    endloop
  endfacet
  facet normal 1 0 0
    outer loop
      vertex 42.3 17 94.6
      vertex 42.3 11.9663 68.393
      vertex 42.3 12.0393 68.2945
    endloop
  endfacet
  facet normal 1 0 0
    outer loop
      vertex 42.3 17 94.6
      vertex 42.3 11.8839 68.4839
      vertex 42.3 11.9663 68.393
    endloop
  endfacet
  facet normal 1 0 0
    outer loop
      vertex 42.3 17 94.6
      vertex 42.3 11.793 68.5663
      vertex 42.3 11.8839 68.4839
    endloop
  endfacet
  facet normal 1 0 0
    outer loop
      vertex 42.3 17 94.6
      vertex 42.3 11.6945 68.6393
      vertex 42.3 11.793 68.5663
    endloop
  endfacet
  facet normal 1 0 0
    outer loop
      vertex 42.3 17 94.6
      vertex 42.3 11.5892 68.7024
      vertex 42.3 11.6945 68.6393
    endloop
  endfacet
  facet normal 1 0 0
    outer loop
      vertex 42.3 17 94.6
      vertex 42.3 11.4784 68.7549
      vertex 42.3 11.5892 68.7024
    endloop
  endfacet
  facet normal 1 0 0
    outer loop
      vertex 42.3 17 94.6
      vertex 42.3 11.3629 68.7962
      vertex 42.3 11.4784 68.7549
    endloop
  endfacet
  facet normal 1 0 0
    outer loop
      vertex 42.3 17 94.6
      vertex 42.3 11.2439 68.826
      vertex 42.3 11.3629 68.7962
    endloop
  endfacet
  facet normal 1 0 0
    outer loop
      vertex 42.3 17 94.6
      vertex 42.3 11.1225 68.844
      vertex 42.3 11.2439 68.826
    endloop
  endfacet
  facet normal 1 0 0
    outer loop
      vertex 42.3 17 94.6
      vertex 42.3 11 68.85
      vertex 42.3 11.1225 68.844
    endloop
  endfacet
  facet normal 1 -0 0
    outer loop
      vertex 42.3 5 94.6
      vertex 42.3 11 68.85
      vertex 42.3 17 94.6
    endloop
  endfacet
  facet normal 1 0 0
    outer loop
      vertex 42.3 11 68.85
      vertex 42.3 5 94.6
      vertex 42.3 10.8775 68.844
    endloop
  endfacet
  facet normal 1 0 0
    outer loop
      vertex 42.3 10.8775 68.844
      vertex 42.3 5 94.6
      vertex 42.3 10.7561 68.826
    endloop
  endfacet
  facet normal 1 0 0
    outer loop
      vertex 42.3 10.7561 68.826
      vertex 42.3 5 94.6
      vertex 42.3 10.6371 68.7962
    endloop
  endfacet
  facet normal 1 0 0
    outer loop
      vertex 42.3 10.6371 68.7962
      vertex 42.3 5 94.6
      vertex 42.3 10.5216 68.7549
    endloop
  endfacet
  facet normal 1 0 0
    outer loop
      vertex 42.3 10.5216 68.7549
      vertex 42.3 5 94.6
      vertex 42.3 10.4108 68.7024
    endloop
  endfacet
  facet normal 1 0 0
    outer loop
      vertex 42.3 10.4108 68.7024
      vertex 42.3 5 94.6
      vertex 42.3 10.3055 68.6393
    endloop
  endfacet
  facet normal 1 0 0
    outer loop
      vertex 42.3 10.3055 68.6393
      vertex 42.3 5 94.6
      vertex 42.3 10.207 68.5663
    endloop
  endfacet
  facet normal 1 0 0
    outer loop
      vertex 42.3 10.207 68.5663
      vertex 42.3 5 94.6
      vertex 42.3 10.1161 68.4839
    endloop
  endfacet
  facet normal 1 0 0
    outer loop
      vertex 42.3 10.1161 68.4839
      vertex 42.3 5 94.6
      vertex 42.3 10.0337 68.393
    endloop
  endfacet
  facet normal 1 0 0
    outer loop
      vertex 42.3 10.0337 68.393
      vertex 42.3 5 94.6
      vertex 42.3 9.96066 68.2945
    endloop
  endfacet
  facet normal 1 0 0
    outer loop
      vertex 42.3 9.96066 68.2945
      vertex 42.3 5 94.6
      vertex 42.3 9.8976 68.1892
    endloop
  endfacet
  facet normal 1 0 0
    outer loop
      vertex 42.3 9.8976 68.1892
      vertex 42.3 5 94.6
      vertex 42.3 9.84515 68.0784
    endloop
  endfacet
  facet normal 1 0 0
    outer loop
      vertex 42.3 9.77402 67.8439
      vertex 42.3 5 60.6
      vertex 42.3 9.75602 67.7225
    endloop
  endfacet
  facet normal 1 0 0
    outer loop
      vertex 42.3 9.80382 67.9629
      vertex 42.3 5 60.6
      vertex 42.3 9.77402 67.8439
    endloop
  endfacet
  facet normal 1 0 0
    outer loop
      vertex 42.3 9.84515 68.0784
      vertex 42.3 5 60.6
      vertex 42.3 9.80382 67.9629
    endloop
  endfacet
  facet normal 1 0 0
    outer loop
      vertex 42.3 5 60.6
      vertex 42.3 9.84515 68.0784
      vertex 42.3 5 94.6
    endloop
  endfacet
  facet normal 1 -0 0
    outer loop
      vertex 42.3 12.244 67.4775
      vertex 42.3 17 60.6
      vertex 42.3 12.25 67.6
    endloop
  endfacet
  facet normal 1 -0 0
    outer loop
      vertex 42.3 12.226 67.3561
      vertex 42.3 17 60.6
      vertex 42.3 12.244 67.4775
    endloop
  endfacet
  facet normal 1 -0 0
    outer loop
      vertex 42.3 12.1962 67.2371
      vertex 42.3 17 60.6
      vertex 42.3 12.226 67.3561
    endloop
  endfacet
  facet normal 1 -0 0
    outer loop
      vertex 42.3 12.1548 67.1216
      vertex 42.3 17 60.6
      vertex 42.3 12.1962 67.2371
    endloop
  endfacet
  facet normal 1 -0 0
    outer loop
      vertex 42.3 12.1024 67.0108
      vertex 42.3 17 60.6
      vertex 42.3 12.1548 67.1216
    endloop
  endfacet
  facet normal 1 -0 0
    outer loop
      vertex 42.3 12.0393 66.9055
      vertex 42.3 17 60.6
      vertex 42.3 12.1024 67.0108
    endloop
  endfacet
  facet normal 1 -0 0
    outer loop
      vertex 42.3 11.9663 66.807
      vertex 42.3 17 60.6
      vertex 42.3 12.0393 66.9055
    endloop
  endfacet
  facet normal 1 -0 0
    outer loop
      vertex 42.3 11.8839 66.7161
      vertex 42.3 17 60.6
      vertex 42.3 11.9663 66.807
    endloop
  endfacet
  facet normal 1 -0 0
    outer loop
      vertex 42.3 11.793 66.6337
      vertex 42.3 17 60.6
      vertex 42.3 11.8839 66.7161
    endloop
  endfacet
  facet normal 1 -0 0
    outer loop
      vertex 42.3 11.6945 66.5607
      vertex 42.3 17 60.6
      vertex 42.3 11.793 66.6337
    endloop
  endfacet
  facet normal 1 -0 0
    outer loop
      vertex 42.3 11.5892 66.4976
      vertex 42.3 17 60.6
      vertex 42.3 11.6945 66.5607
    endloop
  endfacet
  facet normal 1 -0 0
    outer loop
      vertex 42.3 11.4784 66.4452
      vertex 42.3 17 60.6
      vertex 42.3 11.5892 66.4976
    endloop
  endfacet
  facet normal 1 -0 0
    outer loop
      vertex 42.3 11.3629 66.4038
      vertex 42.3 17 60.6
      vertex 42.3 11.4784 66.4452
    endloop
  endfacet
  facet normal 1 -0 0
    outer loop
      vertex 42.3 11.2439 66.374
      vertex 42.3 17 60.6
      vertex 42.3 11.3629 66.4038
    endloop
  endfacet
  facet normal 1 -0 0
    outer loop
      vertex 42.3 11.1225 66.356
      vertex 42.3 17 60.6
      vertex 42.3 11.2439 66.374
    endloop
  endfacet
  facet normal 1 -0 0
    outer loop
      vertex 42.3 11 66.35
      vertex 42.3 17 60.6
      vertex 42.3 11.1225 66.356
    endloop
  endfacet
  facet normal 1 0 0
    outer loop
      vertex 42.3 5 60.6
      vertex 42.3 11 66.35
      vertex 42.3 10.8775 66.356
    endloop
  endfacet
  facet normal 1 0 0
    outer loop
      vertex 42.3 5 60.6
      vertex 42.3 10.8775 66.356
      vertex 42.3 10.7561 66.374
    endloop
  endfacet
  facet normal 1 0 0
    outer loop
      vertex 42.3 5 60.6
      vertex 42.3 10.7561 66.374
      vertex 42.3 10.6371 66.4038
    endloop
  endfacet
  facet normal 1 0 0
    outer loop
      vertex 42.3 5 60.6
      vertex 42.3 10.6371 66.4038
      vertex 42.3 10.5216 66.4452
    endloop
  endfacet
  facet normal 1 0 0
    outer loop
      vertex 42.3 5 60.6
      vertex 42.3 10.5216 66.4452
      vertex 42.3 10.4108 66.4976
    endloop
  endfacet
  facet normal 1 0 0
    outer loop
      vertex 42.3 5 60.6
      vertex 42.3 10.4108 66.4976
      vertex 42.3 10.3055 66.5607
    endloop
  endfacet
  facet normal 1 0 0
    outer loop
      vertex 42.3 5 60.6
      vertex 42.3 10.3055 66.5607
      vertex 42.3 10.207 66.6337
    endloop
  endfacet
  facet normal 1 0 0
    outer loop
      vertex 42.3 9.75602 67.7225
      vertex 42.3 5 60.6
      vertex 42.3 9.75 67.6
    endloop
  endfacet
  facet normal 1 0 0
    outer loop
      vertex 42.3 9.75 67.6
      vertex 42.3 5 60.6
      vertex 42.3 9.75602 67.4775
    endloop
  endfacet
  facet normal 1 0 0
    outer loop
      vertex 42.3 11 66.35
      vertex 42.3 5 60.6
      vertex 42.3 17 60.6
    endloop
  endfacet
  facet normal 1 0 0
    outer loop
      vertex 42.3 10.1161 66.7161
      vertex 42.3 5 60.6
      vertex 42.3 10.207 66.6337
    endloop
  endfacet
  facet normal 1 0 0
    outer loop
      vertex 42.3 10.0337 66.807
      vertex 42.3 5 60.6
      vertex 42.3 10.1161 66.7161
    endloop
  endfacet
  facet normal 1 0 0
    outer loop
      vertex 42.3 9.96066 66.9055
      vertex 42.3 5 60.6
      vertex 42.3 10.0337 66.807
    endloop
  endfacet
  facet normal 1 0 0
    outer loop
      vertex 42.3 9.8976 67.0108
      vertex 42.3 5 60.6
      vertex 42.3 9.96066 66.9055
    endloop
  endfacet
  facet normal 1 0 0
    outer loop
      vertex 42.3 9.84515 67.1216
      vertex 42.3 5 60.6
      vertex 42.3 9.8976 67.0108
    endloop
  endfacet
  facet normal 1 0 0
    outer loop
      vertex 42.3 9.80382 67.2371
      vertex 42.3 5 60.6
      vertex 42.3 9.84515 67.1216
    endloop
  endfacet
  facet normal 1 0 0
    outer loop
      vertex 42.3 9.77402 67.3561
      vertex 42.3 5 60.6
      vertex 42.3 9.80382 67.2371
    endloop
  endfacet
  facet normal 1 0 0
    outer loop
      vertex 42.3 9.75602 67.4775
      vertex 42.3 5 60.6
      vertex 42.3 9.77402 67.3561
    endloop
  endfacet
  facet normal 0 0 1
    outer loop
      vertex 42.3 17 94.6
      vertex 39.95 11 94.6
      vertex 42.3 5 94.6
    endloop
  endfacet
  facet normal 0 0 1
    outer loop
      vertex 42.3 17 94.6
      vertex 39.9348 11.3087 94.6
      vertex 39.95 11 94.6
    endloop
  endfacet
  facet normal 0 0 1
    outer loop
      vertex 42.3 17 94.6
      vertex 39.8895 11.6145 94.6
      vertex 39.9348 11.3087 94.6
    endloop
  endfacet
  facet normal 0 0 1
    outer loop
      vertex 42.3 17 94.6
      vertex 39.8144 11.9144 94.6
      vertex 39.8895 11.6145 94.6
    endloop
  endfacet
  facet normal 0 0 1
    outer loop
      vertex 42.3 17 94.6
      vertex 39.7102 12.2054 94.6
      vertex 39.8144 11.9144 94.6
    endloop
  endfacet
  facet normal 0 0 1
    outer loop
      vertex 42.3 17 94.6
      vertex 39.578 12.4849 94.6
      vertex 39.7102 12.2054 94.6
    endloop
  endfacet
  facet normal 0 0 1
    outer loop
      vertex 42.3 17 94.6
      vertex 39.4191 12.75 94.6
      vertex 39.578 12.4849 94.6
    endloop
  endfacet
  facet normal 0 0 1
    outer loop
      vertex 42.3 17 94.6
      vertex 39.235 12.9983 94.6
      vertex 39.4191 12.75 94.6
    endloop
  endfacet
  facet normal 0 0 1
    outer loop
      vertex 42.3 17 94.6
      vertex 39.0274 13.2274 94.6
      vertex 39.235 12.9983 94.6
    endloop
  endfacet
  facet normal 0 0 1
    outer loop
      vertex 42.3 17 94.6
      vertex 36.8 15.4548 94.6
      vertex 39.0274 13.2274 94.6
    endloop
  endfacet
  facet normal 0 0 1
    outer loop
      vertex 33.6652 11.3087 94.6
      vertex 31.3 17 94.6
      vertex 33.65 11 94.6
    endloop
  endfacet
  facet normal 0 0 1
    outer loop
      vertex 33.7105 11.6145 94.6
      vertex 31.3 17 94.6
      vertex 33.6652 11.3087 94.6
    endloop
  endfacet
  facet normal 0 0 1
    outer loop
      vertex 33.7856 11.9144 94.6
      vertex 31.3 17 94.6
      vertex 33.7105 11.6145 94.6
    endloop
  endfacet
  facet normal 0 0 1
    outer loop
      vertex 33.8898 12.2054 94.6
      vertex 31.3 17 94.6
      vertex 33.7856 11.9144 94.6
    endloop
  endfacet
  facet normal 0 0 1
    outer loop
      vertex 34.022 12.4849 94.6
      vertex 31.3 17 94.6
      vertex 33.8898 12.2054 94.6
    endloop
  endfacet
  facet normal 0 0 1
    outer loop
      vertex 34.1809 12.75 94.6
      vertex 31.3 17 94.6
      vertex 34.022 12.4849 94.6
    endloop
  endfacet
  facet normal 0 0 1
    outer loop
      vertex 34.365 12.9983 94.6
      vertex 31.3 17 94.6
      vertex 34.1809 12.75 94.6
    endloop
  endfacet
  facet normal 0 0 1
    outer loop
      vertex 34.5726 13.2274 94.6
      vertex 31.3 17 94.6
      vertex 34.365 12.9983 94.6
    endloop
  endfacet
  facet normal 0 0 1
    outer loop
      vertex 36.8 15.4548 94.6
      vertex 31.3 17 94.6
      vertex 34.5726 13.2274 94.6
    endloop
  endfacet
  facet normal -0 0 1
    outer loop
      vertex 31.3 17 94.6
      vertex 36.8 15.4548 94.6
      vertex 42.3 17 94.6
    endloop
  endfacet
  facet normal -0 0 1
    outer loop
      vertex 39.9348 10.6913 94.6
      vertex 42.3 5 94.6
      vertex 39.95 11 94.6
    endloop
  endfacet
  facet normal -0 0 1
    outer loop
      vertex 39.8895 10.3855 94.6
      vertex 42.3 5 94.6
      vertex 39.9348 10.6913 94.6
    endloop
  endfacet
  facet normal -0 0 1
    outer loop
      vertex 39.8144 10.0856 94.6
      vertex 42.3 5 94.6
      vertex 39.8895 10.3855 94.6
    endloop
  endfacet
  facet normal -0 0 1
    outer loop
      vertex 39.7102 9.79456 94.6
      vertex 42.3 5 94.6
      vertex 39.8144 10.0856 94.6
    endloop
  endfacet
  facet normal -0 0 1
    outer loop
      vertex 39.578 9.51511 94.6
      vertex 42.3 5 94.6
      vertex 39.7102 9.79456 94.6
    endloop
  endfacet
  facet normal -0 0 1
    outer loop
      vertex 39.4191 9.24995 94.6
      vertex 42.3 5 94.6
      vertex 39.578 9.51511 94.6
    endloop
  endfacet
  facet normal -0 0 1
    outer loop
      vertex 39.235 9.00166 94.6
      vertex 42.3 5 94.6
      vertex 39.4191 9.24995 94.6
    endloop
  endfacet
  facet normal -0 0 1
    outer loop
      vertex 39.0274 8.77263 94.6
      vertex 42.3 5 94.6
      vertex 39.235 9.00166 94.6
    endloop
  endfacet
  facet normal -0 0 1
    outer loop
      vertex 38.7983 8.56502 94.6
      vertex 42.3 5 94.6
      vertex 39.0274 8.77263 94.6
    endloop
  endfacet
  facet normal -0 0 1
    outer loop
      vertex 38.55 8.38087 94.6
      vertex 42.3 5 94.6
      vertex 38.7983 8.56502 94.6
    endloop
  endfacet
  facet normal -0 0 1
    outer loop
      vertex 38.2849 8.22195 94.6
      vertex 42.3 5 94.6
      vertex 38.55 8.38087 94.6
    endloop
  endfacet
  facet normal -0 0 1
    outer loop
      vertex 38.0054 8.08978 94.6
      vertex 42.3 5 94.6
      vertex 38.2849 8.22195 94.6
    endloop
  endfacet
  facet normal -0 0 1
    outer loop
      vertex 37.7144 7.98564 94.6
      vertex 42.3 5 94.6
      vertex 38.0054 8.08978 94.6
    endloop
  endfacet
  facet normal -0 0 1
    outer loop
      vertex 37.4145 7.91054 94.6
      vertex 42.3 5 94.6
      vertex 37.7144 7.98564 94.6
    endloop
  endfacet
  facet normal -0 0 1
    outer loop
      vertex 37.1087 7.86517 94.6
      vertex 42.3 5 94.6
      vertex 37.4145 7.91054 94.6
    endloop
  endfacet
  facet normal -0 0 1
    outer loop
      vertex 36.8 7.85001 94.6
      vertex 42.3 5 94.6
      vertex 37.1087 7.86517 94.6
    endloop
  endfacet
  facet normal 0 0 1
    outer loop
      vertex 31.3 5 94.6
      vertex 36.8 7.85001 94.6
      vertex 36.4913 7.86517 94.6
    endloop
  endfacet
  facet normal 0 0 1
    outer loop
      vertex 31.3 5 94.6
      vertex 36.4913 7.86517 94.6
      vertex 36.1855 7.91054 94.6
    endloop
  endfacet
  facet normal 0 0 1
    outer loop
      vertex 31.3 5 94.6
      vertex 36.1855 7.91054 94.6
      vertex 35.8856 7.98564 94.6
    endloop
  endfacet
  facet normal 0 0 1
    outer loop
      vertex 31.3 5 94.6
      vertex 35.8856 7.98564 94.6
      vertex 35.5946 8.08978 94.6
    endloop
  endfacet
  facet normal 0 0 1
    outer loop
      vertex 31.3 5 94.6
      vertex 33.65 11 94.6
      vertex 31.3 17 94.6
    endloop
  endfacet
  facet normal 0 0 1
    outer loop
      vertex 33.65 11 94.6
      vertex 31.3 5 94.6
      vertex 33.6652 10.6913 94.6
    endloop
  endfacet
  facet normal 0 0 1
    outer loop
      vertex 33.6652 10.6913 94.6
      vertex 31.3 5 94.6
      vertex 33.7105 10.3855 94.6
    endloop
  endfacet
  facet normal 0 0 1
    outer loop
      vertex 33.7105 10.3855 94.6
      vertex 31.3 5 94.6
      vertex 33.7856 10.0856 94.6
    endloop
  endfacet
  facet normal 0 0 1
    outer loop
      vertex 36.8 7.85001 94.6
      vertex 31.3 5 94.6
      vertex 42.3 5 94.6
    endloop
  endfacet
  facet normal 0 0 1
    outer loop
      vertex 35.3151 8.22195 94.6
      vertex 31.3 5 94.6
      vertex 35.5946 8.08978 94.6
    endloop
  endfacet
  facet normal 0 0 1
    outer loop
      vertex 35.05 8.38087 94.6
      vertex 31.3 5 94.6
      vertex 35.3151 8.22195 94.6
    endloop
  endfacet
  facet normal 0 0 1
    outer loop
      vertex 34.8017 8.56502 94.6
      vertex 31.3 5 94.6
      vertex 35.05 8.38087 94.6
    endloop
  endfacet
  facet normal 0 0 1
    outer loop
      vertex 34.5726 8.77263 94.6
      vertex 31.3 5 94.6
      vertex 34.8017 8.56502 94.6
    endloop
  endfacet
  facet normal 0 0 1
    outer loop
      vertex 34.365 9.00166 94.6
      vertex 31.3 5 94.6
      vertex 34.5726 8.77263 94.6
    endloop
  endfacet
  facet normal 0 0 1
    outer loop
      vertex 34.1809 9.24995 94.6
      vertex 31.3 5 94.6
      vertex 34.365 9.00166 94.6
    endloop
  endfacet
  facet normal 0 0 1
    outer loop
      vertex 34.022 9.51511 94.6
      vertex 31.3 5 94.6
      vertex 34.1809 9.24995 94.6
    endloop
  endfacet
  facet normal 0 0 1
    outer loop
      vertex 33.8898 9.79456 94.6
      vertex 31.3 5 94.6
      vertex 34.022 9.51511 94.6
    endloop
  endfacet
  facet normal 0 0 1
    outer loop
      vertex 33.7856 10.0856 94.6
      vertex 31.3 5 94.6
      vertex 33.8898 9.79456 94.6
    endloop
  endfacet
  facet normal 0 -1 0
    outer loop
      vertex 31.3 5 60.6
      vertex 42.3 5 94.6
      vertex 31.3 5 94.6
    endloop
  endfacet
  facet normal 0 -1 -0
    outer loop
      vertex 42.3 5 94.6
      vertex 31.3 5 60.6
      vertex 42.3 5 60.6
    endloop
  endfacet
  facet normal -1 0 0
    outer loop
      vertex 29.09 -4.21736 76.7611
      vertex 29.09 -2.25581 77.1513
      vertex 29.09 -4.11484 76.3518
    endloop
  endfacet
  facet normal -1 -0 0
    outer loop
      vertex 29.09 -2.25581 77.1513
      vertex 29.09 -4.21736 76.7611
      vertex 29.09 -2.28892 77.3746
    endloop
  endfacet
  facet normal -1 0 -0
    outer loop
      vertex 29.09 -3.79225 79.627
      vertex 29.09 -2.3 77.6
      vertex 29.09 -3.97267 79.2455
    endloop
  endfacet
  facet normal -1 0 0
    outer loop
      vertex 29.09 -2.3 77.6
      vertex 29.09 -3.79225 79.627
      vertex 29.09 -3.7 79.7809
    endloop
  endfacet
  facet normal -1 0 0
    outer loop
      vertex 29.09 -4.27928 77.1785
      vertex 29.09 -2.28892 77.3746
      vertex 29.09 -4.21736 76.7611
    endloop
  endfacet
  facet normal -1 0 0
    outer loop
      vertex 29.09 -2.3 77.6
      vertex 29.09 -4.11484 78.8482
      vertex 29.09 -3.97267 79.2455
    endloop
  endfacet
  facet normal -1 -0 0
    outer loop
      vertex 29.09 -2.28892 77.3746
      vertex 29.09 -4.27928 77.1785
      vertex 29.09 -2.3 77.6
    endloop
  endfacet
  facet normal -1 0 0
    outer loop
      vertex 29.09 -2.3 77.6
      vertex 29.09 -4.21736 78.4389
      vertex 29.09 -4.11484 78.8482
    endloop
  endfacet
  facet normal -1 0 0
    outer loop
      vertex 29.09 -4.29999 77.6
      vertex 29.09 -2.3 77.6
      vertex 29.09 -4.27928 77.1785
    endloop
  endfacet
  facet normal -1 0 0
    outer loop
      vertex 29.09 -2.3 77.6
      vertex 29.09 -4.27928 78.0215
      vertex 29.09 -4.21736 78.4389
    endloop
  endfacet
  facet normal -1 0 0
    outer loop
      vertex 29.09 -2.3 77.6
      vertex 29.09 -4.29999 77.6
      vertex 29.09 -4.27928 78.0215
    endloop
  endfacet
  facet normal -1 0 0
    outer loop
      vertex 29.09 0.448708 75.3442
      vertex 29.09 3.7 75.4191
      vertex 29.09 3.7 59.6
    endloop
  endfacet
  facet normal -1 0 -0
    outer loop
      vertex 29.09 2.20096 76.9323
      vertex 29.09 3.7 75.4191
      vertex 29.09 2.12492 76.7198
    endloop
  endfacet
  facet normal -1 0 0
    outer loop
      vertex 29.09 2.28892 77.8254
      vertex 29.09 3.7 79.7809
      vertex 29.09 2.3 77.6
    endloop
  endfacet
  facet normal -1 0 0
    outer loop
      vertex 29.09 3.7 75.4191
      vertex 29.09 2.3 77.6
      vertex 29.09 3.7 79.7809
    endloop
  endfacet
  facet normal -1 0 -0
    outer loop
      vertex 29.09 2.3 77.6
      vertex 29.09 3.7 75.4191
      vertex 29.09 2.28892 77.3746
    endloop
  endfacet
  facet normal -1 0 -0
    outer loop
      vertex 29.09 2.28892 77.3746
      vertex 29.09 3.7 75.4191
      vertex 29.09 2.25581 77.1513
    endloop
  endfacet
  facet normal -1 0 -0
    outer loop
      vertex 29.09 2.25581 77.1513
      vertex 29.09 3.7 75.4191
      vertex 29.09 2.20096 76.9323
    endloop
  endfacet
  facet normal -1 0 0
    outer loop
      vertex 29.09 3.7 75.4191
      vertex 29.09 2.02842 76.5158
      vertex 29.09 2.12492 76.7198
    endloop
  endfacet
  facet normal -1 0 0
    outer loop
      vertex 29.09 3.7 75.4191
      vertex 29.09 1.91238 76.3222
      vertex 29.09 2.02842 76.5158
    endloop
  endfacet
  facet normal -1 0 0
    outer loop
      vertex 29.09 3.7 75.4191
      vertex 29.09 1.77792 76.1409
      vertex 29.09 1.91238 76.3222
    endloop
  endfacet
  facet normal -1 0 0
    outer loop
      vertex 29.09 3.7 75.4191
      vertex 29.09 1.62634 75.9737
      vertex 29.09 1.77792 76.1409
    endloop
  endfacet
  facet normal -1 0 0
    outer loop
      vertex 29.09 3.7 75.4191
      vertex 29.09 1.4591 75.8221
      vertex 29.09 1.62634 75.9737
    endloop
  endfacet
  facet normal -1 0 0
    outer loop
      vertex 29.09 3.7 75.4191
      vertex 29.09 1.27781 75.6876
      vertex 29.09 1.4591 75.8221
    endloop
  endfacet
  facet normal -1 0 0
    outer loop
      vertex 29.09 3.7 75.4191
      vertex 29.09 1.08421 75.5716
      vertex 29.09 1.27781 75.6876
    endloop
  endfacet
  facet normal -1 0 0
    outer loop
      vertex 29.09 3.7 75.4191
      vertex 29.09 0.880172 75.4751
      vertex 29.09 1.08421 75.5716
    endloop
  endfacet
  facet normal -1 -0 0
    outer loop
      vertex 29.09 3.7 75.4191
      vertex 29.09 0.667654 75.399
      vertex 29.09 0.880172 75.4751
    endloop
  endfacet
  facet normal -1 0 0
    outer loop
      vertex 29.09 3.7 75.4191
      vertex 29.09 0.448708 75.3442
      vertex 29.09 0.667654 75.399
    endloop
  endfacet
  facet normal -1 0 0
    outer loop
      vertex 29.09 3.7 59.6
      vertex 29.09 0.225439 75.3111
      vertex 29.09 0.448708 75.3442
    endloop
  endfacet
  facet normal -1 0 0
    outer loop
      vertex 29.09 3.7 59.6
      vertex 29.09 0 75.3
      vertex 29.09 0.225439 75.3111
    endloop
  endfacet
  facet normal -1 0 0
    outer loop
      vertex 29.09 -3.7 59.6
      vertex 29.09 0 75.3
      vertex 29.09 3.7 59.6
    endloop
  endfacet
  facet normal -1 -0 0
    outer loop
      vertex 29.09 0 75.3
      vertex 29.09 -3.7 59.6
      vertex 29.09 -0.225439 75.3111
    endloop
  endfacet
  facet normal -1 -0 0
    outer loop
      vertex 29.09 -0.225439 75.3111
      vertex 29.09 -3.7 59.6
      vertex 29.09 -0.448708 75.3442
    endloop
  endfacet
  facet normal -1 0 0
    outer loop
      vertex 29.09 -3.7 75.4191
      vertex 29.09 -0.448708 75.3442
      vertex 29.09 -3.7 59.6
    endloop
  endfacet
  facet normal -1 0 0
    outer loop
      vertex 29.09 -0.448708 75.3442
      vertex 29.09 -3.7 75.4191
      vertex 29.09 -0.667654 75.399
    endloop
  endfacet
  facet normal -1 0 0
    outer loop
      vertex 29.09 -0.667654 75.399
      vertex 29.09 -3.7 75.4191
      vertex 29.09 -0.880172 75.4751
    endloop
  endfacet
  facet normal -1 -0 0
    outer loop
      vertex 29.09 -0.880172 75.4751
      vertex 29.09 -3.7 75.4191
      vertex 29.09 -1.08421 75.5716
    endloop
  endfacet
  facet normal -1 -0 0
    outer loop
      vertex 29.09 -1.08421 75.5716
      vertex 29.09 -3.7 75.4191
      vertex 29.09 -1.27781 75.6876
    endloop
  endfacet
  facet normal -1 -0 0
    outer loop
      vertex 29.09 -1.27781 75.6876
      vertex 29.09 -3.7 75.4191
      vertex 29.09 -1.4591 75.8221
    endloop
  endfacet
  facet normal -1 -0 0
    outer loop
      vertex 29.09 -1.62634 75.9737
      vertex 29.09 -3.7 75.4191
      vertex 29.09 -1.77792 76.1409
    endloop
  endfacet
  facet normal -1 -0 0
    outer loop
      vertex 29.09 -1.77792 76.1409
      vertex 29.09 -3.7 75.4191
      vertex 29.09 -1.91238 76.3222
    endloop
  endfacet
  facet normal -1 -0 0
    outer loop
      vertex 29.09 -1.91238 76.3222
      vertex 29.09 -3.7 75.4191
      vertex 29.09 -2.02842 76.5158
    endloop
  endfacet
  facet normal -1 0 0
    outer loop
      vertex 29.09 -3.79225 75.573
      vertex 29.09 -2.02842 76.5158
      vertex 29.09 -3.7 75.4191
    endloop
  endfacet
  facet normal -1 -0 0
    outer loop
      vertex 29.09 -2.12492 76.7198
      vertex 29.09 -3.97267 75.9545
      vertex 29.09 -2.20096 76.9323
    endloop
  endfacet
  facet normal -1 0 0
    outer loop
      vertex 29.09 -3.97267 75.9545
      vertex 29.09 -2.12492 76.7198
      vertex 29.09 -3.79225 75.573
    endloop
  endfacet
  facet normal -1 -0 0
    outer loop
      vertex 29.09 -2.02842 76.5158
      vertex 29.09 -3.79225 75.573
      vertex 29.09 -2.12492 76.7198
    endloop
  endfacet
  facet normal -1 -0 0
    outer loop
      vertex 29.09 -1.4591 75.8221
      vertex 29.09 -3.7 75.4191
      vertex 29.09 -1.62634 75.9737
    endloop
  endfacet
  facet normal -1 0 0
    outer loop
      vertex 29.09 4.27928 77.1785
      vertex 29.09 4.27928 78.0215
      vertex 29.09 4.29999 77.6
    endloop
  endfacet
  facet normal -1 0 0
    outer loop
      vertex 29.09 4.21736 76.7611
      vertex 29.09 4.27928 78.0215
      vertex 29.09 4.27928 77.1785
    endloop
  endfacet
  facet normal -1 0 0
    outer loop
      vertex 29.09 4.21736 76.7611
      vertex 29.09 4.21736 78.4389
      vertex 29.09 4.27928 78.0215
    endloop
  endfacet
  facet normal -1 0 0
    outer loop
      vertex 29.09 4.11484 76.3518
      vertex 29.09 4.21736 78.4389
      vertex 29.09 4.21736 76.7611
    endloop
  endfacet
  facet normal -1 0 0
    outer loop
      vertex 29.09 4.11484 76.3518
      vertex 29.09 4.11484 78.8482
      vertex 29.09 4.21736 78.4389
    endloop
  endfacet
  facet normal -1 0 0
    outer loop
      vertex 29.09 3.97267 75.9545
      vertex 29.09 4.11484 78.8482
      vertex 29.09 4.11484 76.3518
    endloop
  endfacet
  facet normal -1 0 0
    outer loop
      vertex 29.09 3.97267 75.9545
      vertex 29.09 3.97267 79.2455
      vertex 29.09 4.11484 78.8482
    endloop
  endfacet
  facet normal -1 0 0
    outer loop
      vertex 29.09 3.7 75.4191
      vertex 29.09 3.97267 75.9545
      vertex 29.09 3.79225 75.573
    endloop
  endfacet
  facet normal -1 -0 0
    outer loop
      vertex 29.09 3.97267 75.9545
      vertex 29.09 3.7 75.4191
      vertex 29.09 3.97267 79.2455
    endloop
  endfacet
  facet normal -1 0 0
    outer loop
      vertex 29.09 3.7 79.7809
      vertex 29.09 3.97267 79.2455
      vertex 29.09 3.7 75.4191
    endloop
  endfacet
  facet normal -1 0 0
    outer loop
      vertex 29.09 3.97267 79.2455
      vertex 29.09 3.7 79.7809
      vertex 29.09 3.79225 79.627
    endloop
  endfacet
  facet normal -1 0 0
    outer loop
      vertex 29.09 2.25581 78.0487
      vertex 29.09 3.7 79.7809
      vertex 29.09 2.28892 77.8254
    endloop
  endfacet
  facet normal -1 0 0
    outer loop
      vertex 29.09 2.20096 78.2677
      vertex 29.09 3.7 79.7809
      vertex 29.09 2.25581 78.0487
    endloop
  endfacet
  facet normal -1 0 0
    outer loop
      vertex 29.09 2.12492 78.4802
      vertex 29.09 3.7 79.7809
      vertex 29.09 2.20096 78.2677
    endloop
  endfacet
  facet normal -1 0 0
    outer loop
      vertex 29.09 2.02842 78.6842
      vertex 29.09 3.7 79.7809
      vertex 29.09 2.12492 78.4802
    endloop
  endfacet
  facet normal -1 0 0
    outer loop
      vertex 29.09 1.91238 78.8778
      vertex 29.09 3.7 79.7809
      vertex 29.09 2.02842 78.6842
    endloop
  endfacet
  facet normal -1 0 0
    outer loop
      vertex 29.09 1.77792 79.0591
      vertex 29.09 3.7 79.7809
      vertex 29.09 1.91238 78.8778
    endloop
  endfacet
  facet normal -1 0 0
    outer loop
      vertex 29.09 1.62634 79.2263
      vertex 29.09 3.7 79.7809
      vertex 29.09 1.77792 79.0591
    endloop
  endfacet
  facet normal -1 0 0
    outer loop
      vertex 29.09 1.4591 79.3779
      vertex 29.09 3.7 79.7809
      vertex 29.09 1.62634 79.2263
    endloop
  endfacet
  facet normal -1 0 0
    outer loop
      vertex 29.09 1.27781 79.5124
      vertex 29.09 3.7 79.7809
      vertex 29.09 1.4591 79.3779
    endloop
  endfacet
  facet normal -1 0 0
    outer loop
      vertex 29.09 1.08421 79.6284
      vertex 29.09 3.7 79.7809
      vertex 29.09 1.27781 79.5124
    endloop
  endfacet
  facet normal -1 0 0
    outer loop
      vertex 29.09 0.880172 79.7249
      vertex 29.09 3.7 79.7809
      vertex 29.09 1.08421 79.6284
    endloop
  endfacet
  facet normal -1 0 0
    outer loop
      vertex 29.09 0.667654 79.801
      vertex 29.09 3.7 79.7809
      vertex 29.09 0.880172 79.7249
    endloop
  endfacet
  facet normal -1 0 0
    outer loop
      vertex 29.09 0.448708 79.8558
      vertex 29.09 3.7 79.7809
      vertex 29.09 0.667654 79.801
    endloop
  endfacet
  facet normal -1 0 0
    outer loop
      vertex 29.09 3.7 79.7809
      vertex 29.09 0.448708 79.8558
      vertex 29.09 3.7 95.6
    endloop
  endfacet
  facet normal -1 0 0
    outer loop
      vertex 29.09 0.225439 79.8889
      vertex 29.09 3.7 95.6
      vertex 29.09 0.448708 79.8558
    endloop
  endfacet
  facet normal -1 0 0
    outer loop
      vertex 29.09 0 79.9
      vertex 29.09 3.7 95.6
      vertex 29.09 0.225439 79.8889
    endloop
  endfacet
  facet normal -1 0 0
    outer loop
      vertex 29.09 -3.7 95.6
      vertex 29.09 0 79.9
      vertex 29.09 -0.225439 79.8889
    endloop
  endfacet
  facet normal -1 0 0
    outer loop
      vertex 29.09 -3.7 95.6
      vertex 29.09 -0.225439 79.8889
      vertex 29.09 -0.448708 79.8558
    endloop
  endfacet
  facet normal -1 0 0
    outer loop
      vertex 29.09 -3.7 79.7809
      vertex 29.09 -0.448708 79.8558
      vertex 29.09 -0.667654 79.801
    endloop
  endfacet
  facet normal -1 0 0
    outer loop
      vertex 29.09 -3.7 79.7809
      vertex 29.09 -0.667654 79.801
      vertex 29.09 -0.880172 79.7249
    endloop
  endfacet
  facet normal -1 0 0
    outer loop
      vertex 29.09 -3.7 79.7809
      vertex 29.09 -0.880172 79.7249
      vertex 29.09 -1.08421 79.6284
    endloop
  endfacet
  facet normal -1 0 0
    outer loop
      vertex 29.09 -3.7 79.7809
      vertex 29.09 -1.08421 79.6284
      vertex 29.09 -1.27781 79.5124
    endloop
  endfacet
  facet normal -1 0 0
    outer loop
      vertex 29.09 -3.7 79.7809
      vertex 29.09 -1.27781 79.5124
      vertex 29.09 -1.4591 79.3779
    endloop
  endfacet
  facet normal -1 0 0
    outer loop
      vertex 29.09 -3.7 79.7809
      vertex 29.09 -1.4591 79.3779
      vertex 29.09 -1.62634 79.2263
    endloop
  endfacet
  facet normal -1 0 0
    outer loop
      vertex 29.09 -3.7 79.7809
      vertex 29.09 -1.62634 79.2263
      vertex 29.09 -1.77792 79.0591
    endloop
  endfacet
  facet normal -1 0 0
    outer loop
      vertex 29.09 -3.7 79.7809
      vertex 29.09 -1.77792 79.0591
      vertex 29.09 -1.91238 78.8778
    endloop
  endfacet
  facet normal -1 0 0
    outer loop
      vertex 29.09 -3.7 79.7809
      vertex 29.09 -1.91238 78.8778
      vertex 29.09 -2.02842 78.6842
    endloop
  endfacet
  facet normal -1 0 0
    outer loop
      vertex 29.09 -3.7 79.7809
      vertex 29.09 -2.02842 78.6842
      vertex 29.09 -2.12492 78.4802
    endloop
  endfacet
  facet normal -1 0 0
    outer loop
      vertex 29.09 -3.7 79.7809
      vertex 29.09 -2.12492 78.4802
      vertex 29.09 -2.20096 78.2677
    endloop
  endfacet
  facet normal -1 0 0
    outer loop
      vertex 29.09 -4.11484 76.3518
      vertex 29.09 -2.20096 76.9323
      vertex 29.09 -3.97267 75.9545
    endloop
  endfacet
  facet normal -1 -0 0
    outer loop
      vertex 29.09 -2.20096 76.9323
      vertex 29.09 -4.11484 76.3518
      vertex 29.09 -2.25581 77.1513
    endloop
  endfacet
  facet normal -1 0 0
    outer loop
      vertex 29.09 -2.3 77.6
      vertex 29.09 -3.7 79.7809
      vertex 29.09 -2.28892 77.8254
    endloop
  endfacet
  facet normal -1 0 0
    outer loop
      vertex 29.09 -2.28892 77.8254
      vertex 29.09 -3.7 79.7809
      vertex 29.09 -2.25581 78.0487
    endloop
  endfacet
  facet normal -1 0 0
    outer loop
      vertex 29.09 -2.25581 78.0487
      vertex 29.09 -3.7 79.7809
      vertex 29.09 -2.20096 78.2677
    endloop
  endfacet
  facet normal -1 -0 0
    outer loop
      vertex 29.09 -0.448708 79.8558
      vertex 29.09 -3.7 79.7809
      vertex 29.09 -3.7 95.6
    endloop
  endfacet
  facet normal -1 0 0
    outer loop
      vertex 29.09 0 79.9
      vertex 29.09 -3.7 95.6
      vertex 29.09 3.7 95.6
    endloop
  endfacet
  facet normal 0 0.989175 0.146741
    outer loop
      vertex 29.09 -4.21736 76.7611
      vertex 27.3 -4.27928 77.1785
      vertex 29.09 -4.27928 77.1785
    endloop
  endfacet
  facet normal 0 0.989175 0.146741
    outer loop
      vertex 27.3 -4.27928 77.1785
      vertex 29.09 -4.21736 76.7611
      vertex 27.3 -4.21736 76.7611
    endloop
  endfacet
  facet normal 0 0.970034 0.242971
    outer loop
      vertex 29.09 -4.11484 76.3518
      vertex 27.3 -4.21736 76.7611
      vertex 29.09 -4.21736 76.7611
    endloop
  endfacet
  facet normal 0 0.970034 0.242971
    outer loop
      vertex 27.3 -4.21736 76.7611
      vertex 29.09 -4.11484 76.3518
      vertex 27.3 -4.11484 76.3518
    endloop
  endfacet
  facet normal 0 0.941534 0.336919
    outer loop
      vertex 29.09 -3.97267 75.9545
      vertex 27.3 -4.11484 76.3518
      vertex 29.09 -4.11484 76.3518
    endloop
  endfacet
  facet normal 0 0.941534 0.336919
    outer loop
      vertex 27.3 -4.11484 76.3518
      vertex 29.09 -3.97267 75.9545
      vertex 27.3 -3.97267 75.9545
    endloop
  endfacet
  facet normal 0 0.904004 0.427524
    outer loop
      vertex 29.09 -3.79225 75.573
      vertex 27.3 -3.97267 75.9545
      vertex 29.09 -3.97267 75.9545
    endloop
  endfacet
  facet normal 0 0.904004 0.427524
    outer loop
      vertex 27.3 -3.97267 75.9545
      vertex 29.09 -3.79225 75.573
      vertex 27.3 -3.79225 75.573
    endloop
  endfacet
  facet normal 0 0.857714 0.514127
    outer loop
      vertex 29.09 -3.7 75.4191
      vertex 27.3 -3.79225 75.573
      vertex 29.09 -3.79225 75.573
    endloop
  endfacet
  facet normal 0 0.857714 0.514127
    outer loop
      vertex 27.3 -3.79225 75.573
      vertex 29.09 -3.7 75.4191
      vertex 27.3 -3.7 75.4191
    endloop
  endfacet
  facet normal 0 1 -0
    outer loop
      vertex 29.09 -3.7 59.6
      vertex 27.3 -3.7 75.4191
      vertex 29.09 -3.7 75.4191
    endloop
  endfacet
  facet normal 0 1 0
    outer loop
      vertex 27.3 -3.7 75.4191
      vertex 29.09 -3.7 59.6
      vertex 27.3 -3.7 59.6
    endloop
  endfacet
  facet normal -0 0 1
    outer loop
      vertex 27.3 3.7 59.6
      vertex 29.09 -3.7 59.6
      vertex 29.09 3.7 59.6
    endloop
  endfacet
  facet normal 0 0 1
    outer loop
      vertex 29.09 -3.7 59.6
      vertex 27.3 3.7 59.6
      vertex 27.3 -3.7 59.6
    endloop
  endfacet
  facet normal 0 -1 0
    outer loop
      vertex 27.3 3.7 59.6
      vertex 29.09 3.7 75.4191
      vertex 27.3 3.7 75.4191
    endloop
  endfacet
  facet normal 0 -1 -0
    outer loop
      vertex 29.09 3.7 75.4191
      vertex 27.3 3.7 59.6
      vertex 29.09 3.7 59.6
    endloop
  endfacet
  facet normal 0 -0.857714 0.514127
    outer loop
      vertex 27.3 3.7 75.4191
      vertex 29.09 3.79225 75.573
      vertex 27.3 3.79225 75.573
    endloop
  endfacet
  facet normal 0 -0.857714 0.514127
    outer loop
      vertex 29.09 3.79225 75.573
      vertex 27.3 3.7 75.4191
      vertex 29.09 3.7 75.4191
    endloop
  endfacet
  facet normal 0 -0.904004 0.427524
    outer loop
      vertex 27.3 3.79225 75.573
      vertex 29.09 3.97267 75.9545
      vertex 27.3 3.97267 75.9545
    endloop
  endfacet
  facet normal 0 -0.904004 0.427524
    outer loop
      vertex 29.09 3.97267 75.9545
      vertex 27.3 3.79225 75.573
      vertex 29.09 3.79225 75.573
    endloop
  endfacet
  facet normal 0 -0.941534 0.336919
    outer loop
      vertex 27.3 3.97267 75.9545
      vertex 29.09 4.11484 76.3518
      vertex 27.3 4.11484 76.3518
    endloop
  endfacet
  facet normal 0 -0.941534 0.336919
    outer loop
      vertex 29.09 4.11484 76.3518
      vertex 27.3 3.97267 75.9545
      vertex 29.09 3.97267 75.9545
    endloop
  endfacet
  facet normal 0 -0.970034 0.242971
    outer loop
      vertex 27.3 4.11484 76.3518
      vertex 29.09 4.21736 76.7611
      vertex 27.3 4.21736 76.7611
    endloop
  endfacet
  facet normal 0 -0.970034 0.242971
    outer loop
      vertex 29.09 4.21736 76.7611
      vertex 27.3 4.11484 76.3518
      vertex 29.09 4.11484 76.3518
    endloop
  endfacet
  facet normal 0 -0.989175 0.146741
    outer loop
      vertex 27.3 4.21736 76.7611
      vertex 29.09 4.27928 77.1785
      vertex 27.3 4.27928 77.1785
    endloop
  endfacet
  facet normal 0 -0.989175 0.146741
    outer loop
      vertex 29.09 4.27928 77.1785
      vertex 27.3 4.21736 76.7611
      vertex 29.09 4.21736 76.7611
    endloop
  endfacet
  facet normal 0 -0.998795 0.0490748
    outer loop
      vertex 27.3 4.27928 77.1785
      vertex 29.09 4.29999 77.6
      vertex 27.3 4.29999 77.6
    endloop
  endfacet
  facet normal 0 -0.998795 0.0490748
    outer loop
      vertex 29.09 4.29999 77.6
      vertex 27.3 4.27928 77.1785
      vertex 29.09 4.27928 77.1785
    endloop
  endfacet
  facet normal 0 -0.998795 -0.0490748
    outer loop
      vertex 27.3 4.29999 77.6
      vertex 29.09 4.27928 78.0215
      vertex 27.3 4.27928 78.0215
    endloop
  endfacet
  facet normal 0 -0.998795 -0.0490748
    outer loop
      vertex 29.09 4.27928 78.0215
      vertex 27.3 4.29999 77.6
      vertex 29.09 4.29999 77.6
    endloop
  endfacet
  facet normal 0 -0.989175 -0.146741
    outer loop
      vertex 27.3 4.27928 78.0215
      vertex 29.09 4.21736 78.4389
      vertex 27.3 4.21736 78.4389
    endloop
  endfacet
  facet normal 0 -0.989175 -0.146741
    outer loop
      vertex 29.09 4.21736 78.4389
      vertex 27.3 4.27928 78.0215
      vertex 29.09 4.27928 78.0215
    endloop
  endfacet
  facet normal 0 -0.970034 -0.242971
    outer loop
      vertex 27.3 4.21736 78.4389
      vertex 29.09 4.11484 78.8482
      vertex 27.3 4.11484 78.8482
    endloop
  endfacet
  facet normal 0 -0.970034 -0.242971
    outer loop
      vertex 29.09 4.11484 78.8482
      vertex 27.3 4.21736 78.4389
      vertex 29.09 4.21736 78.4389
    endloop
  endfacet
  facet normal 0 -0.941534 -0.336919
    outer loop
      vertex 27.3 4.11484 78.8482
      vertex 29.09 3.97267 79.2455
      vertex 27.3 3.97267 79.2455
    endloop
  endfacet
  facet normal 0 -0.941534 -0.336919
    outer loop
      vertex 29.09 3.97267 79.2455
      vertex 27.3 4.11484 78.8482
      vertex 29.09 4.11484 78.8482
    endloop
  endfacet
  facet normal 0 -0.904004 -0.427524
    outer loop
      vertex 27.3 3.97267 79.2455
      vertex 29.09 3.79225 79.627
      vertex 27.3 3.79225 79.627
    endloop
  endfacet
  facet normal 0 -0.904004 -0.427524
    outer loop
      vertex 29.09 3.79225 79.627
      vertex 27.3 3.97267 79.2455
      vertex 29.09 3.97267 79.2455
    endloop
  endfacet
  facet normal 0 -0.857714 -0.514127
    outer loop
      vertex 27.3 3.79225 79.627
      vertex 29.09 3.7 79.7809
      vertex 27.3 3.7 79.7809
    endloop
  endfacet
  facet normal 0 -0.857714 -0.514127
    outer loop
      vertex 29.09 3.7 79.7809
      vertex 27.3 3.79225 79.627
      vertex 29.09 3.79225 79.627
    endloop
  endfacet
  facet normal 0 -1 0
    outer loop
      vertex 27.3 3.7 79.7809
      vertex 29.09 3.7 95.6
      vertex 27.3 3.7 95.6
    endloop
  endfacet
  facet normal 0 -1 -0
    outer loop
      vertex 29.09 3.7 95.6
      vertex 27.3 3.7 79.7809
      vertex 29.09 3.7 79.7809
    endloop
  endfacet
  facet normal 0 0 -1
    outer loop
      vertex 27.3 -3.7 95.6
      vertex 29.09 3.7 95.6
      vertex 29.09 -3.7 95.6
    endloop
  endfacet
  facet normal -0 0 -1
    outer loop
      vertex 29.09 3.7 95.6
      vertex 27.3 -3.7 95.6
      vertex 27.3 3.7 95.6
    endloop
  endfacet
  facet normal 0 1 -0
    outer loop
      vertex 29.09 -3.7 79.7809
      vertex 27.3 -3.7 95.6
      vertex 29.09 -3.7 95.6
    endloop
  endfacet
  facet normal 0 1 0
    outer loop
      vertex 27.3 -3.7 95.6
      vertex 29.09 -3.7 79.7809
      vertex 27.3 -3.7 79.7809
    endloop
  endfacet
  facet normal 0 0.857714 -0.514127
    outer loop
      vertex 29.09 -3.79225 79.627
      vertex 27.3 -3.7 79.7809
      vertex 29.09 -3.7 79.7809
    endloop
  endfacet
  facet normal 0 0.857714 -0.514127
    outer loop
      vertex 27.3 -3.7 79.7809
      vertex 29.09 -3.79225 79.627
      vertex 27.3 -3.79225 79.627
    endloop
  endfacet
  facet normal 0 0.904004 -0.427524
    outer loop
      vertex 29.09 -3.97267 79.2455
      vertex 27.3 -3.79225 79.627
      vertex 29.09 -3.79225 79.627
    endloop
  endfacet
  facet normal 0 0.904004 -0.427524
    outer loop
      vertex 27.3 -3.79225 79.627
      vertex 29.09 -3.97267 79.2455
      vertex 27.3 -3.97267 79.2455
    endloop
  endfacet
  facet normal 0 0.941534 -0.336919
    outer loop
      vertex 29.09 -4.11484 78.8482
      vertex 27.3 -3.97267 79.2455
      vertex 29.09 -3.97267 79.2455
    endloop
  endfacet
  facet normal 0 0.941534 -0.336919
    outer loop
      vertex 27.3 -3.97267 79.2455
      vertex 29.09 -4.11484 78.8482
      vertex 27.3 -4.11484 78.8482
    endloop
  endfacet
  facet normal 0 0.970034 -0.242971
    outer loop
      vertex 29.09 -4.21736 78.4389
      vertex 27.3 -4.11484 78.8482
      vertex 29.09 -4.11484 78.8482
    endloop
  endfacet
  facet normal 0 0.970034 -0.242971
    outer loop
      vertex 27.3 -4.11484 78.8482
      vertex 29.09 -4.21736 78.4389
      vertex 27.3 -4.21736 78.4389
    endloop
  endfacet
  facet normal 0 0.989175 -0.146741
    outer loop
      vertex 29.09 -4.27928 78.0215
      vertex 27.3 -4.21736 78.4389
      vertex 29.09 -4.21736 78.4389
    endloop
  endfacet
  facet normal 0 0.989175 -0.146741
    outer loop
      vertex 27.3 -4.21736 78.4389
      vertex 29.09 -4.27928 78.0215
      vertex 27.3 -4.27928 78.0215
    endloop
  endfacet
  facet normal 0 0.998795 -0.0490748
    outer loop
      vertex 29.09 -4.29999 77.6
      vertex 27.3 -4.27928 78.0215
      vertex 29.09 -4.27928 78.0215
    endloop
  endfacet
  facet normal 0 0.998795 -0.0490748
    outer loop
      vertex 27.3 -4.27928 78.0215
      vertex 29.09 -4.29999 77.6
      vertex 27.3 -4.29999 77.6
    endloop
  endfacet
  facet normal 0 0.998795 0.0490748
    outer loop
      vertex 29.09 -4.27928 77.1785
      vertex 27.3 -4.29999 77.6
      vertex 29.09 -4.29999 77.6
    endloop
  endfacet
  facet normal 0 0.998795 0.0490748
    outer loop
      vertex 27.3 -4.29999 77.6
      vertex 29.09 -4.27928 77.1785
      vertex 27.3 -4.27928 77.1785
    endloop
  endfacet
  facet normal 0 -0.989185 -0.146672
    outer loop
      vertex 29.09 2.28892 77.8254
      vertex 31.3 2.25581 78.0487
      vertex 29.09 2.25581 78.0487
    endloop
  endfacet
  facet normal 0 -0.989185 -0.146672
    outer loop
      vertex 31.3 2.25581 78.0487
      vertex 29.09 2.28892 77.8254
      vertex 31.3 2.28892 77.8254
    endloop
  endfacet
  facet normal 0 -0.146649 0.989189
    outer loop
      vertex 29.09 0.448708 75.3442
      vertex 31.3 0.225439 75.3111
      vertex 31.3 0.448708 75.3442
    endloop
  endfacet
  facet normal 0 -0.146649 0.989189
    outer loop
      vertex 31.3 0.225439 75.3111
      vertex 29.09 0.448708 75.3442
      vertex 29.09 0.225439 75.3111
    endloop
  endfacet
  facet normal 0 -0.0491777 0.99879
    outer loop
      vertex 29.09 0.225439 75.3111
      vertex 31.3 0 75.3
      vertex 31.3 0.225439 75.3111
    endloop
  endfacet
  facet normal 0 -0.0491777 0.99879
    outer loop
      vertex 31.3 0 75.3
      vertex 29.09 0.225439 75.3111
      vertex 29.09 0 75.3
    endloop
  endfacet
  facet normal 0 -0.2428 0.970076
    outer loop
      vertex 29.09 0.667654 75.399
      vertex 31.3 0.448708 75.3442
      vertex 31.3 0.667654 75.399
    endloop
  endfacet
  facet normal 0 -0.2428 0.970076
    outer loop
      vertex 31.3 0.448708 75.3442
      vertex 29.09 0.667654 75.399
      vertex 29.09 0.448708 75.3442
    endloop
  endfacet
  facet normal -0 0.0491777 0.99879
    outer loop
      vertex 29.09 0 75.3
      vertex 31.3 -0.225439 75.3111
      vertex 31.3 0 75.3
    endloop
  endfacet
  facet normal 0 0.0491777 0.99879
    outer loop
      vertex 31.3 -0.225439 75.3111
      vertex 29.09 0 75.3
      vertex 29.09 -0.225439 75.3111
    endloop
  endfacet
  facet normal 0 -0.941535 -0.336915
    outer loop
      vertex 29.09 2.20096 78.2677
      vertex 31.3 2.12492 78.4802
      vertex 29.09 2.12492 78.4802
    endloop
  endfacet
  facet normal 0 -0.941535 -0.336915
    outer loop
      vertex 31.3 2.12492 78.4802
      vertex 29.09 2.20096 78.2677
      vertex 31.3 2.20096 78.2677
    endloop
  endfacet
  facet normal -0 0.337125 0.94146
    outer loop
      vertex 29.09 -0.667654 75.399
      vertex 31.3 -0.880172 75.4751
      vertex 31.3 -0.667654 75.399
    endloop
  endfacet
  facet normal 0 0.337125 0.94146
    outer loop
      vertex 31.3 -0.880172 75.4751
      vertex 29.09 -0.667654 75.399
      vertex 29.09 -0.880172 75.4751
    endloop
  endfacet
  facet normal 0 0.740866 0.671653
    outer loop
      vertex 31.3 -1.62634 75.9737
      vertex 29.09 -1.77792 76.1409
      vertex 31.3 -1.77792 76.1409
    endloop
  endfacet
  facet normal 0 0.740866 0.671653
    outer loop
      vertex 29.09 -1.77792 76.1409
      vertex 31.3 -1.62634 75.9737
      vertex 29.09 -1.62634 75.9737
    endloop
  endfacet
  facet normal 0 -0.941535 0.336915
    outer loop
      vertex 29.09 2.12492 76.7198
      vertex 31.3 2.20096 76.9323
      vertex 29.09 2.20096 76.9323
    endloop
  endfacet
  facet normal 0 -0.941535 0.336915
    outer loop
      vertex 31.3 2.20096 76.9323
      vertex 29.09 2.12492 76.7198
      vertex 31.3 2.12492 76.7198
    endloop
  endfacet
  facet normal 0 -0.595831 0.80311
    outer loop
      vertex 29.09 1.4591 75.8221
      vertex 31.3 1.27781 75.6876
      vertex 31.3 1.4591 75.8221
    endloop
  endfacet
  facet normal 0 -0.595831 0.80311
    outer loop
      vertex 31.3 1.27781 75.6876
      vertex 29.09 1.4591 75.8221
      vertex 29.09 1.27781 75.6876
    endloop
  endfacet
  facet normal 0 -0.857727 0.514105
    outer loop
      vertex 29.09 1.91238 76.3222
      vertex 31.3 2.02842 76.5158
      vertex 29.09 2.02842 76.5158
    endloop
  endfacet
  facet normal 0 -0.857727 0.514105
    outer loop
      vertex 31.3 2.02842 76.5158
      vertex 29.09 1.91238 76.3222
      vertex 31.3 1.91238 76.3222
    endloop
  endfacet
  facet normal 0 0.989185 -0.146672
    outer loop
      vertex 31.3 -2.28892 77.8254
      vertex 29.09 -2.25581 78.0487
      vertex 31.3 -2.25581 78.0487
    endloop
  endfacet
  facet normal 0 0.989185 -0.146672
    outer loop
      vertex 29.09 -2.25581 78.0487
      vertex 31.3 -2.28892 77.8254
      vertex 29.09 -2.28892 77.8254
    endloop
  endfacet
  facet normal -0 0.671614 0.740902
    outer loop
      vertex 29.09 -1.4591 75.8221
      vertex 31.3 -1.62634 75.9737
      vertex 31.3 -1.4591 75.8221
    endloop
  endfacet
  facet normal 0 0.671614 0.740902
    outer loop
      vertex 31.3 -1.62634 75.9737
      vertex 29.09 -1.4591 75.8221
      vertex 29.09 -1.62634 75.9737
    endloop
  endfacet
  facet normal 0 -0.970038 -0.242952
    outer loop
      vertex 29.09 2.25581 78.0487
      vertex 31.3 2.20096 78.2677
      vertex 29.09 2.20096 78.2677
    endloop
  endfacet
  facet normal 0 -0.970038 -0.242952
    outer loop
      vertex 31.3 2.20096 78.2677
      vertex 29.09 2.25581 78.0487
      vertex 31.3 2.25581 78.0487
    endloop
  endfacet
  facet normal 0 -0.903963 -0.42761
    outer loop
      vertex 29.09 2.12492 78.4802
      vertex 31.3 2.02842 78.6842
      vertex 29.09 2.02842 78.6842
    endloop
  endfacet
  facet normal 0 -0.903963 -0.42761
    outer loop
      vertex 31.3 2.02842 78.6842
      vertex 29.09 2.12492 78.4802
      vertex 31.3 2.12492 78.4802
    endloop
  endfacet
  facet normal -0 0.427545 0.903994
    outer loop
      vertex 29.09 -0.880172 75.4751
      vertex 31.3 -1.08421 75.5716
      vertex 31.3 -0.880172 75.4751
    endloop
  endfacet
  facet normal 0 0.427545 0.903994
    outer loop
      vertex 31.3 -1.08421 75.5716
      vertex 29.09 -0.880172 75.4751
      vertex 29.09 -1.08421 75.5716
    endloop
  endfacet
  facet normal 0 0.595831 -0.80311
    outer loop
      vertex 29.09 -1.4591 79.3779
      vertex 31.3 -1.27781 79.5124
      vertex 31.3 -1.4591 79.3779
    endloop
  endfacet
  facet normal 0 0.595831 -0.80311
    outer loop
      vertex 31.3 -1.27781 79.5124
      vertex 29.09 -1.4591 79.3779
      vertex 29.09 -1.27781 79.5124
    endloop
  endfacet
  facet normal -0 0.146649 0.989189
    outer loop
      vertex 29.09 -0.225439 75.3111
      vertex 31.3 -0.448708 75.3442
      vertex 31.3 -0.225439 75.3111
    endloop
  endfacet
  facet normal 0 0.146649 0.989189
    outer loop
      vertex 31.3 -0.448708 75.3442
      vertex 29.09 -0.225439 75.3111
      vertex 29.09 -0.448708 75.3442
    endloop
  endfacet
  facet normal 0 0.857727 -0.514105
    outer loop
      vertex 31.3 -2.02842 78.6842
      vertex 29.09 -1.91238 78.8778
      vertex 31.3 -1.91238 78.8778
    endloop
  endfacet
  facet normal 0 0.857727 -0.514105
    outer loop
      vertex 29.09 -1.91238 78.8778
      vertex 31.3 -2.02842 78.6842
      vertex 29.09 -2.02842 78.6842
    endloop
  endfacet
  facet normal 0 -0.998794 0.0490978
    outer loop
      vertex 29.09 2.28892 77.3746
      vertex 31.3 2.3 77.6
      vertex 29.09 2.3 77.6
    endloop
  endfacet
  facet normal 0 -0.998794 0.0490978
    outer loop
      vertex 31.3 2.3 77.6
      vertex 29.09 2.28892 77.3746
      vertex 31.3 2.28892 77.3746
    endloop
  endfacet
  facet normal 0 -0.740866 0.671653
    outer loop
      vertex 29.09 1.62634 75.9737
      vertex 31.3 1.77792 76.1409
      vertex 29.09 1.77792 76.1409
    endloop
  endfacet
  facet normal 0 -0.740866 0.671653
    outer loop
      vertex 31.3 1.77792 76.1409
      vertex 29.09 1.62634 75.9737
      vertex 31.3 1.62634 75.9737
    endloop
  endfacet
  facet normal 0 0.989185 0.146672
    outer loop
      vertex 31.3 -2.25581 77.1513
      vertex 29.09 -2.28892 77.3746
      vertex 31.3 -2.28892 77.3746
    endloop
  endfacet
  facet normal 0 0.989185 0.146672
    outer loop
      vertex 29.09 -2.28892 77.3746
      vertex 31.3 -2.25581 77.1513
      vertex 29.09 -2.25581 77.1513
    endloop
  endfacet
  facet normal -0 0.595831 0.80311
    outer loop
      vertex 29.09 -1.27781 75.6876
      vertex 31.3 -1.4591 75.8221
      vertex 31.3 -1.27781 75.6876
    endloop
  endfacet
  facet normal 0 0.595831 0.80311
    outer loop
      vertex 31.3 -1.4591 75.8221
      vertex 29.09 -1.27781 75.6876
      vertex 29.09 -1.4591 75.8221
    endloop
  endfacet
  facet normal 0 -0.903963 0.42761
    outer loop
      vertex 29.09 2.02842 76.5158
      vertex 31.3 2.12492 76.7198
      vertex 29.09 2.12492 76.7198
    endloop
  endfacet
  facet normal 0 -0.903963 0.42761
    outer loop
      vertex 31.3 2.12492 76.7198
      vertex 29.09 2.02842 76.5158
      vertex 31.3 2.02842 76.5158
    endloop
  endfacet
  facet normal 0 0.80321 0.595696
    outer loop
      vertex 31.3 -1.77792 76.1409
      vertex 29.09 -1.91238 76.3222
      vertex 31.3 -1.91238 76.3222
    endloop
  endfacet
  facet normal 0 0.80321 0.595696
    outer loop
      vertex 29.09 -1.91238 76.3222
      vertex 31.3 -1.77792 76.1409
      vertex 29.09 -1.77792 76.1409
    endloop
  endfacet
  facet normal 0 -0.595831 -0.80311
    outer loop
      vertex 29.09 1.27781 79.5124
      vertex 31.3 1.4591 79.3779
      vertex 31.3 1.27781 79.5124
    endloop
  endfacet
  facet normal -0 -0.595831 -0.80311
    outer loop
      vertex 31.3 1.4591 79.3779
      vertex 29.09 1.27781 79.5124
      vertex 29.09 1.4591 79.3779
    endloop
  endfacet
  facet normal 0 0.998794 -0.0490978
    outer loop
      vertex 31.3 -2.3 77.6
      vertex 29.09 -2.28892 77.8254
      vertex 31.3 -2.28892 77.8254
    endloop
  endfacet
  facet normal 0 0.998794 -0.0490978
    outer loop
      vertex 29.09 -2.28892 77.8254
      vertex 31.3 -2.3 77.6
      vertex 29.09 -2.3 77.6
    endloop
  endfacet
  facet normal 0 -0.989185 0.146672
    outer loop
      vertex 29.09 2.25581 77.1513
      vertex 31.3 2.28892 77.3746
      vertex 29.09 2.28892 77.3746
    endloop
  endfacet
  facet normal 0 -0.989185 0.146672
    outer loop
      vertex 31.3 2.28892 77.3746
      vertex 29.09 2.25581 77.1513
      vertex 31.3 2.25581 77.1513
    endloop
  endfacet
  facet normal 0 0.2428 -0.970076
    outer loop
      vertex 29.09 -0.667654 79.801
      vertex 31.3 -0.448708 79.8558
      vertex 31.3 -0.667654 79.801
    endloop
  endfacet
  facet normal 0 0.2428 -0.970076
    outer loop
      vertex 31.3 -0.448708 79.8558
      vertex 29.09 -0.667654 79.801
      vertex 29.09 -0.448708 79.8558
    endloop
  endfacet
  facet normal 0 -0.998794 -0.0490978
    outer loop
      vertex 29.09 2.3 77.6
      vertex 31.3 2.28892 77.8254
      vertex 29.09 2.28892 77.8254
    endloop
  endfacet
  facet normal 0 -0.998794 -0.0490978
    outer loop
      vertex 31.3 2.28892 77.8254
      vertex 29.09 2.3 77.6
      vertex 31.3 2.3 77.6
    endloop
  endfacet
  facet normal 0 0.513974 -0.857806
    outer loop
      vertex 29.09 -1.27781 79.5124
      vertex 31.3 -1.08421 79.6284
      vertex 31.3 -1.27781 79.5124
    endloop
  endfacet
  facet normal 0 0.513974 -0.857806
    outer loop
      vertex 31.3 -1.08421 79.6284
      vertex 29.09 -1.27781 79.5124
      vertex 29.09 -1.08421 79.6284
    endloop
  endfacet
  facet normal 0 -0.671614 0.740902
    outer loop
      vertex 29.09 1.62634 75.9737
      vertex 31.3 1.4591 75.8221
      vertex 31.3 1.62634 75.9737
    endloop
  endfacet
  facet normal 0 -0.671614 0.740902
    outer loop
      vertex 31.3 1.4591 75.8221
      vertex 29.09 1.62634 75.9737
      vertex 29.09 1.4591 75.8221
    endloop
  endfacet
  facet normal 0 -0.2428 -0.970076
    outer loop
      vertex 29.09 0.448708 79.8558
      vertex 31.3 0.667654 79.801
      vertex 31.3 0.448708 79.8558
    endloop
  endfacet
  facet normal -0 -0.2428 -0.970076
    outer loop
      vertex 31.3 0.667654 79.801
      vertex 29.09 0.448708 79.8558
      vertex 29.09 0.667654 79.801
    endloop
  endfacet
  facet normal 0 -0.80321 -0.595696
    outer loop
      vertex 29.09 1.91238 78.8778
      vertex 31.3 1.77792 79.0591
      vertex 29.09 1.77792 79.0591
    endloop
  endfacet
  facet normal 0 -0.80321 -0.595696
    outer loop
      vertex 31.3 1.77792 79.0591
      vertex 29.09 1.91238 78.8778
      vertex 31.3 1.91238 78.8778
    endloop
  endfacet
  facet normal 0 -0.337125 -0.94146
    outer loop
      vertex 29.09 0.667654 79.801
      vertex 31.3 0.880172 79.7249
      vertex 31.3 0.667654 79.801
    endloop
  endfacet
  facet normal -0 -0.337125 -0.94146
    outer loop
      vertex 31.3 0.880172 79.7249
      vertex 29.09 0.667654 79.801
      vertex 29.09 0.880172 79.7249
    endloop
  endfacet
  facet normal 0 -0.80321 0.595696
    outer loop
      vertex 29.09 1.77792 76.1409
      vertex 31.3 1.91238 76.3222
      vertex 29.09 1.91238 76.3222
    endloop
  endfacet
  facet normal 0 -0.80321 0.595696
    outer loop
      vertex 31.3 1.91238 76.3222
      vertex 29.09 1.77792 76.1409
      vertex 31.3 1.77792 76.1409
    endloop
  endfacet
  facet normal 0 0.903963 0.42761
    outer loop
      vertex 31.3 -2.02842 76.5158
      vertex 29.09 -2.12492 76.7198
      vertex 31.3 -2.12492 76.7198
    endloop
  endfacet
  facet normal 0 0.903963 0.42761
    outer loop
      vertex 29.09 -2.12492 76.7198
      vertex 31.3 -2.02842 76.5158
      vertex 29.09 -2.02842 76.5158
    endloop
  endfacet
  facet normal 0 -0.337125 0.94146
    outer loop
      vertex 29.09 0.880172 75.4751
      vertex 31.3 0.667654 75.399
      vertex 31.3 0.880172 75.4751
    endloop
  endfacet
  facet normal 0 -0.337125 0.94146
    outer loop
      vertex 31.3 0.667654 75.399
      vertex 29.09 0.880172 75.4751
      vertex 29.09 0.667654 75.399
    endloop
  endfacet
  facet normal 0 -0.740866 -0.671653
    outer loop
      vertex 29.09 1.77792 79.0591
      vertex 31.3 1.62634 79.2263
      vertex 29.09 1.62634 79.2263
    endloop
  endfacet
  facet normal 0 -0.740866 -0.671653
    outer loop
      vertex 31.3 1.62634 79.2263
      vertex 29.09 1.77792 79.0591
      vertex 31.3 1.77792 79.0591
    endloop
  endfacet
  facet normal 0 -0.857727 -0.514105
    outer loop
      vertex 29.09 2.02842 78.6842
      vertex 31.3 1.91238 78.8778
      vertex 29.09 1.91238 78.8778
    endloop
  endfacet
  facet normal 0 -0.857727 -0.514105
    outer loop
      vertex 31.3 1.91238 78.8778
      vertex 29.09 2.02842 78.6842
      vertex 31.3 2.02842 78.6842
    endloop
  endfacet
  facet normal 0 -0.427545 0.903994
    outer loop
      vertex 29.09 1.08421 75.5716
      vertex 31.3 0.880172 75.4751
      vertex 31.3 1.08421 75.5716
    endloop
  endfacet
  facet normal 0 -0.427545 0.903994
    outer loop
      vertex 31.3 0.880172 75.4751
      vertex 29.09 1.08421 75.5716
      vertex 29.09 0.880172 75.4751
    endloop
  endfacet
  facet normal -0 0.2428 0.970076
    outer loop
      vertex 29.09 -0.448708 75.3442
      vertex 31.3 -0.667654 75.399
      vertex 31.3 -0.448708 75.3442
    endloop
  endfacet
  facet normal 0 0.2428 0.970076
    outer loop
      vertex 31.3 -0.667654 75.399
      vertex 29.09 -0.448708 75.3442
      vertex 29.09 -0.667654 75.399
    endloop
  endfacet
  facet normal 0 -0.513974 0.857806
    outer loop
      vertex 29.09 1.27781 75.6876
      vertex 31.3 1.08421 75.5716
      vertex 31.3 1.27781 75.6876
    endloop
  endfacet
  facet normal 0 -0.513974 0.857806
    outer loop
      vertex 31.3 1.08421 75.5716
      vertex 29.09 1.27781 75.6876
      vertex 29.09 1.08421 75.5716
    endloop
  endfacet
  facet normal 0 0.337125 -0.94146
    outer loop
      vertex 29.09 -0.880172 79.7249
      vertex 31.3 -0.667654 79.801
      vertex 31.3 -0.880172 79.7249
    endloop
  endfacet
  facet normal 0 0.337125 -0.94146
    outer loop
      vertex 31.3 -0.667654 79.801
      vertex 29.09 -0.880172 79.7249
      vertex 29.09 -0.667654 79.801
    endloop
  endfacet
  facet normal 0 -0.427545 -0.903994
    outer loop
      vertex 29.09 0.880172 79.7249
      vertex 31.3 1.08421 79.6284
      vertex 31.3 0.880172 79.7249
    endloop
  endfacet
  facet normal -0 -0.427545 -0.903994
    outer loop
      vertex 31.3 1.08421 79.6284
      vertex 29.09 0.880172 79.7249
      vertex 29.09 1.08421 79.6284
    endloop
  endfacet
  facet normal 0 -0.970038 0.242952
    outer loop
      vertex 29.09 2.20096 76.9323
      vertex 31.3 2.25581 77.1513
      vertex 29.09 2.25581 77.1513
    endloop
  endfacet
  facet normal 0 -0.970038 0.242952
    outer loop
      vertex 31.3 2.25581 77.1513
      vertex 29.09 2.20096 76.9323
      vertex 31.3 2.20096 76.9323
    endloop
  endfacet
  facet normal 0 0.671614 -0.740902
    outer loop
      vertex 29.09 -1.62634 79.2263
      vertex 31.3 -1.4591 79.3779
      vertex 31.3 -1.62634 79.2263
    endloop
  endfacet
  facet normal 0 0.671614 -0.740902
    outer loop
      vertex 31.3 -1.4591 79.3779
      vertex 29.09 -1.62634 79.2263
      vertex 29.09 -1.4591 79.3779
    endloop
  endfacet
  facet normal 0 0.80321 -0.595696
    outer loop
      vertex 31.3 -1.91238 78.8778
      vertex 29.09 -1.77792 79.0591
      vertex 31.3 -1.77792 79.0591
    endloop
  endfacet
  facet normal 0 0.80321 -0.595696
    outer loop
      vertex 29.09 -1.77792 79.0591
      vertex 31.3 -1.91238 78.8778
      vertex 29.09 -1.91238 78.8778
    endloop
  endfacet
  facet normal 0 0.941535 0.336915
    outer loop
      vertex 31.3 -2.12492 76.7198
      vertex 29.09 -2.20096 76.9323
      vertex 31.3 -2.20096 76.9323
    endloop
  endfacet
  facet normal 0 0.941535 0.336915
    outer loop
      vertex 29.09 -2.20096 76.9323
      vertex 31.3 -2.12492 76.7198
      vertex 29.09 -2.12492 76.7198
    endloop
  endfacet
  facet normal 0 0.740866 -0.671653
    outer loop
      vertex 31.3 -1.77792 79.0591
      vertex 29.09 -1.62634 79.2263
      vertex 31.3 -1.62634 79.2263
    endloop
  endfacet
  facet normal 0 0.740866 -0.671653
    outer loop
      vertex 29.09 -1.62634 79.2263
      vertex 31.3 -1.77792 79.0591
      vertex 29.09 -1.77792 79.0591
    endloop
  endfacet
  facet normal 0 -0.671614 -0.740902
    outer loop
      vertex 29.09 1.4591 79.3779
      vertex 31.3 1.62634 79.2263
      vertex 31.3 1.4591 79.3779
    endloop
  endfacet
  facet normal -0 -0.671614 -0.740902
    outer loop
      vertex 31.3 1.62634 79.2263
      vertex 29.09 1.4591 79.3779
      vertex 29.09 1.62634 79.2263
    endloop
  endfacet
  facet normal 0 0.941535 -0.336915
    outer loop
      vertex 31.3 -2.20096 78.2677
      vertex 29.09 -2.12492 78.4802
      vertex 31.3 -2.12492 78.4802
    endloop
  endfacet
  facet normal 0 0.941535 -0.336915
    outer loop
      vertex 29.09 -2.12492 78.4802
      vertex 31.3 -2.20096 78.2677
      vertex 29.09 -2.20096 78.2677
    endloop
  endfacet
  facet normal 0 0.0491777 -0.99879
    outer loop
      vertex 29.09 -0.225439 79.8889
      vertex 31.3 0 79.9
      vertex 31.3 -0.225439 79.8889
    endloop
  endfacet
  facet normal 0 0.0491777 -0.99879
    outer loop
      vertex 31.3 0 79.9
      vertex 29.09 -0.225439 79.8889
      vertex 29.09 0 79.9
    endloop
  endfacet
  facet normal 0 0.146649 -0.989189
    outer loop
      vertex 29.09 -0.448708 79.8558
      vertex 31.3 -0.225439 79.8889
      vertex 31.3 -0.448708 79.8558
    endloop
  endfacet
  facet normal 0 0.146649 -0.989189
    outer loop
      vertex 31.3 -0.225439 79.8889
      vertex 29.09 -0.448708 79.8558
      vertex 29.09 -0.225439 79.8889
    endloop
  endfacet
  facet normal 0 0.998794 0.0490978
    outer loop
      vertex 31.3 -2.28892 77.3746
      vertex 29.09 -2.3 77.6
      vertex 31.3 -2.3 77.6
    endloop
  endfacet
  facet normal 0 0.998794 0.0490978
    outer loop
      vertex 29.09 -2.3 77.6
      vertex 31.3 -2.28892 77.3746
      vertex 29.09 -2.28892 77.3746
    endloop
  endfacet
  facet normal 0 0.970038 -0.242952
    outer loop
      vertex 31.3 -2.25581 78.0487
      vertex 29.09 -2.20096 78.2677
      vertex 31.3 -2.20096 78.2677
    endloop
  endfacet
  facet normal 0 0.970038 -0.242952
    outer loop
      vertex 29.09 -2.20096 78.2677
      vertex 31.3 -2.25581 78.0487
      vertex 29.09 -2.25581 78.0487
    endloop
  endfacet
  facet normal 0 0.970038 0.242952
    outer loop
      vertex 31.3 -2.20096 76.9323
      vertex 29.09 -2.25581 77.1513
      vertex 31.3 -2.25581 77.1513
    endloop
  endfacet
  facet normal 0 0.970038 0.242952
    outer loop
      vertex 29.09 -2.25581 77.1513
      vertex 31.3 -2.20096 76.9323
      vertex 29.09 -2.20096 76.9323
    endloop
  endfacet
  facet normal 0 0.857727 0.514105
    outer loop
      vertex 31.3 -1.91238 76.3222
      vertex 29.09 -2.02842 76.5158
      vertex 31.3 -2.02842 76.5158
    endloop
  endfacet
  facet normal 0 0.857727 0.514105
    outer loop
      vertex 29.09 -2.02842 76.5158
      vertex 31.3 -1.91238 76.3222
      vertex 29.09 -1.91238 76.3222
    endloop
  endfacet
  facet normal -0 0.513974 0.857806
    outer loop
      vertex 29.09 -1.08421 75.5716
      vertex 31.3 -1.27781 75.6876
      vertex 31.3 -1.08421 75.5716
    endloop
  endfacet
  facet normal 0 0.513974 0.857806
    outer loop
      vertex 31.3 -1.27781 75.6876
      vertex 29.09 -1.08421 75.5716
      vertex 29.09 -1.27781 75.6876
    endloop
  endfacet
  facet normal 0 -0.146649 -0.989189
    outer loop
      vertex 29.09 0.225439 79.8889
      vertex 31.3 0.448708 79.8558
      vertex 31.3 0.225439 79.8889
    endloop
  endfacet
  facet normal -0 -0.146649 -0.989189
    outer loop
      vertex 31.3 0.448708 79.8558
      vertex 29.09 0.225439 79.8889
      vertex 29.09 0.448708 79.8558
    endloop
  endfacet
  facet normal 0 -0.0491777 -0.99879
    outer loop
      vertex 29.09 0 79.9
      vertex 31.3 0.225439 79.8889
      vertex 31.3 0 79.9
    endloop
  endfacet
  facet normal -0 -0.0491777 -0.99879
    outer loop
      vertex 31.3 0.225439 79.8889
      vertex 29.09 0 79.9
      vertex 29.09 0.225439 79.8889
    endloop
  endfacet
  facet normal 0 0.903963 -0.42761
    outer loop
      vertex 31.3 -2.12492 78.4802
      vertex 29.09 -2.02842 78.6842
      vertex 31.3 -2.02842 78.6842
    endloop
  endfacet
  facet normal 0 0.903963 -0.42761
    outer loop
      vertex 29.09 -2.02842 78.6842
      vertex 31.3 -2.12492 78.4802
      vertex 29.09 -2.12492 78.4802
    endloop
  endfacet
  facet normal 0 0.427545 -0.903994
    outer loop
      vertex 29.09 -1.08421 79.6284
      vertex 31.3 -0.880172 79.7249
      vertex 31.3 -1.08421 79.6284
    endloop
  endfacet
  facet normal 0 0.427545 -0.903994
    outer loop
      vertex 31.3 -0.880172 79.7249
      vertex 29.09 -1.08421 79.6284
      vertex 29.09 -0.880172 79.7249
    endloop
  endfacet
  facet normal 0 -0.513974 -0.857806
    outer loop
      vertex 29.09 1.08421 79.6284
      vertex 31.3 1.27781 79.5124
      vertex 31.3 1.08421 79.6284
    endloop
  endfacet
  facet normal -0 -0.513974 -0.857806
    outer loop
      vertex 31.3 1.27781 79.5124
      vertex 29.09 1.08421 79.6284
      vertex 29.09 1.27781 79.5124
    endloop
  endfacet
  facet normal 0.0490501 0.998796 -0
    outer loop
      vertex 36.8 7.85001 60.6
      vertex 36.4913 7.86517 94.6
      vertex 36.8 7.85001 94.6
    endloop
  endfacet
  facet normal 0.0490501 0.998796 0
    outer loop
      vertex 36.4913 7.86517 94.6
      vertex 36.8 7.85001 60.6
      vertex 36.4913 7.86517 60.6
    endloop
  endfacet
  facet normal -0.857773 0.514029 0
    outer loop
      vertex 39.4191 9.24995 60.6
      vertex 39.578 9.51511 94.6
      vertex 39.578 9.51511 60.6
    endloop
  endfacet
  facet normal -0.857773 0.514029 0
    outer loop
      vertex 39.578 9.51511 94.6
      vertex 39.4191 9.24995 60.6
      vertex 39.4191 9.24995 94.6
    endloop
  endfacet
  facet normal -0.595695 0.80321 0
    outer loop
      vertex 38.7983 8.56502 60.6
      vertex 38.55 8.38087 94.6
      vertex 38.7983 8.56502 94.6
    endloop
  endfacet
  facet normal -0.595695 0.80321 0
    outer loop
      vertex 38.55 8.38087 94.6
      vertex 38.7983 8.56502 60.6
      vertex 38.55 8.38087 60.6
    endloop
  endfacet
  facet normal -0.803288 -0.595591 0
    outer loop
      vertex 39.4191 12.75 60.6
      vertex 39.235 12.9983 94.6
      vertex 39.235 12.9983 60.6
    endloop
  endfacet
  facet normal -0.803288 -0.595591 0
    outer loop
      vertex 39.235 12.9983 94.6
      vertex 39.4191 12.75 60.6
      vertex 39.4191 12.75 94.6
    endloop
  endfacet
  facet normal -0.989281 0.146021 -6.25197e-06
    outer loop
      vertex 39.8895 10.3855 94.6
      vertex 39.9348 10.6913 68.8097
      vertex 39.9268 10.6371 68.7962
    endloop
  endfacet
  facet normal -0.989217 0.146456 -1.91511e-06
    outer loop
      vertex 39.8895 10.3855 94.6
      vertex 39.9268 10.6371 68.7962
      vertex 39.9097 10.5216 68.7549
    endloop
  endfacet
  facet normal -0.989093 0.147292 2.58059e-06
    outer loop
      vertex 39.8895 10.3855 94.6
      vertex 39.9097 10.5216 68.7549
      vertex 39.8932 10.4108 68.7024
    endloop
  endfacet
  facet normal -0.989475 0.144706 0
    outer loop
      vertex 39.8895 10.3855 94.6
      vertex 39.8932 10.4108 68.7024
      vertex 39.8895 10.3855 68.6872
    endloop
  endfacet
  facet normal -0.989205 0.146537 0
    outer loop
      vertex 39.9348 10.6913 68.8097
      vertex 39.8895 10.3855 94.6
      vertex 39.9348 10.6913 94.6
    endloop
  endfacet
  facet normal -0.989205 0.146537 0
    outer loop
      vertex 39.8895 10.3855 60.6
      vertex 39.9348 10.6913 66.3903
      vertex 39.9348 10.6913 60.6
    endloop
  endfacet
  facet normal -0.989281 0.146026 2.75662e-05
    outer loop
      vertex 39.9348 10.6913 66.3903
      vertex 39.8895 10.3855 60.6
      vertex 39.9268 10.6371 66.4038
    endloop
  endfacet
  facet normal -0.989217 0.146458 8.41355e-06
    outer loop
      vertex 39.9268 10.6371 66.4038
      vertex 39.8895 10.3855 60.6
      vertex 39.9097 10.5216 66.4452
    endloop
  endfacet
  facet normal -0.989094 0.147287 -1.13142e-05
    outer loop
      vertex 39.9097 10.5216 66.4452
      vertex 39.8895 10.3855 60.6
      vertex 39.8932 10.4108 66.4976
    endloop
  endfacet
  facet normal -0.989475 0.144706 0
    outer loop
      vertex 39.8932 10.4108 66.4976
      vertex 39.8895 10.3855 60.6
      vertex 39.8895 10.3855 66.5128
    endloop
  endfacet
  facet normal -0.707107 -0.707107 0
    outer loop
      vertex 39.0274 13.2274 60.6
      vertex 36.8 15.4548 94.6
      vertex 36.8 15.4548 60.6
    endloop
  endfacet
  facet normal -0.707107 -0.707107 0
    outer loop
      vertex 36.8 15.4548 94.6
      vertex 39.0274 13.2274 60.6
      vertex 39.0274 13.2274 94.6
    endloop
  endfacet
  facet normal -0.998803 0.0489211 -3.10126e-06
    outer loop
      vertex 39.9348 10.6913 94.6
      vertex 39.95 11 68.85
      vertex 39.944 10.8775 68.844
    endloop
  endfacet
  facet normal -0.998781 0.0493631 1.02108e-07
    outer loop
      vertex 39.9348 10.6913 94.6
      vertex 39.944 10.8775 68.844
      vertex 39.938 10.7561 68.826
    endloop
  endfacet
  facet normal -0.998783 0.0493226 0
    outer loop
      vertex 39.9348 10.6913 94.6
      vertex 39.938 10.7561 68.826
      vertex 39.9348 10.6913 68.8097
    endloop
  endfacet
  facet normal -0.99879 0.0491792 0
    outer loop
      vertex 39.95 11 68.85
      vertex 39.9348 10.6913 94.6
      vertex 39.95 11 94.6
    endloop
  endfacet
  facet normal -0.99879 0.0491792 0
    outer loop
      vertex 39.9348 10.6913 60.6
      vertex 39.95 11 66.35
      vertex 39.95 11 60.6
    endloop
  endfacet
  facet normal -0.998803 0.0489216 1.38599e-05
    outer loop
      vertex 39.95 11 66.35
      vertex 39.9348 10.6913 60.6
      vertex 39.944 10.8775 66.356
    endloop
  endfacet
  facet normal -0.998781 0.0493631 -4.552e-07
    outer loop
      vertex 39.944 10.8775 66.356
      vertex 39.9348 10.6913 60.6
      vertex 39.938 10.7561 66.374
    endloop
  endfacet
  facet normal -0.998783 0.0493226 0
    outer loop
      vertex 39.938 10.7561 66.374
      vertex 39.9348 10.6913 60.6
      vertex 39.9348 10.6913 66.3903
    endloop
  endfacet
  facet normal -0.514163 0.857693 0
    outer loop
      vertex 38.55 8.38087 60.6
      vertex 38.2849 8.22195 94.6
      vertex 38.55 8.38087 94.6
    endloop
  endfacet
  facet normal -0.514163 0.857693 0
    outer loop
      vertex 38.2849 8.22195 94.6
      vertex 38.55 8.38087 60.6
      vertex 38.2849 8.22195 60.6
    endloop
  endfacet
  facet normal 0.99879 0.0491792 0
    outer loop
      vertex 33.6652 10.6913 94.6
      vertex 33.65 11 60.6
      vertex 33.65 11 94.6
    endloop
  endfacet
  facet normal 0.99879 0.0491792 0
    outer loop
      vertex 33.65 11 60.6
      vertex 33.6652 10.6913 94.6
      vertex 33.6652 10.6913 60.6
    endloop
  endfacet
  facet normal -0.903952 0.427634 0
    outer loop
      vertex 39.578 9.51511 60.6
      vertex 39.7102 9.79456 67.2741
      vertex 39.7102 9.79456 60.6
    endloop
  endfacet
  facet normal -0.904198 0.427113 2.66906e-05
    outer loop
      vertex 39.7102 9.79456 67.2741
      vertex 39.578 9.51511 60.6
      vertex 39.7005 9.77402 67.3561
    endloop
  endfacet
  facet normal -0.904183 0.427145 2.5198e-05
    outer loop
      vertex 39.7005 9.77402 67.3561
      vertex 39.578 9.51511 60.6
      vertex 39.692 9.75602 67.4775
    endloop
  endfacet
  facet normal -0.902162 0.431397 -0.00015723
    outer loop
      vertex 39.692 9.75602 67.4775
      vertex 39.578 9.51511 60.6
      vertex 39.6891 9.75 67.6
    endloop
  endfacet
  facet normal -0.904228 0.427051 -7.48223e-06
    outer loop
      vertex 39.578 9.51511 94.6
      vertex 39.7102 9.79456 67.9258
      vertex 39.7005 9.77402 67.8439
    endloop
  endfacet
  facet normal -0.904229 0.427048 -7.51701e-06
    outer loop
      vertex 39.578 9.51511 94.6
      vertex 39.7005 9.77402 67.8439
      vertex 39.692 9.75602 67.7225
    endloop
  endfacet
  facet normal -0.901378 0.433034 5.82295e-05
    outer loop
      vertex 39.578 9.51511 94.6
      vertex 39.692 9.75602 67.7225
      vertex 39.6891 9.75 67.6
    endloop
  endfacet
  facet normal -0.903981 0.427572 0
    outer loop
      vertex 39.578 9.51511 94.6
      vertex 39.6891 9.75 67.6
      vertex 39.578 9.51511 60.6
    endloop
  endfacet
  facet normal -0.903952 0.427634 0
    outer loop
      vertex 39.7102 9.79456 67.9258
      vertex 39.578 9.51511 94.6
      vertex 39.7102 9.79456 94.6
    endloop
  endfacet
  facet normal 0.941463 -0.337115 0
    outer loop
      vertex 33.7856 11.9144 94.6
      vertex 33.8898 12.2054 60.6
      vertex 33.8898 12.2054 94.6
    endloop
  endfacet
  facet normal 0.941463 -0.337115 0
    outer loop
      vertex 33.8898 12.2054 60.6
      vertex 33.7856 11.9144 94.6
      vertex 33.7856 11.9144 60.6
    endloop
  endfacet
  facet normal 0.970047 0.242916 0
    outer loop
      vertex 33.7856 10.0856 94.6
      vertex 33.7105 10.3855 60.6
      vertex 33.7105 10.3855 94.6
    endloop
  endfacet
  facet normal 0.970047 0.242916 0
    outer loop
      vertex 33.7105 10.3855 60.6
      vertex 33.7856 10.0856 94.6
      vertex 33.7856 10.0856 60.6
    endloop
  endfacet
  facet normal 0.970047 -0.242916 0
    outer loop
      vertex 33.7105 11.6145 94.6
      vertex 33.7856 11.9144 60.6
      vertex 33.7856 11.9144 94.6
    endloop
  endfacet
  facet normal 0.970047 -0.242916 0
    outer loop
      vertex 33.7856 11.9144 60.6
      vertex 33.7105 11.6145 94.6
      vertex 33.7105 11.6145 60.6
    endloop
  endfacet
  facet normal 0.903981 -0.427572 0
    outer loop
      vertex 33.8898 12.2054 94.6
      vertex 34.022 12.4849 60.6
      vertex 34.022 12.4849 94.6
    endloop
  endfacet
  facet normal 0.903981 -0.427572 0
    outer loop
      vertex 34.022 12.4849 60.6
      vertex 33.8898 12.2054 94.6
      vertex 33.8898 12.2054 60.6
    endloop
  endfacet
  facet normal 0.741022 -0.671481 0
    outer loop
      vertex 34.365 12.9983 94.6
      vertex 34.5726 13.2274 60.6
      vertex 34.5726 13.2274 94.6
    endloop
  endfacet
  facet normal 0.741022 -0.671481 0
    outer loop
      vertex 34.5726 13.2274 60.6
      vertex 34.365 12.9983 94.6
      vertex 34.365 12.9983 60.6
    endloop
  endfacet
  facet normal -0.941373 0.337367 3.67553e-06
    outer loop
      vertex 39.7102 9.79456 94.6
      vertex 39.8144 10.0856 68.4502
      vertex 39.7958 10.0337 68.393
    endloop
  endfacet
  facet normal -0.941277 0.337635 6.43349e-06
    outer loop
      vertex 39.7102 9.79456 94.6
      vertex 39.7958 10.0337 68.393
      vertex 39.7696 9.96066 68.2945
    endloop
  endfacet
  facet normal -0.941841 0.33606 -4.78361e-06
    outer loop
      vertex 39.7102 9.79456 94.6
      vertex 39.7696 9.96066 68.2945
      vertex 39.7471 9.8976 68.1892
    endloop
  endfacet
  facet normal -0.941356 0.337414 1.17748e-06
    outer loop
      vertex 39.7102 9.79456 94.6
      vertex 39.7471 9.8976 68.1892
      vertex 39.7283 9.84515 68.0784
    endloop
  endfacet
  facet normal -0.941459 0.337129 5.63005e-07
    outer loop
      vertex 39.7102 9.79456 94.6
      vertex 39.7283 9.84515 68.0784
      vertex 39.7135 9.80382 67.9629
    endloop
  endfacet
  facet normal -0.941972 0.335692 0
    outer loop
      vertex 39.7102 9.79456 94.6
      vertex 39.7135 9.80382 67.9629
      vertex 39.7102 9.79456 67.9258
    endloop
  endfacet
  facet normal -0.941478 0.337074 0
    outer loop
      vertex 39.8144 10.0856 68.4502
      vertex 39.7102 9.79456 94.6
      vertex 39.8144 10.0856 94.6
    endloop
  endfacet
  facet normal -0.941478 0.337074 0
    outer loop
      vertex 39.7102 9.79456 60.6
      vertex 39.8144 10.0856 66.7498
      vertex 39.8144 10.0856 60.6
    endloop
  endfacet
  facet normal -0.941377 0.337356 -1.50364e-05
    outer loop
      vertex 39.8144 10.0856 66.7498
      vertex 39.7102 9.79456 60.6
      vertex 39.7958 10.0337 66.807
    endloop
  endfacet
  facet normal -0.941286 0.337611 -2.61397e-05
    outer loop
      vertex 39.7958 10.0337 66.807
      vertex 39.7102 9.79456 60.6
      vertex 39.7696 9.96066 66.9055
    endloop
  endfacet
  facet normal -0.941833 0.336081 1.9317e-05
    outer loop
      vertex 39.7696 9.96066 66.9055
      vertex 39.7102 9.79456 60.6
      vertex 39.7471 9.8976 67.0108
    endloop
  endfacet
  facet normal -0.941359 0.337407 -4.73031e-06
    outer loop
      vertex 39.7471 9.8976 67.0108
      vertex 39.7102 9.79456 60.6
      vertex 39.7283 9.84515 67.1216
    endloop
  endfacet
  facet normal -0.94146 0.337124 -2.25296e-06
    outer loop
      vertex 39.7283 9.84515 67.1216
      vertex 39.7102 9.79456 60.6
      vertex 39.7135 9.80382 67.2371
    endloop
  endfacet
  facet normal -0.941972 0.335692 0
    outer loop
      vertex 39.7135 9.80382 67.2371
      vertex 39.7102 9.79456 60.6
      vertex 39.7102 9.79456 67.2741
    endloop
  endfacet
  facet normal -0.741022 -0.671481 0
    outer loop
      vertex 39.235 12.9983 60.6
      vertex 39.0274 13.2274 94.6
      vertex 39.0274 13.2274 60.6
    endloop
  endfacet
  facet normal -0.741022 -0.671481 0
    outer loop
      vertex 39.0274 13.2274 94.6
      vertex 39.235 12.9983 60.6
      vertex 39.235 12.9983 94.6
    endloop
  endfacet
  facet normal -0.969858 0.243671 9.2879e-06
    outer loop
      vertex 39.8144 10.0856 94.6
      vertex 39.8895 10.3855 68.6872
      vertex 39.8694 10.3055 68.6393
    endloop
  endfacet
  facet normal -0.9702 0.242306 -3.00126e-06
    outer loop
      vertex 39.8144 10.0856 94.6
      vertex 39.8694 10.3055 68.6393
      vertex 39.8448 10.207 68.5663
    endloop
  endfacet
  facet normal -0.969954 0.243287 1.86116e-06
    outer loop
      vertex 39.8144 10.0856 94.6
      vertex 39.8448 10.207 68.5663
      vertex 39.822 10.1161 68.4839
    endloop
  endfacet
  facet normal -0.970329 0.241787 0
    outer loop
      vertex 39.8144 10.0856 94.6
      vertex 39.822 10.1161 68.4839
      vertex 39.8144 10.0856 68.4502
    endloop
  endfacet
  facet normal -0.970047 0.242916 0
    outer loop
      vertex 39.8895 10.3855 68.6872
      vertex 39.8144 10.0856 94.6
      vertex 39.8895 10.3855 94.6
    endloop
  endfacet
  facet normal -0.970047 0.242916 0
    outer loop
      vertex 39.8144 10.0856 60.6
      vertex 39.8895 10.3855 66.5128
      vertex 39.8895 10.3855 60.6
    endloop
  endfacet
  facet normal -0.969862 0.243654 -3.97784e-05
    outer loop
      vertex 39.8895 10.3855 66.5128
      vertex 39.8144 10.0856 60.6
      vertex 39.8694 10.3055 66.5607
    endloop
  endfacet
  facet normal -0.970198 0.242313 1.28034e-05
    outer loop
      vertex 39.8694 10.3055 66.5607
      vertex 39.8144 10.0856 60.6
      vertex 39.8448 10.207 66.6337
    endloop
  endfacet
  facet normal -0.969956 0.243282 -7.91989e-06
    outer loop
      vertex 39.8448 10.207 66.6337
      vertex 39.8144 10.0856 60.6
      vertex 39.822 10.1161 66.7161
    endloop
  endfacet
  facet normal -0.970329 0.241787 0
    outer loop
      vertex 39.822 10.1161 66.7161
      vertex 39.8144 10.0856 60.6
      vertex 39.8144 10.0856 66.7498
    endloop
  endfacet
  facet normal 0.803276 0.595607 0
    outer loop
      vertex 34.365 9.00166 94.6
      vertex 34.1809 9.24995 60.6
      vertex 34.1809 9.24995 94.6
    endloop
  endfacet
  facet normal 0.803276 0.595607 0
    outer loop
      vertex 34.1809 9.24995 60.6
      vertex 34.365 9.00166 94.6
      vertex 34.365 9.00166 60.6
    endloop
  endfacet
  facet normal 0.336943 0.941525 -0
    outer loop
      vertex 35.8856 7.98564 60.6
      vertex 35.5946 8.08978 94.6
      vertex 35.8856 7.98564 94.6
    endloop
  endfacet
  facet normal 0.336943 0.941525 0
    outer loop
      vertex 35.5946 8.08978 94.6
      vertex 35.8856 7.98564 60.6
      vertex 35.5946 8.08978 60.6
    endloop
  endfacet
  facet normal 0.707107 -0.707107 0
    outer loop
      vertex 34.5726 13.2274 94.6
      vertex 36.8 15.4548 60.6
      vertex 36.8 15.4548 94.6
    endloop
  endfacet
  facet normal 0.707107 -0.707107 0
    outer loop
      vertex 36.8 15.4548 60.6
      vertex 34.5726 13.2274 94.6
      vertex 34.5726 13.2274 60.6
    endloop
  endfacet
  facet normal -0.336943 0.941525 0
    outer loop
      vertex 38.0054 8.08978 60.6
      vertex 37.7144 7.98564 94.6
      vertex 38.0054 8.08978 94.6
    endloop
  endfacet
  facet normal -0.336943 0.941525 0
    outer loop
      vertex 37.7144 7.98564 94.6
      vertex 38.0054 8.08978 60.6
      vertex 37.7144 7.98564 60.6
    endloop
  endfacet
  facet normal -0.427493 0.904019 0
    outer loop
      vertex 38.2849 8.22195 60.6
      vertex 38.0054 8.08978 94.6
      vertex 38.2849 8.22195 94.6
    endloop
  endfacet
  facet normal -0.427493 0.904019 0
    outer loop
      vertex 38.0054 8.08978 94.6
      vertex 38.2849 8.22195 60.6
      vertex 38.0054 8.08978 60.6
    endloop
  endfacet
  facet normal -0.671498 0.741006 0
    outer loop
      vertex 39.0274 8.77263 60.6
      vertex 38.7983 8.56502 94.6
      vertex 39.0274 8.77263 94.6
    endloop
  endfacet
  facet normal -0.671498 0.741006 0
    outer loop
      vertex 38.7983 8.56502 94.6
      vertex 39.0274 8.77263 60.6
      vertex 38.7983 8.56502 60.6
    endloop
  endfacet
  facet normal -0.857721 -0.514115 0
    outer loop
      vertex 39.578 12.4849 60.6
      vertex 39.4191 12.75 94.6
      vertex 39.4191 12.75 60.6
    endloop
  endfacet
  facet normal -0.857721 -0.514115 0
    outer loop
      vertex 39.4191 12.75 94.6
      vertex 39.578 12.4849 60.6
      vertex 39.578 12.4849 94.6
    endloop
  endfacet
  facet normal -0.242916 0.970047 0
    outer loop
      vertex 37.7144 7.98564 60.6
      vertex 37.4145 7.91054 94.6
      vertex 37.7144 7.98564 94.6
    endloop
  endfacet
  facet normal -0.242916 0.970047 0
    outer loop
      vertex 37.4145 7.91054 94.6
      vertex 37.7144 7.98564 60.6
      vertex 37.4145 7.91054 60.6
    endloop
  endfacet
  facet normal 0.427493 0.904019 -0
    outer loop
      vertex 35.5946 8.08978 60.6
      vertex 35.3151 8.22195 94.6
      vertex 35.5946 8.08978 94.6
    endloop
  endfacet
  facet normal 0.427493 0.904019 0
    outer loop
      vertex 35.3151 8.22195 94.6
      vertex 35.5946 8.08978 60.6
      vertex 35.3151 8.22195 60.6
    endloop
  endfacet
  facet normal 0.146759 0.989172 -0
    outer loop
      vertex 36.4913 7.86517 60.6
      vertex 36.1855 7.91054 94.6
      vertex 36.4913 7.86517 94.6
    endloop
  endfacet
  facet normal 0.146759 0.989172 0
    outer loop
      vertex 36.1855 7.91054 94.6
      vertex 36.4913 7.86517 60.6
      vertex 36.1855 7.91054 60.6
    endloop
  endfacet
  facet normal -0.941278 -0.337632 0
    outer loop
      vertex 39.7135 12.1962 67.9629
      vertex 39.7102 12.2054 94.6
      vertex 39.7102 12.2054 67.9258
    endloop
  endfacet
  facet normal -0.941639 -0.336626 -3.92407e-07
    outer loop
      vertex 39.7283 12.1548 68.0784
      vertex 39.7102 12.2054 94.6
      vertex 39.7135 12.1962 67.9629
    endloop
  endfacet
  facet normal -0.941255 -0.337698 1.91578e-06
    outer loop
      vertex 39.7471 12.1024 68.1892
      vertex 39.7102 12.2054 94.6
      vertex 39.7283 12.1548 68.0784
    endloop
  endfacet
  facet normal -0.941907 -0.335873 -6.11516e-06
    outer loop
      vertex 39.7696 12.0393 68.2945
      vertex 39.7102 12.2054 94.6
      vertex 39.7471 12.1024 68.1892
    endloop
  endfacet
  facet normal -0.941219 -0.337797 7.59133e-06
    outer loop
      vertex 39.7958 11.9663 68.393
      vertex 39.7102 12.2054 94.6
      vertex 39.7696 12.0393 68.2945
    endloop
  endfacet
  facet normal -0.941373 -0.337367 3.16573e-06
    outer loop
      vertex 39.8144 11.9144 68.4502
      vertex 39.7102 12.2054 94.6
      vertex 39.7958 11.9663 68.393
    endloop
  endfacet
  facet normal -0.941463 -0.337115 0
    outer loop
      vertex 39.7102 12.2054 94.6
      vertex 39.8144 11.9144 68.4502
      vertex 39.8144 11.9144 94.6
    endloop
  endfacet
  facet normal -0.941278 -0.337632 0
    outer loop
      vertex 39.7102 12.2054 60.6
      vertex 39.7135 12.1962 67.2371
      vertex 39.7102 12.2054 67.2742
    endloop
  endfacet
  facet normal -0.941638 -0.336628 1.57031e-06
    outer loop
      vertex 39.7102 12.2054 60.6
      vertex 39.7283 12.1548 67.1216
      vertex 39.7135 12.1962 67.2371
    endloop
  endfacet
  facet normal -0.941258 -0.337687 -7.69617e-06
    outer loop
      vertex 39.7102 12.2054 60.6
      vertex 39.7471 12.1024 67.0108
      vertex 39.7283 12.1548 67.1216
    endloop
  endfacet
  facet normal -0.941898 -0.3359 2.46944e-05
    outer loop
      vertex 39.7102 12.2054 60.6
      vertex 39.7696 12.0393 66.9055
      vertex 39.7471 12.1024 67.0108
    endloop
  endfacet
  facet normal -0.941229 -0.337769 -3.08436e-05
    outer loop
      vertex 39.7102 12.2054 60.6
      vertex 39.7958 11.9663 66.807
      vertex 39.7696 12.0393 66.9055
    endloop
  endfacet
  facet normal -0.941463 -0.337115 -0
    outer loop
      vertex 39.8144 11.9144 66.7498
      vertex 39.7102 12.2054 60.6
      vertex 39.8144 11.9144 60.6
    endloop
  endfacet
  facet normal -0.941377 -0.337358 -1.29509e-05
    outer loop
      vertex 39.7102 12.2054 60.6
      vertex 39.8144 11.9144 66.7498
      vertex 39.7958 11.9663 66.807
    endloop
  endfacet
  facet normal 0.595695 0.80321 -0
    outer loop
      vertex 35.05 8.38087 60.6
      vertex 34.8017 8.56502 94.6
      vertex 35.05 8.38087 94.6
    endloop
  endfacet
  facet normal 0.595695 0.80321 0
    outer loop
      vertex 34.8017 8.56502 94.6
      vertex 35.05 8.38087 60.6
      vertex 34.8017 8.56502 60.6
    endloop
  endfacet
  facet normal 0.671498 0.741006 -0
    outer loop
      vertex 34.8017 8.56502 60.6
      vertex 34.5726 8.77263 94.6
      vertex 34.8017 8.56502 94.6
    endloop
  endfacet
  facet normal 0.671498 0.741006 0
    outer loop
      vertex 34.5726 8.77263 94.6
      vertex 34.8017 8.56502 60.6
      vertex 34.5726 8.77263 60.6
    endloop
  endfacet
  facet normal 0.99879 -0.0491792 0
    outer loop
      vertex 33.65 11 94.6
      vertex 33.6652 11.3087 60.6
      vertex 33.6652 11.3087 94.6
    endloop
  endfacet
  facet normal 0.99879 -0.0491792 0
    outer loop
      vertex 33.6652 11.3087 60.6
      vertex 33.65 11 94.6
      vertex 33.65 11 60.6
    endloop
  endfacet
  facet normal -0.903988 -0.427557 0
    outer loop
      vertex 39.578 12.4849 60.6
      vertex 39.6891 12.25 67.6
      vertex 39.578 12.4849 94.6
    endloop
  endfacet
  facet normal -0.901833 -0.432085 -0.000186164
    outer loop
      vertex 39.578 12.4849 60.6
      vertex 39.692 12.244 67.4775
      vertex 39.6891 12.25 67.6
    endloop
  endfacet
  facet normal -0.904182 -0.427148 2.57004e-05
    outer loop
      vertex 39.578 12.4849 60.6
      vertex 39.7005 12.226 67.3561
      vertex 39.692 12.244 67.4775
    endloop
  endfacet
  facet normal -0.903981 -0.427572 -0
    outer loop
      vertex 39.7102 12.2054 67.2742
      vertex 39.578 12.4849 60.6
      vertex 39.7102 12.2054 60.6
    endloop
  endfacet
  facet normal -0.904614 -0.426232 6.86444e-05
    outer loop
      vertex 39.578 12.4849 60.6
      vertex 39.7102 12.2054 67.2742
      vertex 39.7005 12.226 67.3561
    endloop
  endfacet
  facet normal -0.9009 -0.434026 6.8993e-05
    outer loop
      vertex 39.692 12.244 67.7225
      vertex 39.578 12.4849 94.6
      vertex 39.6891 12.25 67.6
    endloop
  endfacet
  facet normal -0.904229 -0.427049 -7.66683e-06
    outer loop
      vertex 39.7005 12.226 67.8439
      vertex 39.578 12.4849 94.6
      vertex 39.692 12.244 67.7225
    endloop
  endfacet
  facet normal -0.90469 -0.426071 -1.92356e-05
    outer loop
      vertex 39.7102 12.2054 67.9258
      vertex 39.578 12.4849 94.6
      vertex 39.7005 12.226 67.8439
    endloop
  endfacet
  facet normal -0.903981 -0.427572 0
    outer loop
      vertex 39.578 12.4849 94.6
      vertex 39.7102 12.2054 67.9258
      vertex 39.7102 12.2054 94.6
    endloop
  endfacet
  facet normal 0.989205 -0.146537 0
    outer loop
      vertex 33.6652 11.3087 94.6
      vertex 33.7105 11.6145 60.6
      vertex 33.7105 11.6145 94.6
    endloop
  endfacet
  facet normal 0.989205 -0.146537 0
    outer loop
      vertex 33.7105 11.6145 60.6
      vertex 33.6652 11.3087 94.6
      vertex 33.6652 11.3087 60.6
    endloop
  endfacet
  facet normal -0.146759 0.989172 0
    outer loop
      vertex 37.4145 7.91054 60.6
      vertex 37.1087 7.86517 94.6
      vertex 37.4145 7.91054 94.6
    endloop
  endfacet
  facet normal -0.146759 0.989172 0
    outer loop
      vertex 37.1087 7.86517 94.6
      vertex 37.4145 7.91054 60.6
      vertex 37.1087 7.86517 60.6
    endloop
  endfacet
  facet normal -0.0490501 0.998796 0
    outer loop
      vertex 37.1087 7.86517 60.6
      vertex 36.8 7.85001 94.6
      vertex 37.1087 7.86517 94.6
    endloop
  endfacet
  facet normal -0.0490501 0.998796 0
    outer loop
      vertex 36.8 7.85001 94.6
      vertex 37.1087 7.86517 60.6
      vertex 36.8 7.85001 60.6
    endloop
  endfacet
  facet normal 0.803288 -0.595591 0
    outer loop
      vertex 34.1809 12.75 94.6
      vertex 34.365 12.9983 60.6
      vertex 34.365 12.9983 94.6
    endloop
  endfacet
  facet normal 0.803288 -0.595591 0
    outer loop
      vertex 34.365 12.9983 60.6
      vertex 34.1809 12.75 94.6
      vertex 34.1809 12.75 60.6
    endloop
  endfacet
  facet normal 0.857773 0.514029 0
    outer loop
      vertex 34.1809 9.24995 94.6
      vertex 34.022 9.51511 60.6
      vertex 34.022 9.51511 94.6
    endloop
  endfacet
  facet normal 0.857773 0.514029 0
    outer loop
      vertex 34.022 9.51511 60.6
      vertex 34.1809 9.24995 94.6
      vertex 34.1809 9.24995 60.6
    endloop
  endfacet
  facet normal 0.941478 0.337074 0
    outer loop
      vertex 33.8898 9.79456 94.6
      vertex 33.7856 10.0856 60.6
      vertex 33.7856 10.0856 94.6
    endloop
  endfacet
  facet normal 0.941478 0.337074 0
    outer loop
      vertex 33.7856 10.0856 60.6
      vertex 33.8898 9.79456 94.6
      vertex 33.8898 9.79456 60.6
    endloop
  endfacet
  facet normal -0.998783 -0.0493226 0
    outer loop
      vertex 39.938 11.2439 68.826
      vertex 39.9348 11.3087 94.6
      vertex 39.9348 11.3087 68.8097
    endloop
  endfacet
  facet normal -0.998781 -0.0493631 1.02108e-07
    outer loop
      vertex 39.944 11.1225 68.844
      vertex 39.9348 11.3087 94.6
      vertex 39.938 11.2439 68.826
    endloop
  endfacet
  facet normal -0.998803 -0.0489211 -3.10126e-06
    outer loop
      vertex 39.95 11 68.85
      vertex 39.9348 11.3087 94.6
      vertex 39.944 11.1225 68.844
    endloop
  endfacet
  facet normal -0.99879 -0.0491792 0
    outer loop
      vertex 39.9348 11.3087 94.6
      vertex 39.95 11 68.85
      vertex 39.95 11 94.6
    endloop
  endfacet
  facet normal -0.998783 -0.0493226 0
    outer loop
      vertex 39.9348 11.3087 60.6
      vertex 39.938 11.2439 66.374
      vertex 39.9348 11.3087 66.3903
    endloop
  endfacet
  facet normal -0.998781 -0.0493631 -4.552e-07
    outer loop
      vertex 39.9348 11.3087 60.6
      vertex 39.944 11.1225 66.356
      vertex 39.938 11.2439 66.374
    endloop
  endfacet
  facet normal -0.99879 -0.0491792 -0
    outer loop
      vertex 39.95 11 66.35
      vertex 39.9348 11.3087 60.6
      vertex 39.95 11 60.6
    endloop
  endfacet
  facet normal -0.998803 -0.0489216 1.38599e-05
    outer loop
      vertex 39.9348 11.3087 60.6
      vertex 39.95 11 66.35
      vertex 39.944 11.1225 66.356
    endloop
  endfacet
  facet normal 0.857721 -0.514115 0
    outer loop
      vertex 34.022 12.4849 94.6
      vertex 34.1809 12.75 60.6
      vertex 34.1809 12.75 94.6
    endloop
  endfacet
  facet normal 0.857721 -0.514115 0
    outer loop
      vertex 34.1809 12.75 60.6
      vertex 34.022 12.4849 94.6
      vertex 34.022 12.4849 60.6
    endloop
  endfacet
  facet normal 0.514163 0.857693 -0
    outer loop
      vertex 35.3151 8.22195 60.6
      vertex 35.05 8.38087 94.6
      vertex 35.3151 8.22195 94.6
    endloop
  endfacet
  facet normal 0.514163 0.857693 0
    outer loop
      vertex 35.05 8.38087 94.6
      vertex 35.3151 8.22195 60.6
      vertex 35.05 8.38087 60.6
    endloop
  endfacet
  facet normal 0.989205 0.146537 0
    outer loop
      vertex 33.7105 10.3855 94.6
      vertex 33.6652 10.6913 60.6
      vertex 33.6652 10.6913 94.6
    endloop
  endfacet
  facet normal 0.989205 0.146537 0
    outer loop
      vertex 33.6652 10.6913 60.6
      vertex 33.7105 10.3855 94.6
      vertex 33.7105 10.3855 60.6
    endloop
  endfacet
  facet normal 0.242916 0.970047 -0
    outer loop
      vertex 36.1855 7.91054 60.6
      vertex 35.8856 7.98564 94.6
      vertex 36.1855 7.91054 94.6
    endloop
  endfacet
  facet normal 0.242916 0.970047 0
    outer loop
      vertex 35.8856 7.98564 94.6
      vertex 36.1855 7.91054 60.6
      vertex 35.8856 7.98564 60.6
    endloop
  endfacet
  facet normal 0.903952 0.427634 0
    outer loop
      vertex 34.022 9.51511 94.6
      vertex 33.8898 9.79456 60.6
      vertex 33.8898 9.79456 94.6
    endloop
  endfacet
  facet normal 0.903952 0.427634 0
    outer loop
      vertex 33.8898 9.79456 60.6
      vertex 34.022 9.51511 94.6
      vertex 34.022 9.51511 60.6
    endloop
  endfacet
  facet normal -0.989475 -0.144706 0
    outer loop
      vertex 39.8932 11.5892 68.7024
      vertex 39.8895 11.6145 94.6
      vertex 39.8895 11.6145 68.6872
    endloop
  endfacet
  facet normal -0.989093 -0.147292 2.58059e-06
    outer loop
      vertex 39.9097 11.4784 68.7549
      vertex 39.8895 11.6145 94.6
      vertex 39.8932 11.5892 68.7024
    endloop
  endfacet
  facet normal -0.989217 -0.146456 -1.91511e-06
    outer loop
      vertex 39.9268 11.3629 68.7962
      vertex 39.8895 11.6145 94.6
      vertex 39.9097 11.4784 68.7549
    endloop
  endfacet
  facet normal -0.989281 -0.146021 -6.25197e-06
    outer loop
      vertex 39.9348 11.3087 68.8097
      vertex 39.8895 11.6145 94.6
      vertex 39.9268 11.3629 68.7962
    endloop
  endfacet
  facet normal -0.989205 -0.146537 0
    outer loop
      vertex 39.8895 11.6145 94.6
      vertex 39.9348 11.3087 68.8097
      vertex 39.9348 11.3087 94.6
    endloop
  endfacet
  facet normal -0.989475 -0.144706 0
    outer loop
      vertex 39.8895 11.6145 60.6
      vertex 39.8932 11.5892 66.4976
      vertex 39.8895 11.6145 66.5128
    endloop
  endfacet
  facet normal -0.989094 -0.147287 -1.13142e-05
    outer loop
      vertex 39.8895 11.6145 60.6
      vertex 39.9097 11.4784 66.4452
      vertex 39.8932 11.5892 66.4976
    endloop
  endfacet
  facet normal -0.989217 -0.146458 8.41355e-06
    outer loop
      vertex 39.8895 11.6145 60.6
      vertex 39.9268 11.3629 66.4038
      vertex 39.9097 11.4784 66.4452
    endloop
  endfacet
  facet normal -0.989205 -0.146537 -0
    outer loop
      vertex 39.9348 11.3087 66.3903
      vertex 39.8895 11.6145 60.6
      vertex 39.9348 11.3087 60.6
    endloop
  endfacet
  facet normal -0.989281 -0.146026 2.75662e-05
    outer loop
      vertex 39.8895 11.6145 60.6
      vertex 39.9348 11.3087 66.3903
      vertex 39.9268 11.3629 66.4038
    endloop
  endfacet
  facet normal -0.74092 0.671593 0
    outer loop
      vertex 39.0274 8.77263 60.6
      vertex 39.235 9.00166 94.6
      vertex 39.235 9.00166 60.6
    endloop
  endfacet
  facet normal -0.74092 0.671593 0
    outer loop
      vertex 39.235 9.00166 94.6
      vertex 39.0274 8.77263 60.6
      vertex 39.0274 8.77263 94.6
    endloop
  endfacet
  facet normal 0.74092 0.671593 0
    outer loop
      vertex 34.5726 8.77263 94.6
      vertex 34.365 9.00166 60.6
      vertex 34.365 9.00166 94.6
    endloop
  endfacet
  facet normal 0.74092 0.671593 0
    outer loop
      vertex 34.365 9.00166 60.6
      vertex 34.5726 8.77263 94.6
      vertex 34.5726 8.77263 60.6
    endloop
  endfacet
  facet normal -0.803276 0.595607 0
    outer loop
      vertex 39.235 9.00166 60.6
      vertex 39.4191 9.24995 94.6
      vertex 39.4191 9.24995 60.6
    endloop
  endfacet
  facet normal -0.803276 0.595607 0
    outer loop
      vertex 39.4191 9.24995 94.6
      vertex 39.235 9.00166 60.6
      vertex 39.235 9.00166 94.6
    endloop
  endfacet
  facet normal -0.970329 -0.241787 0
    outer loop
      vertex 39.822 11.8839 68.4839
      vertex 39.8144 11.9144 94.6
      vertex 39.8144 11.9144 68.4502
    endloop
  endfacet
  facet normal -0.969954 -0.243287 1.86116e-06
    outer loop
      vertex 39.8448 11.793 68.5663
      vertex 39.8144 11.9144 94.6
      vertex 39.822 11.8839 68.4839
    endloop
  endfacet
  facet normal -0.9702 -0.242306 -3.00126e-06
    outer loop
      vertex 39.8694 11.6945 68.6393
      vertex 39.8144 11.9144 94.6
      vertex 39.8448 11.793 68.5663
    endloop
  endfacet
  facet normal -0.969858 -0.243671 9.2879e-06
    outer loop
      vertex 39.8895 11.6145 68.6872
      vertex 39.8144 11.9144 94.6
      vertex 39.8694 11.6945 68.6393
    endloop
  endfacet
  facet normal -0.970047 -0.242916 0
    outer loop
      vertex 39.8144 11.9144 94.6
      vertex 39.8895 11.6145 68.6872
      vertex 39.8895 11.6145 94.6
    endloop
  endfacet
  facet normal -0.970329 -0.241787 0
    outer loop
      vertex 39.8144 11.9144 60.6
      vertex 39.822 11.8839 66.7161
      vertex 39.8144 11.9144 66.7498
    endloop
  endfacet
  facet normal -0.969956 -0.243282 -7.91989e-06
    outer loop
      vertex 39.8144 11.9144 60.6
      vertex 39.8448 11.793 66.6337
      vertex 39.822 11.8839 66.7161
    endloop
  endfacet
  facet normal -0.970198 -0.242313 1.28034e-05
    outer loop
      vertex 39.8144 11.9144 60.6
      vertex 39.8694 11.6945 66.5607
      vertex 39.8448 11.793 66.6337
    endloop
  endfacet
  facet normal -0.970047 -0.242916 -0
    outer loop
      vertex 39.8895 11.6145 66.5128
      vertex 39.8144 11.9144 60.6
      vertex 39.8895 11.6145 60.6
    endloop
  endfacet
  facet normal -0.969862 -0.243654 -3.97784e-05
    outer loop
      vertex 39.8144 11.9144 60.6
      vertex 39.8895 11.6145 66.5128
      vertex 39.8694 11.6945 66.5607
    endloop
  endfacet
  facet normal 0 0.941535 -0.336915
    outer loop
      vertex 42.3 9.80382 67.9629
      vertex 39.7283 9.84515 68.0784
      vertex 42.3 9.84515 68.0784
    endloop
  endfacet
  facet normal 0 0.941535 -0.336915
    outer loop
      vertex 39.7283 9.84515 68.0784
      vertex 42.3 9.80382 67.9629
      vertex 39.7135 9.80382 67.9629
    endloop
  endfacet
  facet normal 0 -0.146667 0.989186
    outer loop
      vertex 42.3 11.2439 66.374
      vertex 39.944 11.1225 66.356
      vertex 42.3 11.1225 66.356
    endloop
  endfacet
  facet normal 0 -0.146667 0.989186
    outer loop
      vertex 39.944 11.1225 66.356
      vertex 42.3 11.2439 66.374
      vertex 39.938 11.2439 66.374
    endloop
  endfacet
  facet normal 0 -0.0489209 0.998803
    outer loop
      vertex 42.3 11.1225 66.356
      vertex 39.95 11 66.35
      vertex 42.3 11 66.35
    endloop
  endfacet
  facet normal 0 -0.0489209 0.998803
    outer loop
      vertex 39.95 11 66.35
      vertex 42.3 11.1225 66.356
      vertex 39.944 11.1225 66.356
    endloop
  endfacet
  facet normal 0 -0.242919 0.970047
    outer loop
      vertex 42.3 11.3629 66.4038
      vertex 39.938 11.2439 66.374
      vertex 42.3 11.2439 66.374
    endloop
  endfacet
  facet normal 5.47345e-05 -0.243941 0.96979
    outer loop
      vertex 42.3 11.3629 66.4038
      vertex 39.9348 11.3087 66.3903
      vertex 39.938 11.2439 66.374
    endloop
  endfacet
  facet normal 0 -0.241693 0.970353
    outer loop
      vertex 39.9348 11.3087 66.3903
      vertex 42.3 11.3629 66.4038
      vertex 39.9268 11.3629 66.4038
    endloop
  endfacet
  facet normal 0 -0.146667 -0.989186
    outer loop
      vertex 39.944 11.1225 68.844
      vertex 42.3 11.2439 68.826
      vertex 42.3 11.1225 68.844
    endloop
  endfacet
  facet normal -0 -0.146667 -0.989186
    outer loop
      vertex 42.3 11.2439 68.826
      vertex 39.944 11.1225 68.844
      vertex 39.938 11.2439 68.826
    endloop
  endfacet
  facet normal 0 0.970047 -0.242919
    outer loop
      vertex 42.3 9.77402 67.8439
      vertex 39.7135 9.80382 67.9629
      vertex 42.3 9.80382 67.9629
    endloop
  endfacet
  facet normal 3.66537e-05 0.970234 -0.242169
    outer loop
      vertex 39.7135 9.80382 67.9629
      vertex 42.3 9.77402 67.8439
      vertex 39.7102 9.79456 67.9258
    endloop
  endfacet
  facet normal 0 0.969961 -0.24326
    outer loop
      vertex 39.7102 9.79456 67.9258
      vertex 42.3 9.77402 67.8439
      vertex 39.7005 9.77402 67.8439
    endloop
  endfacet
  facet normal 0 -0.941354 0.33742
    outer loop
      vertex 39.7283 12.1548 67.1216
      vertex 42.3 12.1962 67.2371
      vertex 39.7135 12.1962 67.2371
    endloop
  endfacet
  facet normal 0 -0.941354 0.33742
    outer loop
      vertex 42.3 12.1962 67.2371
      vertex 39.7283 12.1548 67.1216
      vertex 42.3 12.1548 67.1216
    endloop
  endfacet
  facet normal -0 -0.85778 -0.514016
    outer loop
      vertex 42.3 12.1024 68.1892
      vertex 39.7696 12.0393 68.2945
      vertex 39.7471 12.1024 68.1892
    endloop
  endfacet
  facet normal 0 -0.85778 -0.514016
    outer loop
      vertex 39.7696 12.0393 68.2945
      vertex 42.3 12.1024 68.1892
      vertex 42.3 12.0393 68.2945
    endloop
  endfacet
  facet normal 0 0.428192 -0.903688
    outer loop
      vertex 42.3 10.4108 68.7024
      vertex 39.9097 10.5216 68.7549
      vertex 42.3 10.5216 68.7549
    endloop
  endfacet
  facet normal 0 0.428192 -0.903688
    outer loop
      vertex 39.9097 10.5216 68.7549
      vertex 42.3 10.4108 68.7024
      vertex 39.8932 10.4108 68.7024
    endloop
  endfacet
  facet normal 0.000108592 -0.9706 -0.240698
    outer loop
      vertex 42.3 12.226 67.8439
      vertex 39.7135 12.1962 67.9629
      vertex 39.7102 12.2054 67.9258
    endloop
  endfacet
  facet normal -0 -0.969793 -0.243928
    outer loop
      vertex 42.3 12.226 67.8439
      vertex 39.7102 12.2054 67.9258
      vertex 39.7005 12.226 67.8439
    endloop
  endfacet
  facet normal 0 -0.970047 -0.242919
    outer loop
      vertex 39.7135 12.1962 67.9629
      vertex 42.3 12.226 67.8439
      vertex 42.3 12.1962 67.9629
    endloop
  endfacet
  facet normal 0 0.514016 -0.85778
    outer loop
      vertex 42.3 10.3055 68.6393
      vertex 39.8932 10.4108 68.7024
      vertex 42.3 10.4108 68.7024
    endloop
  endfacet
  facet normal 5.77698e-05 0.514988 -0.857198
    outer loop
      vertex 42.3 10.3055 68.6393
      vertex 39.8895 10.3855 68.6872
      vertex 39.8932 10.4108 68.7024
    endloop
  endfacet
  facet normal 0 0.513707 -0.857966
    outer loop
      vertex 39.8895 10.3855 68.6872
      vertex 42.3 10.3055 68.6393
      vertex 39.8694 10.3055 68.6393
    endloop
  endfacet
  facet normal 0 0.970031 0.242981
    outer loop
      vertex 42.3 9.77402 67.3561
      vertex 39.7102 9.79456 67.2741
      vertex 39.7005 9.77402 67.3561
    endloop
  endfacet
  facet normal -0 0.970047 0.242919
    outer loop
      vertex 39.7135 9.80382 67.2371
      vertex 42.3 9.77402 67.3561
      vertex 42.3 9.80382 67.2371
    endloop
  endfacet
  facet normal 6.66284e-06 0.970081 0.242783
    outer loop
      vertex 42.3 9.77402 67.3561
      vertex 39.7135 9.80382 67.2371
      vertex 39.7102 9.79456 67.2741
    endloop
  endfacet
  facet normal 0 0.803257 -0.595633
    outer loop
      vertex 42.3 9.96066 68.2945
      vertex 39.7958 10.0337 68.393
      vertex 42.3 10.0337 68.393
    endloop
  endfacet
  facet normal 0 0.803257 -0.595633
    outer loop
      vertex 39.7958 10.0337 68.393
      vertex 42.3 9.96066 68.2945
      vertex 39.7696 9.96066 68.2945
    endloop
  endfacet
  facet normal -0 0.857924 0.513777
    outer loop
      vertex 39.7696 9.96066 66.9055
      vertex 42.3 9.8976 67.0108
      vertex 42.3 9.96066 66.9055
    endloop
  endfacet
  facet normal 0 0.857924 0.513777
    outer loop
      vertex 42.3 9.8976 67.0108
      vertex 39.7696 9.96066 66.9055
      vertex 39.7471 9.8976 67.0108
    endloop
  endfacet
  facet normal -0 0.595423 0.803413
    outer loop
      vertex 39.8694 10.3055 66.5607
      vertex 42.3 10.207 66.6337
      vertex 42.3 10.3055 66.5607
    endloop
  endfacet
  facet normal 0 0.595423 0.803413
    outer loop
      vertex 42.3 10.207 66.6337
      vertex 39.8694 10.3055 66.5607
      vertex 39.8448 10.207 66.6337
    endloop
  endfacet
  facet normal 0 -0.989186 0.146667
    outer loop
      vertex 39.7005 12.226 67.3561
      vertex 42.3 12.244 67.4775
      vertex 39.692 12.244 67.4775
    endloop
  endfacet
  facet normal 0 -0.989186 0.146667
    outer loop
      vertex 42.3 12.244 67.4775
      vertex 39.7005 12.226 67.3561
      vertex 42.3 12.226 67.3561
    endloop
  endfacet
  facet normal -0 -0.803413 -0.595423
    outer loop
      vertex 42.3 12.0393 68.2945
      vertex 39.7958 11.9663 68.393
      vertex 39.7696 12.0393 68.2945
    endloop
  endfacet
  facet normal 0 -0.803413 -0.595423
    outer loop
      vertex 39.7958 11.9663 68.393
      vertex 42.3 12.0393 68.2945
      vertex 42.3 11.9663 68.393
    endloop
  endfacet
  facet normal 0 -0.595423 -0.803413
    outer loop
      vertex 39.8694 11.6945 68.6393
      vertex 42.3 11.793 68.5663
      vertex 42.3 11.6945 68.6393
    endloop
  endfacet
  facet normal -0 -0.595423 -0.803413
    outer loop
      vertex 42.3 11.793 68.5663
      vertex 39.8694 11.6945 68.6393
      vertex 39.8448 11.793 68.5663
    endloop
  endfacet
  facet normal -0 0.146667 0.989186
    outer loop
      vertex 39.944 10.8775 66.356
      vertex 42.3 10.7561 66.374
      vertex 42.3 10.8775 66.356
    endloop
  endfacet
  facet normal 0 0.146667 0.989186
    outer loop
      vertex 42.3 10.7561 66.374
      vertex 39.944 10.8775 66.356
      vertex 39.938 10.7561 66.374
    endloop
  endfacet
  facet normal 0 -0.336698 -0.941613
    outer loop
      vertex 39.9268 11.3629 68.7962
      vertex 42.3 11.4784 68.7549
      vertex 42.3 11.3629 68.7962
    endloop
  endfacet
  facet normal -0 -0.336698 -0.941613
    outer loop
      vertex 42.3 11.4784 68.7549
      vertex 39.9268 11.3629 68.7962
      vertex 39.9097 11.4784 68.7549
    endloop
  endfacet
  facet normal 0 -0.904003 0.427525
    outer loop
      vertex 39.7471 12.1024 67.0108
      vertex 42.3 12.1548 67.1216
      vertex 39.7283 12.1548 67.1216
    endloop
  endfacet
  facet normal 0 -0.904003 0.427525
    outer loop
      vertex 42.3 12.1548 67.1216
      vertex 39.7471 12.1024 67.0108
      vertex 42.3 12.1024 67.0108
    endloop
  endfacet
  facet normal 0 0.336698 -0.941613
    outer loop
      vertex 42.3 10.5216 68.7549
      vertex 39.9268 10.6371 68.7962
      vertex 42.3 10.6371 68.7962
    endloop
  endfacet
  facet normal 0 0.336698 -0.941613
    outer loop
      vertex 39.9268 10.6371 68.7962
      vertex 42.3 10.5216 68.7549
      vertex 39.9097 10.5216 68.7549
    endloop
  endfacet
  facet normal -0 0.242919 0.970047
    outer loop
      vertex 39.938 10.7561 66.374
      vertex 42.3 10.6371 66.4038
      vertex 42.3 10.7561 66.374
    endloop
  endfacet
  facet normal 5.47345e-05 0.243941 0.96979
    outer loop
      vertex 39.9348 10.6913 66.3903
      vertex 42.3 10.6371 66.4038
      vertex 39.938 10.7561 66.374
    endloop
  endfacet
  facet normal 0 0.241693 0.970353
    outer loop
      vertex 42.3 10.6371 66.4038
      vertex 39.9348 10.6913 66.3903
      vertex 39.9268 10.6371 66.4038
    endloop
  endfacet
  facet normal -0 -0.998803 -0.0489209
    outer loop
      vertex 42.3 12.25 67.6
      vertex 39.692 12.244 67.7225
      vertex 39.6891 12.25 67.6
    endloop
  endfacet
  facet normal 0 -0.998803 -0.0489209
    outer loop
      vertex 39.692 12.244 67.7225
      vertex 42.3 12.25 67.6
      vertex 42.3 12.244 67.7225
    endloop
  endfacet
  facet normal -0 -0.904003 -0.427525
    outer loop
      vertex 42.3 12.1548 68.0784
      vertex 39.7471 12.1024 68.1892
      vertex 39.7283 12.1548 68.0784
    endloop
  endfacet
  facet normal 0 -0.904003 -0.427525
    outer loop
      vertex 39.7471 12.1024 68.1892
      vertex 42.3 12.1548 68.0784
      vertex 42.3 12.1024 68.1892
    endloop
  endfacet
  facet normal 3.90088e-05 -0.741427 -0.671033
    outer loop
      vertex 42.3 11.9663 68.393
      vertex 39.822 11.8839 68.4839
      vertex 39.8144 11.9144 68.4502
    endloop
  endfacet
  facet normal -0 -0.740584 -0.671964
    outer loop
      vertex 42.3 11.9663 68.393
      vertex 39.8144 11.9144 68.4502
      vertex 39.7958 11.9663 68.393
    endloop
  endfacet
  facet normal 0 -0.740898 -0.671617
    outer loop
      vertex 39.822 11.8839 68.4839
      vertex 42.3 11.9663 68.393
      vertex 42.3 11.8839 68.4839
    endloop
  endfacet
  facet normal -0 0.941535 0.336915
    outer loop
      vertex 39.7283 9.84515 67.1216
      vertex 42.3 9.80382 67.2371
      vertex 42.3 9.84515 67.1216
    endloop
  endfacet
  facet normal 0 0.941535 0.336915
    outer loop
      vertex 42.3 9.80382 67.2371
      vertex 39.7283 9.84515 67.1216
      vertex 39.7135 9.80382 67.2371
    endloop
  endfacet
  facet normal -0 -0.941354 -0.33742
    outer loop
      vertex 42.3 12.1962 67.9629
      vertex 39.7283 12.1548 68.0784
      vertex 39.7135 12.1962 67.9629
    endloop
  endfacet
  facet normal 0 -0.941354 -0.33742
    outer loop
      vertex 39.7283 12.1548 68.0784
      vertex 42.3 12.1962 67.9629
      vertex 42.3 12.1548 68.0784
    endloop
  endfacet
  facet normal 0 -0.595423 0.803413
    outer loop
      vertex 42.3 11.793 66.6337
      vertex 39.8694 11.6945 66.5607
      vertex 42.3 11.6945 66.5607
    endloop
  endfacet
  facet normal 0 -0.595423 0.803413
    outer loop
      vertex 39.8694 11.6945 66.5607
      vertex 42.3 11.793 66.6337
      vertex 39.8448 11.793 66.6337
    endloop
  endfacet
  facet normal 0 -0.514016 -0.85778
    outer loop
      vertex 39.8932 11.5892 68.7024
      vertex 42.3 11.6945 68.6393
      vertex 42.3 11.5892 68.7024
    endloop
  endfacet
  facet normal 5.77698e-05 -0.514988 -0.857198
    outer loop
      vertex 39.8895 11.6145 68.6872
      vertex 42.3 11.6945 68.6393
      vertex 39.8932 11.5892 68.7024
    endloop
  endfacet
  facet normal -0 -0.513707 -0.857966
    outer loop
      vertex 42.3 11.6945 68.6393
      vertex 39.8895 11.6145 68.6872
      vertex 39.8694 11.6945 68.6393
    endloop
  endfacet
  facet normal -0 0.0489209 0.998803
    outer loop
      vertex 39.95 11 66.35
      vertex 42.3 10.8775 66.356
      vertex 42.3 11 66.35
    endloop
  endfacet
  facet normal 0 0.0489209 0.998803
    outer loop
      vertex 42.3 10.8775 66.356
      vertex 39.95 11 66.35
      vertex 39.944 10.8775 66.356
    endloop
  endfacet
  facet normal -0 0.427525 0.904003
    outer loop
      vertex 39.9097 10.5216 66.4452
      vertex 42.3 10.4108 66.4976
      vertex 42.3 10.5216 66.4452
    endloop
  endfacet
  facet normal 0 0.427525 0.904003
    outer loop
      vertex 42.3 10.4108 66.4976
      vertex 39.9097 10.5216 66.4452
      vertex 39.8932 10.4108 66.4976
    endloop
  endfacet
  facet normal 0 0.740898 -0.671617
    outer loop
      vertex 42.3 10.0337 68.393
      vertex 39.822 10.1161 68.4839
      vertex 42.3 10.1161 68.4839
    endloop
  endfacet
  facet normal 3.90088e-05 0.741427 -0.671033
    outer loop
      vertex 39.822 10.1161 68.4839
      vertex 42.3 10.0337 68.393
      vertex 39.8144 10.0856 68.4502
    endloop
  endfacet
  facet normal 0 0.740584 -0.671964
    outer loop
      vertex 39.8144 10.0856 68.4502
      vertex 42.3 10.0337 68.393
      vertex 39.7958 10.0337 68.393
    endloop
  endfacet
  facet normal 0 -0.803413 0.595423
    outer loop
      vertex 39.7958 11.9663 66.807
      vertex 42.3 12.0393 66.9055
      vertex 39.7696 12.0393 66.9055
    endloop
  endfacet
  facet normal 0 -0.803413 0.595423
    outer loop
      vertex 42.3 12.0393 66.9055
      vertex 39.7958 11.9663 66.807
      vertex 42.3 11.9663 66.807
    endloop
  endfacet
  facet normal 0 0.857924 -0.513777
    outer loop
      vertex 42.3 9.8976 68.1892
      vertex 39.7696 9.96066 68.2945
      vertex 42.3 9.96066 68.2945
    endloop
  endfacet
  facet normal 0 0.857924 -0.513777
    outer loop
      vertex 39.7696 9.96066 68.2945
      vertex 42.3 9.8976 68.1892
      vertex 39.7471 9.8976 68.1892
    endloop
  endfacet
  facet normal 0 -0.85778 0.514016
    outer loop
      vertex 39.7696 12.0393 66.9055
      vertex 42.3 12.1024 67.0108
      vertex 39.7471 12.1024 67.0108
    endloop
  endfacet
  facet normal 0 -0.85778 0.514016
    outer loop
      vertex 42.3 12.1024 67.0108
      vertex 39.7696 12.0393 66.9055
      vertex 42.3 12.0393 66.9055
    endloop
  endfacet
  facet normal -0 0.989186 0.146667
    outer loop
      vertex 39.7005 9.77402 67.3561
      vertex 42.3 9.75602 67.4775
      vertex 42.3 9.77402 67.3561
    endloop
  endfacet
  facet normal 0 0.989186 0.146667
    outer loop
      vertex 42.3 9.75602 67.4775
      vertex 39.7005 9.77402 67.3561
      vertex 39.692 9.75602 67.4775
    endloop
  endfacet
  facet normal 0 -0.33742 0.941354
    outer loop
      vertex 42.3 11.4784 66.4452
      vertex 39.9268 11.3629 66.4038
      vertex 42.3 11.3629 66.4038
    endloop
  endfacet
  facet normal 0 -0.33742 0.941354
    outer loop
      vertex 39.9268 11.3629 66.4038
      vertex 42.3 11.4784 66.4452
      vertex 39.9097 11.4784 66.4452
    endloop
  endfacet
  facet normal -0 0.514016 0.85778
    outer loop
      vertex 39.8932 10.4108 66.4976
      vertex 42.3 10.3055 66.5607
      vertex 42.3 10.4108 66.4976
    endloop
  endfacet
  facet normal 5.77698e-05 0.514988 0.857198
    outer loop
      vertex 39.8895 10.3855 66.5128
      vertex 42.3 10.3055 66.5607
      vertex 39.8932 10.4108 66.4976
    endloop
  endfacet
  facet normal 0 0.513707 0.857966
    outer loop
      vertex 42.3 10.3055 66.5607
      vertex 39.8895 10.3855 66.5128
      vertex 39.8694 10.3055 66.5607
    endloop
  endfacet
  facet normal 0 0.0489209 -0.998803
    outer loop
      vertex 42.3 10.8775 68.844
      vertex 39.95 11 68.85
      vertex 42.3 11 68.85
    endloop
  endfacet
  facet normal 0 0.0489209 -0.998803
    outer loop
      vertex 39.95 11 68.85
      vertex 42.3 10.8775 68.844
      vertex 39.944 10.8775 68.844
    endloop
  endfacet
  facet normal -0 0.33742 0.941354
    outer loop
      vertex 39.9268 10.6371 66.4038
      vertex 42.3 10.5216 66.4452
      vertex 42.3 10.6371 66.4038
    endloop
  endfacet
  facet normal 0 0.33742 0.941354
    outer loop
      vertex 42.3 10.5216 66.4452
      vertex 39.9268 10.6371 66.4038
      vertex 39.9097 10.5216 66.4452
    endloop
  endfacet
  facet normal -0 -0.989186 -0.146667
    outer loop
      vertex 42.3 12.244 67.7225
      vertex 39.7005 12.226 67.8439
      vertex 39.692 12.244 67.7225
    endloop
  endfacet
  facet normal 0 -0.989186 -0.146667
    outer loop
      vertex 39.7005 12.226 67.8439
      vertex 42.3 12.244 67.7225
      vertex 42.3 12.226 67.8439
    endloop
  endfacet
  facet normal 0 -0.671617 0.740898
    outer loop
      vertex 42.3 11.8839 66.7161
      vertex 39.8448 11.793 66.6337
      vertex 42.3 11.793 66.6337
    endloop
  endfacet
  facet normal 0 -0.671617 0.740898
    outer loop
      vertex 39.8448 11.793 66.6337
      vertex 42.3 11.8839 66.7161
      vertex 39.822 11.8839 66.7161
    endloop
  endfacet
  facet normal 0 -0.998803 0.0489209
    outer loop
      vertex 39.692 12.244 67.4775
      vertex 42.3 12.25 67.6
      vertex 39.6891 12.25 67.6
    endloop
  endfacet
  facet normal 0 -0.998803 0.0489209
    outer loop
      vertex 42.3 12.25 67.6
      vertex 39.692 12.244 67.4775
      vertex 42.3 12.244 67.4775
    endloop
  endfacet
  facet normal 0 -0.427525 0.904003
    outer loop
      vertex 42.3 11.5892 66.4976
      vertex 39.9097 11.4784 66.4452
      vertex 42.3 11.4784 66.4452
    endloop
  endfacet
  facet normal 0 -0.427525 0.904003
    outer loop
      vertex 39.9097 11.4784 66.4452
      vertex 42.3 11.5892 66.4976
      vertex 39.8932 11.5892 66.4976
    endloop
  endfacet
  facet normal 0 0.989186 -0.146667
    outer loop
      vertex 42.3 9.75602 67.7225
      vertex 39.7005 9.77402 67.8439
      vertex 42.3 9.77402 67.8439
    endloop
  endfacet
  facet normal 0 0.989186 -0.146667
    outer loop
      vertex 39.7005 9.77402 67.8439
      vertex 42.3 9.75602 67.7225
      vertex 39.692 9.75602 67.7225
    endloop
  endfacet
  facet normal 0 0.740584 0.671964
    outer loop
      vertex 42.3 10.0337 66.807
      vertex 39.8144 10.0856 66.7498
      vertex 39.7958 10.0337 66.807
    endloop
  endfacet
  facet normal -0 0.740898 0.671617
    outer loop
      vertex 39.822 10.1161 66.7161
      vertex 42.3 10.0337 66.807
      vertex 42.3 10.1161 66.7161
    endloop
  endfacet
  facet normal 3.90088e-05 0.741427 0.671033
    outer loop
      vertex 42.3 10.0337 66.807
      vertex 39.822 10.1161 66.7161
      vertex 39.8144 10.0856 66.7498
    endloop
  endfacet
  facet normal 0 -0.514016 0.85778
    outer loop
      vertex 42.3 11.6945 66.5607
      vertex 39.8932 11.5892 66.4976
      vertex 42.3 11.5892 66.4976
    endloop
  endfacet
  facet normal 5.77698e-05 -0.514988 0.857198
    outer loop
      vertex 42.3 11.6945 66.5607
      vertex 39.8895 11.6145 66.5128
      vertex 39.8932 11.5892 66.4976
    endloop
  endfacet
  facet normal 0 -0.513707 0.857966
    outer loop
      vertex 39.8895 11.6145 66.5128
      vertex 42.3 11.6945 66.5607
      vertex 39.8694 11.6945 66.5607
    endloop
  endfacet
  facet normal 0 0.998795 -0.0490836
    outer loop
      vertex 42.3 9.75 67.6
      vertex 39.692 9.75602 67.7225
      vertex 42.3 9.75602 67.7225
    endloop
  endfacet
  facet normal 0 0.998795 -0.0490836
    outer loop
      vertex 39.692 9.75602 67.7225
      vertex 42.3 9.75 67.6
      vertex 39.6891 9.75 67.6
    endloop
  endfacet
  facet normal 0 -0.671617 -0.740898
    outer loop
      vertex 39.8448 11.793 68.5663
      vertex 42.3 11.8839 68.4839
      vertex 42.3 11.793 68.5663
    endloop
  endfacet
  facet normal -0 -0.671617 -0.740898
    outer loop
      vertex 42.3 11.8839 68.4839
      vertex 39.8448 11.793 68.5663
      vertex 39.822 11.8839 68.4839
    endloop
  endfacet
  facet normal 0 -0.740584 0.671964
    outer loop
      vertex 39.8144 11.9144 66.7498
      vertex 42.3 11.9663 66.807
      vertex 39.7958 11.9663 66.807
    endloop
  endfacet
  facet normal 3.90088e-05 -0.741427 0.671033
    outer loop
      vertex 39.822 11.8839 66.7161
      vertex 42.3 11.9663 66.807
      vertex 39.8144 11.9144 66.7498
    endloop
  endfacet
  facet normal 0 -0.740898 0.671617
    outer loop
      vertex 42.3 11.9663 66.807
      vertex 39.822 11.8839 66.7161
      vertex 42.3 11.8839 66.7161
    endloop
  endfacet
  facet normal 0 -0.428192 -0.903688
    outer loop
      vertex 39.9097 11.4784 68.7549
      vertex 42.3 11.5892 68.7024
      vertex 42.3 11.4784 68.7549
    endloop
  endfacet
  facet normal -0 -0.428192 -0.903688
    outer loop
      vertex 42.3 11.5892 68.7024
      vertex 39.9097 11.4784 68.7549
      vertex 39.8932 11.5892 68.7024
    endloop
  endfacet
  facet normal 0 -0.242919 -0.970047
    outer loop
      vertex 39.938 11.2439 68.826
      vertex 42.3 11.3629 68.7962
      vertex 42.3 11.2439 68.826
    endloop
  endfacet
  facet normal 5.47345e-05 -0.243941 -0.96979
    outer loop
      vertex 39.9348 11.3087 68.8097
      vertex 42.3 11.3629 68.7962
      vertex 39.938 11.2439 68.826
    endloop
  endfacet
  facet normal -0 -0.241693 -0.970353
    outer loop
      vertex 42.3 11.3629 68.7962
      vertex 39.9348 11.3087 68.8097
      vertex 39.9268 11.3629 68.7962
    endloop
  endfacet
  facet normal 0 -0.969793 0.243928
    outer loop
      vertex 39.7102 12.2054 67.2742
      vertex 42.3 12.226 67.3561
      vertex 39.7005 12.226 67.3561
    endloop
  endfacet
  facet normal 0.000108592 -0.9706 0.240698
    outer loop
      vertex 39.7135 12.1962 67.2371
      vertex 42.3 12.226 67.3561
      vertex 39.7102 12.2054 67.2742
    endloop
  endfacet
  facet normal 0 -0.970047 0.242919
    outer loop
      vertex 42.3 12.226 67.3561
      vertex 39.7135 12.1962 67.2371
      vertex 42.3 12.1962 67.2371
    endloop
  endfacet
  facet normal 0 0.242919 -0.970047
    outer loop
      vertex 42.3 10.6371 68.7962
      vertex 39.938 10.7561 68.826
      vertex 42.3 10.7561 68.826
    endloop
  endfacet
  facet normal 5.47345e-05 0.243941 -0.96979
    outer loop
      vertex 42.3 10.6371 68.7962
      vertex 39.9348 10.6913 68.8097
      vertex 39.938 10.7561 68.826
    endloop
  endfacet
  facet normal 0 0.241693 -0.970353
    outer loop
      vertex 39.9348 10.6913 68.8097
      vertex 42.3 10.6371 68.7962
      vertex 39.9268 10.6371 68.7962
    endloop
  endfacet
  facet normal 0 0.903846 -0.427858
    outer loop
      vertex 42.3 9.84515 68.0784
      vertex 39.7471 9.8976 68.1892
      vertex 42.3 9.8976 68.1892
    endloop
  endfacet
  facet normal 0 0.903846 -0.427858
    outer loop
      vertex 39.7471 9.8976 68.1892
      vertex 42.3 9.84515 68.0784
      vertex 39.7283 9.84515 68.0784
    endloop
  endfacet
  facet normal 0 0.671617 -0.740898
    outer loop
      vertex 42.3 10.1161 68.4839
      vertex 39.8448 10.207 68.5663
      vertex 42.3 10.207 68.5663
    endloop
  endfacet
  facet normal 0 0.671617 -0.740898
    outer loop
      vertex 39.8448 10.207 68.5663
      vertex 42.3 10.1161 68.4839
      vertex 39.822 10.1161 68.4839
    endloop
  endfacet
  facet normal -0 0.903846 0.427858
    outer loop
      vertex 39.7471 9.8976 67.0108
      vertex 42.3 9.84515 67.1216
      vertex 42.3 9.8976 67.0108
    endloop
  endfacet
  facet normal 0 0.903846 0.427858
    outer loop
      vertex 42.3 9.84515 67.1216
      vertex 39.7471 9.8976 67.0108
      vertex 39.7283 9.84515 67.1216
    endloop
  endfacet
  facet normal -0 0.998795 0.0490836
    outer loop
      vertex 39.692 9.75602 67.4775
      vertex 42.3 9.75 67.6
      vertex 42.3 9.75602 67.4775
    endloop
  endfacet
  facet normal 0 0.998795 0.0490836
    outer loop
      vertex 42.3 9.75 67.6
      vertex 39.692 9.75602 67.4775
      vertex 39.6891 9.75 67.6
    endloop
  endfacet
  facet normal 0 0.146667 -0.989186
    outer loop
      vertex 42.3 10.7561 68.826
      vertex 39.944 10.8775 68.844
      vertex 42.3 10.8775 68.844
    endloop
  endfacet
  facet normal 0 0.146667 -0.989186
    outer loop
      vertex 39.944 10.8775 68.844
      vertex 42.3 10.7561 68.826
      vertex 39.938 10.7561 68.826
    endloop
  endfacet
  facet normal -0 0.803257 0.595633
    outer loop
      vertex 39.7958 10.0337 66.807
      vertex 42.3 9.96066 66.9055
      vertex 42.3 10.0337 66.807
    endloop
  endfacet
  facet normal 0 0.803257 0.595633
    outer loop
      vertex 42.3 9.96066 66.9055
      vertex 39.7958 10.0337 66.807
      vertex 39.7696 9.96066 66.9055
    endloop
  endfacet
  facet normal 0 0.595423 -0.803413
    outer loop
      vertex 42.3 10.207 68.5663
      vertex 39.8694 10.3055 68.6393
      vertex 42.3 10.3055 68.6393
    endloop
  endfacet
  facet normal 0 0.595423 -0.803413
    outer loop
      vertex 39.8694 10.3055 68.6393
      vertex 42.3 10.207 68.5663
      vertex 39.8448 10.207 68.5663
    endloop
  endfacet
  facet normal 0 -0.0489209 -0.998803
    outer loop
      vertex 39.95 11 68.85
      vertex 42.3 11.1225 68.844
      vertex 42.3 11 68.85
    endloop
  endfacet
  facet normal -0 -0.0489209 -0.998803
    outer loop
      vertex 42.3 11.1225 68.844
      vertex 39.95 11 68.85
      vertex 39.944 11.1225 68.844
    endloop
  endfacet
  facet normal -0 0.671617 0.740898
    outer loop
      vertex 39.8448 10.207 66.6337
      vertex 42.3 10.1161 66.7161
      vertex 42.3 10.207 66.6337
    endloop
  endfacet
  facet normal 0 0.671617 0.740898
    outer loop
      vertex 42.3 10.1161 66.7161
      vertex 39.8448 10.207 66.6337
      vertex 39.822 10.1161 66.7161
    endloop
  endfacet
endsolid OpenSCAD_Model
