solid OpenSCAD_Model
  facet normal 0.0491626 -0.998791 0
    outer loop
      vertex 26 -25 0
      vertex 26.3921 -24.9807 34
      vertex 26 -25 34
    endloop
  endfacet
  facet normal 0.0491626 -0.998791 0
    outer loop
      vertex 26.3921 -24.9807 34
      vertex 26 -25 0
      vertex 26.3921 -24.9807 0
    endloop
  endfacet
  facet normal 0 -1 0
    outer loop
      vertex -26 -25 0
      vertex 26 -25 34
      vertex -26 -25 34
    endloop
  endfacet
  facet normal 0 -1 -0
    outer loop
      vertex 26 -25 34
      vertex -26 -25 0
      vertex 26 -25 0
    endloop
  endfacet
  facet normal 0 1 -0
    outer loop
      vertex 26 25 0
      vertex -26 25 34
      vertex 26 25 34
    endloop
  endfacet
  facet normal 0 1 0
    outer loop
      vertex -26 25 34
      vertex 26 25 0
      vertex -26 25 0
    endloop
  endfacet
  facet normal -0.242835 -0.970068 0
    outer loop
      vertex -27.1611 -24.8278 0
      vertex -26.7804 -24.9231 34
      vertex -27.1611 -24.8278 34
    endloop
  endfacet
  facet normal -0.242835 -0.970068 -0
    outer loop
      vertex -26.7804 -24.9231 34
      vertex -27.1611 -24.8278 0
      vertex -26.7804 -24.9231 0
    endloop
  endfacet
  facet normal 0.595794 0.803137 -0
    outer loop
      vertex 28.5376 24.092 0
      vertex 28.2223 24.3259 34
      vertex 28.5376 24.092 34
    endloop
  endfacet
  facet normal 0.595794 0.803137 0
    outer loop
      vertex 28.2223 24.3259 34
      vertex 28.5376 24.092 0
      vertex 28.2223 24.3259 0
    endloop
  endfacet
  facet normal 0.514084 -0.85774 0
    outer loop
      vertex 27.8856 -24.5277 0
      vertex 28.2223 -24.3259 34
      vertex 27.8856 -24.5277 34
    endloop
  endfacet
  facet normal 0.514084 -0.85774 0
    outer loop
      vertex 28.2223 -24.3259 34
      vertex 27.8856 -24.5277 0
      vertex 28.2223 -24.3259 0
    endloop
  endfacet
  facet normal -0.803137 0.595794 0
    outer loop
      vertex -29.3259 23.2223 0
      vertex -29.092 23.5376 34
      vertex -29.092 23.5376 0
    endloop
  endfacet
  facet normal -0.803137 0.595794 0
    outer loop
      vertex -29.092 23.5376 34
      vertex -29.3259 23.2223 0
      vertex -29.3259 23.2223 34
    endloop
  endfacet
  facet normal 0.740908 -0.671607 0
    outer loop
      vertex 28.8284 -23.8284 34
      vertex 29.092 -23.5376 0
      vertex 29.092 -23.5376 34
    endloop
  endfacet
  facet normal 0.740908 -0.671607 0
    outer loop
      vertex 29.092 -23.5376 0
      vertex 28.8284 -23.8284 34
      vertex 28.8284 -23.8284 0
    endloop
  endfacet
  facet normal -0.42744 -0.904044 0
    outer loop
      vertex -27.8856 -24.5277 0
      vertex -27.5307 -24.6955 34
      vertex -27.8856 -24.5277 34
    endloop
  endfacet
  facet normal -0.42744 -0.904044 -0
    outer loop
      vertex -27.5307 -24.6955 34
      vertex -27.8856 -24.5277 0
      vertex -27.5307 -24.6955 0
    endloop
  endfacet
  facet normal -0.970068 -0.242835 0
    outer loop
      vertex -29.8278 -22.1611 0
      vertex -29.9231 -21.7804 34
      vertex -29.9231 -21.7804 0
    endloop
  endfacet
  facet normal -0.970068 -0.242835 0
    outer loop
      vertex -29.9231 -21.7804 34
      vertex -29.8278 -22.1611 0
      vertex -29.8278 -22.1611 34
    endloop
  endfacet
  facet normal -0.337014 -0.9415 0
    outer loop
      vertex -27.5307 -24.6955 0
      vertex -27.1611 -24.8278 34
      vertex -27.5307 -24.6955 34
    endloop
  endfacet
  facet normal -0.337014 -0.9415 -0
    outer loop
      vertex -27.1611 -24.8278 34
      vertex -27.5307 -24.6955 0
      vertex -27.1611 -24.8278 0
    endloop
  endfacet
  facet normal -0.989176 0.146733 0
    outer loop
      vertex -29.9807 21.3921 0
      vertex -29.9231 21.7804 34
      vertex -29.9231 21.7804 0
    endloop
  endfacet
  facet normal -0.989176 0.146733 0
    outer loop
      vertex -29.9231 21.7804 34
      vertex -29.9807 21.3921 0
      vertex -29.9807 21.3921 34
    endloop
  endfacet
  facet normal -0.0491626 -0.998791 0
    outer loop
      vertex -26.3921 -24.9807 0
      vertex -26 -25 34
      vertex -26.3921 -24.9807 34
    endloop
  endfacet
  facet normal -0.0491626 -0.998791 -0
    outer loop
      vertex -26 -25 34
      vertex -26.3921 -24.9807 0
      vertex -26 -25 0
    endloop
  endfacet
  facet normal -0.146733 0.989176 0
    outer loop
      vertex -26.3921 24.9807 0
      vertex -26.7804 24.9231 34
      vertex -26.3921 24.9807 34
    endloop
  endfacet
  facet normal -0.146733 0.989176 0
    outer loop
      vertex -26.7804 24.9231 34
      vertex -26.3921 24.9807 0
      vertex -26.7804 24.9231 0
    endloop
  endfacet
  facet normal 0.970068 0.242835 0
    outer loop
      vertex 29.9231 21.7804 34
      vertex 29.8278 22.1611 0
      vertex 29.8278 22.1611 34
    endloop
  endfacet
  facet normal 0.970068 0.242835 0
    outer loop
      vertex 29.8278 22.1611 0
      vertex 29.9231 21.7804 34
      vertex 29.9231 21.7804 0
    endloop
  endfacet
  facet normal 1 0 0
    outer loop
      vertex 30 21 34
      vertex 30 7 8
      vertex 30 21 0
    endloop
  endfacet
  facet normal 1 0 0
    outer loop
      vertex 30 21 34
      vertex 30 -7 8
      vertex 30 7 8
    endloop
  endfacet
  facet normal 1 -0 0
    outer loop
      vertex 30 -21 34
      vertex 30 -7 8
      vertex 30 21 34
    endloop
  endfacet
  facet normal 1 0 0
    outer loop
      vertex 30 -21 0
      vertex 30 -7 8
      vertex 30 -21 34
    endloop
  endfacet
  facet normal 1 0 0
    outer loop
      vertex 30 -7 8
      vertex 30 -21 0
      vertex 30 -7 0
    endloop
  endfacet
  facet normal 1 0 0
    outer loop
      vertex 30 21 0
      vertex 30 7 8
      vertex 30 7 0
    endloop
  endfacet
  facet normal -0.904044 -0.42744 0
    outer loop
      vertex -29.5277 -22.8856 0
      vertex -29.6955 -22.5307 34
      vertex -29.6955 -22.5307 0
    endloop
  endfacet
  facet normal -0.904044 -0.42744 0
    outer loop
      vertex -29.6955 -22.5307 34
      vertex -29.5277 -22.8856 0
      vertex -29.5277 -22.8856 34
    endloop
  endfacet
  facet normal 0.671607 -0.740908 0
    outer loop
      vertex 28.5376 -24.092 0
      vertex 28.8284 -23.8284 34
      vertex 28.5376 -24.092 34
    endloop
  endfacet
  facet normal 0.671607 -0.740908 0
    outer loop
      vertex 28.8284 -23.8284 34
      vertex 28.5376 -24.092 0
      vertex 28.8284 -23.8284 0
    endloop
  endfacet
  facet normal -0.671607 -0.740908 0
    outer loop
      vertex -28.8284 -23.8284 0
      vertex -28.5376 -24.092 34
      vertex -28.8284 -23.8284 34
    endloop
  endfacet
  facet normal -0.671607 -0.740908 -0
    outer loop
      vertex -28.5376 -24.092 34
      vertex -28.8284 -23.8284 0
      vertex -28.5376 -24.092 0
    endloop
  endfacet
  facet normal 0.740908 0.671607 0
    outer loop
      vertex 29.092 23.5376 34
      vertex 28.8284 23.8284 0
      vertex 28.8284 23.8284 34
    endloop
  endfacet
  facet normal 0.740908 0.671607 0
    outer loop
      vertex 28.8284 23.8284 0
      vertex 29.092 23.5376 34
      vertex 29.092 23.5376 0
    endloop
  endfacet
  facet normal -0.0491626 0.998791 0
    outer loop
      vertex -26 25 0
      vertex -26.3921 24.9807 34
      vertex -26 25 34
    endloop
  endfacet
  facet normal -0.0491626 0.998791 0
    outer loop
      vertex -26.3921 24.9807 34
      vertex -26 25 0
      vertex -26.3921 24.9807 0
    endloop
  endfacet
  facet normal -0.998791 -0.0491626 0
    outer loop
      vertex -29.9807 -21.3921 0
      vertex -30 -21 34
      vertex -30 -21 0
    endloop
  endfacet
  facet normal -0.998791 -0.0491626 0
    outer loop
      vertex -30 -21 34
      vertex -29.9807 -21.3921 0
      vertex -29.9807 -21.3921 34
    endloop
  endfacet
  facet normal -0.514084 0.85774 0
    outer loop
      vertex -27.8856 24.5277 0
      vertex -28.2223 24.3259 34
      vertex -27.8856 24.5277 34
    endloop
  endfacet
  facet normal -0.514084 0.85774 0
    outer loop
      vertex -28.2223 24.3259 34
      vertex -27.8856 24.5277 0
      vertex -28.2223 24.3259 0
    endloop
  endfacet
  facet normal -0.146733 -0.989176 0
    outer loop
      vertex -26.7804 -24.9231 0
      vertex -26.3921 -24.9807 34
      vertex -26.7804 -24.9231 34
    endloop
  endfacet
  facet normal -0.146733 -0.989176 -0
    outer loop
      vertex -26.3921 -24.9807 34
      vertex -26.7804 -24.9231 0
      vertex -26.3921 -24.9807 0
    endloop
  endfacet
  facet normal -0.803137 -0.595794 0
    outer loop
      vertex -29.092 -23.5376 0
      vertex -29.3259 -23.2223 34
      vertex -29.3259 -23.2223 0
    endloop
  endfacet
  facet normal -0.803137 -0.595794 0
    outer loop
      vertex -29.3259 -23.2223 34
      vertex -29.092 -23.5376 0
      vertex -29.092 -23.5376 34
    endloop
  endfacet
  facet normal 0.242835 -0.970068 0
    outer loop
      vertex 26.7804 -24.9231 0
      vertex 27.1611 -24.8278 34
      vertex 26.7804 -24.9231 34
    endloop
  endfacet
  facet normal 0.242835 -0.970068 0
    outer loop
      vertex 27.1611 -24.8278 34
      vertex 26.7804 -24.9231 0
      vertex 27.1611 -24.8278 0
    endloop
  endfacet
  facet normal -0.740908 -0.671607 0
    outer loop
      vertex -28.8284 -23.8284 0
      vertex -29.092 -23.5376 34
      vertex -29.092 -23.5376 0
    endloop
  endfacet
  facet normal -0.740908 -0.671607 0
    outer loop
      vertex -29.092 -23.5376 34
      vertex -28.8284 -23.8284 0
      vertex -28.8284 -23.8284 34
    endloop
  endfacet
  facet normal -0.595794 -0.803137 0
    outer loop
      vertex -28.5376 -24.092 0
      vertex -28.2223 -24.3259 34
      vertex -28.5376 -24.092 34
    endloop
  endfacet
  facet normal -0.595794 -0.803137 -0
    outer loop
      vertex -28.2223 -24.3259 34
      vertex -28.5376 -24.092 0
      vertex -28.2223 -24.3259 0
    endloop
  endfacet
  facet normal 0.85774 0.514084 0
    outer loop
      vertex 29.5277 22.8856 34
      vertex 29.3259 23.2223 0
      vertex 29.3259 23.2223 34
    endloop
  endfacet
  facet normal 0.85774 0.514084 0
    outer loop
      vertex 29.3259 23.2223 0
      vertex 29.5277 22.8856 34
      vertex 29.5277 22.8856 0
    endloop
  endfacet
  facet normal -0.85774 0.514084 0
    outer loop
      vertex -29.5277 22.8856 0
      vertex -29.3259 23.2223 34
      vertex -29.3259 23.2223 0
    endloop
  endfacet
  facet normal -0.85774 0.514084 0
    outer loop
      vertex -29.3259 23.2223 34
      vertex -29.5277 22.8856 0
      vertex -29.5277 22.8856 34
    endloop
  endfacet
  facet normal 0.0491626 0.998791 -0
    outer loop
      vertex 26.3921 24.9807 0
      vertex 26 25 34
      vertex 26.3921 24.9807 34
    endloop
  endfacet
  facet normal 0.0491626 0.998791 0
    outer loop
      vertex 26 25 34
      vertex 26.3921 24.9807 0
      vertex 26 25 0
    endloop
  endfacet
  facet normal -0.85774 -0.514084 0
    outer loop
      vertex -29.3259 -23.2223 0
      vertex -29.5277 -22.8856 34
      vertex -29.5277 -22.8856 0
    endloop
  endfacet
  facet normal -0.85774 -0.514084 0
    outer loop
      vertex -29.5277 -22.8856 34
      vertex -29.3259 -23.2223 0
      vertex -29.3259 -23.2223 34
    endloop
  endfacet
  facet normal -0.740908 0.671607 0
    outer loop
      vertex -29.092 23.5376 0
      vertex -28.8284 23.8284 34
      vertex -28.8284 23.8284 0
    endloop
  endfacet
  facet normal -0.740908 0.671607 0
    outer loop
      vertex -28.8284 23.8284 34
      vertex -29.092 23.5376 0
      vertex -29.092 23.5376 34
    endloop
  endfacet
  facet normal -0.9415 -0.337014 0
    outer loop
      vertex -29.6955 -22.5307 0
      vertex -29.8278 -22.1611 34
      vertex -29.8278 -22.1611 0
    endloop
  endfacet
  facet normal -0.9415 -0.337014 0
    outer loop
      vertex -29.8278 -22.1611 34
      vertex -29.6955 -22.5307 0
      vertex -29.6955 -22.5307 34
    endloop
  endfacet
  facet normal -0.595794 0.803137 0
    outer loop
      vertex -28.2223 24.3259 0
      vertex -28.5376 24.092 34
      vertex -28.2223 24.3259 34
    endloop
  endfacet
  facet normal -0.595794 0.803137 0
    outer loop
      vertex -28.5376 24.092 34
      vertex -28.2223 24.3259 0
      vertex -28.5376 24.092 0
    endloop
  endfacet
  facet normal 0.998791 0.0491626 0
    outer loop
      vertex 30 21 34
      vertex 29.9807 21.3921 0
      vertex 29.9807 21.3921 34
    endloop
  endfacet
  facet normal 0.998791 0.0491626 0
    outer loop
      vertex 29.9807 21.3921 0
      vertex 30 21 34
      vertex 30 21 0
    endloop
  endfacet
  facet normal -0.904044 0.42744 0
    outer loop
      vertex -29.6955 22.5307 0
      vertex -29.5277 22.8856 34
      vertex -29.5277 22.8856 0
    endloop
  endfacet
  facet normal -0.904044 0.42744 0
    outer loop
      vertex -29.5277 22.8856 34
      vertex -29.6955 22.5307 0
      vertex -29.6955 22.5307 34
    endloop
  endfacet
  facet normal 0.42744 0.904044 -0
    outer loop
      vertex 27.8856 24.5277 0
      vertex 27.5307 24.6955 34
      vertex 27.8856 24.5277 34
    endloop
  endfacet
  facet normal 0.42744 0.904044 0
    outer loop
      vertex 27.5307 24.6955 34
      vertex 27.8856 24.5277 0
      vertex 27.5307 24.6955 0
    endloop
  endfacet
  facet normal -0.514084 -0.85774 0
    outer loop
      vertex -28.2223 -24.3259 0
      vertex -27.8856 -24.5277 34
      vertex -28.2223 -24.3259 34
    endloop
  endfacet
  facet normal -0.514084 -0.85774 -0
    outer loop
      vertex -27.8856 -24.5277 34
      vertex -28.2223 -24.3259 0
      vertex -27.8856 -24.5277 0
    endloop
  endfacet
  facet normal -0.9415 0.337014 0
    outer loop
      vertex -29.8278 22.1611 0
      vertex -29.6955 22.5307 34
      vertex -29.6955 22.5307 0
    endloop
  endfacet
  facet normal -0.9415 0.337014 0
    outer loop
      vertex -29.6955 22.5307 34
      vertex -29.8278 22.1611 0
      vertex -29.8278 22.1611 34
    endloop
  endfacet
  facet normal 0.671607 0.740908 -0
    outer loop
      vertex 28.8284 23.8284 0
      vertex 28.5376 24.092 34
      vertex 28.8284 23.8284 34
    endloop
  endfacet
  facet normal 0.671607 0.740908 0
    outer loop
      vertex 28.5376 24.092 34
      vertex 28.8284 23.8284 0
      vertex 28.5376 24.092 0
    endloop
  endfacet
  facet normal 0.514084 0.85774 -0
    outer loop
      vertex 28.2223 24.3259 0
      vertex 27.8856 24.5277 34
      vertex 28.2223 24.3259 34
    endloop
  endfacet
  facet normal 0.514084 0.85774 0
    outer loop
      vertex 27.8856 24.5277 34
      vertex 28.2223 24.3259 0
      vertex 27.8856 24.5277 0
    endloop
  endfacet
  facet normal 0.146733 -0.989176 0
    outer loop
      vertex 26.3921 -24.9807 0
      vertex 26.7804 -24.9231 34
      vertex 26.3921 -24.9807 34
    endloop
  endfacet
  facet normal 0.146733 -0.989176 0
    outer loop
      vertex 26.7804 -24.9231 34
      vertex 26.3921 -24.9807 0
      vertex 26.7804 -24.9231 0
    endloop
  endfacet
  facet normal 0.242835 0.970068 -0
    outer loop
      vertex 27.1611 24.8278 0
      vertex 26.7804 24.9231 34
      vertex 27.1611 24.8278 34
    endloop
  endfacet
  facet normal 0.242835 0.970068 0
    outer loop
      vertex 26.7804 24.9231 34
      vertex 27.1611 24.8278 0
      vertex 26.7804 24.9231 0
    endloop
  endfacet
  facet normal 0.85774 -0.514084 0
    outer loop
      vertex 29.3259 -23.2223 34
      vertex 29.5277 -22.8856 0
      vertex 29.5277 -22.8856 34
    endloop
  endfacet
  facet normal 0.85774 -0.514084 0
    outer loop
      vertex 29.5277 -22.8856 0
      vertex 29.3259 -23.2223 34
      vertex 29.3259 -23.2223 0
    endloop
  endfacet
  facet normal -0.242835 0.970068 0
    outer loop
      vertex -26.7804 24.9231 0
      vertex -27.1611 24.8278 34
      vertex -26.7804 24.9231 34
    endloop
  endfacet
  facet normal -0.242835 0.970068 0
    outer loop
      vertex -27.1611 24.8278 34
      vertex -26.7804 24.9231 0
      vertex -27.1611 24.8278 0
    endloop
  endfacet
  facet normal 0.904044 0.42744 0
    outer loop
      vertex 29.6955 22.5307 34
      vertex 29.5277 22.8856 0
      vertex 29.5277 22.8856 34
    endloop
  endfacet
  facet normal 0.904044 0.42744 0
    outer loop
      vertex 29.5277 22.8856 0
      vertex 29.6955 22.5307 34
      vertex 29.6955 22.5307 0
    endloop
  endfacet
  facet normal -1 0 0
    outer loop
      vertex -30 -7 0
      vertex -30 -21 0
      vertex -30 -7 8
    endloop
  endfacet
  facet normal -1 0 0
    outer loop
      vertex -30 7 8
      vertex -30 21 0
      vertex -30 7 0
    endloop
  endfacet
  facet normal -1 0 0
    outer loop
      vertex -30 21 0
      vertex -30 7 8
      vertex -30 21 34
    endloop
  endfacet
  facet normal -1 0 0
    outer loop
      vertex -30 -7 8
      vertex -30 21 34
      vertex -30 7 8
    endloop
  endfacet
  facet normal -1 0 0
    outer loop
      vertex -30 -21 34
      vertex -30 -7 8
      vertex -30 -21 0
    endloop
  endfacet
  facet normal -1 0 0
    outer loop
      vertex -30 -7 8
      vertex -30 -21 34
      vertex -30 21 34
    endloop
  endfacet
  facet normal 0.337014 -0.9415 0
    outer loop
      vertex 27.1611 -24.8278 0
      vertex 27.5307 -24.6955 34
      vertex 27.1611 -24.8278 34
    endloop
  endfacet
  facet normal 0.337014 -0.9415 0
    outer loop
      vertex 27.5307 -24.6955 34
      vertex 27.1611 -24.8278 0
      vertex 27.5307 -24.6955 0
    endloop
  endfacet
  facet normal -0.989176 -0.146733 0
    outer loop
      vertex -29.9231 -21.7804 0
      vertex -29.9807 -21.3921 34
      vertex -29.9807 -21.3921 0
    endloop
  endfacet
  facet normal -0.989176 -0.146733 0
    outer loop
      vertex -29.9807 -21.3921 34
      vertex -29.9231 -21.7804 0
      vertex -29.9231 -21.7804 34
    endloop
  endfacet
  facet normal -0.998791 0.0491626 0
    outer loop
      vertex -30 21 0
      vertex -29.9807 21.3921 34
      vertex -29.9807 21.3921 0
    endloop
  endfacet
  facet normal -0.998791 0.0491626 0
    outer loop
      vertex -29.9807 21.3921 34
      vertex -30 21 0
      vertex -30 21 34
    endloop
  endfacet
  facet normal 0.9415 0.337014 0
    outer loop
      vertex 29.8278 22.1611 34
      vertex 29.6955 22.5307 0
      vertex 29.6955 22.5307 34
    endloop
  endfacet
  facet normal 0.9415 0.337014 0
    outer loop
      vertex 29.6955 22.5307 0
      vertex 29.8278 22.1611 34
      vertex 29.8278 22.1611 0
    endloop
  endfacet
  facet normal 0.42744 -0.904044 0
    outer loop
      vertex 27.5307 -24.6955 0
      vertex 27.8856 -24.5277 34
      vertex 27.5307 -24.6955 34
    endloop
  endfacet
  facet normal 0.42744 -0.904044 0
    outer loop
      vertex 27.8856 -24.5277 34
      vertex 27.5307 -24.6955 0
      vertex 27.8856 -24.5277 0
    endloop
  endfacet
  facet normal -0.42744 0.904044 0
    outer loop
      vertex -27.5307 24.6955 0
      vertex -27.8856 24.5277 34
      vertex -27.5307 24.6955 34
    endloop
  endfacet
  facet normal -0.42744 0.904044 0
    outer loop
      vertex -27.8856 24.5277 34
      vertex -27.5307 24.6955 0
      vertex -27.8856 24.5277 0
    endloop
  endfacet
  facet normal -0.970068 0.242835 0
    outer loop
      vertex -29.9231 21.7804 0
      vertex -29.8278 22.1611 34
      vertex -29.8278 22.1611 0
    endloop
  endfacet
  facet normal -0.970068 0.242835 0
    outer loop
      vertex -29.8278 22.1611 34
      vertex -29.9231 21.7804 0
      vertex -29.9231 21.7804 34
    endloop
  endfacet
  facet normal 0.146733 0.989176 -0
    outer loop
      vertex 26.7804 24.9231 0
      vertex 26.3921 24.9807 34
      vertex 26.7804 24.9231 34
    endloop
  endfacet
  facet normal 0.146733 0.989176 0
    outer loop
      vertex 26.3921 24.9807 34
      vertex 26.7804 24.9231 0
      vertex 26.3921 24.9807 0
    endloop
  endfacet
  facet normal 0.595794 -0.803137 0
    outer loop
      vertex 28.2223 -24.3259 0
      vertex 28.5376 -24.092 34
      vertex 28.2223 -24.3259 34
    endloop
  endfacet
  facet normal 0.595794 -0.803137 0
    outer loop
      vertex 28.5376 -24.092 34
      vertex 28.2223 -24.3259 0
      vertex 28.5376 -24.092 0
    endloop
  endfacet
  facet normal 0.989176 0.146733 0
    outer loop
      vertex 29.9807 21.3921 34
      vertex 29.9231 21.7804 0
      vertex 29.9231 21.7804 34
    endloop
  endfacet
  facet normal 0.989176 0.146733 0
    outer loop
      vertex 29.9231 21.7804 0
      vertex 29.9807 21.3921 34
      vertex 29.9807 21.3921 0
    endloop
  endfacet
  facet normal -0.337014 0.9415 0
    outer loop
      vertex -27.1611 24.8278 0
      vertex -27.5307 24.6955 34
      vertex -27.1611 24.8278 34
    endloop
  endfacet
  facet normal -0.337014 0.9415 0
    outer loop
      vertex -27.5307 24.6955 34
      vertex -27.1611 24.8278 0
      vertex -27.5307 24.6955 0
    endloop
  endfacet
  facet normal 0.337014 0.9415 -0
    outer loop
      vertex 27.5307 24.6955 0
      vertex 27.1611 24.8278 34
      vertex 27.5307 24.6955 34
    endloop
  endfacet
  facet normal 0.337014 0.9415 0
    outer loop
      vertex 27.1611 24.8278 34
      vertex 27.5307 24.6955 0
      vertex 27.1611 24.8278 0
    endloop
  endfacet
  facet normal 0.803137 0.595794 0
    outer loop
      vertex 29.3259 23.2223 34
      vertex 29.092 23.5376 0
      vertex 29.092 23.5376 34
    endloop
  endfacet
  facet normal 0.803137 0.595794 0
    outer loop
      vertex 29.092 23.5376 0
      vertex 29.3259 23.2223 34
      vertex 29.3259 23.2223 0
    endloop
  endfacet
  facet normal 0.998791 -0.0491626 0
    outer loop
      vertex 29.9807 -21.3921 34
      vertex 30 -21 0
      vertex 30 -21 34
    endloop
  endfacet
  facet normal 0.998791 -0.0491626 0
    outer loop
      vertex 30 -21 0
      vertex 29.9807 -21.3921 34
      vertex 29.9807 -21.3921 0
    endloop
  endfacet
  facet normal -0.671607 0.740908 0
    outer loop
      vertex -28.5376 24.092 0
      vertex -28.8284 23.8284 34
      vertex -28.5376 24.092 34
    endloop
  endfacet
  facet normal -0.671607 0.740908 0
    outer loop
      vertex -28.8284 23.8284 34
      vertex -28.5376 24.092 0
      vertex -28.8284 23.8284 0
    endloop
  endfacet
  facet normal 0.9415 -0.337014 0
    outer loop
      vertex 29.6955 -22.5307 34
      vertex 29.8278 -22.1611 0
      vertex 29.8278 -22.1611 34
    endloop
  endfacet
  facet normal 0.9415 -0.337014 0
    outer loop
      vertex 29.8278 -22.1611 0
      vertex 29.6955 -22.5307 34
      vertex 29.6955 -22.5307 0
    endloop
  endfacet
  facet normal 0 0 1
    outer loop
      vertex -0.980784 18.8049 34
      vertex -23.3732 19.5065 34
      vertex -17.1 6.2 34
    endloop
  endfacet
  facet normal 0 0 1
    outer loop
      vertex -17.1 -6.2 34
      vertex -23.3082 -19.8334 34
      vertex -23.3 -20 34
    endloop
  endfacet
  facet normal -0 0 1
    outer loop
      vertex -23.4294 19.3494 34
      vertex -17.1 6.2 34
      vertex -23.3732 19.5065 34
    endloop
  endfacet
  facet normal 0 0 1
    outer loop
      vertex -17.1 -6.2 34
      vertex -23.3327 -19.6683 34
      vertex -23.3082 -19.8334 34
    endloop
  endfacet
  facet normal -0 0 1
    outer loop
      vertex -23.5007 19.1986 34
      vertex -17.1 6.2 34
      vertex -23.4294 19.3494 34
    endloop
  endfacet
  facet normal 0 0 1
    outer loop
      vertex -17.1 -6.2 34
      vertex -23.3732 -19.5065 34
      vertex -23.3327 -19.6683 34
    endloop
  endfacet
  facet normal -0 0 1
    outer loop
      vertex -23.5865 19.0555 34
      vertex -17.1 6.2 34
      vertex -23.5007 19.1986 34
    endloop
  endfacet
  facet normal 0 0 1
    outer loop
      vertex -17.1 -6.2 34
      vertex -23.4294 -19.3494 34
      vertex -23.3732 -19.5065 34
    endloop
  endfacet
  facet normal -0 0 1
    outer loop
      vertex -23.6859 18.9215 34
      vertex -17.1 6.2 34
      vertex -23.5865 19.0555 34
    endloop
  endfacet
  facet normal 0 0 1
    outer loop
      vertex -17.1 -6.2 34
      vertex -23.5007 -19.1986 34
      vertex -23.4294 -19.3494 34
    endloop
  endfacet
  facet normal -0 0 1
    outer loop
      vertex -23.7979 18.7979 34
      vertex -17.1 6.2 34
      vertex -23.6859 18.9215 34
    endloop
  endfacet
  facet normal 0 0 1
    outer loop
      vertex -17.1 -6.2 34
      vertex -23.5865 -19.0555 34
      vertex -23.5007 -19.1986 34
    endloop
  endfacet
  facet normal -0 0 1
    outer loop
      vertex -23.9215 18.6859 34
      vertex -17.1 6.2 34
      vertex -23.7979 18.7979 34
    endloop
  endfacet
  facet normal 0 0 1
    outer loop
      vertex -17.1 -6.2 34
      vertex -23.6859 -18.9215 34
      vertex -23.5865 -19.0555 34
    endloop
  endfacet
  facet normal -0 0 1
    outer loop
      vertex -24.0555 18.5865 34
      vertex -17.1 6.2 34
      vertex -23.9215 18.6859 34
    endloop
  endfacet
  facet normal 0 0 1
    outer loop
      vertex -17.1 -6.2 34
      vertex -23.7979 -18.7979 34
      vertex -23.6859 -18.9215 34
    endloop
  endfacet
  facet normal -0 0 1
    outer loop
      vertex -24.1986 18.5007 34
      vertex -17.1 6.2 34
      vertex -24.0555 18.5865 34
    endloop
  endfacet
  facet normal 0 0 1
    outer loop
      vertex -17.1 -6.2 34
      vertex -23.9215 -18.6859 34
      vertex -23.7979 -18.7979 34
    endloop
  endfacet
  facet normal -0 0 1
    outer loop
      vertex -24.3494 18.4294 34
      vertex -17.1 6.2 34
      vertex -24.1986 18.5007 34
    endloop
  endfacet
  facet normal 0 0 1
    outer loop
      vertex -17.1 -6.2 34
      vertex -24.0555 -18.5865 34
      vertex -23.9215 -18.6859 34
    endloop
  endfacet
  facet normal -0 0 1
    outer loop
      vertex -24.5065 18.3732 34
      vertex -17.1 6.2 34
      vertex -24.3494 18.4294 34
    endloop
  endfacet
  facet normal 0 0 1
    outer loop
      vertex -17.1 -6.2 34
      vertex -24.1986 -18.5007 34
      vertex -24.0555 -18.5865 34
    endloop
  endfacet
  facet normal -0 0 1
    outer loop
      vertex -24.6683 18.3327 34
      vertex -17.1 6.2 34
      vertex -24.5065 18.3732 34
    endloop
  endfacet
  facet normal 0 0 1
    outer loop
      vertex -17.1 -6.2 34
      vertex -24.3494 -18.4294 34
      vertex -24.1986 -18.5007 34
    endloop
  endfacet
  facet normal -0 0 1
    outer loop
      vertex -24.8334 18.3082 34
      vertex -17.1 6.2 34
      vertex -24.6683 18.3327 34
    endloop
  endfacet
  facet normal 0 0 1
    outer loop
      vertex -17.1 -6.2 34
      vertex -24.5065 -18.3732 34
      vertex -24.3494 -18.4294 34
    endloop
  endfacet
  facet normal -0 0 1
    outer loop
      vertex -25 18.3 34
      vertex -17.1 6.2 34
      vertex -24.8334 18.3082 34
    endloop
  endfacet
  facet normal 0 0 1
    outer loop
      vertex -17.1 -6.2 34
      vertex -24.6683 -18.3327 34
      vertex -24.5065 -18.3732 34
    endloop
  endfacet
  facet normal 0 0 1
    outer loop
      vertex -25.1666 18.3082 34
      vertex -17.1 6.2 34
      vertex -25 18.3 34
    endloop
  endfacet
  facet normal 0 0 1
    outer loop
      vertex -17.1 -6.2 34
      vertex -24.8334 -18.3082 34
      vertex -24.6683 -18.3327 34
    endloop
  endfacet
  facet normal 0 0 1
    outer loop
      vertex -25.3317 18.3327 34
      vertex -17.1 6.2 34
      vertex -25.1666 18.3082 34
    endloop
  endfacet
  facet normal 0 0 1
    outer loop
      vertex -17.1 -6.2 34
      vertex -25 -18.3 34
      vertex -24.8334 -18.3082 34
    endloop
  endfacet
  facet normal 0 0 1
    outer loop
      vertex -25.4935 18.3732 34
      vertex -17.1 6.2 34
      vertex -25.3317 18.3327 34
    endloop
  endfacet
  facet normal 0 0 1
    outer loop
      vertex -17.1 -6.2 34
      vertex -25.1666 -18.3082 34
      vertex -25 -18.3 34
    endloop
  endfacet
  facet normal 0 0 1
    outer loop
      vertex -25.6506 18.4294 34
      vertex -17.1 6.2 34
      vertex -25.4935 18.3732 34
    endloop
  endfacet
  facet normal 0 0 1
    outer loop
      vertex -17.1 -6.2 34
      vertex -25.3317 -18.3327 34
      vertex -25.1666 -18.3082 34
    endloop
  endfacet
  facet normal 0 0 1
    outer loop
      vertex -25.8014 18.5007 34
      vertex -17.1 6.2 34
      vertex -25.6506 18.4294 34
    endloop
  endfacet
  facet normal 0 0 1
    outer loop
      vertex -17.1 -6.2 34
      vertex -25.4935 -18.3732 34
      vertex -25.3317 -18.3327 34
    endloop
  endfacet
  facet normal 0 0 1
    outer loop
      vertex -25.9445 18.5865 34
      vertex -17.1 6.2 34
      vertex -25.8014 18.5007 34
    endloop
  endfacet
  facet normal 0 0 1
    outer loop
      vertex -17.1 -6.2 34
      vertex -25.6506 -18.4294 34
      vertex -25.4935 -18.3732 34
    endloop
  endfacet
  facet normal 0 0 1
    outer loop
      vertex -17.1 6.2 34
      vertex -25.9445 18.5865 34
      vertex -17.1 -6.2 34
    endloop
  endfacet
  facet normal 0 0 1
    outer loop
      vertex -17.1 -6.2 34
      vertex -25.8014 -18.5007 34
      vertex -25.6506 -18.4294 34
    endloop
  endfacet
  facet normal 0 0 1
    outer loop
      vertex -25.9445 -18.5865 34
      vertex -17.1 -6.2 34
      vertex -25.9445 18.5865 34
    endloop
  endfacet
  facet normal 0 0 1
    outer loop
      vertex -17.1 -6.2 34
      vertex -25.9445 -18.5865 34
      vertex -25.8014 -18.5007 34
    endloop
  endfacet
  facet normal 0 0 1
    outer loop
      vertex -26.0785 18.6859 34
      vertex -25.9445 -18.5865 34
      vertex -25.9445 18.5865 34
    endloop
  endfacet
  facet normal 0 0 1
    outer loop
      vertex -26.0785 18.6859 34
      vertex -26.0785 -18.6859 34
      vertex -25.9445 -18.5865 34
    endloop
  endfacet
  facet normal 0 0 1
    outer loop
      vertex -30 21 34
      vertex -26.0785 18.6859 34
      vertex -26.2021 18.7979 34
    endloop
  endfacet
  facet normal 0 0 1
    outer loop
      vertex -26.0785 18.6859 34
      vertex -30 21 34
      vertex -26.0785 -18.6859 34
    endloop
  endfacet
  facet normal 0 0 1
    outer loop
      vertex -30 21 34
      vertex -26.2021 18.7979 34
      vertex -26.3141 18.9215 34
    endloop
  endfacet
  facet normal 0 0 1
    outer loop
      vertex -30 -21 34
      vertex -26.0785 -18.6859 34
      vertex -30 21 34
    endloop
  endfacet
  facet normal 0 0 1
    outer loop
      vertex -30 21 34
      vertex -26.3141 18.9215 34
      vertex -26.4135 19.0555 34
    endloop
  endfacet
  facet normal 0 0 1
    outer loop
      vertex -26.0785 -18.6859 34
      vertex -30 -21 34
      vertex -26.2021 -18.7979 34
    endloop
  endfacet
  facet normal 0 0 1
    outer loop
      vertex -30 21 34
      vertex -26.4135 19.0555 34
      vertex -26.4993 19.1986 34
    endloop
  endfacet
  facet normal 0 0 1
    outer loop
      vertex -26.2021 -18.7979 34
      vertex -30 -21 34
      vertex -26.3141 -18.9215 34
    endloop
  endfacet
  facet normal 0 0 1
    outer loop
      vertex -30 21 34
      vertex -26.4993 19.1986 34
      vertex -26.5706 19.3494 34
    endloop
  endfacet
  facet normal 0 0 1
    outer loop
      vertex -26.3141 -18.9215 34
      vertex -30 -21 34
      vertex -26.4135 -19.0555 34
    endloop
  endfacet
  facet normal 0 0 1
    outer loop
      vertex -30 21 34
      vertex -26.5706 19.3494 34
      vertex -26.6268 19.5065 34
    endloop
  endfacet
  facet normal 0 0 1
    outer loop
      vertex -26.4135 -19.0555 34
      vertex -30 -21 34
      vertex -26.4993 -19.1986 34
    endloop
  endfacet
  facet normal 0 0 1
    outer loop
      vertex -30 21 34
      vertex -26.6268 19.5065 34
      vertex -26.6673 19.6683 34
    endloop
  endfacet
  facet normal 0 0 1
    outer loop
      vertex -26.4993 -19.1986 34
      vertex -30 -21 34
      vertex -26.5706 -19.3494 34
    endloop
  endfacet
  facet normal 0 0 1
    outer loop
      vertex -30 21 34
      vertex -26.6673 19.6683 34
      vertex -26.6918 19.8334 34
    endloop
  endfacet
  facet normal 0 0 1
    outer loop
      vertex -26.5706 -19.3494 34
      vertex -30 -21 34
      vertex -26.6268 -19.5065 34
    endloop
  endfacet
  facet normal 0 0 1
    outer loop
      vertex -30 21 34
      vertex -26.6918 19.8334 34
      vertex -26.7 20 34
    endloop
  endfacet
  facet normal 0 0 1
    outer loop
      vertex -26.6268 -19.5065 34
      vertex -30 -21 34
      vertex -26.6673 -19.6683 34
    endloop
  endfacet
  facet normal 0 0 1
    outer loop
      vertex 26.6268 19.5065 34
      vertex 30 21 34
      vertex 26.6673 19.6683 34
    endloop
  endfacet
  facet normal 0 0 1
    outer loop
      vertex 30 -21 34
      vertex 26.6918 -19.8334 34
      vertex 26.7 -20 34
    endloop
  endfacet
  facet normal 0 0 1
    outer loop
      vertex 26.5706 19.3494 34
      vertex 30 21 34
      vertex 26.6268 19.5065 34
    endloop
  endfacet
  facet normal 0 0 1
    outer loop
      vertex 30 -21 34
      vertex 26.6673 -19.6683 34
      vertex 26.6918 -19.8334 34
    endloop
  endfacet
  facet normal 0 0 1
    outer loop
      vertex 26.4993 19.1986 34
      vertex 30 21 34
      vertex 26.5706 19.3494 34
    endloop
  endfacet
  facet normal 0 0 1
    outer loop
      vertex 30 -21 34
      vertex 26.6268 -19.5065 34
      vertex 26.6673 -19.6683 34
    endloop
  endfacet
  facet normal 0 0 1
    outer loop
      vertex 26.4135 19.0555 34
      vertex 30 21 34
      vertex 26.4993 19.1986 34
    endloop
  endfacet
  facet normal 0 0 1
    outer loop
      vertex 30 -21 34
      vertex 26.5706 -19.3494 34
      vertex 26.6268 -19.5065 34
    endloop
  endfacet
  facet normal 0 0 1
    outer loop
      vertex 26.3141 18.9215 34
      vertex 30 21 34
      vertex 26.4135 19.0555 34
    endloop
  endfacet
  facet normal 0 0 1
    outer loop
      vertex 30 -21 34
      vertex 26.4993 -19.1986 34
      vertex 26.5706 -19.3494 34
    endloop
  endfacet
  facet normal 0 0 1
    outer loop
      vertex 26.2021 18.7979 34
      vertex 30 21 34
      vertex 26.3141 18.9215 34
    endloop
  endfacet
  facet normal 0 0 1
    outer loop
      vertex 30 -21 34
      vertex 26.4135 -19.0555 34
      vertex 26.4993 -19.1986 34
    endloop
  endfacet
  facet normal 0 0 1
    outer loop
      vertex 26.0785 18.6859 34
      vertex 30 21 34
      vertex 26.2021 18.7979 34
    endloop
  endfacet
  facet normal 0 0 1
    outer loop
      vertex 30 -21 34
      vertex 26.3141 -18.9215 34
      vertex 26.4135 -19.0555 34
    endloop
  endfacet
  facet normal 0 0 1
    outer loop
      vertex 30 21 34
      vertex 26.0785 18.6859 34
      vertex 30 -21 34
    endloop
  endfacet
  facet normal 0 0 1
    outer loop
      vertex 30 -21 34
      vertex 26.2021 -18.7979 34
      vertex 26.3141 -18.9215 34
    endloop
  endfacet
  facet normal -0 0 1
    outer loop
      vertex 26.0785 -18.6859 34
      vertex 30 -21 34
      vertex 26.0785 18.6859 34
    endloop
  endfacet
  facet normal 0 0 1
    outer loop
      vertex 30 -21 34
      vertex 26.0785 -18.6859 34
      vertex 26.2021 -18.7979 34
    endloop
  endfacet
  facet normal -0 0 1
    outer loop
      vertex 25.9445 18.5865 34
      vertex 26.0785 -18.6859 34
      vertex 26.0785 18.6859 34
    endloop
  endfacet
  facet normal 0 0 1
    outer loop
      vertex 25.9445 18.5865 34
      vertex 25.9445 -18.5865 34
      vertex 26.0785 -18.6859 34
    endloop
  endfacet
  facet normal -0 0 1
    outer loop
      vertex 25.8014 18.5007 34
      vertex 25.9445 -18.5865 34
      vertex 25.9445 18.5865 34
    endloop
  endfacet
  facet normal 0 0 1
    outer loop
      vertex 25.8014 18.5007 34
      vertex 25.8014 -18.5007 34
      vertex 25.9445 -18.5865 34
    endloop
  endfacet
  facet normal -0 0 1
    outer loop
      vertex 25.6506 18.4294 34
      vertex 25.8014 -18.5007 34
      vertex 25.8014 18.5007 34
    endloop
  endfacet
  facet normal 0 0 1
    outer loop
      vertex 25.6506 18.4294 34
      vertex 25.6506 -18.4294 34
      vertex 25.8014 -18.5007 34
    endloop
  endfacet
  facet normal -0 0 1
    outer loop
      vertex 25.4935 18.3732 34
      vertex 25.6506 -18.4294 34
      vertex 25.6506 18.4294 34
    endloop
  endfacet
  facet normal 0 0 1
    outer loop
      vertex 25.4935 18.3732 34
      vertex 25.4935 -18.3732 34
      vertex 25.6506 -18.4294 34
    endloop
  endfacet
  facet normal -0 0 1
    outer loop
      vertex 25.3317 18.3327 34
      vertex 25.4935 -18.3732 34
      vertex 25.4935 18.3732 34
    endloop
  endfacet
  facet normal 0 0 1
    outer loop
      vertex 25.3317 18.3327 34
      vertex 25.3317 -18.3327 34
      vertex 25.4935 -18.3732 34
    endloop
  endfacet
  facet normal -0 0 1
    outer loop
      vertex 25.1666 18.3082 34
      vertex 25.3317 -18.3327 34
      vertex 25.3317 18.3327 34
    endloop
  endfacet
  facet normal 0 0 1
    outer loop
      vertex 25.1666 18.3082 34
      vertex 25.1666 -18.3082 34
      vertex 25.3317 -18.3327 34
    endloop
  endfacet
  facet normal -0 0 1
    outer loop
      vertex 25 18.3 34
      vertex 25.1666 -18.3082 34
      vertex 25.1666 18.3082 34
    endloop
  endfacet
  facet normal 0 0 1
    outer loop
      vertex 25 18.3 34
      vertex 25 -18.3 34
      vertex 25.1666 -18.3082 34
    endloop
  endfacet
  facet normal 0 0 1
    outer loop
      vertex 24.8334 18.3082 34
      vertex 25 -18.3 34
      vertex 25 18.3 34
    endloop
  endfacet
  facet normal 0 0 1
    outer loop
      vertex 24.8334 18.3082 34
      vertex 24.8334 -18.3082 34
      vertex 25 -18.3 34
    endloop
  endfacet
  facet normal 0 0 1
    outer loop
      vertex 5.9 6.2 34
      vertex 24.8334 18.3082 34
      vertex 24.6683 18.3327 34
    endloop
  endfacet
  facet normal 0 0 1
    outer loop
      vertex 24.8334 18.3082 34
      vertex 5.9 6.2 34
      vertex 24.8334 -18.3082 34
    endloop
  endfacet
  facet normal 0 0 1
    outer loop
      vertex 5.9 6.2 34
      vertex 24.6683 18.3327 34
      vertex 24.5065 18.3732 34
    endloop
  endfacet
  facet normal -0 0 1
    outer loop
      vertex 5.9 -6.2 34
      vertex 24.8334 -18.3082 34
      vertex 5.9 6.2 34
    endloop
  endfacet
  facet normal 0 0 1
    outer loop
      vertex 5.9 6.2 34
      vertex 24.5065 18.3732 34
      vertex 24.3494 18.4294 34
    endloop
  endfacet
  facet normal 0 0 1
    outer loop
      vertex 24.8334 -18.3082 34
      vertex 5.9 -6.2 34
      vertex 24.6683 -18.3327 34
    endloop
  endfacet
  facet normal 0 0 1
    outer loop
      vertex 5.9 6.2 34
      vertex 24.3494 18.4294 34
      vertex 24.1986 18.5007 34
    endloop
  endfacet
  facet normal 0 0 1
    outer loop
      vertex 24.6683 -18.3327 34
      vertex 5.9 -6.2 34
      vertex 24.5065 -18.3732 34
    endloop
  endfacet
  facet normal 0 0 1
    outer loop
      vertex 5.9 6.2 34
      vertex 24.1986 18.5007 34
      vertex 24.0555 18.5865 34
    endloop
  endfacet
  facet normal 0 0 1
    outer loop
      vertex 24.5065 -18.3732 34
      vertex 5.9 -6.2 34
      vertex 24.3494 -18.4294 34
    endloop
  endfacet
  facet normal 0 0 1
    outer loop
      vertex 5.9 6.2 34
      vertex 24.0555 18.5865 34
      vertex 23.9215 18.6859 34
    endloop
  endfacet
  facet normal 0 0 1
    outer loop
      vertex 24.3494 -18.4294 34
      vertex 5.9 -6.2 34
      vertex 24.1986 -18.5007 34
    endloop
  endfacet
  facet normal 0 0 1
    outer loop
      vertex 5.9 6.2 34
      vertex 23.9215 18.6859 34
      vertex 23.7979 18.7979 34
    endloop
  endfacet
  facet normal 0 0 1
    outer loop
      vertex 24.1986 -18.5007 34
      vertex 5.9 -6.2 34
      vertex 24.0555 -18.5865 34
    endloop
  endfacet
  facet normal 0 0 1
    outer loop
      vertex 5.9 6.2 34
      vertex 23.7979 18.7979 34
      vertex 23.6859 18.9215 34
    endloop
  endfacet
  facet normal 0 0 1
    outer loop
      vertex 24.0555 -18.5865 34
      vertex 5.9 -6.2 34
      vertex 23.9215 -18.6859 34
    endloop
  endfacet
  facet normal 0 0 1
    outer loop
      vertex 5.9 6.2 34
      vertex 23.6859 18.9215 34
      vertex 23.5865 19.0555 34
    endloop
  endfacet
  facet normal 0 0 1
    outer loop
      vertex 23.9215 -18.6859 34
      vertex 5.9 -6.2 34
      vertex 23.7979 -18.7979 34
    endloop
  endfacet
  facet normal 0 0 1
    outer loop
      vertex 5.9 6.2 34
      vertex 23.5865 19.0555 34
      vertex 23.5007 19.1986 34
    endloop
  endfacet
  facet normal 0 0 1
    outer loop
      vertex 23.7979 -18.7979 34
      vertex 5.9 -6.2 34
      vertex 23.6859 -18.9215 34
    endloop
  endfacet
  facet normal 0 0 1
    outer loop
      vertex 5.9 6.2 34
      vertex 23.5007 19.1986 34
      vertex 23.4294 19.3494 34
    endloop
  endfacet
  facet normal 0 0 1
    outer loop
      vertex 23.6859 -18.9215 34
      vertex 5.9 -6.2 34
      vertex 23.5865 -19.0555 34
    endloop
  endfacet
  facet normal 0 0 1
    outer loop
      vertex 5.9 6.2 34
      vertex 23.4294 19.3494 34
      vertex 23.3732 19.5065 34
    endloop
  endfacet
  facet normal 0 0 1
    outer loop
      vertex 23.5865 -19.0555 34
      vertex 5.9 -6.2 34
      vertex 23.5007 -19.1986 34
    endloop
  endfacet
  facet normal 0 0 1
    outer loop
      vertex 0.980784 18.8049 34
      vertex 23.3732 19.5065 34
      vertex 23.3327 19.6683 34
    endloop
  endfacet
  facet normal 0 0 1
    outer loop
      vertex 23.5007 -19.1986 34
      vertex 5.9 -6.2 34
      vertex 23.4294 -19.3494 34
    endloop
  endfacet
  facet normal 0 0 1
    outer loop
      vertex 0.995184 18.902 34
      vertex 23.3327 19.6683 34
      vertex 23.3082 19.8334 34
    endloop
  endfacet
  facet normal 0 0 1
    outer loop
      vertex 23.4294 -19.3494 34
      vertex 5.9 -6.2 34
      vertex 23.3732 -19.5065 34
    endloop
  endfacet
  facet normal 0 0 1
    outer loop
      vertex 1 19 34
      vertex 23.3082 19.8334 34
      vertex 23.3 20 34
    endloop
  endfacet
  facet normal 0 0 1
    outer loop
      vertex 23.3732 -19.5065 34
      vertex 5.9 -6.2 34
      vertex 23.3327 -19.6683 34
    endloop
  endfacet
  facet normal 0 0 1
    outer loop
      vertex 26.6268 20.4935 34
      vertex 30 21 34
      vertex 29.9807 21.3921 34
    endloop
  endfacet
  facet normal 0 0 1
    outer loop
      vertex 26.6918 19.8334 34
      vertex 30 21 34
      vertex 26.7 20 34
    endloop
  endfacet
  facet normal 0 0 1
    outer loop
      vertex 26.5706 20.6506 34
      vertex 29.9807 21.3921 34
      vertex 29.9231 21.7804 34
    endloop
  endfacet
  facet normal 0 0 1
    outer loop
      vertex 26.6673 19.6683 34
      vertex 30 21 34
      vertex 26.6918 19.8334 34
    endloop
  endfacet
  facet normal 0 0 1
    outer loop
      vertex 26.4993 20.8014 34
      vertex 29.9231 21.7804 34
      vertex 29.8278 22.1611 34
    endloop
  endfacet
  facet normal -0 0 1
    outer loop
      vertex 26.6918 -20.1666 34
      vertex 30 -21 34
      vertex 26.7 -20 34
    endloop
  endfacet
  facet normal 0 0 1
    outer loop
      vertex 26.4993 20.8014 34
      vertex 29.8278 22.1611 34
      vertex 29.6955 22.5307 34
    endloop
  endfacet
  facet normal -0 0 1
    outer loop
      vertex 26.6673 -20.3317 34
      vertex 30 -21 34
      vertex 26.6918 -20.1666 34
    endloop
  endfacet
  facet normal 0 0 1
    outer loop
      vertex 26.4135 20.9445 34
      vertex 29.6955 22.5307 34
      vertex 29.5277 22.8856 34
    endloop
  endfacet
  facet normal -0 0 1
    outer loop
      vertex 26.6268 -20.4935 34
      vertex 30 -21 34
      vertex 26.6673 -20.3317 34
    endloop
  endfacet
  facet normal 0 0 1
    outer loop
      vertex 26.4135 20.9445 34
      vertex 29.5277 22.8856 34
      vertex 29.3259 23.2223 34
    endloop
  endfacet
  facet normal 0 0 1
    outer loop
      vertex 30 -21 34
      vertex 26.6268 -20.4935 34
      vertex 29.9807 -21.3921 34
    endloop
  endfacet
  facet normal 0 0 1
    outer loop
      vertex 26.3141 21.0785 34
      vertex 29.3259 23.2223 34
      vertex 29.092 23.5376 34
    endloop
  endfacet
  facet normal -0 0 1
    outer loop
      vertex 26.5706 -20.6506 34
      vertex 29.9807 -21.3921 34
      vertex 26.6268 -20.4935 34
    endloop
  endfacet
  facet normal 0 0 1
    outer loop
      vertex 26.2021 21.2021 34
      vertex 29.092 23.5376 34
      vertex 28.8284 23.8284 34
    endloop
  endfacet
  facet normal 0 0 1
    outer loop
      vertex 29.9807 -21.3921 34
      vertex 26.5706 -20.6506 34
      vertex 29.9231 -21.7804 34
    endloop
  endfacet
  facet normal 0 0 1
    outer loop
      vertex 26.2021 21.2021 34
      vertex 28.8284 23.8284 34
      vertex 28.5376 24.092 34
    endloop
  endfacet
  facet normal -0 0 1
    outer loop
      vertex 26.4993 -20.8014 34
      vertex 29.9231 -21.7804 34
      vertex 26.5706 -20.6506 34
    endloop
  endfacet
  facet normal 0 0 1
    outer loop
      vertex 26.0785 21.3141 34
      vertex 28.5376 24.092 34
      vertex 28.2223 24.3259 34
    endloop
  endfacet
  facet normal 0 0 1
    outer loop
      vertex 29.9231 -21.7804 34
      vertex 26.4993 -20.8014 34
      vertex 29.8278 -22.1611 34
    endloop
  endfacet
  facet normal 0 0 1
    outer loop
      vertex 26.0785 21.3141 34
      vertex 28.2223 24.3259 34
      vertex 27.8856 24.5277 34
    endloop
  endfacet
  facet normal 0 0 1
    outer loop
      vertex 29.8278 -22.1611 34
      vertex 26.4993 -20.8014 34
      vertex 29.6955 -22.5307 34
    endloop
  endfacet
  facet normal 0 0 1
    outer loop
      vertex 25.9445 21.4135 34
      vertex 27.8856 24.5277 34
      vertex 27.5307 24.6955 34
    endloop
  endfacet
  facet normal -0 0 1
    outer loop
      vertex 26.4135 -20.9445 34
      vertex 29.6955 -22.5307 34
      vertex 26.4993 -20.8014 34
    endloop
  endfacet
  facet normal 0 0 1
    outer loop
      vertex 25.8014 21.4993 34
      vertex 27.5307 24.6955 34
      vertex 27.1611 24.8278 34
    endloop
  endfacet
  facet normal 0 0 1
    outer loop
      vertex 29.6955 -22.5307 34
      vertex 26.4135 -20.9445 34
      vertex 29.5277 -22.8856 34
    endloop
  endfacet
  facet normal 0 0 1
    outer loop
      vertex 25.8014 21.4993 34
      vertex 27.1611 24.8278 34
      vertex 26.7804 24.9231 34
    endloop
  endfacet
  facet normal 0 0 1
    outer loop
      vertex 29.5277 -22.8856 34
      vertex 26.4135 -20.9445 34
      vertex 29.3259 -23.2223 34
    endloop
  endfacet
  facet normal -0 0 1
    outer loop
      vertex 26.3141 -21.0785 34
      vertex 29.3259 -23.2223 34
      vertex 26.4135 -20.9445 34
    endloop
  endfacet
  facet normal 0 0 1
    outer loop
      vertex 30 21 34
      vertex 26.6918 20.1666 34
      vertex 26.7 20 34
    endloop
  endfacet
  facet normal 0 0 1
    outer loop
      vertex 30 21 34
      vertex 26.6673 20.3317 34
      vertex 26.6918 20.1666 34
    endloop
  endfacet
  facet normal 0 0 1
    outer loop
      vertex 30 21 34
      vertex 26.6268 20.4935 34
      vertex 26.6673 20.3317 34
    endloop
  endfacet
  facet normal 0 0 1
    outer loop
      vertex 29.9807 21.3921 34
      vertex 26.5706 20.6506 34
      vertex 26.6268 20.4935 34
    endloop
  endfacet
  facet normal 0 0 1
    outer loop
      vertex 29.9231 21.7804 34
      vertex 26.4993 20.8014 34
      vertex 26.5706 20.6506 34
    endloop
  endfacet
  facet normal 0 0 1
    outer loop
      vertex 29.6955 22.5307 34
      vertex 26.4135 20.9445 34
      vertex 26.4993 20.8014 34
    endloop
  endfacet
  facet normal 0 0 1
    outer loop
      vertex 25.6506 21.5706 34
      vertex 26.7804 24.9231 34
      vertex 26.3921 24.9807 34
    endloop
  endfacet
  facet normal 0 0 1
    outer loop
      vertex 29.3259 23.2223 34
      vertex 26.3141 21.0785 34
      vertex 26.4135 20.9445 34
    endloop
  endfacet
  facet normal 0 0 1
    outer loop
      vertex 29.092 23.5376 34
      vertex 26.2021 21.2021 34
      vertex 26.3141 21.0785 34
    endloop
  endfacet
  facet normal 0 0 1
    outer loop
      vertex 28.5376 24.092 34
      vertex 26.0785 21.3141 34
      vertex 26.2021 21.2021 34
    endloop
  endfacet
  facet normal 0 0 1
    outer loop
      vertex 25.4935 21.6268 34
      vertex 26.3921 24.9807 34
      vertex 26 25 34
    endloop
  endfacet
  facet normal 0 0 1
    outer loop
      vertex 27.8856 24.5277 34
      vertex 25.9445 21.4135 34
      vertex 26.0785 21.3141 34
    endloop
  endfacet
  facet normal 0 0 1
    outer loop
      vertex 27.5307 24.6955 34
      vertex 25.8014 21.4993 34
      vertex 25.9445 21.4135 34
    endloop
  endfacet
  facet normal 0 0 1
    outer loop
      vertex 26.7804 24.9231 34
      vertex 25.6506 21.5706 34
      vertex 25.8014 21.4993 34
    endloop
  endfacet
  facet normal 0 0 1
    outer loop
      vertex 26.3921 24.9807 34
      vertex 25.4935 21.6268 34
      vertex 25.6506 21.5706 34
    endloop
  endfacet
  facet normal 0 0 1
    outer loop
      vertex 26 25 34
      vertex 25.3317 21.6673 34
      vertex 25.4935 21.6268 34
    endloop
  endfacet
  facet normal 0 0 1
    outer loop
      vertex 26 25 34
      vertex 25.1666 21.6918 34
      vertex 25.3317 21.6673 34
    endloop
  endfacet
  facet normal 0 0 1
    outer loop
      vertex 26 25 34
      vertex 25 21.7 34
      vertex 25.1666 21.6918 34
    endloop
  endfacet
  facet normal 0 0 1
    outer loop
      vertex 26 25 34
      vertex 24.8334 21.6918 34
      vertex 25 21.7 34
    endloop
  endfacet
  facet normal 0 0 1
    outer loop
      vertex 26 25 34
      vertex 24.6683 21.6673 34
      vertex 24.8334 21.6918 34
    endloop
  endfacet
  facet normal 0 0 1
    outer loop
      vertex 26 25 34
      vertex 24.5065 21.6268 34
      vertex 24.6683 21.6673 34
    endloop
  endfacet
  facet normal 0 0 1
    outer loop
      vertex 26 25 34
      vertex 24.3494 21.5706 34
      vertex 24.5065 21.6268 34
    endloop
  endfacet
  facet normal 0 0 1
    outer loop
      vertex 26 25 34
      vertex 24.1986 21.4993 34
      vertex 24.3494 21.5706 34
    endloop
  endfacet
  facet normal 0 0 1
    outer loop
      vertex 26 25 34
      vertex 24.0555 21.4135 34
      vertex 24.1986 21.4993 34
    endloop
  endfacet
  facet normal 0 0 1
    outer loop
      vertex 26 25 34
      vertex 23.9215 21.3141 34
      vertex 24.0555 21.4135 34
    endloop
  endfacet
  facet normal 0 0 1
    outer loop
      vertex 26 25 34
      vertex 23.7979 21.2021 34
      vertex 23.9215 21.3141 34
    endloop
  endfacet
  facet normal 0 0 1
    outer loop
      vertex 26 25 34
      vertex 23.6859 21.0785 34
      vertex 23.7979 21.2021 34
    endloop
  endfacet
  facet normal 0 0 1
    outer loop
      vertex 0.707107 19.7071 34
      vertex 23.6859 21.0785 34
      vertex 26 25 34
    endloop
  endfacet
  facet normal 0 0 1
    outer loop
      vertex 23.6859 21.0785 34
      vertex 0.707107 19.7071 34
      vertex 23.5865 20.9445 34
    endloop
  endfacet
  facet normal 0 0 1
    outer loop
      vertex 23.3327 -19.6683 34
      vertex 5.9 -6.2 34
      vertex 23.3082 -19.8334 34
    endloop
  endfacet
  facet normal 0 0 1
    outer loop
      vertex 0.995184 19.098 34
      vertex 23.3 20 34
      vertex 23.3082 20.1666 34
    endloop
  endfacet
  facet normal 0 0 1
    outer loop
      vertex 0.980784 19.1951 34
      vertex 23.3082 20.1666 34
      vertex 23.3327 20.3317 34
    endloop
  endfacet
  facet normal 0 0 1
    outer loop
      vertex 0.95694 19.2903 34
      vertex 23.3327 20.3317 34
      vertex 23.3732 20.4935 34
    endloop
  endfacet
  facet normal 0 0 1
    outer loop
      vertex 0.923879 19.3827 34
      vertex 23.3732 20.4935 34
      vertex 23.4294 20.6506 34
    endloop
  endfacet
  facet normal 0 0 1
    outer loop
      vertex 0.881921 19.4714 34
      vertex 23.4294 20.6506 34
      vertex 23.5007 20.8014 34
    endloop
  endfacet
  facet normal 0 -0 1
    outer loop
      vertex 0.77301 19.6344 34
      vertex 23.5865 20.9445 34
      vertex 0.707107 19.7071 34
    endloop
  endfacet
  facet normal 0 0 1
    outer loop
      vertex 23.3082 19.8334 34
      vertex 1 19 34
      vertex 0.995184 18.902 34
    endloop
  endfacet
  facet normal 0 0 1
    outer loop
      vertex 23.3 20 34
      vertex 0.995184 19.098 34
      vertex 1 19 34
    endloop
  endfacet
  facet normal 0 0 1
    outer loop
      vertex 23.3082 20.1666 34
      vertex 0.980784 19.1951 34
      vertex 0.995184 19.098 34
    endloop
  endfacet
  facet normal 0 0 1
    outer loop
      vertex 23.3327 20.3317 34
      vertex 0.95694 19.2903 34
      vertex 0.980784 19.1951 34
    endloop
  endfacet
  facet normal 0 0 1
    outer loop
      vertex 23.3732 20.4935 34
      vertex 0.923879 19.3827 34
      vertex 0.95694 19.2903 34
    endloop
  endfacet
  facet normal 0 0 1
    outer loop
      vertex 23.4294 20.6506 34
      vertex 0.881921 19.4714 34
      vertex 0.923879 19.3827 34
    endloop
  endfacet
  facet normal 0 0 1
    outer loop
      vertex 23.5007 20.8014 34
      vertex 0.83147 19.5556 34
      vertex 0.881921 19.4714 34
    endloop
  endfacet
  facet normal 0 0 1
    outer loop
      vertex 23.5007 20.8014 34
      vertex 0.77301 19.6344 34
      vertex 0.83147 19.5556 34
    endloop
  endfacet
  facet normal 0 0 1
    outer loop
      vertex 23.5865 20.9445 34
      vertex 0.77301 19.6344 34
      vertex 23.5007 20.8014 34
    endloop
  endfacet
  facet normal 0 0 1
    outer loop
      vertex 26 25 34
      vertex 0.634393 19.773 34
      vertex 0.707107 19.7071 34
    endloop
  endfacet
  facet normal 0 0 1
    outer loop
      vertex 26 25 34
      vertex 0.55557 19.8315 34
      vertex 0.634393 19.773 34
    endloop
  endfacet
  facet normal 0 0 1
    outer loop
      vertex 26 25 34
      vertex 0.471396 19.8819 34
      vertex 0.55557 19.8315 34
    endloop
  endfacet
  facet normal 0 0 1
    outer loop
      vertex 26 25 34
      vertex 0.382683 19.9239 34
      vertex 0.471396 19.8819 34
    endloop
  endfacet
  facet normal 0 0 1
    outer loop
      vertex 26 25 34
      vertex 0.290284 19.9569 34
      vertex 0.382683 19.9239 34
    endloop
  endfacet
  facet normal 0 0 1
    outer loop
      vertex 26 25 34
      vertex 0.19509 19.9808 34
      vertex 0.290284 19.9569 34
    endloop
  endfacet
  facet normal 0 0 1
    outer loop
      vertex 26 25 34
      vertex 0.0980167 19.9952 34
      vertex 0.19509 19.9808 34
    endloop
  endfacet
  facet normal 0 0 1
    outer loop
      vertex 26 25 34
      vertex 0 20 34
      vertex 0.0980167 19.9952 34
    endloop
  endfacet
  facet normal -0 0 1
    outer loop
      vertex -26 25 34
      vertex 0 20 34
      vertex 26 25 34
    endloop
  endfacet
  facet normal 0 0 1
    outer loop
      vertex 0 20 34
      vertex -26 25 34
      vertex -0.0980167 19.9952 34
    endloop
  endfacet
  facet normal 0 0 1
    outer loop
      vertex -23.3 20 34
      vertex -1 19 34
      vertex -0.995184 19.098 34
    endloop
  endfacet
  facet normal 0 0 1
    outer loop
      vertex -23.3082 20.1666 34
      vertex -0.995184 19.098 34
      vertex -0.980784 19.1951 34
    endloop
  endfacet
  facet normal 0 0 1
    outer loop
      vertex -23.3082 20.1666 34
      vertex -0.980784 19.1951 34
      vertex -0.95694 19.2903 34
    endloop
  endfacet
  facet normal 0 0 1
    outer loop
      vertex -23.3327 20.3317 34
      vertex -0.95694 19.2903 34
      vertex -0.923879 19.3827 34
    endloop
  endfacet
  facet normal 0 0 1
    outer loop
      vertex -23.3732 20.4935 34
      vertex -0.923879 19.3827 34
      vertex -0.881921 19.4714 34
    endloop
  endfacet
  facet normal 0 0 1
    outer loop
      vertex -23.4294 20.6506 34
      vertex -0.881921 19.4714 34
      vertex -0.83147 19.5556 34
    endloop
  endfacet
  facet normal 0 0 1
    outer loop
      vertex -23.5007 20.8014 34
      vertex -0.83147 19.5556 34
      vertex -0.77301 19.6344 34
    endloop
  endfacet
  facet normal 0 0 1
    outer loop
      vertex -23.5865 20.9445 34
      vertex -0.77301 19.6344 34
      vertex -0.707107 19.7071 34
    endloop
  endfacet
  facet normal 0 0 1
    outer loop
      vertex -26 25 34
      vertex -0.707107 19.7071 34
      vertex -0.634393 19.773 34
    endloop
  endfacet
  facet normal 0 0 1
    outer loop
      vertex -0.995184 18.902 34
      vertex -23.3327 19.6683 34
      vertex -0.980784 18.8049 34
    endloop
  endfacet
  facet normal -0 0 1
    outer loop
      vertex -23.3082 19.8334 34
      vertex -1 19 34
      vertex -23.3 20 34
    endloop
  endfacet
  facet normal 0 0 1
    outer loop
      vertex -26 25 34
      vertex -0.634393 19.773 34
      vertex -0.55557 19.8315 34
    endloop
  endfacet
  facet normal 0 0 1
    outer loop
      vertex -26 25 34
      vertex -0.55557 19.8315 34
      vertex -0.471396 19.8819 34
    endloop
  endfacet
  facet normal 0 0 1
    outer loop
      vertex -26 25 34
      vertex -0.471396 19.8819 34
      vertex -0.382683 19.9239 34
    endloop
  endfacet
  facet normal 0 0 1
    outer loop
      vertex -26 25 34
      vertex -0.382683 19.9239 34
      vertex -0.290284 19.9569 34
    endloop
  endfacet
  facet normal 0 0 1
    outer loop
      vertex -26 25 34
      vertex -0.290284 19.9569 34
      vertex -0.19509 19.9808 34
    endloop
  endfacet
  facet normal 0 0 1
    outer loop
      vertex -0.0980167 19.9952 34
      vertex -26 25 34
      vertex -0.19509 19.9808 34
    endloop
  endfacet
  facet normal 0 0 1
    outer loop
      vertex -0.995184 19.098 34
      vertex -23.3082 20.1666 34
      vertex -23.3 20 34
    endloop
  endfacet
  facet normal 0 0 1
    outer loop
      vertex -0.95694 19.2903 34
      vertex -23.3327 20.3317 34
      vertex -23.3082 20.1666 34
    endloop
  endfacet
  facet normal 0 0 1
    outer loop
      vertex -0.923879 19.3827 34
      vertex -23.3732 20.4935 34
      vertex -23.3327 20.3317 34
    endloop
  endfacet
  facet normal 0 0 1
    outer loop
      vertex -0.881921 19.4714 34
      vertex -23.4294 20.6506 34
      vertex -23.3732 20.4935 34
    endloop
  endfacet
  facet normal 0 0 1
    outer loop
      vertex -0.83147 19.5556 34
      vertex -23.5007 20.8014 34
      vertex -23.4294 20.6506 34
    endloop
  endfacet
  facet normal 0 0 1
    outer loop
      vertex -0.77301 19.6344 34
      vertex -23.5865 20.9445 34
      vertex -23.5007 20.8014 34
    endloop
  endfacet
  facet normal 0 0 1
    outer loop
      vertex -0.707107 19.7071 34
      vertex -26 25 34
      vertex -23.6859 21.0785 34
    endloop
  endfacet
  facet normal 0 0 1
    outer loop
      vertex -0.707107 19.7071 34
      vertex -23.6859 21.0785 34
      vertex -23.5865 20.9445 34
    endloop
  endfacet
  facet normal 0 0 1
    outer loop
      vertex -23.6859 21.0785 34
      vertex -26 25 34
      vertex -23.7979 21.2021 34
    endloop
  endfacet
  facet normal 0 0 1
    outer loop
      vertex -23.7979 21.2021 34
      vertex -26 25 34
      vertex -23.9215 21.3141 34
    endloop
  endfacet
  facet normal 0 0 1
    outer loop
      vertex -23.9215 21.3141 34
      vertex -26 25 34
      vertex -24.0555 21.4135 34
    endloop
  endfacet
  facet normal 0 0 1
    outer loop
      vertex -24.0555 21.4135 34
      vertex -26 25 34
      vertex -24.1986 21.4993 34
    endloop
  endfacet
  facet normal 0 0 1
    outer loop
      vertex -24.1986 21.4993 34
      vertex -26 25 34
      vertex -24.3494 21.5706 34
    endloop
  endfacet
  facet normal 0 0 1
    outer loop
      vertex -24.3494 21.5706 34
      vertex -26 25 34
      vertex -24.5065 21.6268 34
    endloop
  endfacet
  facet normal 0 0 1
    outer loop
      vertex -24.5065 21.6268 34
      vertex -26 25 34
      vertex -24.6683 21.6673 34
    endloop
  endfacet
  facet normal 0 0 1
    outer loop
      vertex -24.6683 21.6673 34
      vertex -26 25 34
      vertex -24.8334 21.6918 34
    endloop
  endfacet
  facet normal 0 0 1
    outer loop
      vertex -24.8334 21.6918 34
      vertex -26 25 34
      vertex -25 21.7 34
    endloop
  endfacet
  facet normal 0 0 1
    outer loop
      vertex -25 21.7 34
      vertex -26 25 34
      vertex -25.1666 21.6918 34
    endloop
  endfacet
  facet normal 0 0 1
    outer loop
      vertex -26 25 34
      vertex -25.3317 21.6673 34
      vertex -25.1666 21.6918 34
    endloop
  endfacet
  facet normal 0 0 1
    outer loop
      vertex -26 25 34
      vertex -25.4935 21.6268 34
      vertex -25.3317 21.6673 34
    endloop
  endfacet
  facet normal -0 0 1
    outer loop
      vertex -26.3921 24.9807 34
      vertex -25.4935 21.6268 34
      vertex -26 25 34
    endloop
  endfacet
  facet normal 0 0 1
    outer loop
      vertex -25.4935 21.6268 34
      vertex -26.3921 24.9807 34
      vertex -25.6506 21.5706 34
    endloop
  endfacet
  facet normal -0 0 1
    outer loop
      vertex -26.7804 24.9231 34
      vertex -25.6506 21.5706 34
      vertex -26.3921 24.9807 34
    endloop
  endfacet
  facet normal 0 0 1
    outer loop
      vertex -25.6506 21.5706 34
      vertex -26.7804 24.9231 34
      vertex -25.8014 21.4993 34
    endloop
  endfacet
  facet normal -0 0 1
    outer loop
      vertex -27.1611 24.8278 34
      vertex -25.8014 21.4993 34
      vertex -26.7804 24.9231 34
    endloop
  endfacet
  facet normal -0 0 1
    outer loop
      vertex -27.5307 24.6955 34
      vertex -25.8014 21.4993 34
      vertex -27.1611 24.8278 34
    endloop
  endfacet
  facet normal 0 0 1
    outer loop
      vertex -25.8014 21.4993 34
      vertex -27.5307 24.6955 34
      vertex -25.9445 21.4135 34
    endloop
  endfacet
  facet normal -0 0 1
    outer loop
      vertex -27.8856 24.5277 34
      vertex -25.9445 21.4135 34
      vertex -27.5307 24.6955 34
    endloop
  endfacet
  facet normal 0 0 1
    outer loop
      vertex -25.9445 21.4135 34
      vertex -27.8856 24.5277 34
      vertex -26.0785 21.3141 34
    endloop
  endfacet
  facet normal -0 0 1
    outer loop
      vertex -28.2223 24.3259 34
      vertex -26.0785 21.3141 34
      vertex -27.8856 24.5277 34
    endloop
  endfacet
  facet normal -0 0 1
    outer loop
      vertex -28.5376 24.092 34
      vertex -26.0785 21.3141 34
      vertex -28.2223 24.3259 34
    endloop
  endfacet
  facet normal 0 0 1
    outer loop
      vertex -26.0785 21.3141 34
      vertex -28.5376 24.092 34
      vertex -26.2021 21.2021 34
    endloop
  endfacet
  facet normal -0 0 1
    outer loop
      vertex -28.8284 23.8284 34
      vertex -26.2021 21.2021 34
      vertex -28.5376 24.092 34
    endloop
  endfacet
  facet normal -0 0 1
    outer loop
      vertex -29.3259 23.2223 34
      vertex -26.3141 21.0785 34
      vertex -29.092 23.5376 34
    endloop
  endfacet
  facet normal 0 0 1
    outer loop
      vertex -26.2021 21.2021 34
      vertex -29.092 23.5376 34
      vertex -26.3141 21.0785 34
    endloop
  endfacet
  facet normal -0 0 1
    outer loop
      vertex -29.092 23.5376 34
      vertex -26.2021 21.2021 34
      vertex -28.8284 23.8284 34
    endloop
  endfacet
  facet normal 0 0 1
    outer loop
      vertex 29.3259 -23.2223 34
      vertex 26.3141 -21.0785 34
      vertex 29.092 -23.5376 34
    endloop
  endfacet
  facet normal -0 0 1
    outer loop
      vertex 26.2021 -21.2021 34
      vertex 29.092 -23.5376 34
      vertex 26.3141 -21.0785 34
    endloop
  endfacet
  facet normal 0 0 1
    outer loop
      vertex 29.092 -23.5376 34
      vertex 26.2021 -21.2021 34
      vertex 28.8284 -23.8284 34
    endloop
  endfacet
  facet normal 0 0 1
    outer loop
      vertex 28.8284 -23.8284 34
      vertex 26.2021 -21.2021 34
      vertex 28.5376 -24.092 34
    endloop
  endfacet
  facet normal -0 0 1
    outer loop
      vertex 26.0785 -21.3141 34
      vertex 28.5376 -24.092 34
      vertex 26.2021 -21.2021 34
    endloop
  endfacet
  facet normal 0 0 1
    outer loop
      vertex 28.5376 -24.092 34
      vertex 26.0785 -21.3141 34
      vertex 28.2223 -24.3259 34
    endloop
  endfacet
  facet normal 0 0 1
    outer loop
      vertex 28.2223 -24.3259 34
      vertex 26.0785 -21.3141 34
      vertex 27.8856 -24.5277 34
    endloop
  endfacet
  facet normal -0 0 1
    outer loop
      vertex 25.9445 -21.4135 34
      vertex 27.8856 -24.5277 34
      vertex 26.0785 -21.3141 34
    endloop
  endfacet
  facet normal 0 0 1
    outer loop
      vertex 27.8856 -24.5277 34
      vertex 25.9445 -21.4135 34
      vertex 27.5307 -24.6955 34
    endloop
  endfacet
  facet normal -0 0 1
    outer loop
      vertex 25.8014 -21.4993 34
      vertex 27.5307 -24.6955 34
      vertex 25.9445 -21.4135 34
    endloop
  endfacet
  facet normal 0 0 1
    outer loop
      vertex 27.5307 -24.6955 34
      vertex 25.8014 -21.4993 34
      vertex 27.1611 -24.8278 34
    endloop
  endfacet
  facet normal 0 0 1
    outer loop
      vertex 27.1611 -24.8278 34
      vertex 25.8014 -21.4993 34
      vertex 26.7804 -24.9231 34
    endloop
  endfacet
  facet normal -0 0 1
    outer loop
      vertex 25.6506 -21.5706 34
      vertex 26.7804 -24.9231 34
      vertex 25.8014 -21.4993 34
    endloop
  endfacet
  facet normal 0 0 1
    outer loop
      vertex 26.7804 -24.9231 34
      vertex 25.6506 -21.5706 34
      vertex 26.3921 -24.9807 34
    endloop
  endfacet
  facet normal -0 0 1
    outer loop
      vertex 25.4935 -21.6268 34
      vertex 26.3921 -24.9807 34
      vertex 25.6506 -21.5706 34
    endloop
  endfacet
  facet normal 0 0 1
    outer loop
      vertex 26.3921 -24.9807 34
      vertex 25.4935 -21.6268 34
      vertex 26 -25 34
    endloop
  endfacet
  facet normal -0 0 1
    outer loop
      vertex 25.3317 -21.6673 34
      vertex 26 -25 34
      vertex 25.4935 -21.6268 34
    endloop
  endfacet
  facet normal -0 0 1
    outer loop
      vertex 25.1666 -21.6918 34
      vertex 26 -25 34
      vertex 25.3317 -21.6673 34
    endloop
  endfacet
  facet normal -0 0 1
    outer loop
      vertex 25 -21.7 34
      vertex 26 -25 34
      vertex 25.1666 -21.6918 34
    endloop
  endfacet
  facet normal 0 0 1
    outer loop
      vertex 24.8334 -21.6918 34
      vertex 26 -25 34
      vertex 25 -21.7 34
    endloop
  endfacet
  facet normal 0 0 1
    outer loop
      vertex 24.6683 -21.6673 34
      vertex 26 -25 34
      vertex 24.8334 -21.6918 34
    endloop
  endfacet
  facet normal 0 0 1
    outer loop
      vertex 24.5065 -21.6268 34
      vertex 26 -25 34
      vertex 24.6683 -21.6673 34
    endloop
  endfacet
  facet normal 0 0 1
    outer loop
      vertex 24.3494 -21.5706 34
      vertex 26 -25 34
      vertex 24.5065 -21.6268 34
    endloop
  endfacet
  facet normal 0 0 1
    outer loop
      vertex 24.1986 -21.4993 34
      vertex 26 -25 34
      vertex 24.3494 -21.5706 34
    endloop
  endfacet
  facet normal 0 0 1
    outer loop
      vertex 24.0555 -21.4135 34
      vertex 26 -25 34
      vertex 24.1986 -21.4993 34
    endloop
  endfacet
  facet normal 0 0 1
    outer loop
      vertex 23.9215 -21.3141 34
      vertex 26 -25 34
      vertex 24.0555 -21.4135 34
    endloop
  endfacet
  facet normal 0 0 1
    outer loop
      vertex 23.7979 -21.2021 34
      vertex 26 -25 34
      vertex 23.9215 -21.3141 34
    endloop
  endfacet
  facet normal 0 0 1
    outer loop
      vertex 23.6859 -21.0785 34
      vertex 26 -25 34
      vertex 23.7979 -21.2021 34
    endloop
  endfacet
  facet normal 0 0 1
    outer loop
      vertex 23.5865 -20.9445 34
      vertex 26 -25 34
      vertex 23.6859 -21.0785 34
    endloop
  endfacet
  facet normal 0 0 1
    outer loop
      vertex -23.5865 -20.9445 34
      vertex 23.5865 -20.9445 34
      vertex 23.5007 -20.8014 34
    endloop
  endfacet
  facet normal 0 0 1
    outer loop
      vertex 23.3082 -19.8334 34
      vertex 5.9 -6.2 34
      vertex 23.3 -20 34
    endloop
  endfacet
  facet normal 0 0 1
    outer loop
      vertex 23.3 -20 34
      vertex 5.9 -6.2 34
      vertex 23.3082 -20.1666 34
    endloop
  endfacet
  facet normal 0 0 1
    outer loop
      vertex 23.3082 -20.1666 34
      vertex 5.9 -6.2 34
      vertex 23.3327 -20.3317 34
    endloop
  endfacet
  facet normal 0 0 1
    outer loop
      vertex 23.3327 -20.3317 34
      vertex 5.9 -6.2 34
      vertex 23.3732 -20.4935 34
    endloop
  endfacet
  facet normal 0 0 1
    outer loop
      vertex 23.3732 -20.4935 34
      vertex 5.9 -6.2 34
      vertex 23.4294 -20.6506 34
    endloop
  endfacet
  facet normal 0 0 1
    outer loop
      vertex -23.4294 -20.6506 34
      vertex 23.4294 -20.6506 34
      vertex 5.9 -6.2 34
    endloop
  endfacet
  facet normal 0 0 1
    outer loop
      vertex 23.4294 -20.6506 34
      vertex -23.4294 -20.6506 34
      vertex 23.5007 -20.8014 34
    endloop
  endfacet
  facet normal 0 0 1
    outer loop
      vertex -23.3 -20 34
      vertex 5.9 -6.2 34
      vertex -17.1 -6.2 34
    endloop
  endfacet
  facet normal -0 0 1
    outer loop
      vertex -23.3732 19.5065 34
      vertex -0.980784 18.8049 34
      vertex -23.3327 19.6683 34
    endloop
  endfacet
  facet normal 0 0 1
    outer loop
      vertex 5.9 -6.2 34
      vertex -23.3 -20 34
      vertex -23.3082 -20.1666 34
    endloop
  endfacet
  facet normal 0 0 1
    outer loop
      vertex -23.3327 -20.3317 34
      vertex 5.9 -6.2 34
      vertex -23.3082 -20.1666 34
    endloop
  endfacet
  facet normal 0 0 1
    outer loop
      vertex -23.3732 -20.4935 34
      vertex 5.9 -6.2 34
      vertex -23.3327 -20.3317 34
    endloop
  endfacet
  facet normal 0 0 1
    outer loop
      vertex -23.4294 -20.6506 34
      vertex 5.9 -6.2 34
      vertex -23.3732 -20.4935 34
    endloop
  endfacet
  facet normal 0 0 1
    outer loop
      vertex -23.5007 -20.8014 34
      vertex 23.5007 -20.8014 34
      vertex -23.4294 -20.6506 34
    endloop
  endfacet
  facet normal 0 0 1
    outer loop
      vertex -23.5865 -20.9445 34
      vertex 23.5007 -20.8014 34
      vertex -23.5007 -20.8014 34
    endloop
  endfacet
  facet normal 0 0 1
    outer loop
      vertex 23.5865 -20.9445 34
      vertex -23.5865 -20.9445 34
      vertex 26 -25 34
    endloop
  endfacet
  facet normal 0 0 1
    outer loop
      vertex -26 -25 34
      vertex -23.5865 -20.9445 34
      vertex -23.6859 -21.0785 34
    endloop
  endfacet
  facet normal 0 0 1
    outer loop
      vertex -26 -25 34
      vertex -23.6859 -21.0785 34
      vertex -23.7979 -21.2021 34
    endloop
  endfacet
  facet normal 0 0 1
    outer loop
      vertex -26 -25 34
      vertex -23.7979 -21.2021 34
      vertex -23.9215 -21.3141 34
    endloop
  endfacet
  facet normal 0 0 1
    outer loop
      vertex -26 -25 34
      vertex -23.9215 -21.3141 34
      vertex -24.0555 -21.4135 34
    endloop
  endfacet
  facet normal 0 0 1
    outer loop
      vertex -26 -25 34
      vertex -24.0555 -21.4135 34
      vertex -24.1986 -21.4993 34
    endloop
  endfacet
  facet normal 0 0 1
    outer loop
      vertex -26 -25 34
      vertex -24.1986 -21.4993 34
      vertex -24.3494 -21.5706 34
    endloop
  endfacet
  facet normal 0 0 1
    outer loop
      vertex -26 -25 34
      vertex -24.3494 -21.5706 34
      vertex -24.5065 -21.6268 34
    endloop
  endfacet
  facet normal 0 0 1
    outer loop
      vertex -26 -25 34
      vertex -24.5065 -21.6268 34
      vertex -24.6683 -21.6673 34
    endloop
  endfacet
  facet normal 0 0 1
    outer loop
      vertex -26 -25 34
      vertex -24.6683 -21.6673 34
      vertex -24.8334 -21.6918 34
    endloop
  endfacet
  facet normal 0 0 1
    outer loop
      vertex -26 -25 34
      vertex -24.8334 -21.6918 34
      vertex -25 -21.7 34
    endloop
  endfacet
  facet normal 0 0 1
    outer loop
      vertex -26 -25 34
      vertex -25 -21.7 34
      vertex -25.1666 -21.6918 34
    endloop
  endfacet
  facet normal 0 0 1
    outer loop
      vertex -23.5865 -20.9445 34
      vertex -26 -25 34
      vertex 26 -25 34
    endloop
  endfacet
  facet normal 0 0 1
    outer loop
      vertex -25.3317 -21.6673 34
      vertex -26 -25 34
      vertex -25.1666 -21.6918 34
    endloop
  endfacet
  facet normal 0 0 1
    outer loop
      vertex -25.4935 -21.6268 34
      vertex -26 -25 34
      vertex -25.3317 -21.6673 34
    endloop
  endfacet
  facet normal 0 0 1
    outer loop
      vertex -26.3921 -24.9807 34
      vertex -25.4935 -21.6268 34
      vertex -25.6506 -21.5706 34
    endloop
  endfacet
  facet normal 0 0 1
    outer loop
      vertex -26.7804 -24.9231 34
      vertex -25.6506 -21.5706 34
      vertex -25.8014 -21.4993 34
    endloop
  endfacet
  facet normal 0 0 1
    outer loop
      vertex -27.5307 -24.6955 34
      vertex -25.8014 -21.4993 34
      vertex -25.9445 -21.4135 34
    endloop
  endfacet
  facet normal 0 0 1
    outer loop
      vertex -27.8856 -24.5277 34
      vertex -25.9445 -21.4135 34
      vertex -26.0785 -21.3141 34
    endloop
  endfacet
  facet normal 0 0 1
    outer loop
      vertex -28.5376 -24.092 34
      vertex -26.0785 -21.3141 34
      vertex -26.2021 -21.2021 34
    endloop
  endfacet
  facet normal 0 0 1
    outer loop
      vertex -29.092 -23.5376 34
      vertex -26.2021 -21.2021 34
      vertex -26.3141 -21.0785 34
    endloop
  endfacet
  facet normal 0 0 1
    outer loop
      vertex -25.4935 -21.6268 34
      vertex -26.3921 -24.9807 34
      vertex -26 -25 34
    endloop
  endfacet
  facet normal 0 0 1
    outer loop
      vertex -29.3259 -23.2223 34
      vertex -26.3141 -21.0785 34
      vertex -26.4135 -20.9445 34
    endloop
  endfacet
  facet normal 0 0 1
    outer loop
      vertex -29.6955 -22.5307 34
      vertex -26.4135 -20.9445 34
      vertex -26.4993 -20.8014 34
    endloop
  endfacet
  facet normal 0 0 1
    outer loop
      vertex -29.9231 -21.7804 34
      vertex -26.4993 -20.8014 34
      vertex -26.5706 -20.6506 34
    endloop
  endfacet
  facet normal 0 0 1
    outer loop
      vertex -29.9807 -21.3921 34
      vertex -26.5706 -20.6506 34
      vertex -26.6268 -20.4935 34
    endloop
  endfacet
  facet normal 0 0 1
    outer loop
      vertex -30 -21 34
      vertex -26.6268 -20.4935 34
      vertex -26.6673 -20.3317 34
    endloop
  endfacet
  facet normal 0 0 1
    outer loop
      vertex -30 -21 34
      vertex -26.6673 -20.3317 34
      vertex -26.6918 -20.1666 34
    endloop
  endfacet
  facet normal 0 0 1
    outer loop
      vertex -25.6506 -21.5706 34
      vertex -26.7804 -24.9231 34
      vertex -26.3921 -24.9807 34
    endloop
  endfacet
  facet normal 0 0 1
    outer loop
      vertex -30 -21 34
      vertex -26.6918 -20.1666 34
      vertex -26.7 -20 34
    endloop
  endfacet
  facet normal 0 0 1
    outer loop
      vertex -26.6673 -19.6683 34
      vertex -30 -21 34
      vertex -26.6918 -19.8334 34
    endloop
  endfacet
  facet normal 0 0 1
    outer loop
      vertex -26.3141 21.0785 34
      vertex -29.3259 23.2223 34
      vertex -26.4135 20.9445 34
    endloop
  endfacet
  facet normal 0 0 1
    outer loop
      vertex -26.6918 -19.8334 34
      vertex -30 -21 34
      vertex -26.7 -20 34
    endloop
  endfacet
  facet normal -0 0 1
    outer loop
      vertex -29.5277 22.8856 34
      vertex -26.4135 20.9445 34
      vertex -29.3259 23.2223 34
    endloop
  endfacet
  facet normal 0 0 1
    outer loop
      vertex -26.6268 -20.4935 34
      vertex -30 -21 34
      vertex -29.9807 -21.3921 34
    endloop
  endfacet
  facet normal -0 0 1
    outer loop
      vertex -29.6955 22.5307 34
      vertex -26.4135 20.9445 34
      vertex -29.5277 22.8856 34
    endloop
  endfacet
  facet normal 0 0 1
    outer loop
      vertex -25.8014 -21.4993 34
      vertex -27.1611 -24.8278 34
      vertex -26.7804 -24.9231 34
    endloop
  endfacet
  facet normal 0 0 1
    outer loop
      vertex -26.4135 20.9445 34
      vertex -29.6955 22.5307 34
      vertex -26.4993 20.8014 34
    endloop
  endfacet
  facet normal 0 0 1
    outer loop
      vertex -25.8014 -21.4993 34
      vertex -27.5307 -24.6955 34
      vertex -27.1611 -24.8278 34
    endloop
  endfacet
  facet normal -0 0 1
    outer loop
      vertex -29.8278 22.1611 34
      vertex -26.4993 20.8014 34
      vertex -29.6955 22.5307 34
    endloop
  endfacet
  facet normal 0 0 1
    outer loop
      vertex -25.9445 -21.4135 34
      vertex -27.8856 -24.5277 34
      vertex -27.5307 -24.6955 34
    endloop
  endfacet
  facet normal -0 0 1
    outer loop
      vertex -29.9231 21.7804 34
      vertex -26.4993 20.8014 34
      vertex -29.8278 22.1611 34
    endloop
  endfacet
  facet normal 0 0 1
    outer loop
      vertex -26.0785 -21.3141 34
      vertex -28.2223 -24.3259 34
      vertex -27.8856 -24.5277 34
    endloop
  endfacet
  facet normal 0 0 1
    outer loop
      vertex -26.4993 20.8014 34
      vertex -29.9231 21.7804 34
      vertex -26.5706 20.6506 34
    endloop
  endfacet
  facet normal 0 0 1
    outer loop
      vertex -26.0785 -21.3141 34
      vertex -28.5376 -24.092 34
      vertex -28.2223 -24.3259 34
    endloop
  endfacet
  facet normal -0 0 1
    outer loop
      vertex -29.9807 21.3921 34
      vertex -26.5706 20.6506 34
      vertex -29.9231 21.7804 34
    endloop
  endfacet
  facet normal 0 0 1
    outer loop
      vertex -26.2021 -21.2021 34
      vertex -28.8284 -23.8284 34
      vertex -28.5376 -24.092 34
    endloop
  endfacet
  facet normal 0 0 1
    outer loop
      vertex -26.5706 20.6506 34
      vertex -29.9807 21.3921 34
      vertex -26.6268 20.4935 34
    endloop
  endfacet
  facet normal 0 0 1
    outer loop
      vertex -26.2021 -21.2021 34
      vertex -29.092 -23.5376 34
      vertex -28.8284 -23.8284 34
    endloop
  endfacet
  facet normal -0 0 1
    outer loop
      vertex -30 21 34
      vertex -26.6268 20.4935 34
      vertex -29.9807 21.3921 34
    endloop
  endfacet
  facet normal 0 0 1
    outer loop
      vertex -26.3141 -21.0785 34
      vertex -29.3259 -23.2223 34
      vertex -29.092 -23.5376 34
    endloop
  endfacet
  facet normal 0 0 1
    outer loop
      vertex -26.6268 20.4935 34
      vertex -30 21 34
      vertex -26.6673 20.3317 34
    endloop
  endfacet
  facet normal 0 0 1
    outer loop
      vertex -26.4135 -20.9445 34
      vertex -29.5277 -22.8856 34
      vertex -29.3259 -23.2223 34
    endloop
  endfacet
  facet normal 0 0 1
    outer loop
      vertex -26.6673 20.3317 34
      vertex -30 21 34
      vertex -26.6918 20.1666 34
    endloop
  endfacet
  facet normal 0 0 1
    outer loop
      vertex -26.4135 -20.9445 34
      vertex -29.6955 -22.5307 34
      vertex -29.5277 -22.8856 34
    endloop
  endfacet
  facet normal 0 0 1
    outer loop
      vertex -26.6918 20.1666 34
      vertex -30 21 34
      vertex -26.7 20 34
    endloop
  endfacet
  facet normal 0 0 1
    outer loop
      vertex -26.4993 -20.8014 34
      vertex -29.8278 -22.1611 34
      vertex -29.6955 -22.5307 34
    endloop
  endfacet
  facet normal 0 0 1
    outer loop
      vertex -26.4993 -20.8014 34
      vertex -29.9231 -21.7804 34
      vertex -29.8278 -22.1611 34
    endloop
  endfacet
  facet normal 0 0 1
    outer loop
      vertex -26.5706 -20.6506 34
      vertex -29.9807 -21.3921 34
      vertex -29.9231 -21.7804 34
    endloop
  endfacet
  facet normal 0 0 1
    outer loop
      vertex 23.3327 19.6683 34
      vertex 0.995184 18.902 34
      vertex 0.980784 18.8049 34
    endloop
  endfacet
  facet normal 0 0 1
    outer loop
      vertex 23.3732 19.5065 34
      vertex 0.980784 18.8049 34
      vertex 5.9 6.2 34
    endloop
  endfacet
  facet normal -0 0 1
    outer loop
      vertex 0.95694 18.7097 34
      vertex 5.9 6.2 34
      vertex 0.980784 18.8049 34
    endloop
  endfacet
  facet normal -0 0 1
    outer loop
      vertex 0.923879 18.6173 34
      vertex 5.9 6.2 34
      vertex 0.95694 18.7097 34
    endloop
  endfacet
  facet normal -0 0 1
    outer loop
      vertex 0.881921 18.5286 34
      vertex 5.9 6.2 34
      vertex 0.923879 18.6173 34
    endloop
  endfacet
  facet normal -0 0 1
    outer loop
      vertex 0.83147 18.4444 34
      vertex 5.9 6.2 34
      vertex 0.881921 18.5286 34
    endloop
  endfacet
  facet normal -0 0 1
    outer loop
      vertex 0.77301 18.3656 34
      vertex 5.9 6.2 34
      vertex 0.83147 18.4444 34
    endloop
  endfacet
  facet normal -0 0 1
    outer loop
      vertex 0.707107 18.2929 34
      vertex 5.9 6.2 34
      vertex 0.77301 18.3656 34
    endloop
  endfacet
  facet normal -0 0 1
    outer loop
      vertex 0.634393 18.227 34
      vertex 5.9 6.2 34
      vertex 0.707107 18.2929 34
    endloop
  endfacet
  facet normal -0 0 1
    outer loop
      vertex 0.55557 18.1685 34
      vertex 5.9 6.2 34
      vertex 0.634393 18.227 34
    endloop
  endfacet
  facet normal -0 0 1
    outer loop
      vertex 0.471396 18.1181 34
      vertex 5.9 6.2 34
      vertex 0.55557 18.1685 34
    endloop
  endfacet
  facet normal -0 0 1
    outer loop
      vertex 0.382683 18.0761 34
      vertex 5.9 6.2 34
      vertex 0.471396 18.1181 34
    endloop
  endfacet
  facet normal -0 0 1
    outer loop
      vertex 0.290284 18.0431 34
      vertex 5.9 6.2 34
      vertex 0.382683 18.0761 34
    endloop
  endfacet
  facet normal -0 0 1
    outer loop
      vertex 0.19509 18.0192 34
      vertex 5.9 6.2 34
      vertex 0.290284 18.0431 34
    endloop
  endfacet
  facet normal -0 0 1
    outer loop
      vertex 0.0980167 18.0048 34
      vertex 5.9 6.2 34
      vertex 0.19509 18.0192 34
    endloop
  endfacet
  facet normal -0 0 1
    outer loop
      vertex 0 18 34
      vertex 5.9 6.2 34
      vertex 0.0980167 18.0048 34
    endloop
  endfacet
  facet normal 0 0 1
    outer loop
      vertex -0.0980167 18.0048 34
      vertex 5.9 6.2 34
      vertex 0 18 34
    endloop
  endfacet
  facet normal 0 0 1
    outer loop
      vertex -0.19509 18.0192 34
      vertex 5.9 6.2 34
      vertex -0.0980167 18.0048 34
    endloop
  endfacet
  facet normal 0 0 1
    outer loop
      vertex -0.290284 18.0431 34
      vertex 5.9 6.2 34
      vertex -0.19509 18.0192 34
    endloop
  endfacet
  facet normal 0 0 1
    outer loop
      vertex -0.382683 18.0761 34
      vertex 5.9 6.2 34
      vertex -0.290284 18.0431 34
    endloop
  endfacet
  facet normal 0 0 1
    outer loop
      vertex -0.471396 18.1181 34
      vertex 5.9 6.2 34
      vertex -0.382683 18.0761 34
    endloop
  endfacet
  facet normal 0 0 1
    outer loop
      vertex -17.1 6.2 34
      vertex -0.471396 18.1181 34
      vertex -0.55557 18.1685 34
    endloop
  endfacet
  facet normal 0 0 1
    outer loop
      vertex -17.1 6.2 34
      vertex -0.55557 18.1685 34
      vertex -0.634393 18.227 34
    endloop
  endfacet
  facet normal 0 0 1
    outer loop
      vertex -17.1 6.2 34
      vertex -0.634393 18.227 34
      vertex -0.707107 18.2929 34
    endloop
  endfacet
  facet normal 0 0 1
    outer loop
      vertex -17.1 6.2 34
      vertex -0.707107 18.2929 34
      vertex -0.77301 18.3656 34
    endloop
  endfacet
  facet normal 0 0 1
    outer loop
      vertex -17.1 6.2 34
      vertex -0.77301 18.3656 34
      vertex -0.83147 18.4444 34
    endloop
  endfacet
  facet normal 0 0 1
    outer loop
      vertex -17.1 6.2 34
      vertex -0.83147 18.4444 34
      vertex -0.881921 18.5286 34
    endloop
  endfacet
  facet normal 0 0 1
    outer loop
      vertex -0.471396 18.1181 34
      vertex -17.1 6.2 34
      vertex 5.9 6.2 34
    endloop
  endfacet
  facet normal 0 0 1
    outer loop
      vertex -0.923879 18.6173 34
      vertex -17.1 6.2 34
      vertex -0.881921 18.5286 34
    endloop
  endfacet
  facet normal 0 0 1
    outer loop
      vertex -0.95694 18.7097 34
      vertex -17.1 6.2 34
      vertex -0.923879 18.6173 34
    endloop
  endfacet
  facet normal 0 0 1
    outer loop
      vertex -0.980784 18.8049 34
      vertex -17.1 6.2 34
      vertex -0.95694 18.7097 34
    endloop
  endfacet
  facet normal -0 0 1
    outer loop
      vertex -23.3327 19.6683 34
      vertex -0.995184 18.902 34
      vertex -23.3082 19.8334 34
    endloop
  endfacet
  facet normal 0 0 1
    outer loop
      vertex -23.3082 19.8334 34
      vertex -0.995184 18.902 34
      vertex -1 19 34
    endloop
  endfacet
  facet normal 0.989176 -0.146733 0
    outer loop
      vertex 29.9231 -21.7804 34
      vertex 29.9807 -21.3921 0
      vertex 29.9807 -21.3921 34
    endloop
  endfacet
  facet normal 0.989176 -0.146733 0
    outer loop
      vertex 29.9807 -21.3921 0
      vertex 29.9231 -21.7804 34
      vertex 29.9231 -21.7804 0
    endloop
  endfacet
  facet normal 0.904044 -0.42744 0
    outer loop
      vertex 29.5277 -22.8856 34
      vertex 29.6955 -22.5307 0
      vertex 29.6955 -22.5307 34
    endloop
  endfacet
  facet normal 0.904044 -0.42744 0
    outer loop
      vertex 29.6955 -22.5307 0
      vertex 29.5277 -22.8856 34
      vertex 29.5277 -22.8856 0
    endloop
  endfacet
  facet normal 0 0 -1
    outer loop
      vertex -23.3 20 0
      vertex -20.5 20 0
      vertex -20.5217 19.5589 0
    endloop
  endfacet
  facet normal 0 0 -1
    outer loop
      vertex -23.3082 19.8334 0
      vertex -20.5217 19.5589 0
      vertex -20.5865 19.1221 0
    endloop
  endfacet
  facet normal 0 0 -1
    outer loop
      vertex -20.5 20 0
      vertex -23.3 20 0
      vertex -20.5217 20.4411 0
    endloop
  endfacet
  facet normal 0 0 -1
    outer loop
      vertex -23.3082 19.8334 0
      vertex -20.5865 19.1221 0
      vertex -20.6938 18.6937 0
    endloop
  endfacet
  facet normal 0 0 -1
    outer loop
      vertex -23.3082 20.1666 0
      vertex -20.5217 20.4411 0
      vertex -23.3 20 0
    endloop
  endfacet
  facet normal 0 0 -1
    outer loop
      vertex -23.3082 19.8334 0
      vertex -20.6938 18.6937 0
      vertex -20.8425 18.2779 0
    endloop
  endfacet
  facet normal -0 0 -1
    outer loop
      vertex -20.5217 20.4411 0
      vertex -23.3082 20.1666 0
      vertex -20.5865 20.8779 0
    endloop
  endfacet
  facet normal 0 0 -1
    outer loop
      vertex -23.3082 19.8334 0
      vertex -20.8425 18.2779 0
      vertex -21.0314 17.8787 0
    endloop
  endfacet
  facet normal 0 0 -1
    outer loop
      vertex -23.3327 20.3317 0
      vertex -20.5865 20.8779 0
      vertex -23.3082 20.1666 0
    endloop
  endfacet
  facet normal 0 0 -1
    outer loop
      vertex -23.3082 19.8334 0
      vertex -21.0314 17.8787 0
      vertex -21.2584 17.4999 0
    endloop
  endfacet
  facet normal -0 0 -1
    outer loop
      vertex -20.5865 20.8779 0
      vertex -23.3327 20.3317 0
      vertex -20.6938 21.3063 0
    endloop
  endfacet
  facet normal 0 0 -1
    outer loop
      vertex -23.3732 20.4935 0
      vertex -20.6938 21.3063 0
      vertex -23.3327 20.3317 0
    endloop
  endfacet
  facet normal 0 0 -1
    outer loop
      vertex -23.3082 19.8334 0
      vertex -21.2584 17.4999 0
      vertex -21.5215 17.1452 0
    endloop
  endfacet
  facet normal -0 0 -1
    outer loop
      vertex 23.3732 19.5065 0
      vertex 20.6938 18.6937 0
      vertex 23.3327 19.6683 0
    endloop
  endfacet
  facet normal 0 0 -1
    outer loop
      vertex 20.5865 19.1221 0
      vertex 23.3327 19.6683 0
      vertex 20.6938 18.6937 0
    endloop
  endfacet
  facet normal 0 -0 -1
    outer loop
      vertex 21.2584 22.5001 0
      vertex 23.3 20 0
      vertex 21.0314 22.1213 0
    endloop
  endfacet
  facet normal 0 0 -1
    outer loop
      vertex 23.3 20 0
      vertex 21.2584 22.5001 0
      vertex 21.3325 22.6 0
    endloop
  endfacet
  facet normal -0 0 -1
    outer loop
      vertex 23.3327 19.6683 0
      vertex 20.5865 19.1221 0
      vertex 23.3082 19.8334 0
    endloop
  endfacet
  facet normal 0 0 -1
    outer loop
      vertex 23.3 20 0
      vertex 20.8425 21.7221 0
      vertex 21.0314 22.1213 0
    endloop
  endfacet
  facet normal 0 0 -1
    outer loop
      vertex 20.5217 19.5589 0
      vertex 23.3082 19.8334 0
      vertex 20.5865 19.1221 0
    endloop
  endfacet
  facet normal 0 0 -1
    outer loop
      vertex 23.3 20 0
      vertex 20.6938 21.3063 0
      vertex 20.8425 21.7221 0
    endloop
  endfacet
  facet normal -0 0 -1
    outer loop
      vertex 23.3082 19.8334 0
      vertex 20.5217 19.5589 0
      vertex 23.3 20 0
    endloop
  endfacet
  facet normal 0 0 -1
    outer loop
      vertex 23.3 20 0
      vertex 20.5865 20.8779 0
      vertex 20.6938 21.3063 0
    endloop
  endfacet
  facet normal 0 0 -1
    outer loop
      vertex 20.5 20 0
      vertex 23.3 20 0
      vertex 20.5217 19.5589 0
    endloop
  endfacet
  facet normal 0 0 -1
    outer loop
      vertex 23.3 20 0
      vertex 20.5217 20.4411 0
      vertex 20.5865 20.8779 0
    endloop
  endfacet
  facet normal 0 0 -1
    outer loop
      vertex 23.3 20 0
      vertex 20.5 20 0
      vertex 20.5217 20.4411 0
    endloop
  endfacet
  facet normal 0 0 -1
    outer loop
      vertex -30 7 0
      vertex -27.6 16.3325 0
      vertex -27.6 7 0
    endloop
  endfacet
  facet normal 0 0 -1
    outer loop
      vertex -27.6 16.3325 0
      vertex -30 21 0
      vertex -27.8856 24.5277 0
    endloop
  endfacet
  facet normal 0 0 -1
    outer loop
      vertex -27.8856 24.5277 0
      vertex -30 21 0
      vertex -28.2223 24.3259 0
    endloop
  endfacet
  facet normal 0 0 -1
    outer loop
      vertex -28.2223 24.3259 0
      vertex -30 21 0
      vertex -28.5376 24.092 0
    endloop
  endfacet
  facet normal 0 0 -1
    outer loop
      vertex -28.5376 24.092 0
      vertex -30 21 0
      vertex -28.8284 23.8284 0
    endloop
  endfacet
  facet normal 0 0 -1
    outer loop
      vertex -28.8284 23.8284 0
      vertex -30 21 0
      vertex -29.092 23.5376 0
    endloop
  endfacet
  facet normal 0 0 -1
    outer loop
      vertex -29.092 23.5376 0
      vertex -30 21 0
      vertex -29.3259 23.2223 0
    endloop
  endfacet
  facet normal 0 0 -1
    outer loop
      vertex -29.3259 23.2223 0
      vertex -30 21 0
      vertex -29.5277 22.8856 0
    endloop
  endfacet
  facet normal 0 0 -1
    outer loop
      vertex -29.5277 22.8856 0
      vertex -30 21 0
      vertex -29.6955 22.5307 0
    endloop
  endfacet
  facet normal 0 0 -1
    outer loop
      vertex -29.6955 22.5307 0
      vertex -30 21 0
      vertex -29.8278 22.1611 0
    endloop
  endfacet
  facet normal 0 0 -1
    outer loop
      vertex -29.8278 22.1611 0
      vertex -30 21 0
      vertex -29.9231 21.7804 0
    endloop
  endfacet
  facet normal -0 0 -1
    outer loop
      vertex -27.6 16.3325 0
      vertex -30 7 0
      vertex -30 21 0
    endloop
  endfacet
  facet normal 0 0 -1
    outer loop
      vertex -29.9231 21.7804 0
      vertex -30 21 0
      vertex -29.9807 21.3921 0
    endloop
  endfacet
  facet normal 0 0 -1
    outer loop
      vertex -20.5217 19.5589 0
      vertex -23.3082 19.8334 0
      vertex -23.3 20 0
    endloop
  endfacet
  facet normal 0 0 -1
    outer loop
      vertex -22.8787 16.0314 0
      vertex -23.3327 19.6683 0
      vertex -23.3082 19.8334 0
    endloop
  endfacet
  facet normal 0 0 -1
    outer loop
      vertex -22.8787 16.0314 0
      vertex -23.3732 19.5065 0
      vertex -23.3327 19.6683 0
    endloop
  endfacet
  facet normal 0 0 -1
    outer loop
      vertex -22.8787 16.0314 0
      vertex -23.4294 19.3494 0
      vertex -23.3732 19.5065 0
    endloop
  endfacet
  facet normal 0 0 -1
    outer loop
      vertex -22.8787 16.0314 0
      vertex -23.5007 19.1986 0
      vertex -23.4294 19.3494 0
    endloop
  endfacet
  facet normal 0 0 -1
    outer loop
      vertex -22.8787 16.0314 0
      vertex -23.5865 19.0555 0
      vertex -23.5007 19.1986 0
    endloop
  endfacet
  facet normal 0 0 -1
    outer loop
      vertex -22.8787 16.0314 0
      vertex -23.6859 18.9215 0
      vertex -23.5865 19.0555 0
    endloop
  endfacet
  facet normal 0 0 -1
    outer loop
      vertex -24.3494 18.4294 0
      vertex -23.2779 15.8425 0
      vertex -23.6937 15.6938 0
    endloop
  endfacet
  facet normal 0 0 -1
    outer loop
      vertex -22.8787 16.0314 0
      vertex -23.7979 18.7979 0
      vertex -23.6859 18.9215 0
    endloop
  endfacet
  facet normal 0 0 -1
    outer loop
      vertex -22.8787 16.0314 0
      vertex -23.9215 18.6859 0
      vertex -23.7979 18.7979 0
    endloop
  endfacet
  facet normal 0 0 -1
    outer loop
      vertex -22.8787 16.0314 0
      vertex -24.0555 18.5865 0
      vertex -23.9215 18.6859 0
    endloop
  endfacet
  facet normal 0 0 -1
    outer loop
      vertex -24.5065 18.3732 0
      vertex -23.6937 15.6938 0
      vertex -24.1221 15.5865 0
    endloop
  endfacet
  facet normal 0 0 -1
    outer loop
      vertex -22.8787 16.0314 0
      vertex -24.1986 18.5007 0
      vertex -24.0555 18.5865 0
    endloop
  endfacet
  facet normal 0 0 -1
    outer loop
      vertex -23.2779 15.8425 0
      vertex -24.3494 18.4294 0
      vertex -24.1986 18.5007 0
    endloop
  endfacet
  facet normal 0 0 -1
    outer loop
      vertex -23.6937 15.6938 0
      vertex -24.5065 18.3732 0
      vertex -24.3494 18.4294 0
    endloop
  endfacet
  facet normal 0 0 -1
    outer loop
      vertex -24.6683 18.3327 0
      vertex -24.1221 15.5865 0
      vertex -24.5589 15.5217 0
    endloop
  endfacet
  facet normal 0 0 -1
    outer loop
      vertex -24.1221 15.5865 0
      vertex -24.6683 18.3327 0
      vertex -24.5065 18.3732 0
    endloop
  endfacet
  facet normal 0 0 -1
    outer loop
      vertex -24.5589 15.5217 0
      vertex -24.8334 18.3082 0
      vertex -24.6683 18.3327 0
    endloop
  endfacet
  facet normal 0 0 -1
    outer loop
      vertex -25 15.5 0
      vertex -24.8334 18.3082 0
      vertex -24.5589 15.5217 0
    endloop
  endfacet
  facet normal 0 0 -1
    outer loop
      vertex -25 15.5 0
      vertex -25 18.3 0
      vertex -24.8334 18.3082 0
    endloop
  endfacet
  facet normal 0 0 -1
    outer loop
      vertex -25 15.5 0
      vertex -25.1666 18.3082 0
      vertex -25 18.3 0
    endloop
  endfacet
  facet normal 0 0 -1
    outer loop
      vertex -25.4411 15.5217 0
      vertex -25.1666 18.3082 0
      vertex -25 15.5 0
    endloop
  endfacet
  facet normal -0 0 -1
    outer loop
      vertex -25.1666 18.3082 0
      vertex -25.4411 15.5217 0
      vertex -25.3317 18.3327 0
    endloop
  endfacet
  facet normal 0 0 -1
    outer loop
      vertex -25.8779 15.5865 0
      vertex -25.3317 18.3327 0
      vertex -25.4411 15.5217 0
    endloop
  endfacet
  facet normal -0 0 -1
    outer loop
      vertex -25.3317 18.3327 0
      vertex -25.8779 15.5865 0
      vertex -25.4935 18.3732 0
    endloop
  endfacet
  facet normal 0 0 -1
    outer loop
      vertex -26.3063 15.6938 0
      vertex -25.4935 18.3732 0
      vertex -25.8779 15.5865 0
    endloop
  endfacet
  facet normal -0 0 -1
    outer loop
      vertex -25.4935 18.3732 0
      vertex -26.3063 15.6938 0
      vertex -25.6506 18.4294 0
    endloop
  endfacet
  facet normal 0 0 -1
    outer loop
      vertex -26.7221 15.8425 0
      vertex -25.6506 18.4294 0
      vertex -26.3063 15.6938 0
    endloop
  endfacet
  facet normal -0 0 -1
    outer loop
      vertex -25.6506 18.4294 0
      vertex -26.7221 15.8425 0
      vertex -25.8014 18.5007 0
    endloop
  endfacet
  facet normal 0 0 -1
    outer loop
      vertex -27.1213 16.0314 0
      vertex -25.8014 18.5007 0
      vertex -26.7221 15.8425 0
    endloop
  endfacet
  facet normal -0 0 -1
    outer loop
      vertex -25.8014 18.5007 0
      vertex -27.1213 16.0314 0
      vertex -25.9445 18.5865 0
    endloop
  endfacet
  facet normal 0 0 -1
    outer loop
      vertex -27.5001 16.2584 0
      vertex -25.9445 18.5865 0
      vertex -27.1213 16.0314 0
    endloop
  endfacet
  facet normal 0 0 -1
    outer loop
      vertex -27.6 16.3325 0
      vertex -25.9445 18.5865 0
      vertex -27.5001 16.2584 0
    endloop
  endfacet
  facet normal -0 0 -1
    outer loop
      vertex -25.9445 18.5865 0
      vertex -27.6 16.3325 0
      vertex -26.0785 18.6859 0
    endloop
  endfacet
  facet normal -0 0 -1
    outer loop
      vertex -26.0785 18.6859 0
      vertex -27.6 16.3325 0
      vertex -26.2021 18.7979 0
    endloop
  endfacet
  facet normal -0 0 -1
    outer loop
      vertex -26.2021 18.7979 0
      vertex -27.6 16.3325 0
      vertex -26.3141 18.9215 0
    endloop
  endfacet
  facet normal -0 0 -1
    outer loop
      vertex -26.3141 18.9215 0
      vertex -27.6 16.3325 0
      vertex -26.4135 19.0555 0
    endloop
  endfacet
  facet normal -0 0 -1
    outer loop
      vertex -26.4135 19.0555 0
      vertex -27.6 16.3325 0
      vertex -26.4993 19.1986 0
    endloop
  endfacet
  facet normal -0 0 -1
    outer loop
      vertex -26.5706 19.3494 0
      vertex -27.6 16.3325 0
      vertex -26.6268 19.5065 0
    endloop
  endfacet
  facet normal -0 0 -1
    outer loop
      vertex -26.4993 19.1986 0
      vertex -27.6 16.3325 0
      vertex -26.5706 19.3494 0
    endloop
  endfacet
  facet normal 0 0 -1
    outer loop
      vertex 30 21 0
      vertex 26.6918 19.8334 0
      vertex 26.7 20 0
    endloop
  endfacet
  facet normal 0 0 -1
    outer loop
      vertex 27.1213 16.0314 0
      vertex 26.6673 19.6683 0
      vertex 26.6918 19.8334 0
    endloop
  endfacet
  facet normal 0 0 -1
    outer loop
      vertex 27.1213 16.0314 0
      vertex 26.6268 19.5065 0
      vertex 26.6673 19.6683 0
    endloop
  endfacet
  facet normal 0 0 -1
    outer loop
      vertex 27.1213 16.0314 0
      vertex 26.5706 19.3494 0
      vertex 26.6268 19.5065 0
    endloop
  endfacet
  facet normal 0 0 -1
    outer loop
      vertex 27.1213 16.0314 0
      vertex 26.4993 19.1986 0
      vertex 26.5706 19.3494 0
    endloop
  endfacet
  facet normal 0 0 -1
    outer loop
      vertex 27.1213 16.0314 0
      vertex 26.4135 19.0555 0
      vertex 26.4993 19.1986 0
    endloop
  endfacet
  facet normal 0 0 -1
    outer loop
      vertex 27.1213 16.0314 0
      vertex 26.3141 18.9215 0
      vertex 26.4135 19.0555 0
    endloop
  endfacet
  facet normal 0 0 -1
    outer loop
      vertex 25.6506 18.4294 0
      vertex 26.7221 15.8425 0
      vertex 26.3063 15.6938 0
    endloop
  endfacet
  facet normal 0 0 -1
    outer loop
      vertex 27.1213 16.0314 0
      vertex 26.2021 18.7979 0
      vertex 26.3141 18.9215 0
    endloop
  endfacet
  facet normal 0 0 -1
    outer loop
      vertex 27.1213 16.0314 0
      vertex 26.0785 18.6859 0
      vertex 26.2021 18.7979 0
    endloop
  endfacet
  facet normal 0 0 -1
    outer loop
      vertex 27.1213 16.0314 0
      vertex 25.9445 18.5865 0
      vertex 26.0785 18.6859 0
    endloop
  endfacet
  facet normal 0 0 -1
    outer loop
      vertex 25.4935 18.3732 0
      vertex 26.3063 15.6938 0
      vertex 25.8779 15.5865 0
    endloop
  endfacet
  facet normal 0 0 -1
    outer loop
      vertex 27.1213 16.0314 0
      vertex 25.8014 18.5007 0
      vertex 25.9445 18.5865 0
    endloop
  endfacet
  facet normal 0 0 -1
    outer loop
      vertex 26.7221 15.8425 0
      vertex 25.6506 18.4294 0
      vertex 25.8014 18.5007 0
    endloop
  endfacet
  facet normal 0 0 -1
    outer loop
      vertex 26.3063 15.6938 0
      vertex 25.4935 18.3732 0
      vertex 25.6506 18.4294 0
    endloop
  endfacet
  facet normal 0 0 -1
    outer loop
      vertex 25.3317 18.3327 0
      vertex 25.8779 15.5865 0
      vertex 25.4411 15.5217 0
    endloop
  endfacet
  facet normal 0 0 -1
    outer loop
      vertex 25.8779 15.5865 0
      vertex 25.3317 18.3327 0
      vertex 25.4935 18.3732 0
    endloop
  endfacet
  facet normal 0 0 -1
    outer loop
      vertex 25.4411 15.5217 0
      vertex 25.1666 18.3082 0
      vertex 25.3317 18.3327 0
    endloop
  endfacet
  facet normal 0 0 -1
    outer loop
      vertex 25 15.5 0
      vertex 25.1666 18.3082 0
      vertex 25.4411 15.5217 0
    endloop
  endfacet
  facet normal 0 0 -1
    outer loop
      vertex 25 15.5 0
      vertex 25 18.3 0
      vertex 25.1666 18.3082 0
    endloop
  endfacet
  facet normal 0 0 -1
    outer loop
      vertex 25 15.5 0
      vertex 24.8334 18.3082 0
      vertex 25 18.3 0
    endloop
  endfacet
  facet normal 0 0 -1
    outer loop
      vertex 24.5589 15.5217 0
      vertex 24.8334 18.3082 0
      vertex 25 15.5 0
    endloop
  endfacet
  facet normal -0 0 -1
    outer loop
      vertex 24.8334 18.3082 0
      vertex 24.5589 15.5217 0
      vertex 24.6683 18.3327 0
    endloop
  endfacet
  facet normal 0 0 -1
    outer loop
      vertex 24.1221 15.5865 0
      vertex 24.6683 18.3327 0
      vertex 24.5589 15.5217 0
    endloop
  endfacet
  facet normal -0 0 -1
    outer loop
      vertex 24.6683 18.3327 0
      vertex 24.1221 15.5865 0
      vertex 24.5065 18.3732 0
    endloop
  endfacet
  facet normal 0 0 -1
    outer loop
      vertex 23.6937 15.6938 0
      vertex 24.5065 18.3732 0
      vertex 24.1221 15.5865 0
    endloop
  endfacet
  facet normal -0 0 -1
    outer loop
      vertex 24.5065 18.3732 0
      vertex 23.6937 15.6938 0
      vertex 24.3494 18.4294 0
    endloop
  endfacet
  facet normal 0 0 -1
    outer loop
      vertex 23.2779 15.8425 0
      vertex 24.3494 18.4294 0
      vertex 23.6937 15.6938 0
    endloop
  endfacet
  facet normal -0 0 -1
    outer loop
      vertex 24.3494 18.4294 0
      vertex 23.2779 15.8425 0
      vertex 24.1986 18.5007 0
    endloop
  endfacet
  facet normal 0 0 -1
    outer loop
      vertex 22.8787 16.0314 0
      vertex 24.1986 18.5007 0
      vertex 23.2779 15.8425 0
    endloop
  endfacet
  facet normal -0 0 -1
    outer loop
      vertex 24.1986 18.5007 0
      vertex 22.8787 16.0314 0
      vertex 24.0555 18.5865 0
    endloop
  endfacet
  facet normal 0 0 -1
    outer loop
      vertex 22.4999 16.2584 0
      vertex 24.0555 18.5865 0
      vertex 22.8787 16.0314 0
    endloop
  endfacet
  facet normal -0 0 -1
    outer loop
      vertex 24.0555 18.5865 0
      vertex 22.4999 16.2584 0
      vertex 23.9215 18.6859 0
    endloop
  endfacet
  facet normal 0 0 -1
    outer loop
      vertex 22.1452 16.5215 0
      vertex 23.9215 18.6859 0
      vertex 22.4999 16.2584 0
    endloop
  endfacet
  facet normal -0 0 -1
    outer loop
      vertex 23.9215 18.6859 0
      vertex 22.1452 16.5215 0
      vertex 23.7979 18.7979 0
    endloop
  endfacet
  facet normal 0 0 -1
    outer loop
      vertex 21.818 16.818 0
      vertex 23.7979 18.7979 0
      vertex 22.1452 16.5215 0
    endloop
  endfacet
  facet normal -0 0 -1
    outer loop
      vertex 23.7979 18.7979 0
      vertex 21.818 16.818 0
      vertex 23.6859 18.9215 0
    endloop
  endfacet
  facet normal 0 0 -1
    outer loop
      vertex 21.5215 17.1452 0
      vertex 23.6859 18.9215 0
      vertex 21.818 16.818 0
    endloop
  endfacet
  facet normal 0 0 -1
    outer loop
      vertex 21.2584 17.4999 0
      vertex 23.5865 19.0555 0
      vertex 21.5215 17.1452 0
    endloop
  endfacet
  facet normal -0 0 -1
    outer loop
      vertex 23.6859 18.9215 0
      vertex 21.5215 17.1452 0
      vertex 23.5865 19.0555 0
    endloop
  endfacet
  facet normal 0 0 -1
    outer loop
      vertex 27.6 16.3325 0
      vertex 30 21 0
      vertex 30 7 0
    endloop
  endfacet
  facet normal 0 0 -1
    outer loop
      vertex 26.6918 19.8334 0
      vertex 30 21 0
      vertex 27.6 16.3325 0
    endloop
  endfacet
  facet normal 0 0 -1
    outer loop
      vertex 26.6918 20.1666 0
      vertex 30 21 0
      vertex 26.7 20 0
    endloop
  endfacet
  facet normal 0 0 -1
    outer loop
      vertex 26.6673 20.3317 0
      vertex 30 21 0
      vertex 26.6918 20.1666 0
    endloop
  endfacet
  facet normal 0 0 -1
    outer loop
      vertex 26.6268 20.4935 0
      vertex 30 21 0
      vertex 26.6673 20.3317 0
    endloop
  endfacet
  facet normal -0 0 -1
    outer loop
      vertex 30 21 0
      vertex 26.6268 20.4935 0
      vertex 29.9807 21.3921 0
    endloop
  endfacet
  facet normal 0 0 -1
    outer loop
      vertex 26.5706 20.6506 0
      vertex 29.9807 21.3921 0
      vertex 26.6268 20.4935 0
    endloop
  endfacet
  facet normal -0 0 -1
    outer loop
      vertex 29.9807 21.3921 0
      vertex 26.5706 20.6506 0
      vertex 29.9231 21.7804 0
    endloop
  endfacet
  facet normal 0 0 -1
    outer loop
      vertex 26.4993 20.8014 0
      vertex 29.9231 21.7804 0
      vertex 26.5706 20.6506 0
    endloop
  endfacet
  facet normal -0 0 -1
    outer loop
      vertex 29.9231 21.7804 0
      vertex 26.4993 20.8014 0
      vertex 29.8278 22.1611 0
    endloop
  endfacet
  facet normal -0 0 -1
    outer loop
      vertex 29.8278 22.1611 0
      vertex 26.4993 20.8014 0
      vertex 29.6955 22.5307 0
    endloop
  endfacet
  facet normal 0 0 -1
    outer loop
      vertex 27.6 16.3325 0
      vertex 30 7 0
      vertex 27.6 7 0
    endloop
  endfacet
  facet normal 0 0 -1
    outer loop
      vertex 26.4135 20.9445 0
      vertex 29.6955 22.5307 0
      vertex 26.4993 20.8014 0
    endloop
  endfacet
  facet normal -0 0 -1
    outer loop
      vertex 29.6955 22.5307 0
      vertex 26.4135 20.9445 0
      vertex 29.5277 22.8856 0
    endloop
  endfacet
  facet normal 0 0 -1
    outer loop
      vertex 26.6918 19.8334 0
      vertex 27.6 16.3325 0
      vertex 27.5001 16.2584 0
    endloop
  endfacet
  facet normal -0 0 -1
    outer loop
      vertex 29.5277 22.8856 0
      vertex 26.4135 20.9445 0
      vertex 29.3259 23.2223 0
    endloop
  endfacet
  facet normal 0 0 -1
    outer loop
      vertex 26.6918 19.8334 0
      vertex 27.5001 16.2584 0
      vertex 27.1213 16.0314 0
    endloop
  endfacet
  facet normal 0 0 -1
    outer loop
      vertex 26.3141 21.0785 0
      vertex 29.3259 23.2223 0
      vertex 26.4135 20.9445 0
    endloop
  endfacet
  facet normal 0 0 -1
    outer loop
      vertex 25.8014 18.5007 0
      vertex 27.1213 16.0314 0
      vertex 26.7221 15.8425 0
    endloop
  endfacet
  facet normal -0 0 -1
    outer loop
      vertex 29.3259 23.2223 0
      vertex 26.3141 21.0785 0
      vertex 29.092 23.5376 0
    endloop
  endfacet
  facet normal 0 0 -1
    outer loop
      vertex 26.2021 21.2021 0
      vertex 29.092 23.5376 0
      vertex 26.3141 21.0785 0
    endloop
  endfacet
  facet normal -0 0 -1
    outer loop
      vertex 29.092 23.5376 0
      vertex 26.2021 21.2021 0
      vertex 28.8284 23.8284 0
    endloop
  endfacet
  facet normal -0 0 -1
    outer loop
      vertex 28.8284 23.8284 0
      vertex 26.2021 21.2021 0
      vertex 28.5376 24.092 0
    endloop
  endfacet
  facet normal 0 0 -1
    outer loop
      vertex 26.0785 21.3141 0
      vertex 28.5376 24.092 0
      vertex 26.2021 21.2021 0
    endloop
  endfacet
  facet normal -0 0 -1
    outer loop
      vertex 28.5376 24.092 0
      vertex 26.0785 21.3141 0
      vertex 28.2223 24.3259 0
    endloop
  endfacet
  facet normal -0 0 -1
    outer loop
      vertex 28.2223 24.3259 0
      vertex 26.0785 21.3141 0
      vertex 27.8856 24.5277 0
    endloop
  endfacet
  facet normal 0 0 -1
    outer loop
      vertex 25.9445 21.4135 0
      vertex 27.8856 24.5277 0
      vertex 26.0785 21.3141 0
    endloop
  endfacet
  facet normal -0 0 -1
    outer loop
      vertex 27.8856 24.5277 0
      vertex 25.9445 21.4135 0
      vertex 27.5307 24.6955 0
    endloop
  endfacet
  facet normal 0 0 -1
    outer loop
      vertex 25.8014 21.4993 0
      vertex 27.5307 24.6955 0
      vertex 25.9445 21.4135 0
    endloop
  endfacet
  facet normal -0 0 -1
    outer loop
      vertex 27.5307 24.6955 0
      vertex 25.8014 21.4993 0
      vertex 27.1611 24.8278 0
    endloop
  endfacet
  facet normal -0 0 -1
    outer loop
      vertex 27.1611 24.8278 0
      vertex 25.8014 21.4993 0
      vertex 26.7804 24.9231 0
    endloop
  endfacet
  facet normal 0 0 -1
    outer loop
      vertex 25.6506 21.5706 0
      vertex 26.7804 24.9231 0
      vertex 25.8014 21.4993 0
    endloop
  endfacet
  facet normal -0 0 -1
    outer loop
      vertex 26.7804 24.9231 0
      vertex 25.6506 21.5706 0
      vertex 26.3921 24.9807 0
    endloop
  endfacet
  facet normal 0 0 -1
    outer loop
      vertex 25.4935 21.6268 0
      vertex 26.3921 24.9807 0
      vertex 25.6506 21.5706 0
    endloop
  endfacet
  facet normal -0 0 -1
    outer loop
      vertex 26.3921 24.9807 0
      vertex 25.4935 21.6268 0
      vertex 26 25 0
    endloop
  endfacet
  facet normal 0 0 -1
    outer loop
      vertex 25.3317 21.6673 0
      vertex 26 25 0
      vertex 25.4935 21.6268 0
    endloop
  endfacet
  facet normal 0 0 -1
    outer loop
      vertex 25.1666 21.6918 0
      vertex 26 25 0
      vertex 25.3317 21.6673 0
    endloop
  endfacet
  facet normal 0 0 -1
    outer loop
      vertex 25 21.7 0
      vertex 26 25 0
      vertex 25.1666 21.6918 0
    endloop
  endfacet
  facet normal 0 0 -1
    outer loop
      vertex 24.8334 21.6918 0
      vertex 26 25 0
      vertex 25 21.7 0
    endloop
  endfacet
  facet normal 0 0 -1
    outer loop
      vertex 24.6683 21.6673 0
      vertex 26 25 0
      vertex 24.8334 21.6918 0
    endloop
  endfacet
  facet normal 0 0 -1
    outer loop
      vertex 24.5065 21.6268 0
      vertex 26 25 0
      vertex 24.6683 21.6673 0
    endloop
  endfacet
  facet normal 0 0 -1
    outer loop
      vertex 24.3494 21.5706 0
      vertex 26 25 0
      vertex 24.5065 21.6268 0
    endloop
  endfacet
  facet normal 0 0 -1
    outer loop
      vertex 21.3325 22.6 0
      vertex 24.3494 21.5706 0
      vertex 24.1986 21.4993 0
    endloop
  endfacet
  facet normal 0 0 -1
    outer loop
      vertex 21.3325 22.6 0
      vertex 24.1986 21.4993 0
      vertex 24.0555 21.4135 0
    endloop
  endfacet
  facet normal 0 0 -1
    outer loop
      vertex 21.3325 22.6 0
      vertex 24.0555 21.4135 0
      vertex 23.9215 21.3141 0
    endloop
  endfacet
  facet normal 0 0 -1
    outer loop
      vertex 21.3325 22.6 0
      vertex 23.9215 21.3141 0
      vertex 23.7979 21.2021 0
    endloop
  endfacet
  facet normal 0 0 -1
    outer loop
      vertex 21.3325 22.6 0
      vertex 23.7979 21.2021 0
      vertex 23.6859 21.0785 0
    endloop
  endfacet
  facet normal 0 0 -1
    outer loop
      vertex 21.3325 22.6 0
      vertex 23.6859 21.0785 0
      vertex 23.5865 20.9445 0
    endloop
  endfacet
  facet normal 0 0 -1
    outer loop
      vertex 21.3325 22.6 0
      vertex 23.5865 20.9445 0
      vertex 23.5007 20.8014 0
    endloop
  endfacet
  facet normal -0 0 -1
    outer loop
      vertex 23.5865 19.0555 0
      vertex 21.2584 17.4999 0
      vertex 23.5007 19.1986 0
    endloop
  endfacet
  facet normal 0 0 -1
    outer loop
      vertex 21.0314 17.8787 0
      vertex 23.5007 19.1986 0
      vertex 21.2584 17.4999 0
    endloop
  endfacet
  facet normal -0 0 -1
    outer loop
      vertex 23.5007 19.1986 0
      vertex 21.0314 17.8787 0
      vertex 23.4294 19.3494 0
    endloop
  endfacet
  facet normal 0 0 -1
    outer loop
      vertex 20.8425 18.2779 0
      vertex 23.4294 19.3494 0
      vertex 21.0314 17.8787 0
    endloop
  endfacet
  facet normal -0 0 -1
    outer loop
      vertex 23.4294 19.3494 0
      vertex 20.8425 18.2779 0
      vertex 23.3732 19.5065 0
    endloop
  endfacet
  facet normal 0 0 -1
    outer loop
      vertex 20.6938 18.6937 0
      vertex 23.3732 19.5065 0
      vertex 20.8425 18.2779 0
    endloop
  endfacet
  facet normal 0 0 -1
    outer loop
      vertex 23.3 20 0
      vertex 21.3325 22.6 0
      vertex 23.3082 20.1666 0
    endloop
  endfacet
  facet normal 0 0 -1
    outer loop
      vertex 23.3082 20.1666 0
      vertex 21.3325 22.6 0
      vertex 23.3327 20.3317 0
    endloop
  endfacet
  facet normal 0 0 -1
    outer loop
      vertex 23.3327 20.3317 0
      vertex 21.3325 22.6 0
      vertex 23.3732 20.4935 0
    endloop
  endfacet
  facet normal 0 0 -1
    outer loop
      vertex 23.3732 20.4935 0
      vertex 21.3325 22.6 0
      vertex 23.4294 20.6506 0
    endloop
  endfacet
  facet normal 0 0 -1
    outer loop
      vertex 23.4294 20.6506 0
      vertex 21.3325 22.6 0
      vertex 23.5007 20.8014 0
    endloop
  endfacet
  facet normal 0 0 -1
    outer loop
      vertex 24.3494 21.5706 0
      vertex 21.3325 22.6 0
      vertex 26 25 0
    endloop
  endfacet
  facet normal 0 0 -1
    outer loop
      vertex -21.3325 22.6 0
      vertex 26 25 0
      vertex 21.3325 22.6 0
    endloop
  endfacet
  facet normal 0 0 -1
    outer loop
      vertex -23.3082 19.8334 0
      vertex -21.5215 17.1452 0
      vertex -21.818 16.818 0
    endloop
  endfacet
  facet normal 0 0 -1
    outer loop
      vertex -23.3082 19.8334 0
      vertex -21.818 16.818 0
      vertex -22.1452 16.5215 0
    endloop
  endfacet
  facet normal 0 0 -1
    outer loop
      vertex -23.3082 19.8334 0
      vertex -22.1452 16.5215 0
      vertex -22.4999 16.2584 0
    endloop
  endfacet
  facet normal 0 0 -1
    outer loop
      vertex -23.3082 19.8334 0
      vertex -22.4999 16.2584 0
      vertex -22.8787 16.0314 0
    endloop
  endfacet
  facet normal 0 0 -1
    outer loop
      vertex -24.1986 18.5007 0
      vertex -22.8787 16.0314 0
      vertex -23.2779 15.8425 0
    endloop
  endfacet
  facet normal -0 0 -1
    outer loop
      vertex -20.6938 21.3063 0
      vertex -23.3732 20.4935 0
      vertex -20.8425 21.7221 0
    endloop
  endfacet
  facet normal 0 0 -1
    outer loop
      vertex -23.4294 20.6506 0
      vertex -20.8425 21.7221 0
      vertex -23.3732 20.4935 0
    endloop
  endfacet
  facet normal -0 0 -1
    outer loop
      vertex -20.8425 21.7221 0
      vertex -23.4294 20.6506 0
      vertex -21.0314 22.1213 0
    endloop
  endfacet
  facet normal 0 0 -1
    outer loop
      vertex -23.5007 20.8014 0
      vertex -21.0314 22.1213 0
      vertex -23.4294 20.6506 0
    endloop
  endfacet
  facet normal -0 0 -1
    outer loop
      vertex -21.0314 22.1213 0
      vertex -23.5007 20.8014 0
      vertex -21.2584 22.5001 0
    endloop
  endfacet
  facet normal 0 0 -1
    outer loop
      vertex -23.5865 20.9445 0
      vertex -21.2584 22.5001 0
      vertex -23.5007 20.8014 0
    endloop
  endfacet
  facet normal -0 0 -1
    outer loop
      vertex -21.2584 22.5001 0
      vertex -23.5865 20.9445 0
      vertex -21.3325 22.6 0
    endloop
  endfacet
  facet normal 0 0 -1
    outer loop
      vertex -23.6859 21.0785 0
      vertex -21.3325 22.6 0
      vertex -23.5865 20.9445 0
    endloop
  endfacet
  facet normal 0 0 -1
    outer loop
      vertex -23.7979 21.2021 0
      vertex -21.3325 22.6 0
      vertex -23.6859 21.0785 0
    endloop
  endfacet
  facet normal 0 0 -1
    outer loop
      vertex -23.9215 21.3141 0
      vertex -21.3325 22.6 0
      vertex -23.7979 21.2021 0
    endloop
  endfacet
  facet normal 0 0 -1
    outer loop
      vertex -24.0555 21.4135 0
      vertex -21.3325 22.6 0
      vertex -23.9215 21.3141 0
    endloop
  endfacet
  facet normal 0 0 -1
    outer loop
      vertex -24.1986 21.4993 0
      vertex -21.3325 22.6 0
      vertex -24.0555 21.4135 0
    endloop
  endfacet
  facet normal 0 0 -1
    outer loop
      vertex -24.3494 21.5706 0
      vertex -21.3325 22.6 0
      vertex -24.1986 21.4993 0
    endloop
  endfacet
  facet normal 0 0 -1
    outer loop
      vertex -24.5065 21.6268 0
      vertex -21.3325 22.6 0
      vertex -24.3494 21.5706 0
    endloop
  endfacet
  facet normal 0 0 -1
    outer loop
      vertex -26 25 0
      vertex -24.5065 21.6268 0
      vertex -24.6683 21.6673 0
    endloop
  endfacet
  facet normal 0 0 -1
    outer loop
      vertex -26 25 0
      vertex -24.6683 21.6673 0
      vertex -24.8334 21.6918 0
    endloop
  endfacet
  facet normal 0 0 -1
    outer loop
      vertex -26 25 0
      vertex -24.8334 21.6918 0
      vertex -25 21.7 0
    endloop
  endfacet
  facet normal 0 0 -1
    outer loop
      vertex -26 25 0
      vertex -25 21.7 0
      vertex -25.1666 21.6918 0
    endloop
  endfacet
  facet normal 0 0 -1
    outer loop
      vertex -26 25 0
      vertex -25.1666 21.6918 0
      vertex -25.3317 21.6673 0
    endloop
  endfacet
  facet normal 0 0 -1
    outer loop
      vertex -21.3325 22.6 0
      vertex -26 25 0
      vertex 26 25 0
    endloop
  endfacet
  facet normal 0 0 -1
    outer loop
      vertex -24.5065 21.6268 0
      vertex -26 25 0
      vertex -21.3325 22.6 0
    endloop
  endfacet
  facet normal 0 0 -1
    outer loop
      vertex -25.4935 21.6268 0
      vertex -26 25 0
      vertex -25.3317 21.6673 0
    endloop
  endfacet
  facet normal 0 0 -1
    outer loop
      vertex -26.3921 24.9807 0
      vertex -25.4935 21.6268 0
      vertex -25.6506 21.5706 0
    endloop
  endfacet
  facet normal 0 0 -1
    outer loop
      vertex -26.7804 24.9231 0
      vertex -25.6506 21.5706 0
      vertex -25.8014 21.4993 0
    endloop
  endfacet
  facet normal 0 0 -1
    outer loop
      vertex -27.5307 24.6955 0
      vertex -25.8014 21.4993 0
      vertex -25.9445 21.4135 0
    endloop
  endfacet
  facet normal 0 0 -1
    outer loop
      vertex -27.8856 24.5277 0
      vertex -25.9445 21.4135 0
      vertex -26.0785 21.3141 0
    endloop
  endfacet
  facet normal 0 0 -1
    outer loop
      vertex -27.8856 24.5277 0
      vertex -26.0785 21.3141 0
      vertex -26.2021 21.2021 0
    endloop
  endfacet
  facet normal 0 0 -1
    outer loop
      vertex -27.8856 24.5277 0
      vertex -26.2021 21.2021 0
      vertex -26.3141 21.0785 0
    endloop
  endfacet
  facet normal 0 0 -1
    outer loop
      vertex -25.4935 21.6268 0
      vertex -26.3921 24.9807 0
      vertex -26 25 0
    endloop
  endfacet
  facet normal 0 0 -1
    outer loop
      vertex -27.8856 24.5277 0
      vertex -26.3141 21.0785 0
      vertex -26.4135 20.9445 0
    endloop
  endfacet
  facet normal 0 0 -1
    outer loop
      vertex -27.8856 24.5277 0
      vertex -26.4135 20.9445 0
      vertex -26.4993 20.8014 0
    endloop
  endfacet
  facet normal 0 0 -1
    outer loop
      vertex -27.8856 24.5277 0
      vertex -26.4993 20.8014 0
      vertex -26.5706 20.6506 0
    endloop
  endfacet
  facet normal 0 0 -1
    outer loop
      vertex -27.8856 24.5277 0
      vertex -26.5706 20.6506 0
      vertex -26.6268 20.4935 0
    endloop
  endfacet
  facet normal 0 0 -1
    outer loop
      vertex -27.8856 24.5277 0
      vertex -26.6268 20.4935 0
      vertex -26.6673 20.3317 0
    endloop
  endfacet
  facet normal 0 0 -1
    outer loop
      vertex -27.8856 24.5277 0
      vertex -26.6673 20.3317 0
      vertex -26.6918 20.1666 0
    endloop
  endfacet
  facet normal 0 0 -1
    outer loop
      vertex -25.6506 21.5706 0
      vertex -26.7804 24.9231 0
      vertex -26.3921 24.9807 0
    endloop
  endfacet
  facet normal 0 0 -1
    outer loop
      vertex -27.8856 24.5277 0
      vertex -26.6918 20.1666 0
      vertex -26.7 20 0
    endloop
  endfacet
  facet normal -0 0 -1
    outer loop
      vertex -26.6268 19.5065 0
      vertex -27.6 16.3325 0
      vertex -26.6673 19.6683 0
    endloop
  endfacet
  facet normal -0 0 -1
    outer loop
      vertex -26.6673 19.6683 0
      vertex -27.6 16.3325 0
      vertex -26.6918 19.8334 0
    endloop
  endfacet
  facet normal 0 0 -1
    outer loop
      vertex -27.8856 24.5277 0
      vertex -26.7 20 0
      vertex -27.6 16.3325 0
    endloop
  endfacet
  facet normal -0 0 -1
    outer loop
      vertex -26.6918 19.8334 0
      vertex -27.6 16.3325 0
      vertex -26.7 20 0
    endloop
  endfacet
  facet normal 0 0 -1
    outer loop
      vertex -25.9445 21.4135 0
      vertex -27.8856 24.5277 0
      vertex -27.5307 24.6955 0
    endloop
  endfacet
  facet normal 0 0 -1
    outer loop
      vertex -25.8014 21.4993 0
      vertex -27.1611 24.8278 0
      vertex -26.7804 24.9231 0
    endloop
  endfacet
  facet normal 0 0 -1
    outer loop
      vertex -25.8014 21.4993 0
      vertex -27.5307 24.6955 0
      vertex -27.1611 24.8278 0
    endloop
  endfacet
  facet normal 0 0 -1
    outer loop
      vertex 29.8278 -22.1611 0
      vertex 26.4993 -20.8014 0
      vertex 29.9231 -21.7804 0
    endloop
  endfacet
  facet normal 0 0 -1
    outer loop
      vertex 26.6918 -19.8334 0
      vertex 30 -21 0
      vertex 26.7 -20 0
    endloop
  endfacet
  facet normal 0 0 -1
    outer loop
      vertex 25.8014 -21.4993 0
      vertex 27.5307 -24.6955 0
      vertex 27.1611 -24.8278 0
    endloop
  endfacet
  facet normal 0 0 -1
    outer loop
      vertex 30 -21 0
      vertex 26.6918 -20.1666 0
      vertex 26.7 -20 0
    endloop
  endfacet
  facet normal 0 0 -1
    outer loop
      vertex 25.8014 -21.4993 0
      vertex 27.1611 -24.8278 0
      vertex 26.7804 -24.9231 0
    endloop
  endfacet
  facet normal 0 0 -1
    outer loop
      vertex 26.6268 -19.5065 0
      vertex 30 -21 0
      vertex 26.6673 -19.6683 0
    endloop
  endfacet
  facet normal 0 0 -1
    outer loop
      vertex 30 -21 0
      vertex 26.6268 -19.5065 0
      vertex 27.6 -16.3325 0
    endloop
  endfacet
  facet normal 0 0 -1
    outer loop
      vertex 26.6673 -19.6683 0
      vertex 30 -21 0
      vertex 26.6918 -19.8334 0
    endloop
  endfacet
  facet normal 0 0 -1
    outer loop
      vertex 30 -21 0
      vertex 26.6673 -20.3317 0
      vertex 26.6918 -20.1666 0
    endloop
  endfacet
  facet normal 0 0 -1
    outer loop
      vertex 30 -21 0
      vertex 26.6268 -20.4935 0
      vertex 26.6673 -20.3317 0
    endloop
  endfacet
  facet normal 0 0 -1
    outer loop
      vertex 29.9807 -21.3921 0
      vertex 26.6268 -20.4935 0
      vertex 30 -21 0
    endloop
  endfacet
  facet normal 0 -0 -1
    outer loop
      vertex 26.6268 -20.4935 0
      vertex 29.9807 -21.3921 0
      vertex 26.5706 -20.6506 0
    endloop
  endfacet
  facet normal 0 0 -1
    outer loop
      vertex 29.9231 -21.7804 0
      vertex 26.5706 -20.6506 0
      vertex 29.9807 -21.3921 0
    endloop
  endfacet
  facet normal 0 0 -1
    outer loop
      vertex 25.6506 -21.5706 0
      vertex 26.7804 -24.9231 0
      vertex 26.3921 -24.9807 0
    endloop
  endfacet
  facet normal 0 -0 -1
    outer loop
      vertex 26.5706 -20.6506 0
      vertex 29.9231 -21.7804 0
      vertex 26.4993 -20.8014 0
    endloop
  endfacet
  facet normal 0 0 -1
    outer loop
      vertex 27.5307 -24.6955 0
      vertex 26.2021 -21.2021 0
      vertex 26.3141 -21.0785 0
    endloop
  endfacet
  facet normal 0 0 -1
    outer loop
      vertex 27.5307 -24.6955 0
      vertex 26.0785 -21.3141 0
      vertex 26.2021 -21.2021 0
    endloop
  endfacet
  facet normal 0 0 -1
    outer loop
      vertex 25.4935 -21.6268 0
      vertex 26.3921 -24.9807 0
      vertex 26 -25 0
    endloop
  endfacet
  facet normal 0 0 -1
    outer loop
      vertex 27.5307 -24.6955 0
      vertex 25.9445 -21.4135 0
      vertex 26.0785 -21.3141 0
    endloop
  endfacet
  facet normal 0 0 -1
    outer loop
      vertex 27.5307 -24.6955 0
      vertex 25.8014 -21.4993 0
      vertex 25.9445 -21.4135 0
    endloop
  endfacet
  facet normal 0 0 -1
    outer loop
      vertex 26.7804 -24.9231 0
      vertex 25.6506 -21.5706 0
      vertex 25.8014 -21.4993 0
    endloop
  endfacet
  facet normal 0 0 -1
    outer loop
      vertex 26.3921 -24.9807 0
      vertex 25.4935 -21.6268 0
      vertex 25.6506 -21.5706 0
    endloop
  endfacet
  facet normal 0 0 -1
    outer loop
      vertex 26 -25 0
      vertex 25.3317 -21.6673 0
      vertex 25.4935 -21.6268 0
    endloop
  endfacet
  facet normal 0 0 -1
    outer loop
      vertex 26 -25 0
      vertex 25.1666 -21.6918 0
      vertex 25.3317 -21.6673 0
    endloop
  endfacet
  facet normal 0 0 -1
    outer loop
      vertex 26 -25 0
      vertex 25 -21.7 0
      vertex 25.1666 -21.6918 0
    endloop
  endfacet
  facet normal 0 0 -1
    outer loop
      vertex 26 -25 0
      vertex 24.8334 -21.6918 0
      vertex 25 -21.7 0
    endloop
  endfacet
  facet normal 0 0 -1
    outer loop
      vertex 26 -25 0
      vertex 24.6683 -21.6673 0
      vertex 24.8334 -21.6918 0
    endloop
  endfacet
  facet normal 0 0 -1
    outer loop
      vertex 26 -25 0
      vertex 24.5065 -21.6268 0
      vertex 24.6683 -21.6673 0
    endloop
  endfacet
  facet normal 0 0 -1
    outer loop
      vertex 26 -25 0
      vertex 24.3494 -21.5706 0
      vertex 24.5065 -21.6268 0
    endloop
  endfacet
  facet normal 0 0 -1
    outer loop
      vertex 21.3325 -22.6 0
      vertex 24.3494 -21.5706 0
      vertex 26 -25 0
    endloop
  endfacet
  facet normal -0 0 -1
    outer loop
      vertex 24.3494 -21.5706 0
      vertex 21.3325 -22.6 0
      vertex 24.1986 -21.4993 0
    endloop
  endfacet
  facet normal -0 0 -1
    outer loop
      vertex 24.1986 -21.4993 0
      vertex 21.3325 -22.6 0
      vertex 24.0555 -21.4135 0
    endloop
  endfacet
  facet normal -0 0 -1
    outer loop
      vertex 24.0555 -21.4135 0
      vertex 21.3325 -22.6 0
      vertex 23.9215 -21.3141 0
    endloop
  endfacet
  facet normal -0 0 -1
    outer loop
      vertex 23.9215 -21.3141 0
      vertex 21.3325 -22.6 0
      vertex 23.7979 -21.2021 0
    endloop
  endfacet
  facet normal -0 0 -1
    outer loop
      vertex 23.7979 -21.2021 0
      vertex 21.3325 -22.6 0
      vertex 23.6859 -21.0785 0
    endloop
  endfacet
  facet normal -0 0 -1
    outer loop
      vertex 23.6859 -21.0785 0
      vertex 21.3325 -22.6 0
      vertex 23.5865 -20.9445 0
    endloop
  endfacet
  facet normal 0 0 -1
    outer loop
      vertex 24.1986 -18.5007 0
      vertex 22.8787 -16.0314 0
      vertex 23.2779 -15.8425 0
    endloop
  endfacet
  facet normal 0 0 -1
    outer loop
      vertex 20.5 -20 0
      vertex 23.3 -20 0
      vertex 23.3082 -20.1666 0
    endloop
  endfacet
  facet normal 0 0 -1
    outer loop
      vertex 23.3082 -19.8334 0
      vertex 22.4999 -16.2584 0
      vertex 22.8787 -16.0314 0
    endloop
  endfacet
  facet normal 0 0 -1
    outer loop
      vertex 20.5217 -20.4411 0
      vertex 23.3082 -20.1666 0
      vertex 23.3327 -20.3317 0
    endloop
  endfacet
  facet normal 0 0 -1
    outer loop
      vertex 23.3082 -19.8334 0
      vertex 22.1452 -16.5215 0
      vertex 22.4999 -16.2584 0
    endloop
  endfacet
  facet normal 0 0 -1
    outer loop
      vertex 20.5865 -20.8779 0
      vertex 23.3327 -20.3317 0
      vertex 23.3732 -20.4935 0
    endloop
  endfacet
  facet normal 0 0 -1
    outer loop
      vertex 23.3082 -19.8334 0
      vertex 21.818 -16.818 0
      vertex 22.1452 -16.5215 0
    endloop
  endfacet
  facet normal 0 0 -1
    outer loop
      vertex 20.6938 -21.3063 0
      vertex 23.3732 -20.4935 0
      vertex 23.4294 -20.6506 0
    endloop
  endfacet
  facet normal 0 0 -1
    outer loop
      vertex 23.3082 -19.8334 0
      vertex 21.5215 -17.1452 0
      vertex 21.818 -16.818 0
    endloop
  endfacet
  facet normal 0 0 -1
    outer loop
      vertex 20.8425 -21.7221 0
      vertex 23.4294 -20.6506 0
      vertex 23.5007 -20.8014 0
    endloop
  endfacet
  facet normal -0 0 -1
    outer loop
      vertex 23.5865 -20.9445 0
      vertex 21.2584 -22.5001 0
      vertex 23.5007 -20.8014 0
    endloop
  endfacet
  facet normal 0 0 -1
    outer loop
      vertex 21.2584 -22.5001 0
      vertex 23.5865 -20.9445 0
      vertex 21.3325 -22.6 0
    endloop
  endfacet
  facet normal 0 0 -1
    outer loop
      vertex 26 -25 0
      vertex -21.3325 -22.6 0
      vertex 21.3325 -22.6 0
    endloop
  endfacet
  facet normal -0 0 -1
    outer loop
      vertex -20.6938 -18.6937 0
      vertex -23.3732 -19.5065 0
      vertex -20.8425 -18.2779 0
    endloop
  endfacet
  facet normal -0 0 -1
    outer loop
      vertex -20.8425 -18.2779 0
      vertex -23.4294 -19.3494 0
      vertex -21.0314 -17.8787 0
    endloop
  endfacet
  facet normal 0 0 -1
    outer loop
      vertex -23.5007 -19.1986 0
      vertex -21.0314 -17.8787 0
      vertex -23.4294 -19.3494 0
    endloop
  endfacet
  facet normal 0 0 -1
    outer loop
      vertex -23.5865 -19.0555 0
      vertex -21.2584 -17.4999 0
      vertex -23.5007 -19.1986 0
    endloop
  endfacet
  facet normal -0 0 -1
    outer loop
      vertex -21.2584 -17.4999 0
      vertex -23.5865 -19.0555 0
      vertex -21.5215 -17.1452 0
    endloop
  endfacet
  facet normal 0 0 -1
    outer loop
      vertex -23.4294 -19.3494 0
      vertex -20.8425 -18.2779 0
      vertex -23.3732 -19.5065 0
    endloop
  endfacet
  facet normal 0 0 -1
    outer loop
      vertex -21.3325 -22.6 0
      vertex -23.3082 -20.1666 0
      vertex -23.3 -20 0
    endloop
  endfacet
  facet normal 0 0 -1
    outer loop
      vertex -21.3325 -22.6 0
      vertex -23.3327 -20.3317 0
      vertex -23.3082 -20.1666 0
    endloop
  endfacet
  facet normal 0 0 -1
    outer loop
      vertex -21.3325 -22.6 0
      vertex -23.3732 -20.4935 0
      vertex -23.3327 -20.3317 0
    endloop
  endfacet
  facet normal 0 0 -1
    outer loop
      vertex -21.3325 -22.6 0
      vertex -23.4294 -20.6506 0
      vertex -23.3732 -20.4935 0
    endloop
  endfacet
  facet normal 0 0 -1
    outer loop
      vertex -21.3325 -22.6 0
      vertex -23.5007 -20.8014 0
      vertex -23.4294 -20.6506 0
    endloop
  endfacet
  facet normal 0 0 -1
    outer loop
      vertex -21.3325 -22.6 0
      vertex -23.5865 -20.9445 0
      vertex -23.5007 -20.8014 0
    endloop
  endfacet
  facet normal 0 0 -1
    outer loop
      vertex -21.3325 -22.6 0
      vertex -23.6859 -21.0785 0
      vertex -23.5865 -20.9445 0
    endloop
  endfacet
  facet normal 0 0 -1
    outer loop
      vertex -21.3325 -22.6 0
      vertex -23.7979 -21.2021 0
      vertex -23.6859 -21.0785 0
    endloop
  endfacet
  facet normal 0 0 -1
    outer loop
      vertex -21.3325 -22.6 0
      vertex -23.9215 -21.3141 0
      vertex -23.7979 -21.2021 0
    endloop
  endfacet
  facet normal 0 0 -1
    outer loop
      vertex -21.3325 -22.6 0
      vertex -24.0555 -21.4135 0
      vertex -23.9215 -21.3141 0
    endloop
  endfacet
  facet normal 0 0 -1
    outer loop
      vertex -21.3325 -22.6 0
      vertex -24.1986 -21.4993 0
      vertex -24.0555 -21.4135 0
    endloop
  endfacet
  facet normal 0 0 -1
    outer loop
      vertex -21.3325 -22.6 0
      vertex -24.3494 -21.5706 0
      vertex -24.1986 -21.4993 0
    endloop
  endfacet
  facet normal 0 0 -1
    outer loop
      vertex -21.3325 -22.6 0
      vertex -24.5065 -21.6268 0
      vertex -24.3494 -21.5706 0
    endloop
  endfacet
  facet normal 0 0 -1
    outer loop
      vertex -26 -25 0
      vertex -24.5065 -21.6268 0
      vertex -21.3325 -22.6 0
    endloop
  endfacet
  facet normal 0 0 -1
    outer loop
      vertex -24.5065 -21.6268 0
      vertex -26 -25 0
      vertex -24.6683 -21.6673 0
    endloop
  endfacet
  facet normal 0 0 -1
    outer loop
      vertex -24.6683 -21.6673 0
      vertex -26 -25 0
      vertex -24.8334 -21.6918 0
    endloop
  endfacet
  facet normal 0 0 -1
    outer loop
      vertex -24.8334 -21.6918 0
      vertex -26 -25 0
      vertex -25 -21.7 0
    endloop
  endfacet
  facet normal -0 0 -1
    outer loop
      vertex -25 -21.7 0
      vertex -26 -25 0
      vertex -25.1666 -21.6918 0
    endloop
  endfacet
  facet normal 0 0 -1
    outer loop
      vertex -26 -25 0
      vertex -21.3325 -22.6 0
      vertex 26 -25 0
    endloop
  endfacet
  facet normal -0 0 -1
    outer loop
      vertex -25.1666 -21.6918 0
      vertex -26 -25 0
      vertex -25.3317 -21.6673 0
    endloop
  endfacet
  facet normal 0 0 -1
    outer loop
      vertex -26 -25 0
      vertex -25.4935 -21.6268 0
      vertex -25.3317 -21.6673 0
    endloop
  endfacet
  facet normal 0 0 -1
    outer loop
      vertex -26.3921 -24.9807 0
      vertex -25.4935 -21.6268 0
      vertex -26 -25 0
    endloop
  endfacet
  facet normal -0 0 -1
    outer loop
      vertex -25.4935 -21.6268 0
      vertex -26.3921 -24.9807 0
      vertex -25.6506 -21.5706 0
    endloop
  endfacet
  facet normal 0 0 -1
    outer loop
      vertex -26.7804 -24.9231 0
      vertex -25.6506 -21.5706 0
      vertex -26.3921 -24.9807 0
    endloop
  endfacet
  facet normal -0 0 -1
    outer loop
      vertex -25.6506 -21.5706 0
      vertex -26.7804 -24.9231 0
      vertex -25.8014 -21.4993 0
    endloop
  endfacet
  facet normal 0 0 -1
    outer loop
      vertex -27.1611 -24.8278 0
      vertex -25.8014 -21.4993 0
      vertex -26.7804 -24.9231 0
    endloop
  endfacet
  facet normal 0 0 -1
    outer loop
      vertex -27.5307 -24.6955 0
      vertex -25.8014 -21.4993 0
      vertex -27.1611 -24.8278 0
    endloop
  endfacet
  facet normal -0 0 -1
    outer loop
      vertex -25.8014 -21.4993 0
      vertex -27.5307 -24.6955 0
      vertex -25.9445 -21.4135 0
    endloop
  endfacet
  facet normal 0 0 -1
    outer loop
      vertex -27.8856 -24.5277 0
      vertex -25.9445 -21.4135 0
      vertex -27.5307 -24.6955 0
    endloop
  endfacet
  facet normal -0 0 -1
    outer loop
      vertex -25.9445 -21.4135 0
      vertex -27.8856 -24.5277 0
      vertex -26.0785 -21.3141 0
    endloop
  endfacet
  facet normal 0 0 -1
    outer loop
      vertex -28.2223 -24.3259 0
      vertex -26.0785 -21.3141 0
      vertex -27.8856 -24.5277 0
    endloop
  endfacet
  facet normal 0 0 -1
    outer loop
      vertex -28.5376 -24.092 0
      vertex -26.0785 -21.3141 0
      vertex -28.2223 -24.3259 0
    endloop
  endfacet
  facet normal -0 0 -1
    outer loop
      vertex -26.0785 -21.3141 0
      vertex -28.5376 -24.092 0
      vertex -26.2021 -21.2021 0
    endloop
  endfacet
  facet normal 0 0 -1
    outer loop
      vertex -28.8284 -23.8284 0
      vertex -26.2021 -21.2021 0
      vertex -28.5376 -24.092 0
    endloop
  endfacet
  facet normal 0 0 -1
    outer loop
      vertex -29.092 -23.5376 0
      vertex -26.2021 -21.2021 0
      vertex -28.8284 -23.8284 0
    endloop
  endfacet
  facet normal -0 0 -1
    outer loop
      vertex -26.2021 -21.2021 0
      vertex -29.092 -23.5376 0
      vertex -26.3141 -21.0785 0
    endloop
  endfacet
  facet normal 0 0 -1
    outer loop
      vertex -29.3259 -23.2223 0
      vertex -26.3141 -21.0785 0
      vertex -29.092 -23.5376 0
    endloop
  endfacet
  facet normal 0 -0 -1
    outer loop
      vertex -27.5001 -16.2584 0
      vertex -26.7 -20 0
      vertex -27.6 -16.3325 0
    endloop
  endfacet
  facet normal -0 0 -1
    outer loop
      vertex -26.3141 -21.0785 0
      vertex -29.3259 -23.2223 0
      vertex -26.4135 -20.9445 0
    endloop
  endfacet
  facet normal 0 0 -1
    outer loop
      vertex -26.7 -20 0
      vertex -27.1213 -16.0314 0
      vertex -26.7221 -15.8425 0
    endloop
  endfacet
  facet normal 0 0 -1
    outer loop
      vertex -29.5277 -22.8856 0
      vertex -26.4135 -20.9445 0
      vertex -29.3259 -23.2223 0
    endloop
  endfacet
  facet normal 0 0 -1
    outer loop
      vertex -26.7 -20 0
      vertex -27.5001 -16.2584 0
      vertex -27.1213 -16.0314 0
    endloop
  endfacet
  facet normal 0 0 -1
    outer loop
      vertex -29.6955 -22.5307 0
      vertex -26.4135 -20.9445 0
      vertex -29.5277 -22.8856 0
    endloop
  endfacet
  facet normal -0 0 -1
    outer loop
      vertex -26.7 -20 0
      vertex -30 -21 0
      vertex -27.6 -16.3325 0
    endloop
  endfacet
  facet normal -0 0 -1
    outer loop
      vertex -26.4135 -20.9445 0
      vertex -29.6955 -22.5307 0
      vertex -26.4993 -20.8014 0
    endloop
  endfacet
  facet normal 0 0 -1
    outer loop
      vertex -29.8278 -22.1611 0
      vertex -26.4993 -20.8014 0
      vertex -29.6955 -22.5307 0
    endloop
  endfacet
  facet normal 0 0 -1
    outer loop
      vertex -29.9231 -21.7804 0
      vertex -26.4993 -20.8014 0
      vertex -29.8278 -22.1611 0
    endloop
  endfacet
  facet normal -0 0 -1
    outer loop
      vertex -26.4993 -20.8014 0
      vertex -29.9231 -21.7804 0
      vertex -26.5706 -20.6506 0
    endloop
  endfacet
  facet normal 0 0 -1
    outer loop
      vertex -29.9807 -21.3921 0
      vertex -26.5706 -20.6506 0
      vertex -29.9231 -21.7804 0
    endloop
  endfacet
  facet normal -0 0 -1
    outer loop
      vertex -26.5706 -20.6506 0
      vertex -29.9807 -21.3921 0
      vertex -26.6268 -20.4935 0
    endloop
  endfacet
  facet normal 0 0 -1
    outer loop
      vertex -30 -21 0
      vertex -26.6268 -20.4935 0
      vertex -29.9807 -21.3921 0
    endloop
  endfacet
  facet normal -0 0 -1
    outer loop
      vertex -26.6268 -20.4935 0
      vertex -30 -21 0
      vertex -26.6673 -20.3317 0
    endloop
  endfacet
  facet normal -0 0 -1
    outer loop
      vertex -26.6673 -20.3317 0
      vertex -30 -21 0
      vertex -26.6918 -20.1666 0
    endloop
  endfacet
  facet normal -0 0 -1
    outer loop
      vertex -26.6918 -20.1666 0
      vertex -30 -21 0
      vertex -26.7 -20 0
    endloop
  endfacet
  facet normal 0 0 -1
    outer loop
      vertex -30 -7 0
      vertex -27.6 -16.3325 0
      vertex -30 -21 0
    endloop
  endfacet
  facet normal 0 0 -1
    outer loop
      vertex -27.6 -16.3325 0
      vertex -30 -7 0
      vertex -27.6 -7 0
    endloop
  endfacet
  facet normal 0 0 -1
    outer loop
      vertex 29.6955 -22.5307 0
      vertex 26.4993 -20.8014 0
      vertex 29.8278 -22.1611 0
    endloop
  endfacet
  facet normal 0 -0 -1
    outer loop
      vertex 26.4993 -20.8014 0
      vertex 29.6955 -22.5307 0
      vertex 26.4135 -20.9445 0
    endloop
  endfacet
  facet normal 0 0 -1
    outer loop
      vertex 29.5277 -22.8856 0
      vertex 26.4135 -20.9445 0
      vertex 29.6955 -22.5307 0
    endloop
  endfacet
  facet normal 0 -0 -1
    outer loop
      vertex 26.4135 -20.9445 0
      vertex 29.5277 -22.8856 0
      vertex 26.3141 -21.0785 0
    endloop
  endfacet
  facet normal 0 0 -1
    outer loop
      vertex 29.3259 -23.2223 0
      vertex 26.3141 -21.0785 0
      vertex 29.5277 -22.8856 0
    endloop
  endfacet
  facet normal 0 0 -1
    outer loop
      vertex 29.092 -23.5376 0
      vertex 26.3141 -21.0785 0
      vertex 29.3259 -23.2223 0
    endloop
  endfacet
  facet normal 0 0 -1
    outer loop
      vertex 28.8284 -23.8284 0
      vertex 26.3141 -21.0785 0
      vertex 29.092 -23.5376 0
    endloop
  endfacet
  facet normal 0 0 -1
    outer loop
      vertex 28.5376 -24.092 0
      vertex 26.3141 -21.0785 0
      vertex 28.8284 -23.8284 0
    endloop
  endfacet
  facet normal 0 0 -1
    outer loop
      vertex 28.2223 -24.3259 0
      vertex 26.3141 -21.0785 0
      vertex 28.5376 -24.092 0
    endloop
  endfacet
  facet normal 0 0 -1
    outer loop
      vertex 26.3141 -21.0785 0
      vertex 28.2223 -24.3259 0
      vertex 27.8856 -24.5277 0
    endloop
  endfacet
  facet normal 0 0 -1
    outer loop
      vertex 26.3141 -21.0785 0
      vertex 27.8856 -24.5277 0
      vertex 27.5307 -24.6955 0
    endloop
  endfacet
  facet normal 0 0 -1
    outer loop
      vertex 30 -21 0
      vertex 27.6 -16.3325 0
      vertex 30 -7 0
    endloop
  endfacet
  facet normal -0 0 -1
    outer loop
      vertex 30 -7 0
      vertex 27.6 -16.3325 0
      vertex 27.6 -7 0
    endloop
  endfacet
  facet normal 0 0 -1
    outer loop
      vertex 26.5706 -19.3494 0
      vertex 27.6 -16.3325 0
      vertex 26.6268 -19.5065 0
    endloop
  endfacet
  facet normal 0 0 -1
    outer loop
      vertex 26.4993 -19.1986 0
      vertex 27.6 -16.3325 0
      vertex 26.5706 -19.3494 0
    endloop
  endfacet
  facet normal 0 0 -1
    outer loop
      vertex 26.4135 -19.0555 0
      vertex 27.6 -16.3325 0
      vertex 26.4993 -19.1986 0
    endloop
  endfacet
  facet normal 0 0 -1
    outer loop
      vertex 26.3141 -18.9215 0
      vertex 27.6 -16.3325 0
      vertex 26.4135 -19.0555 0
    endloop
  endfacet
  facet normal 0 0 -1
    outer loop
      vertex 26.2021 -18.7979 0
      vertex 27.6 -16.3325 0
      vertex 26.3141 -18.9215 0
    endloop
  endfacet
  facet normal 0 0 -1
    outer loop
      vertex 26.0785 -18.6859 0
      vertex 27.6 -16.3325 0
      vertex 26.2021 -18.7979 0
    endloop
  endfacet
  facet normal 0 0 -1
    outer loop
      vertex 25.9445 -18.5865 0
      vertex 27.6 -16.3325 0
      vertex 26.0785 -18.6859 0
    endloop
  endfacet
  facet normal -0 0 -1
    outer loop
      vertex 27.6 -16.3325 0
      vertex 25.9445 -18.5865 0
      vertex 27.5001 -16.2584 0
    endloop
  endfacet
  facet normal -0 0 -1
    outer loop
      vertex 27.5001 -16.2584 0
      vertex 25.9445 -18.5865 0
      vertex 27.1213 -16.0314 0
    endloop
  endfacet
  facet normal 0 0 -1
    outer loop
      vertex 25.8014 -18.5007 0
      vertex 27.1213 -16.0314 0
      vertex 25.9445 -18.5865 0
    endloop
  endfacet
  facet normal -0 0 -1
    outer loop
      vertex 27.1213 -16.0314 0
      vertex 25.8014 -18.5007 0
      vertex 26.7221 -15.8425 0
    endloop
  endfacet
  facet normal 0 0 -1
    outer loop
      vertex 25.6506 -18.4294 0
      vertex 26.7221 -15.8425 0
      vertex 25.8014 -18.5007 0
    endloop
  endfacet
  facet normal -0 0 -1
    outer loop
      vertex 26.7221 -15.8425 0
      vertex 25.6506 -18.4294 0
      vertex 26.3063 -15.6938 0
    endloop
  endfacet
  facet normal 0 0 -1
    outer loop
      vertex 25.4935 -18.3732 0
      vertex 26.3063 -15.6938 0
      vertex 25.6506 -18.4294 0
    endloop
  endfacet
  facet normal -0 0 -1
    outer loop
      vertex 26.3063 -15.6938 0
      vertex 25.4935 -18.3732 0
      vertex 25.8779 -15.5865 0
    endloop
  endfacet
  facet normal 0 0 -1
    outer loop
      vertex 25.3317 -18.3327 0
      vertex 25.8779 -15.5865 0
      vertex 25.4935 -18.3732 0
    endloop
  endfacet
  facet normal -0 0 -1
    outer loop
      vertex 25.8779 -15.5865 0
      vertex 25.3317 -18.3327 0
      vertex 25.4411 -15.5217 0
    endloop
  endfacet
  facet normal 0 0 -1
    outer loop
      vertex 25.1666 -18.3082 0
      vertex 25.4411 -15.5217 0
      vertex 25.3317 -18.3327 0
    endloop
  endfacet
  facet normal 0 0 -1
    outer loop
      vertex 25 -18.3 0
      vertex 25.4411 -15.5217 0
      vertex 25.1666 -18.3082 0
    endloop
  endfacet
  facet normal 0 0 -1
    outer loop
      vertex 25 -18.3 0
      vertex 25 -15.5 0
      vertex 25.4411 -15.5217 0
    endloop
  endfacet
  facet normal 0 0 -1
    outer loop
      vertex 24.8334 -18.3082 0
      vertex 25 -15.5 0
      vertex 25 -18.3 0
    endloop
  endfacet
  facet normal 0 0 -1
    outer loop
      vertex 24.5589 -15.5217 0
      vertex 24.8334 -18.3082 0
      vertex 24.6683 -18.3327 0
    endloop
  endfacet
  facet normal 0 0 -1
    outer loop
      vertex 24.8334 -18.3082 0
      vertex 24.5589 -15.5217 0
      vertex 25 -15.5 0
    endloop
  endfacet
  facet normal 0 0 -1
    outer loop
      vertex 24.1221 -15.5865 0
      vertex 24.6683 -18.3327 0
      vertex 24.5065 -18.3732 0
    endloop
  endfacet
  facet normal 0 0 -1
    outer loop
      vertex 23.6937 -15.6938 0
      vertex 24.5065 -18.3732 0
      vertex 24.3494 -18.4294 0
    endloop
  endfacet
  facet normal 0 0 -1
    outer loop
      vertex 23.2779 -15.8425 0
      vertex 24.3494 -18.4294 0
      vertex 24.1986 -18.5007 0
    endloop
  endfacet
  facet normal 0 0 -1
    outer loop
      vertex 24.6683 -18.3327 0
      vertex 24.1221 -15.5865 0
      vertex 24.5589 -15.5217 0
    endloop
  endfacet
  facet normal 0 0 -1
    outer loop
      vertex 22.8787 -16.0314 0
      vertex 24.1986 -18.5007 0
      vertex 24.0555 -18.5865 0
    endloop
  endfacet
  facet normal 0 0 -1
    outer loop
      vertex 22.8787 -16.0314 0
      vertex 24.0555 -18.5865 0
      vertex 23.9215 -18.6859 0
    endloop
  endfacet
  facet normal 0 0 -1
    outer loop
      vertex 22.8787 -16.0314 0
      vertex 23.9215 -18.6859 0
      vertex 23.7979 -18.7979 0
    endloop
  endfacet
  facet normal 0 0 -1
    outer loop
      vertex 24.5065 -18.3732 0
      vertex 23.6937 -15.6938 0
      vertex 24.1221 -15.5865 0
    endloop
  endfacet
  facet normal 0 0 -1
    outer loop
      vertex 22.8787 -16.0314 0
      vertex 23.7979 -18.7979 0
      vertex 23.6859 -18.9215 0
    endloop
  endfacet
  facet normal 0 0 -1
    outer loop
      vertex 22.8787 -16.0314 0
      vertex 23.6859 -18.9215 0
      vertex 23.5865 -19.0555 0
    endloop
  endfacet
  facet normal 0 0 -1
    outer loop
      vertex 22.8787 -16.0314 0
      vertex 23.5865 -19.0555 0
      vertex 23.5007 -19.1986 0
    endloop
  endfacet
  facet normal 0 0 -1
    outer loop
      vertex 22.8787 -16.0314 0
      vertex 23.5007 -19.1986 0
      vertex 23.4294 -19.3494 0
    endloop
  endfacet
  facet normal 0 0 -1
    outer loop
      vertex 22.8787 -16.0314 0
      vertex 23.4294 -19.3494 0
      vertex 23.3732 -19.5065 0
    endloop
  endfacet
  facet normal 0 0 -1
    outer loop
      vertex 22.8787 -16.0314 0
      vertex 23.3732 -19.5065 0
      vertex 23.3327 -19.6683 0
    endloop
  endfacet
  facet normal 0 0 -1
    outer loop
      vertex 22.8787 -16.0314 0
      vertex 23.3327 -19.6683 0
      vertex 23.3082 -19.8334 0
    endloop
  endfacet
  facet normal 0 0 -1
    outer loop
      vertex 24.3494 -18.4294 0
      vertex 23.2779 -15.8425 0
      vertex 23.6937 -15.6938 0
    endloop
  endfacet
  facet normal 0 0 -1
    outer loop
      vertex 20.5217 -19.5589 0
      vertex 23.3082 -19.8334 0
      vertex 23.3 -20 0
    endloop
  endfacet
  facet normal 0 0 -1
    outer loop
      vertex 23.5007 -20.8014 0
      vertex 21.2584 -22.5001 0
      vertex 21.0314 -22.1213 0
    endloop
  endfacet
  facet normal 0 0 -1
    outer loop
      vertex 23.3082 -19.8334 0
      vertex 21.2584 -17.4999 0
      vertex 21.5215 -17.1452 0
    endloop
  endfacet
  facet normal 0 0 -1
    outer loop
      vertex 20.8425 -21.7221 0
      vertex 23.5007 -20.8014 0
      vertex 21.0314 -22.1213 0
    endloop
  endfacet
  facet normal 0 0 -1
    outer loop
      vertex 23.3082 -19.8334 0
      vertex 21.0314 -17.8787 0
      vertex 21.2584 -17.4999 0
    endloop
  endfacet
  facet normal 0 0 -1
    outer loop
      vertex 23.4294 -20.6506 0
      vertex 20.8425 -21.7221 0
      vertex 20.6938 -21.3063 0
    endloop
  endfacet
  facet normal 0 0 -1
    outer loop
      vertex 23.3082 -19.8334 0
      vertex 20.8425 -18.2779 0
      vertex 21.0314 -17.8787 0
    endloop
  endfacet
  facet normal 0 0 -1
    outer loop
      vertex 23.3732 -20.4935 0
      vertex 20.6938 -21.3063 0
      vertex 20.5865 -20.8779 0
    endloop
  endfacet
  facet normal 0 0 -1
    outer loop
      vertex 23.3082 -19.8334 0
      vertex 20.6938 -18.6937 0
      vertex 20.8425 -18.2779 0
    endloop
  endfacet
  facet normal 0 0 -1
    outer loop
      vertex 23.3327 -20.3317 0
      vertex 20.5865 -20.8779 0
      vertex 20.5217 -20.4411 0
    endloop
  endfacet
  facet normal 0 0 -1
    outer loop
      vertex 23.3082 -19.8334 0
      vertex 20.5865 -19.1221 0
      vertex 20.6938 -18.6937 0
    endloop
  endfacet
  facet normal -0 0 -1
    outer loop
      vertex 23.3082 -20.1666 0
      vertex 20.5217 -20.4411 0
      vertex 20.5 -20 0
    endloop
  endfacet
  facet normal 0 0 -1
    outer loop
      vertex 23.3082 -19.8334 0
      vertex 20.5217 -19.5589 0
      vertex 20.5865 -19.1221 0
    endloop
  endfacet
  facet normal 0 0 -1
    outer loop
      vertex 23.3 -20 0
      vertex 20.5 -20 0
      vertex 20.5217 -19.5589 0
    endloop
  endfacet
  facet normal 0 0 -1
    outer loop
      vertex -23.3 -20 0
      vertex -20.5 -20 0
      vertex -20.5217 -20.4411 0
    endloop
  endfacet
  facet normal 0 0 -1
    outer loop
      vertex -23.3 -20 0
      vertex -20.5217 -20.4411 0
      vertex -20.5865 -20.8779 0
    endloop
  endfacet
  facet normal 0 0 -1
    outer loop
      vertex -20.5 -20 0
      vertex -23.3 -20 0
      vertex -20.5217 -19.5589 0
    endloop
  endfacet
  facet normal 0 0 -1
    outer loop
      vertex -23.3 -20 0
      vertex -20.5865 -20.8779 0
      vertex -20.6938 -21.3063 0
    endloop
  endfacet
  facet normal 0 0 -1
    outer loop
      vertex -23.3082 -19.8334 0
      vertex -20.5217 -19.5589 0
      vertex -23.3 -20 0
    endloop
  endfacet
  facet normal 0 0 -1
    outer loop
      vertex -23.3 -20 0
      vertex -20.6938 -21.3063 0
      vertex -20.8425 -21.7221 0
    endloop
  endfacet
  facet normal -0 0 -1
    outer loop
      vertex -20.5217 -19.5589 0
      vertex -23.3082 -19.8334 0
      vertex -20.5865 -19.1221 0
    endloop
  endfacet
  facet normal 0 0 -1
    outer loop
      vertex -23.3 -20 0
      vertex -20.8425 -21.7221 0
      vertex -21.0314 -22.1213 0
    endloop
  endfacet
  facet normal 0 0 -1
    outer loop
      vertex -23.3327 -19.6683 0
      vertex -20.5865 -19.1221 0
      vertex -23.3082 -19.8334 0
    endloop
  endfacet
  facet normal 0 0 -1
    outer loop
      vertex -23.3 -20 0
      vertex -21.2584 -22.5001 0
      vertex -21.3325 -22.6 0
    endloop
  endfacet
  facet normal 0 0 -1
    outer loop
      vertex -21.2584 -22.5001 0
      vertex -23.3 -20 0
      vertex -21.0314 -22.1213 0
    endloop
  endfacet
  facet normal -0 0 -1
    outer loop
      vertex -20.5865 -19.1221 0
      vertex -23.3327 -19.6683 0
      vertex -20.6938 -18.6937 0
    endloop
  endfacet
  facet normal 0 0 -1
    outer loop
      vertex -23.3732 -19.5065 0
      vertex -20.6938 -18.6937 0
      vertex -23.3327 -19.6683 0
    endloop
  endfacet
  facet normal -0 0 -1
    outer loop
      vertex -21.0314 -17.8787 0
      vertex -23.5007 -19.1986 0
      vertex -21.2584 -17.4999 0
    endloop
  endfacet
  facet normal 0 0 -1
    outer loop
      vertex -23.6859 -18.9215 0
      vertex -21.5215 -17.1452 0
      vertex -23.5865 -19.0555 0
    endloop
  endfacet
  facet normal -0 0 -1
    outer loop
      vertex -21.5215 -17.1452 0
      vertex -23.6859 -18.9215 0
      vertex -21.818 -16.818 0
    endloop
  endfacet
  facet normal 0 0 -1
    outer loop
      vertex -23.7979 -18.7979 0
      vertex -21.818 -16.818 0
      vertex -23.6859 -18.9215 0
    endloop
  endfacet
  facet normal -0 0 -1
    outer loop
      vertex -21.818 -16.818 0
      vertex -23.7979 -18.7979 0
      vertex -22.1452 -16.5215 0
    endloop
  endfacet
  facet normal 0 0 -1
    outer loop
      vertex -23.9215 -18.6859 0
      vertex -22.1452 -16.5215 0
      vertex -23.7979 -18.7979 0
    endloop
  endfacet
  facet normal -0 0 -1
    outer loop
      vertex -22.1452 -16.5215 0
      vertex -23.9215 -18.6859 0
      vertex -22.4999 -16.2584 0
    endloop
  endfacet
  facet normal 0 0 -1
    outer loop
      vertex -24.0555 -18.5865 0
      vertex -22.4999 -16.2584 0
      vertex -23.9215 -18.6859 0
    endloop
  endfacet
  facet normal -0 0 -1
    outer loop
      vertex -22.4999 -16.2584 0
      vertex -24.0555 -18.5865 0
      vertex -22.8787 -16.0314 0
    endloop
  endfacet
  facet normal 0 0 -1
    outer loop
      vertex -24.1986 -18.5007 0
      vertex -22.8787 -16.0314 0
      vertex -24.0555 -18.5865 0
    endloop
  endfacet
  facet normal -0 0 -1
    outer loop
      vertex -22.8787 -16.0314 0
      vertex -24.1986 -18.5007 0
      vertex -23.2779 -15.8425 0
    endloop
  endfacet
  facet normal 0 0 -1
    outer loop
      vertex -24.3494 -18.4294 0
      vertex -23.2779 -15.8425 0
      vertex -24.1986 -18.5007 0
    endloop
  endfacet
  facet normal -0 0 -1
    outer loop
      vertex -23.2779 -15.8425 0
      vertex -24.3494 -18.4294 0
      vertex -23.6937 -15.6938 0
    endloop
  endfacet
  facet normal 0 0 -1
    outer loop
      vertex -24.5065 -18.3732 0
      vertex -23.6937 -15.6938 0
      vertex -24.3494 -18.4294 0
    endloop
  endfacet
  facet normal -0 0 -1
    outer loop
      vertex -23.6937 -15.6938 0
      vertex -24.5065 -18.3732 0
      vertex -24.1221 -15.5865 0
    endloop
  endfacet
  facet normal 0 0 -1
    outer loop
      vertex -24.6683 -18.3327 0
      vertex -24.1221 -15.5865 0
      vertex -24.5065 -18.3732 0
    endloop
  endfacet
  facet normal -0 0 -1
    outer loop
      vertex -24.1221 -15.5865 0
      vertex -24.6683 -18.3327 0
      vertex -24.5589 -15.5217 0
    endloop
  endfacet
  facet normal 0 0 -1
    outer loop
      vertex -24.8334 -18.3082 0
      vertex -24.5589 -15.5217 0
      vertex -24.6683 -18.3327 0
    endloop
  endfacet
  facet normal 0 0 -1
    outer loop
      vertex -25 -18.3 0
      vertex -24.5589 -15.5217 0
      vertex -24.8334 -18.3082 0
    endloop
  endfacet
  facet normal 0 0 -1
    outer loop
      vertex -25 -18.3 0
      vertex -25 -15.5 0
      vertex -24.5589 -15.5217 0
    endloop
  endfacet
  facet normal 0 0 -1
    outer loop
      vertex -25.1666 -18.3082 0
      vertex -25 -15.5 0
      vertex -25 -18.3 0
    endloop
  endfacet
  facet normal 0 0 -1
    outer loop
      vertex -25.4411 -15.5217 0
      vertex -25.1666 -18.3082 0
      vertex -25.3317 -18.3327 0
    endloop
  endfacet
  facet normal 0 0 -1
    outer loop
      vertex -25.1666 -18.3082 0
      vertex -25.4411 -15.5217 0
      vertex -25 -15.5 0
    endloop
  endfacet
  facet normal 0 0 -1
    outer loop
      vertex -25.8779 -15.5865 0
      vertex -25.3317 -18.3327 0
      vertex -25.4935 -18.3732 0
    endloop
  endfacet
  facet normal 0 0 -1
    outer loop
      vertex -26.3063 -15.6938 0
      vertex -25.4935 -18.3732 0
      vertex -25.6506 -18.4294 0
    endloop
  endfacet
  facet normal 0 0 -1
    outer loop
      vertex -26.7221 -15.8425 0
      vertex -25.6506 -18.4294 0
      vertex -25.8014 -18.5007 0
    endloop
  endfacet
  facet normal 0 0 -1
    outer loop
      vertex -25.3317 -18.3327 0
      vertex -25.8779 -15.5865 0
      vertex -25.4411 -15.5217 0
    endloop
  endfacet
  facet normal 0 0 -1
    outer loop
      vertex -26.7221 -15.8425 0
      vertex -25.8014 -18.5007 0
      vertex -25.9445 -18.5865 0
    endloop
  endfacet
  facet normal 0 0 -1
    outer loop
      vertex -26.7221 -15.8425 0
      vertex -25.9445 -18.5865 0
      vertex -26.0785 -18.6859 0
    endloop
  endfacet
  facet normal 0 0 -1
    outer loop
      vertex -26.7221 -15.8425 0
      vertex -26.0785 -18.6859 0
      vertex -26.2021 -18.7979 0
    endloop
  endfacet
  facet normal 0 0 -1
    outer loop
      vertex -25.4935 -18.3732 0
      vertex -26.3063 -15.6938 0
      vertex -25.8779 -15.5865 0
    endloop
  endfacet
  facet normal 0 0 -1
    outer loop
      vertex -26.7221 -15.8425 0
      vertex -26.2021 -18.7979 0
      vertex -26.3141 -18.9215 0
    endloop
  endfacet
  facet normal 0 0 -1
    outer loop
      vertex -26.7221 -15.8425 0
      vertex -26.3141 -18.9215 0
      vertex -26.4135 -19.0555 0
    endloop
  endfacet
  facet normal 0 0 -1
    outer loop
      vertex -26.7221 -15.8425 0
      vertex -26.4135 -19.0555 0
      vertex -26.4993 -19.1986 0
    endloop
  endfacet
  facet normal 0 0 -1
    outer loop
      vertex -26.7221 -15.8425 0
      vertex -26.4993 -19.1986 0
      vertex -26.5706 -19.3494 0
    endloop
  endfacet
  facet normal 0 0 -1
    outer loop
      vertex -26.7221 -15.8425 0
      vertex -26.5706 -19.3494 0
      vertex -26.6268 -19.5065 0
    endloop
  endfacet
  facet normal 0 0 -1
    outer loop
      vertex -26.7221 -15.8425 0
      vertex -26.6268 -19.5065 0
      vertex -26.6673 -19.6683 0
    endloop
  endfacet
  facet normal 0 0 -1
    outer loop
      vertex -26.7221 -15.8425 0
      vertex -26.6673 -19.6683 0
      vertex -26.6918 -19.8334 0
    endloop
  endfacet
  facet normal 0 0 -1
    outer loop
      vertex -25.6506 -18.4294 0
      vertex -26.7221 -15.8425 0
      vertex -26.3063 -15.6938 0
    endloop
  endfacet
  facet normal 0 0 -1
    outer loop
      vertex -26.7221 -15.8425 0
      vertex -26.6918 -19.8334 0
      vertex -26.7 -20 0
    endloop
  endfacet
  facet normal 0.970068 -0.242835 0
    outer loop
      vertex 29.8278 -22.1611 34
      vertex 29.9231 -21.7804 0
      vertex 29.9231 -21.7804 34
    endloop
  endfacet
  facet normal 0.970068 -0.242835 0
    outer loop
      vertex 29.9231 -21.7804 0
      vertex 29.8278 -22.1611 34
      vertex 29.8278 -22.1611 0
    endloop
  endfacet
  facet normal 0.803137 -0.595794 0
    outer loop
      vertex 29.092 -23.5376 34
      vertex 29.3259 -23.2223 0
      vertex 29.3259 -23.2223 34
    endloop
  endfacet
  facet normal 0.803137 -0.595794 0
    outer loop
      vertex 29.3259 -23.2223 0
      vertex 29.092 -23.5376 34
      vertex 29.092 -23.5376 0
    endloop
  endfacet
  facet normal 1 0 0
    outer loop
      vertex -27.6 16.3325 31.39
      vertex -27.6 7 8
      vertex -27.6 16.3325 0
    endloop
  endfacet
  facet normal 1 0 0
    outer loop
      vertex -27.6 16.3325 31.39
      vertex -27.6 -7 8
      vertex -27.6 7 8
    endloop
  endfacet
  facet normal 1 -0 0
    outer loop
      vertex -27.6 -16.3325 31.39
      vertex -27.6 -7 8
      vertex -27.6 16.3325 31.39
    endloop
  endfacet
  facet normal 1 0 0
    outer loop
      vertex -27.6 -16.3325 0
      vertex -27.6 -7 8
      vertex -27.6 -16.3325 31.39
    endloop
  endfacet
  facet normal 1 0 0
    outer loop
      vertex -27.6 -7 8
      vertex -27.6 -16.3325 0
      vertex -27.6 -7 0
    endloop
  endfacet
  facet normal 1 0 0
    outer loop
      vertex -27.6 16.3325 0
      vertex -27.6 7 8
      vertex -27.6 7 0
    endloop
  endfacet
  facet normal 0 1 -0
    outer loop
      vertex 21.3325 -22.6 0
      vertex -21.3325 -22.6 31.39
      vertex 21.3325 -22.6 31.39
    endloop
  endfacet
  facet normal 0 1 0
    outer loop
      vertex -21.3325 -22.6 31.39
      vertex 21.3325 -22.6 0
      vertex -21.3325 -22.6 0
    endloop
  endfacet
  facet normal 0 -1 0
    outer loop
      vertex -21.3325 22.6 0
      vertex 21.3325 22.6 31.39
      vertex -21.3325 22.6 31.39
    endloop
  endfacet
  facet normal 0 -1 -0
    outer loop
      vertex 21.3325 22.6 31.39
      vertex -21.3325 22.6 0
      vertex 21.3325 22.6 0
    endloop
  endfacet
  facet normal -1 0 0
    outer loop
      vertex 27.6 -7 0
      vertex 27.6 -16.3325 0
      vertex 27.6 -7 8
    endloop
  endfacet
  facet normal -1 0 0
    outer loop
      vertex 27.6 7 8
      vertex 27.6 16.3325 0
      vertex 27.6 7 0
    endloop
  endfacet
  facet normal -1 0 0
    outer loop
      vertex 27.6 16.3325 0
      vertex 27.6 7 8
      vertex 27.6 16.3325 31.39
    endloop
  endfacet
  facet normal -1 0 0
    outer loop
      vertex 27.6 -7 8
      vertex 27.6 16.3325 31.39
      vertex 27.6 7 8
    endloop
  endfacet
  facet normal -1 0 0
    outer loop
      vertex 27.6 -16.3325 31.39
      vertex 27.6 -7 8
      vertex 27.6 -16.3325 0
    endloop
  endfacet
  facet normal -1 0 0
    outer loop
      vertex 27.6 -7 8
      vertex 27.6 -16.3325 31.39
      vertex 27.6 16.3325 31.39
    endloop
  endfacet
  facet normal 0 0 -1
    outer loop
      vertex -20.6938 -18.6937 31.39
      vertex -17.567 -6.66705 31.39
      vertex -20.5865 -19.1221 31.39
    endloop
  endfacet
  facet normal 0 0 -1
    outer loop
      vertex -17.567 6.66705 31.39
      vertex -20.5217 19.5589 31.39
      vertex -20.5 20 31.39
    endloop
  endfacet
  facet normal 0 0 -1
    outer loop
      vertex -20.8425 -18.2779 31.39
      vertex -17.567 -6.66705 31.39
      vertex -20.6938 -18.6937 31.39
    endloop
  endfacet
  facet normal 0 0 -1
    outer loop
      vertex -17.567 6.66705 31.39
      vertex -20.5865 19.1221 31.39
      vertex -20.5217 19.5589 31.39
    endloop
  endfacet
  facet normal 0 0 -1
    outer loop
      vertex -21.0314 -17.8787 31.39
      vertex -17.567 -6.66705 31.39
      vertex -20.8425 -18.2779 31.39
    endloop
  endfacet
  facet normal 0 0 -1
    outer loop
      vertex -17.567 6.66705 31.39
      vertex -20.6938 18.6937 31.39
      vertex -20.5865 19.1221 31.39
    endloop
  endfacet
  facet normal 0 0 -1
    outer loop
      vertex -21.2584 -17.4999 31.39
      vertex -17.567 -6.66705 31.39
      vertex -21.0314 -17.8787 31.39
    endloop
  endfacet
  facet normal 0 0 -1
    outer loop
      vertex -17.567 6.66705 31.39
      vertex -20.8425 18.2779 31.39
      vertex -20.6938 18.6937 31.39
    endloop
  endfacet
  facet normal 0 0 -1
    outer loop
      vertex -21.5215 -17.1452 31.39
      vertex -17.567 -6.66705 31.39
      vertex -21.2584 -17.4999 31.39
    endloop
  endfacet
  facet normal 0 0 -1
    outer loop
      vertex -17.567 6.66705 31.39
      vertex -21.0314 17.8787 31.39
      vertex -20.8425 18.2779 31.39
    endloop
  endfacet
  facet normal 0 0 -1
    outer loop
      vertex -21.818 -16.818 31.39
      vertex -17.567 -6.66705 31.39
      vertex -21.5215 -17.1452 31.39
    endloop
  endfacet
  facet normal 0 0 -1
    outer loop
      vertex -17.567 6.66705 31.39
      vertex -21.2584 17.4999 31.39
      vertex -21.0314 17.8787 31.39
    endloop
  endfacet
  facet normal 0 0 -1
    outer loop
      vertex -22.1452 -16.5215 31.39
      vertex -17.567 -6.66705 31.39
      vertex -21.818 -16.818 31.39
    endloop
  endfacet
  facet normal 0 0 -1
    outer loop
      vertex -17.567 6.66705 31.39
      vertex -21.5215 17.1452 31.39
      vertex -21.2584 17.4999 31.39
    endloop
  endfacet
  facet normal 0 0 -1
    outer loop
      vertex -22.4999 -16.2584 31.39
      vertex -17.567 -6.66705 31.39
      vertex -22.1452 -16.5215 31.39
    endloop
  endfacet
  facet normal 0 0 -1
    outer loop
      vertex -17.567 6.66705 31.39
      vertex -21.818 16.818 31.39
      vertex -21.5215 17.1452 31.39
    endloop
  endfacet
  facet normal 0 0 -1
    outer loop
      vertex -22.8787 -16.0314 31.39
      vertex -17.567 -6.66705 31.39
      vertex -22.4999 -16.2584 31.39
    endloop
  endfacet
  facet normal 0 0 -1
    outer loop
      vertex -17.567 6.66705 31.39
      vertex -22.1452 16.5215 31.39
      vertex -21.818 16.818 31.39
    endloop
  endfacet
  facet normal 0 0 -1
    outer loop
      vertex -23.2779 -15.8425 31.39
      vertex -17.567 -6.66705 31.39
      vertex -22.8787 -16.0314 31.39
    endloop
  endfacet
  facet normal 0 0 -1
    outer loop
      vertex -17.567 6.66705 31.39
      vertex -22.4999 16.2584 31.39
      vertex -22.1452 16.5215 31.39
    endloop
  endfacet
  facet normal 0 0 -1
    outer loop
      vertex -23.6937 -15.6938 31.39
      vertex -17.567 -6.66705 31.39
      vertex -23.2779 -15.8425 31.39
    endloop
  endfacet
  facet normal 0 0 -1
    outer loop
      vertex -17.567 6.66705 31.39
      vertex -22.8787 16.0314 31.39
      vertex -22.4999 16.2584 31.39
    endloop
  endfacet
  facet normal 0 0 -1
    outer loop
      vertex -24.1221 -15.5865 31.39
      vertex -17.567 -6.66705 31.39
      vertex -23.6937 -15.6938 31.39
    endloop
  endfacet
  facet normal 0 0 -1
    outer loop
      vertex -17.567 6.66705 31.39
      vertex -23.2779 15.8425 31.39
      vertex -22.8787 16.0314 31.39
    endloop
  endfacet
  facet normal 0 0 -1
    outer loop
      vertex -24.5589 -15.5217 31.39
      vertex -17.567 -6.66705 31.39
      vertex -24.1221 -15.5865 31.39
    endloop
  endfacet
  facet normal 0 0 -1
    outer loop
      vertex -17.567 6.66705 31.39
      vertex -23.6937 15.6938 31.39
      vertex -23.2779 15.8425 31.39
    endloop
  endfacet
  facet normal 0 0 -1
    outer loop
      vertex -25 -15.5 31.39
      vertex -17.567 -6.66705 31.39
      vertex -24.5589 -15.5217 31.39
    endloop
  endfacet
  facet normal 0 0 -1
    outer loop
      vertex -17.567 6.66705 31.39
      vertex -24.1221 15.5865 31.39
      vertex -23.6937 15.6938 31.39
    endloop
  endfacet
  facet normal 0 0 -1
    outer loop
      vertex -25.4411 -15.5217 31.39
      vertex -17.567 -6.66705 31.39
      vertex -25 -15.5 31.39
    endloop
  endfacet
  facet normal 0 0 -1
    outer loop
      vertex -17.567 6.66705 31.39
      vertex -24.5589 15.5217 31.39
      vertex -24.1221 15.5865 31.39
    endloop
  endfacet
  facet normal 0 0 -1
    outer loop
      vertex -25.8779 -15.5865 31.39
      vertex -17.567 -6.66705 31.39
      vertex -25.4411 -15.5217 31.39
    endloop
  endfacet
  facet normal 0 0 -1
    outer loop
      vertex -17.567 6.66705 31.39
      vertex -25 15.5 31.39
      vertex -24.5589 15.5217 31.39
    endloop
  endfacet
  facet normal 0 0 -1
    outer loop
      vertex -26.3063 -15.6938 31.39
      vertex -17.567 -6.66705 31.39
      vertex -25.8779 -15.5865 31.39
    endloop
  endfacet
  facet normal 0 0 -1
    outer loop
      vertex -17.567 6.66705 31.39
      vertex -25.4411 15.5217 31.39
      vertex -25 15.5 31.39
    endloop
  endfacet
  facet normal 0 0 -1
    outer loop
      vertex -26.7221 -15.8425 31.39
      vertex -17.567 -6.66705 31.39
      vertex -26.3063 -15.6938 31.39
    endloop
  endfacet
  facet normal 0 0 -1
    outer loop
      vertex -17.567 6.66705 31.39
      vertex -25.8779 15.5865 31.39
      vertex -25.4411 15.5217 31.39
    endloop
  endfacet
  facet normal -0 0 -1
    outer loop
      vertex -17.567 -6.66705 31.39
      vertex -26.7221 -15.8425 31.39
      vertex -17.567 6.66705 31.39
    endloop
  endfacet
  facet normal 0 0 -1
    outer loop
      vertex -17.567 6.66705 31.39
      vertex -26.3063 15.6938 31.39
      vertex -25.8779 15.5865 31.39
    endloop
  endfacet
  facet normal 0 0 -1
    outer loop
      vertex -26.7221 15.8425 31.39
      vertex -17.567 6.66705 31.39
      vertex -26.7221 -15.8425 31.39
    endloop
  endfacet
  facet normal 0 0 -1
    outer loop
      vertex -17.567 6.66705 31.39
      vertex -26.7221 15.8425 31.39
      vertex -26.3063 15.6938 31.39
    endloop
  endfacet
  facet normal 0 0 -1
    outer loop
      vertex -27.1213 -16.0314 31.39
      vertex -26.7221 15.8425 31.39
      vertex -26.7221 -15.8425 31.39
    endloop
  endfacet
  facet normal 0 0 -1
    outer loop
      vertex -27.1213 -16.0314 31.39
      vertex -27.1213 16.0314 31.39
      vertex -26.7221 15.8425 31.39
    endloop
  endfacet
  facet normal 0 0 -1
    outer loop
      vertex -27.5001 -16.2584 31.39
      vertex -27.1213 16.0314 31.39
      vertex -27.1213 -16.0314 31.39
    endloop
  endfacet
  facet normal 0 0 -1
    outer loop
      vertex -27.5001 -16.2584 31.39
      vertex -27.5001 16.2584 31.39
      vertex -27.1213 16.0314 31.39
    endloop
  endfacet
  facet normal 0 0 -1
    outer loop
      vertex -27.6 -16.3325 31.39
      vertex -27.5001 16.2584 31.39
      vertex -27.5001 -16.2584 31.39
    endloop
  endfacet
  facet normal -0 0 -1
    outer loop
      vertex -27.5001 16.2584 31.39
      vertex -27.6 -16.3325 31.39
      vertex -27.6 16.3325 31.39
    endloop
  endfacet
  facet normal -0 0 -1
    outer loop
      vertex 20.5865 19.1221 31.39
      vertex 6.36704 6.66705 31.39
      vertex 20.5217 19.5589 31.39
    endloop
  endfacet
  facet normal 0 0 -1
    outer loop
      vertex 20.5217 -20.4411 31.39
      vertex 6.36704 -6.66705 31.39
      vertex 20.5 -20 31.39
    endloop
  endfacet
  facet normal 0 0 -1
    outer loop
      vertex 20.5865 -20.8779 31.39
      vertex 6.36704 -6.66705 31.39
      vertex 20.5217 -20.4411 31.39
    endloop
  endfacet
  facet normal 0 0 -1
    outer loop
      vertex 20.6938 -21.3063 31.39
      vertex 6.36704 -6.66705 31.39
      vertex 20.5865 -20.8779 31.39
    endloop
  endfacet
  facet normal 0 0 -1
    outer loop
      vertex -20.6938 -21.3063 31.39
      vertex 20.6938 -21.3063 31.39
      vertex 20.8425 -21.7221 31.39
    endloop
  endfacet
  facet normal 0 0 -1
    outer loop
      vertex -20.8425 -21.7221 31.39
      vertex 20.8425 -21.7221 31.39
      vertex 21.0314 -22.1213 31.39
    endloop
  endfacet
  facet normal 0 0 -1
    outer loop
      vertex -21.0314 -22.1213 31.39
      vertex 21.0314 -22.1213 31.39
      vertex 21.2584 -22.5001 31.39
    endloop
  endfacet
  facet normal 0 0 -1
    outer loop
      vertex -21.2584 -22.5001 31.39
      vertex 21.2584 -22.5001 31.39
      vertex 21.3325 -22.6 31.39
    endloop
  endfacet
  facet normal 0 0 -1
    outer loop
      vertex 20.6938 -21.3063 31.39
      vertex -20.6938 -21.3063 31.39
      vertex 6.36704 -6.66705 31.39
    endloop
  endfacet
  facet normal 0 0 -1
    outer loop
      vertex -20.5865 -19.1221 31.39
      vertex 6.36704 -6.66705 31.39
      vertex -20.5217 -19.5589 31.39
    endloop
  endfacet
  facet normal 0 0 -1
    outer loop
      vertex -20.5217 -19.5589 31.39
      vertex 6.36704 -6.66705 31.39
      vertex -20.5 -20 31.39
    endloop
  endfacet
  facet normal 0 0 -1
    outer loop
      vertex 6.36704 -6.66705 31.39
      vertex -20.5217 -20.4411 31.39
      vertex -20.5 -20 31.39
    endloop
  endfacet
  facet normal 0 0 -1
    outer loop
      vertex 6.36704 -6.66705 31.39
      vertex -20.5865 -20.8779 31.39
      vertex -20.5217 -20.4411 31.39
    endloop
  endfacet
  facet normal 0 0 -1
    outer loop
      vertex 6.36704 -6.66705 31.39
      vertex -20.6938 -21.3063 31.39
      vertex -20.5865 -20.8779 31.39
    endloop
  endfacet
  facet normal 0 0 -1
    outer loop
      vertex 20.8425 -21.7221 31.39
      vertex -20.8425 -21.7221 31.39
      vertex -20.6938 -21.3063 31.39
    endloop
  endfacet
  facet normal 0 0 -1
    outer loop
      vertex 21.0314 -22.1213 31.39
      vertex -21.0314 -22.1213 31.39
      vertex -20.8425 -21.7221 31.39
    endloop
  endfacet
  facet normal 0 0 -1
    outer loop
      vertex 21.2584 -22.5001 31.39
      vertex -21.2584 -22.5001 31.39
      vertex -21.0314 -22.1213 31.39
    endloop
  endfacet
  facet normal 0 -0 -1
    outer loop
      vertex -21.2584 -22.5001 31.39
      vertex 21.3325 -22.6 31.39
      vertex -21.3325 -22.6 31.39
    endloop
  endfacet
  facet normal 0 0 -1
    outer loop
      vertex 27.5001 -16.2584 31.39
      vertex 27.6 16.3325 31.39
      vertex 27.6 -16.3325 31.39
    endloop
  endfacet
  facet normal 0 0 -1
    outer loop
      vertex 27.5001 -16.2584 31.39
      vertex 27.5001 16.2584 31.39
      vertex 27.6 16.3325 31.39
    endloop
  endfacet
  facet normal 0 0 -1
    outer loop
      vertex 27.1213 -16.0314 31.39
      vertex 27.5001 16.2584 31.39
      vertex 27.5001 -16.2584 31.39
    endloop
  endfacet
  facet normal 0 0 -1
    outer loop
      vertex 27.1213 -16.0314 31.39
      vertex 27.1213 16.0314 31.39
      vertex 27.5001 16.2584 31.39
    endloop
  endfacet
  facet normal 0 0 -1
    outer loop
      vertex 26.7221 -15.8425 31.39
      vertex 27.1213 16.0314 31.39
      vertex 27.1213 -16.0314 31.39
    endloop
  endfacet
  facet normal 0 0 -1
    outer loop
      vertex 26.7221 -15.8425 31.39
      vertex 26.7221 15.8425 31.39
      vertex 27.1213 16.0314 31.39
    endloop
  endfacet
  facet normal 0 0 -1
    outer loop
      vertex 26.3063 -15.6938 31.39
      vertex 26.7221 15.8425 31.39
      vertex 26.7221 -15.8425 31.39
    endloop
  endfacet
  facet normal 0 0 -1
    outer loop
      vertex 26.3063 -15.6938 31.39
      vertex 26.3063 15.6938 31.39
      vertex 26.7221 15.8425 31.39
    endloop
  endfacet
  facet normal 0 0 -1
    outer loop
      vertex 25.8779 -15.5865 31.39
      vertex 26.3063 15.6938 31.39
      vertex 26.3063 -15.6938 31.39
    endloop
  endfacet
  facet normal 0 0 -1
    outer loop
      vertex 25.8779 -15.5865 31.39
      vertex 25.8779 15.5865 31.39
      vertex 26.3063 15.6938 31.39
    endloop
  endfacet
  facet normal 0 0 -1
    outer loop
      vertex 25.4411 -15.5217 31.39
      vertex 25.8779 15.5865 31.39
      vertex 25.8779 -15.5865 31.39
    endloop
  endfacet
  facet normal 0 0 -1
    outer loop
      vertex 25.4411 -15.5217 31.39
      vertex 25.4411 15.5217 31.39
      vertex 25.8779 15.5865 31.39
    endloop
  endfacet
  facet normal 0 0 -1
    outer loop
      vertex 25 -15.5 31.39
      vertex 25.4411 15.5217 31.39
      vertex 25.4411 -15.5217 31.39
    endloop
  endfacet
  facet normal 0 0 -1
    outer loop
      vertex 25 -15.5 31.39
      vertex 25 15.5 31.39
      vertex 25.4411 15.5217 31.39
    endloop
  endfacet
  facet normal 0 0 -1
    outer loop
      vertex 24.5589 -15.5217 31.39
      vertex 25 15.5 31.39
      vertex 25 -15.5 31.39
    endloop
  endfacet
  facet normal 0 0 -1
    outer loop
      vertex 24.5589 -15.5217 31.39
      vertex 24.5589 15.5217 31.39
      vertex 25 15.5 31.39
    endloop
  endfacet
  facet normal 0 0 -1
    outer loop
      vertex 24.1221 -15.5865 31.39
      vertex 24.5589 15.5217 31.39
      vertex 24.5589 -15.5217 31.39
    endloop
  endfacet
  facet normal 0 0 -1
    outer loop
      vertex 24.1221 -15.5865 31.39
      vertex 24.1221 15.5865 31.39
      vertex 24.5589 15.5217 31.39
    endloop
  endfacet
  facet normal 0 0 -1
    outer loop
      vertex 6.36704 -6.66705 31.39
      vertex 24.1221 -15.5865 31.39
      vertex 23.6937 -15.6938 31.39
    endloop
  endfacet
  facet normal 0 0 -1
    outer loop
      vertex 24.1221 -15.5865 31.39
      vertex 6.36704 -6.66705 31.39
      vertex 24.1221 15.5865 31.39
    endloop
  endfacet
  facet normal 0 0 -1
    outer loop
      vertex 6.36704 -6.66705 31.39
      vertex 23.6937 -15.6938 31.39
      vertex 23.2779 -15.8425 31.39
    endloop
  endfacet
  facet normal 0 0 -1
    outer loop
      vertex 6.36704 6.66705 31.39
      vertex 24.1221 15.5865 31.39
      vertex 6.36704 -6.66705 31.39
    endloop
  endfacet
  facet normal 0 0 -1
    outer loop
      vertex 6.36704 -6.66705 31.39
      vertex 23.2779 -15.8425 31.39
      vertex 22.8787 -16.0314 31.39
    endloop
  endfacet
  facet normal -0 0 -1
    outer loop
      vertex 24.1221 15.5865 31.39
      vertex 6.36704 6.66705 31.39
      vertex 23.6937 15.6938 31.39
    endloop
  endfacet
  facet normal 0 0 -1
    outer loop
      vertex 6.36704 -6.66705 31.39
      vertex 22.8787 -16.0314 31.39
      vertex 22.4999 -16.2584 31.39
    endloop
  endfacet
  facet normal -0 0 -1
    outer loop
      vertex 23.6937 15.6938 31.39
      vertex 6.36704 6.66705 31.39
      vertex 23.2779 15.8425 31.39
    endloop
  endfacet
  facet normal 0 0 -1
    outer loop
      vertex 6.36704 -6.66705 31.39
      vertex 22.4999 -16.2584 31.39
      vertex 22.1452 -16.5215 31.39
    endloop
  endfacet
  facet normal -0 0 -1
    outer loop
      vertex 23.2779 15.8425 31.39
      vertex 6.36704 6.66705 31.39
      vertex 22.8787 16.0314 31.39
    endloop
  endfacet
  facet normal 0 0 -1
    outer loop
      vertex 6.36704 -6.66705 31.39
      vertex 22.1452 -16.5215 31.39
      vertex 21.818 -16.818 31.39
    endloop
  endfacet
  facet normal -0 0 -1
    outer loop
      vertex 22.8787 16.0314 31.39
      vertex 6.36704 6.66705 31.39
      vertex 22.4999 16.2584 31.39
    endloop
  endfacet
  facet normal 0 0 -1
    outer loop
      vertex 6.36704 -6.66705 31.39
      vertex 21.818 -16.818 31.39
      vertex 21.5215 -17.1452 31.39
    endloop
  endfacet
  facet normal -0 0 -1
    outer loop
      vertex 22.4999 16.2584 31.39
      vertex 6.36704 6.66705 31.39
      vertex 22.1452 16.5215 31.39
    endloop
  endfacet
  facet normal 0 0 -1
    outer loop
      vertex 6.36704 -6.66705 31.39
      vertex 21.5215 -17.1452 31.39
      vertex 21.2584 -17.4999 31.39
    endloop
  endfacet
  facet normal -0 0 -1
    outer loop
      vertex 22.1452 16.5215 31.39
      vertex 6.36704 6.66705 31.39
      vertex 21.818 16.818 31.39
    endloop
  endfacet
  facet normal 0 0 -1
    outer loop
      vertex 6.36704 -6.66705 31.39
      vertex 21.2584 -17.4999 31.39
      vertex 21.0314 -17.8787 31.39
    endloop
  endfacet
  facet normal -0 0 -1
    outer loop
      vertex 21.818 16.818 31.39
      vertex 6.36704 6.66705 31.39
      vertex 21.5215 17.1452 31.39
    endloop
  endfacet
  facet normal 0 0 -1
    outer loop
      vertex 6.36704 -6.66705 31.39
      vertex 21.0314 -17.8787 31.39
      vertex 20.8425 -18.2779 31.39
    endloop
  endfacet
  facet normal -0 0 -1
    outer loop
      vertex 21.5215 17.1452 31.39
      vertex 6.36704 6.66705 31.39
      vertex 21.2584 17.4999 31.39
    endloop
  endfacet
  facet normal 0 0 -1
    outer loop
      vertex 6.36704 -6.66705 31.39
      vertex 20.8425 -18.2779 31.39
      vertex 20.6938 -18.6937 31.39
    endloop
  endfacet
  facet normal -0 0 -1
    outer loop
      vertex 21.2584 17.4999 31.39
      vertex 6.36704 6.66705 31.39
      vertex 21.0314 17.8787 31.39
    endloop
  endfacet
  facet normal 0 0 -1
    outer loop
      vertex 6.36704 -6.66705 31.39
      vertex 20.6938 -18.6937 31.39
      vertex 20.5865 -19.1221 31.39
    endloop
  endfacet
  facet normal -0 0 -1
    outer loop
      vertex 21.0314 17.8787 31.39
      vertex 6.36704 6.66705 31.39
      vertex 20.8425 18.2779 31.39
    endloop
  endfacet
  facet normal 0 0 -1
    outer loop
      vertex 6.36704 -6.66705 31.39
      vertex 20.5865 -19.1221 31.39
      vertex 20.5217 -19.5589 31.39
    endloop
  endfacet
  facet normal -0 0 -1
    outer loop
      vertex 20.8425 18.2779 31.39
      vertex 6.36704 6.66705 31.39
      vertex 20.6938 18.6937 31.39
    endloop
  endfacet
  facet normal 0 0 -1
    outer loop
      vertex 6.36704 -6.66705 31.39
      vertex 20.5217 -19.5589 31.39
      vertex 20.5 -20 31.39
    endloop
  endfacet
  facet normal -0 0 -1
    outer loop
      vertex 20.6938 18.6937 31.39
      vertex 6.36704 6.66705 31.39
      vertex 20.5865 19.1221 31.39
    endloop
  endfacet
  facet normal -0 0 -1
    outer loop
      vertex 20.5217 19.5589 31.39
      vertex 6.36704 6.66705 31.39
      vertex 20.5 20 31.39
    endloop
  endfacet
  facet normal -0 0 -1
    outer loop
      vertex 20.5 20 31.39
      vertex 6.36704 6.66705 31.39
      vertex 20.5217 20.4411 31.39
    endloop
  endfacet
  facet normal -0 0 -1
    outer loop
      vertex 20.5217 20.4411 31.39
      vertex 6.36704 6.66705 31.39
      vertex 20.5865 20.8779 31.39
    endloop
  endfacet
  facet normal -0 0 -1
    outer loop
      vertex 20.5865 20.8779 31.39
      vertex 6.36704 6.66705 31.39
      vertex 20.6938 21.3063 31.39
    endloop
  endfacet
  facet normal 0 0 -1
    outer loop
      vertex -20.6938 21.3063 31.39
      vertex 20.6938 21.3063 31.39
      vertex 6.36704 6.66705 31.39
    endloop
  endfacet
  facet normal 0 0 -1
    outer loop
      vertex 20.6938 21.3063 31.39
      vertex -20.6938 21.3063 31.39
      vertex 20.8425 21.7221 31.39
    endloop
  endfacet
  facet normal 0 0 -1
    outer loop
      vertex -20.8425 21.7221 31.39
      vertex 20.8425 21.7221 31.39
      vertex -20.6938 21.3063 31.39
    endloop
  endfacet
  facet normal 0 0 -1
    outer loop
      vertex 20.8425 21.7221 31.39
      vertex -20.8425 21.7221 31.39
      vertex 21.0314 22.1213 31.39
    endloop
  endfacet
  facet normal 0 0 -1
    outer loop
      vertex -20.5 20 31.39
      vertex 6.36704 6.66705 31.39
      vertex -17.567 6.66705 31.39
    endloop
  endfacet
  facet normal -0 0 -1
    outer loop
      vertex 6.36704 -6.66705 31.39
      vertex -20.5865 -19.1221 31.39
      vertex -17.567 -6.66705 31.39
    endloop
  endfacet
  facet normal 0 0 -1
    outer loop
      vertex -20.5217 20.4411 31.39
      vertex 6.36704 6.66705 31.39
      vertex -20.5 20 31.39
    endloop
  endfacet
  facet normal 0 0 -1
    outer loop
      vertex -20.5865 20.8779 31.39
      vertex 6.36704 6.66705 31.39
      vertex -20.5217 20.4411 31.39
    endloop
  endfacet
  facet normal 0 0 -1
    outer loop
      vertex -20.6938 21.3063 31.39
      vertex 6.36704 6.66705 31.39
      vertex -20.5865 20.8779 31.39
    endloop
  endfacet
  facet normal 0 0 -1
    outer loop
      vertex -21.0314 22.1213 31.39
      vertex 21.0314 22.1213 31.39
      vertex -20.8425 21.7221 31.39
    endloop
  endfacet
  facet normal 0 0 -1
    outer loop
      vertex 21.0314 22.1213 31.39
      vertex -21.0314 22.1213 31.39
      vertex 21.2584 22.5001 31.39
    endloop
  endfacet
  facet normal 0 0 -1
    outer loop
      vertex -21.2584 22.5001 31.39
      vertex 21.2584 22.5001 31.39
      vertex -21.0314 22.1213 31.39
    endloop
  endfacet
  facet normal 0 0 -1
    outer loop
      vertex 21.2584 22.5001 31.39
      vertex -21.2584 22.5001 31.39
      vertex 21.3325 22.6 31.39
    endloop
  endfacet
  facet normal -0 0 -1
    outer loop
      vertex 21.3325 22.6 31.39
      vertex -21.2584 22.5001 31.39
      vertex -21.3325 22.6 31.39
    endloop
  endfacet
  facet normal 0.989174 0.146746 0
    outer loop
      vertex -20.5217 -19.5589 31.39
      vertex -20.5865 -19.1221 0
      vertex -20.5865 -19.1221 31.39
    endloop
  endfacet
  facet normal 0.989174 0.146746 0
    outer loop
      vertex -20.5865 -19.1221 0
      vertex -20.5217 -19.5589 31.39
      vertex -20.5217 -19.5589 0
    endloop
  endfacet
  facet normal 0.998792 0.0491358 0
    outer loop
      vertex -20.5 -20 31.39
      vertex -20.5217 -19.5589 0
      vertex -20.5217 -19.5589 31.39
    endloop
  endfacet
  facet normal 0.998792 0.0491358 0
    outer loop
      vertex -20.5217 -19.5589 0
      vertex -20.5 -20 31.39
      vertex -20.5 -20 0
    endloop
  endfacet
  facet normal 0.970036 0.242962 0
    outer loop
      vertex -20.5865 -19.1221 31.39
      vertex -20.6938 -18.6937 0
      vertex -20.6938 -18.6937 31.39
    endloop
  endfacet
  facet normal 0.970036 0.242962 0
    outer loop
      vertex -20.6938 -18.6937 0
      vertex -20.5865 -19.1221 31.39
      vertex -20.5865 -19.1221 0
    endloop
  endfacet
  facet normal 0.242962 0.970036 -0
    outer loop
      vertex -23.6937 -15.6938 0
      vertex -24.1221 -15.5865 31.39
      vertex -23.6937 -15.6938 31.39
    endloop
  endfacet
  facet normal 0.242962 0.970036 0
    outer loop
      vertex -24.1221 -15.5865 31.39
      vertex -23.6937 -15.6938 0
      vertex -24.1221 -15.5865 0
    endloop
  endfacet
  facet normal 0.941598 -0.336738 0
    outer loop
      vertex -20.8425 -21.7221 31.39
      vertex -20.6938 -21.3063 0
      vertex -20.6938 -21.3063 31.39
    endloop
  endfacet
  facet normal 0.941598 -0.336738 0
    outer loop
      vertex -20.6938 -21.3063 0
      vertex -20.8425 -21.7221 31.39
      vertex -20.8425 -21.7221 0
    endloop
  endfacet
  facet normal 0.146746 0.989174 -0
    outer loop
      vertex -24.1221 -15.5865 0
      vertex -24.5589 -15.5217 31.39
      vertex -24.1221 -15.5865 31.39
    endloop
  endfacet
  facet normal 0.146746 0.989174 0
    outer loop
      vertex -24.5589 -15.5217 31.39
      vertex -24.1221 -15.5865 0
      vertex -24.5589 -15.5217 0
    endloop
  endfacet
  facet normal -0.336738 0.941598 0
    outer loop
      vertex -26.3063 -15.6938 0
      vertex -26.7221 -15.8425 31.39
      vertex -26.3063 -15.6938 31.39
    endloop
  endfacet
  facet normal -0.336738 0.941598 0
    outer loop
      vertex -26.7221 -15.8425 31.39
      vertex -26.3063 -15.6938 0
      vertex -26.7221 -15.8425 0
    endloop
  endfacet
  facet normal -0.595747 0.803172 0
    outer loop
      vertex -27.5001 -16.2584 0
      vertex -27.6 -16.3325 31.39
      vertex -27.5001 -16.2584 31.39
    endloop
  endfacet
  facet normal -0.595747 0.803172 0
    outer loop
      vertex -27.6 -16.3325 31.39
      vertex -27.5001 -16.2584 0
      vertex -27.6 -16.3325 0
    endloop
  endfacet
  facet normal 0.941598 0.336738 0
    outer loop
      vertex -20.6938 -18.6937 31.39
      vertex -20.8425 -18.2779 0
      vertex -20.8425 -18.2779 31.39
    endloop
  endfacet
  facet normal 0.941598 0.336738 0
    outer loop
      vertex -20.8425 -18.2779 0
      vertex -20.6938 -18.6937 31.39
      vertex -20.6938 -18.6937 0
    endloop
  endfacet
  facet normal 0.0491358 0.998792 -0
    outer loop
      vertex -24.5589 -15.5217 0
      vertex -25 -15.5 31.39
      vertex -24.5589 -15.5217 31.39
    endloop
  endfacet
  facet normal 0.0491358 0.998792 0
    outer loop
      vertex -25 -15.5 31.39
      vertex -24.5589 -15.5217 0
      vertex -25 -15.5 0
    endloop
  endfacet
  facet normal -0.146746 0.989174 0
    outer loop
      vertex -25.4411 -15.5217 0
      vertex -25.8779 -15.5865 31.39
      vertex -25.4411 -15.5217 31.39
    endloop
  endfacet
  facet normal -0.146746 0.989174 0
    outer loop
      vertex -25.8779 -15.5865 31.39
      vertex -25.4411 -15.5217 0
      vertex -25.8779 -15.5865 0
    endloop
  endfacet
  facet normal 0.903908 0.427726 0
    outer loop
      vertex -20.8425 -18.2779 31.39
      vertex -21.0314 -17.8787 0
      vertex -21.0314 -17.8787 31.39
    endloop
  endfacet
  facet normal 0.903908 0.427726 0
    outer loop
      vertex -21.0314 -17.8787 0
      vertex -20.8425 -18.2779 31.39
      vertex -20.8425 -18.2779 0
    endloop
  endfacet
  facet normal 0.970036 -0.242962 0
    outer loop
      vertex -20.6938 -21.3063 31.39
      vertex -20.5865 -20.8779 0
      vertex -20.5865 -20.8779 31.39
    endloop
  endfacet
  facet normal 0.970036 -0.242962 0
    outer loop
      vertex -20.5865 -20.8779 0
      vertex -20.6938 -21.3063 31.39
      vertex -20.6938 -21.3063 0
    endloop
  endfacet
  facet normal 0.595753 0.803168 -0
    outer loop
      vertex -22.1452 -16.5215 0
      vertex -22.4999 -16.2584 31.39
      vertex -22.1452 -16.5215 31.39
    endloop
  endfacet
  facet normal 0.595753 0.803168 0
    outer loop
      vertex -22.4999 -16.2584 31.39
      vertex -22.1452 -16.5215 0
      vertex -22.4999 -16.2584 0
    endloop
  endfacet
  facet normal 0.989174 -0.146746 0
    outer loop
      vertex -20.5865 -20.8779 31.39
      vertex -20.5217 -20.4411 0
      vertex -20.5217 -20.4411 31.39
    endloop
  endfacet
  facet normal 0.989174 -0.146746 0
    outer loop
      vertex -20.5217 -20.4411 0
      vertex -20.5865 -20.8779 31.39
      vertex -20.5865 -20.8779 0
    endloop
  endfacet
  facet normal 0.803168 0.595753 0
    outer loop
      vertex -21.2584 -17.4999 31.39
      vertex -21.5215 -17.1452 0
      vertex -21.5215 -17.1452 31.39
    endloop
  endfacet
  facet normal 0.803168 0.595753 0
    outer loop
      vertex -21.5215 -17.1452 0
      vertex -21.2584 -17.4999 31.39
      vertex -21.2584 -17.4999 0
    endloop
  endfacet
  facet normal 0.514029 0.857773 -0
    outer loop
      vertex -22.4999 -16.2584 0
      vertex -22.8787 -16.0314 31.39
      vertex -22.4999 -16.2584 31.39
    endloop
  endfacet
  facet normal 0.514029 0.857773 0
    outer loop
      vertex -22.8787 -16.0314 31.39
      vertex -22.4999 -16.2584 0
      vertex -22.8787 -16.0314 0
    endloop
  endfacet
  facet normal 0.998792 -0.0491358 0
    outer loop
      vertex -20.5217 -20.4411 31.39
      vertex -20.5 -20 0
      vertex -20.5 -20 31.39
    endloop
  endfacet
  facet normal 0.998792 -0.0491358 0
    outer loop
      vertex -20.5 -20 0
      vertex -20.5217 -20.4411 31.39
      vertex -20.5217 -20.4411 0
    endloop
  endfacet
  facet normal 0.857773 -0.514029 0
    outer loop
      vertex -21.2584 -22.5001 31.39
      vertex -21.0314 -22.1213 0
      vertex -21.0314 -22.1213 31.39
    endloop
  endfacet
  facet normal 0.857773 -0.514029 0
    outer loop
      vertex -21.0314 -22.1213 0
      vertex -21.2584 -22.5001 31.39
      vertex -21.2584 -22.5001 0
    endloop
  endfacet
  facet normal 0.903908 -0.427726 0
    outer loop
      vertex -21.0314 -22.1213 31.39
      vertex -20.8425 -21.7221 0
      vertex -20.8425 -21.7221 31.39
    endloop
  endfacet
  facet normal 0.903908 -0.427726 0
    outer loop
      vertex -20.8425 -21.7221 0
      vertex -21.0314 -22.1213 31.39
      vertex -21.0314 -22.1213 0
    endloop
  endfacet
  facet normal -0.514029 0.857773 0
    outer loop
      vertex -27.1213 -16.0314 0
      vertex -27.5001 -16.2584 31.39
      vertex -27.1213 -16.0314 31.39
    endloop
  endfacet
  facet normal -0.514029 0.857773 0
    outer loop
      vertex -27.5001 -16.2584 31.39
      vertex -27.1213 -16.0314 0
      vertex -27.5001 -16.2584 0
    endloop
  endfacet
  facet normal 0.741015 0.671488 0
    outer loop
      vertex -21.5215 -17.1452 31.39
      vertex -21.818 -16.818 0
      vertex -21.818 -16.818 31.39
    endloop
  endfacet
  facet normal 0.741015 0.671488 0
    outer loop
      vertex -21.818 -16.818 0
      vertex -21.5215 -17.1452 31.39
      vertex -21.5215 -17.1452 0
    endloop
  endfacet
  facet normal 0.336738 0.941598 -0
    outer loop
      vertex -23.2779 -15.8425 0
      vertex -23.6937 -15.6938 31.39
      vertex -23.2779 -15.8425 31.39
    endloop
  endfacet
  facet normal 0.336738 0.941598 0
    outer loop
      vertex -23.6937 -15.6938 31.39
      vertex -23.2779 -15.8425 0
      vertex -23.6937 -15.6938 0
    endloop
  endfacet
  facet normal 0.803172 -0.595747 0
    outer loop
      vertex -21.3325 -22.6 31.39
      vertex -21.2584 -22.5001 0
      vertex -21.2584 -22.5001 31.39
    endloop
  endfacet
  facet normal 0.803172 -0.595747 0
    outer loop
      vertex -21.2584 -22.5001 0
      vertex -21.3325 -22.6 31.39
      vertex -21.3325 -22.6 0
    endloop
  endfacet
  facet normal 0.427726 0.903908 -0
    outer loop
      vertex -22.8787 -16.0314 0
      vertex -23.2779 -15.8425 31.39
      vertex -22.8787 -16.0314 31.39
    endloop
  endfacet
  facet normal 0.427726 0.903908 0
    outer loop
      vertex -23.2779 -15.8425 31.39
      vertex -22.8787 -16.0314 0
      vertex -23.2779 -15.8425 0
    endloop
  endfacet
  facet normal 0.857773 0.514029 0
    outer loop
      vertex -21.0314 -17.8787 31.39
      vertex -21.2584 -17.4999 0
      vertex -21.2584 -17.4999 31.39
    endloop
  endfacet
  facet normal 0.857773 0.514029 0
    outer loop
      vertex -21.2584 -17.4999 0
      vertex -21.0314 -17.8787 31.39
      vertex -21.0314 -17.8787 0
    endloop
  endfacet
  facet normal -0.0491358 0.998792 0
    outer loop
      vertex -25 -15.5 0
      vertex -25.4411 -15.5217 31.39
      vertex -25 -15.5 31.39
    endloop
  endfacet
  facet normal -0.0491358 0.998792 0
    outer loop
      vertex -25.4411 -15.5217 31.39
      vertex -25 -15.5 0
      vertex -25.4411 -15.5217 0
    endloop
  endfacet
  facet normal -0.427726 0.903908 0
    outer loop
      vertex -26.7221 -15.8425 0
      vertex -27.1213 -16.0314 31.39
      vertex -26.7221 -15.8425 31.39
    endloop
  endfacet
  facet normal -0.427726 0.903908 0
    outer loop
      vertex -27.1213 -16.0314 31.39
      vertex -26.7221 -15.8425 0
      vertex -27.1213 -16.0314 0
    endloop
  endfacet
  facet normal 0.671488 0.741015 -0
    outer loop
      vertex -21.818 -16.818 0
      vertex -22.1452 -16.5215 31.39
      vertex -21.818 -16.818 31.39
    endloop
  endfacet
  facet normal 0.671488 0.741015 0
    outer loop
      vertex -22.1452 -16.5215 31.39
      vertex -21.818 -16.818 0
      vertex -22.1452 -16.5215 0
    endloop
  endfacet
  facet normal -0.242962 0.970036 0
    outer loop
      vertex -25.8779 -15.5865 0
      vertex -26.3063 -15.6938 31.39
      vertex -25.8779 -15.5865 31.39
    endloop
  endfacet
  facet normal -0.242962 0.970036 0
    outer loop
      vertex -26.3063 -15.6938 31.39
      vertex -25.8779 -15.5865 0
      vertex -26.3063 -15.6938 0
    endloop
  endfacet
  facet normal 0.989174 0.146746 0
    outer loop
      vertex -20.5217 20.4411 31.39
      vertex -20.5865 20.8779 0
      vertex -20.5865 20.8779 31.39
    endloop
  endfacet
  facet normal 0.989174 0.146746 0
    outer loop
      vertex -20.5865 20.8779 0
      vertex -20.5217 20.4411 31.39
      vertex -20.5217 20.4411 0
    endloop
  endfacet
  facet normal 0.998792 0.0491358 0
    outer loop
      vertex -20.5 20 31.39
      vertex -20.5217 20.4411 0
      vertex -20.5217 20.4411 31.39
    endloop
  endfacet
  facet normal 0.998792 0.0491358 0
    outer loop
      vertex -20.5217 20.4411 0
      vertex -20.5 20 31.39
      vertex -20.5 20 0
    endloop
  endfacet
  facet normal 0.970036 0.242962 0
    outer loop
      vertex -20.5865 20.8779 31.39
      vertex -20.6938 21.3063 0
      vertex -20.6938 21.3063 31.39
    endloop
  endfacet
  facet normal 0.970036 0.242962 0
    outer loop
      vertex -20.6938 21.3063 0
      vertex -20.5865 20.8779 31.39
      vertex -20.5865 20.8779 0
    endloop
  endfacet
  facet normal 0.0491358 -0.998792 0
    outer loop
      vertex -25 15.5 0
      vertex -24.5589 15.5217 31.39
      vertex -25 15.5 31.39
    endloop
  endfacet
  facet normal 0.0491358 -0.998792 0
    outer loop
      vertex -24.5589 15.5217 31.39
      vertex -25 15.5 0
      vertex -24.5589 15.5217 0
    endloop
  endfacet
  facet normal 0.941598 0.336738 0
    outer loop
      vertex -20.6938 21.3063 31.39
      vertex -20.8425 21.7221 0
      vertex -20.8425 21.7221 31.39
    endloop
  endfacet
  facet normal 0.941598 0.336738 0
    outer loop
      vertex -20.8425 21.7221 0
      vertex -20.6938 21.3063 31.39
      vertex -20.6938 21.3063 0
    endloop
  endfacet
  facet normal 0.941598 -0.336738 0
    outer loop
      vertex -20.8425 18.2779 31.39
      vertex -20.6938 18.6937 0
      vertex -20.6938 18.6937 31.39
    endloop
  endfacet
  facet normal 0.941598 -0.336738 0
    outer loop
      vertex -20.6938 18.6937 0
      vertex -20.8425 18.2779 31.39
      vertex -20.8425 18.2779 0
    endloop
  endfacet
  facet normal 0.998792 -0.0491358 0
    outer loop
      vertex -20.5217 19.5589 31.39
      vertex -20.5 20 0
      vertex -20.5 20 31.39
    endloop
  endfacet
  facet normal 0.998792 -0.0491358 0
    outer loop
      vertex -20.5 20 0
      vertex -20.5217 19.5589 31.39
      vertex -20.5217 19.5589 0
    endloop
  endfacet
  facet normal -0.514029 -0.857773 0
    outer loop
      vertex -27.5001 16.2584 0
      vertex -27.1213 16.0314 31.39
      vertex -27.5001 16.2584 31.39
    endloop
  endfacet
  facet normal -0.514029 -0.857773 -0
    outer loop
      vertex -27.1213 16.0314 31.39
      vertex -27.5001 16.2584 0
      vertex -27.1213 16.0314 0
    endloop
  endfacet
  facet normal 0.989174 -0.146746 0
    outer loop
      vertex -20.5865 19.1221 31.39
      vertex -20.5217 19.5589 0
      vertex -20.5217 19.5589 31.39
    endloop
  endfacet
  facet normal 0.989174 -0.146746 0
    outer loop
      vertex -20.5217 19.5589 0
      vertex -20.5865 19.1221 31.39
      vertex -20.5865 19.1221 0
    endloop
  endfacet
  facet normal 0.903908 -0.427726 0
    outer loop
      vertex -21.0314 17.8787 31.39
      vertex -20.8425 18.2779 0
      vertex -20.8425 18.2779 31.39
    endloop
  endfacet
  facet normal 0.903908 -0.427726 0
    outer loop
      vertex -20.8425 18.2779 0
      vertex -21.0314 17.8787 31.39
      vertex -21.0314 17.8787 0
    endloop
  endfacet
  facet normal 0.970036 -0.242962 0
    outer loop
      vertex -20.6938 18.6937 31.39
      vertex -20.5865 19.1221 0
      vertex -20.5865 19.1221 31.39
    endloop
  endfacet
  facet normal 0.970036 -0.242962 0
    outer loop
      vertex -20.5865 19.1221 0
      vertex -20.6938 18.6937 31.39
      vertex -20.6938 18.6937 0
    endloop
  endfacet
  facet normal 0.803172 0.595747 0
    outer loop
      vertex -21.2584 22.5001 31.39
      vertex -21.3325 22.6 0
      vertex -21.3325 22.6 31.39
    endloop
  endfacet
  facet normal 0.803172 0.595747 0
    outer loop
      vertex -21.3325 22.6 0
      vertex -21.2584 22.5001 31.39
      vertex -21.2584 22.5001 0
    endloop
  endfacet
  facet normal -0.242962 -0.970036 0
    outer loop
      vertex -26.3063 15.6938 0
      vertex -25.8779 15.5865 31.39
      vertex -26.3063 15.6938 31.39
    endloop
  endfacet
  facet normal -0.242962 -0.970036 -0
    outer loop
      vertex -25.8779 15.5865 31.39
      vertex -26.3063 15.6938 0
      vertex -25.8779 15.5865 0
    endloop
  endfacet
  facet normal 0.514029 -0.857773 0
    outer loop
      vertex -22.8787 16.0314 0
      vertex -22.4999 16.2584 31.39
      vertex -22.8787 16.0314 31.39
    endloop
  endfacet
  facet normal 0.514029 -0.857773 0
    outer loop
      vertex -22.4999 16.2584 31.39
      vertex -22.8787 16.0314 0
      vertex -22.4999 16.2584 0
    endloop
  endfacet
  facet normal 0.903908 0.427726 0
    outer loop
      vertex -20.8425 21.7221 31.39
      vertex -21.0314 22.1213 0
      vertex -21.0314 22.1213 31.39
    endloop
  endfacet
  facet normal 0.903908 0.427726 0
    outer loop
      vertex -21.0314 22.1213 0
      vertex -20.8425 21.7221 31.39
      vertex -20.8425 21.7221 0
    endloop
  endfacet
  facet normal 0.741015 -0.671488 0
    outer loop
      vertex -21.818 16.818 31.39
      vertex -21.5215 17.1452 0
      vertex -21.5215 17.1452 31.39
    endloop
  endfacet
  facet normal 0.741015 -0.671488 0
    outer loop
      vertex -21.5215 17.1452 0
      vertex -21.818 16.818 31.39
      vertex -21.818 16.818 0
    endloop
  endfacet
  facet normal 0.857773 -0.514029 0
    outer loop
      vertex -21.2584 17.4999 31.39
      vertex -21.0314 17.8787 0
      vertex -21.0314 17.8787 31.39
    endloop
  endfacet
  facet normal 0.857773 -0.514029 0
    outer loop
      vertex -21.0314 17.8787 0
      vertex -21.2584 17.4999 31.39
      vertex -21.2584 17.4999 0
    endloop
  endfacet
  facet normal 0.427726 -0.903908 0
    outer loop
      vertex -23.2779 15.8425 0
      vertex -22.8787 16.0314 31.39
      vertex -23.2779 15.8425 31.39
    endloop
  endfacet
  facet normal 0.427726 -0.903908 0
    outer loop
      vertex -22.8787 16.0314 31.39
      vertex -23.2779 15.8425 0
      vertex -22.8787 16.0314 0
    endloop
  endfacet
  facet normal 0.857773 0.514029 0
    outer loop
      vertex -21.0314 22.1213 31.39
      vertex -21.2584 22.5001 0
      vertex -21.2584 22.5001 31.39
    endloop
  endfacet
  facet normal 0.857773 0.514029 0
    outer loop
      vertex -21.2584 22.5001 0
      vertex -21.0314 22.1213 31.39
      vertex -21.0314 22.1213 0
    endloop
  endfacet
  facet normal 0.336738 -0.941598 0
    outer loop
      vertex -23.6937 15.6938 0
      vertex -23.2779 15.8425 31.39
      vertex -23.6937 15.6938 31.39
    endloop
  endfacet
  facet normal 0.336738 -0.941598 0
    outer loop
      vertex -23.2779 15.8425 31.39
      vertex -23.6937 15.6938 0
      vertex -23.2779 15.8425 0
    endloop
  endfacet
  facet normal -0.336738 -0.941598 0
    outer loop
      vertex -26.7221 15.8425 0
      vertex -26.3063 15.6938 31.39
      vertex -26.7221 15.8425 31.39
    endloop
  endfacet
  facet normal -0.336738 -0.941598 -0
    outer loop
      vertex -26.3063 15.6938 31.39
      vertex -26.7221 15.8425 0
      vertex -26.3063 15.6938 0
    endloop
  endfacet
  facet normal -0.595747 -0.803172 0
    outer loop
      vertex -27.6 16.3325 0
      vertex -27.5001 16.2584 31.39
      vertex -27.6 16.3325 31.39
    endloop
  endfacet
  facet normal -0.595747 -0.803172 -0
    outer loop
      vertex -27.5001 16.2584 31.39
      vertex -27.6 16.3325 0
      vertex -27.5001 16.2584 0
    endloop
  endfacet
  facet normal 0.803168 -0.595753 0
    outer loop
      vertex -21.5215 17.1452 31.39
      vertex -21.2584 17.4999 0
      vertex -21.2584 17.4999 31.39
    endloop
  endfacet
  facet normal 0.803168 -0.595753 0
    outer loop
      vertex -21.2584 17.4999 0
      vertex -21.5215 17.1452 31.39
      vertex -21.5215 17.1452 0
    endloop
  endfacet
  facet normal 0.146746 -0.989174 0
    outer loop
      vertex -24.5589 15.5217 0
      vertex -24.1221 15.5865 31.39
      vertex -24.5589 15.5217 31.39
    endloop
  endfacet
  facet normal 0.146746 -0.989174 0
    outer loop
      vertex -24.1221 15.5865 31.39
      vertex -24.5589 15.5217 0
      vertex -24.1221 15.5865 0
    endloop
  endfacet
  facet normal 0.242962 -0.970036 0
    outer loop
      vertex -24.1221 15.5865 0
      vertex -23.6937 15.6938 31.39
      vertex -24.1221 15.5865 31.39
    endloop
  endfacet
  facet normal 0.242962 -0.970036 0
    outer loop
      vertex -23.6937 15.6938 31.39
      vertex -24.1221 15.5865 0
      vertex -23.6937 15.6938 0
    endloop
  endfacet
  facet normal 0.595753 -0.803168 0
    outer loop
      vertex -22.4999 16.2584 0
      vertex -22.1452 16.5215 31.39
      vertex -22.4999 16.2584 31.39
    endloop
  endfacet
  facet normal 0.595753 -0.803168 0
    outer loop
      vertex -22.1452 16.5215 31.39
      vertex -22.4999 16.2584 0
      vertex -22.1452 16.5215 0
    endloop
  endfacet
  facet normal -0.0491358 -0.998792 0
    outer loop
      vertex -25.4411 15.5217 0
      vertex -25 15.5 31.39
      vertex -25.4411 15.5217 31.39
    endloop
  endfacet
  facet normal -0.0491358 -0.998792 -0
    outer loop
      vertex -25 15.5 31.39
      vertex -25.4411 15.5217 0
      vertex -25 15.5 0
    endloop
  endfacet
  facet normal -0.427726 -0.903908 0
    outer loop
      vertex -27.1213 16.0314 0
      vertex -26.7221 15.8425 31.39
      vertex -27.1213 16.0314 31.39
    endloop
  endfacet
  facet normal -0.427726 -0.903908 -0
    outer loop
      vertex -26.7221 15.8425 31.39
      vertex -27.1213 16.0314 0
      vertex -26.7221 15.8425 0
    endloop
  endfacet
  facet normal 0.671488 -0.741015 0
    outer loop
      vertex -22.1452 16.5215 0
      vertex -21.818 16.818 31.39
      vertex -22.1452 16.5215 31.39
    endloop
  endfacet
  facet normal 0.671488 -0.741015 0
    outer loop
      vertex -21.818 16.818 31.39
      vertex -22.1452 16.5215 0
      vertex -21.818 16.818 0
    endloop
  endfacet
  facet normal -0.146746 -0.989174 0
    outer loop
      vertex -25.8779 15.5865 0
      vertex -25.4411 15.5217 31.39
      vertex -25.8779 15.5865 31.39
    endloop
  endfacet
  facet normal -0.146746 -0.989174 -0
    outer loop
      vertex -25.4411 15.5217 31.39
      vertex -25.8779 15.5865 0
      vertex -25.4411 15.5217 0
    endloop
  endfacet
  facet normal 0.146746 0.989174 -0
    outer loop
      vertex 25.8779 -15.5865 0
      vertex 25.4411 -15.5217 31.39
      vertex 25.8779 -15.5865 31.39
    endloop
  endfacet
  facet normal 0.146746 0.989174 0
    outer loop
      vertex 25.4411 -15.5217 31.39
      vertex 25.8779 -15.5865 0
      vertex 25.4411 -15.5217 0
    endloop
  endfacet
  facet normal 0.336738 0.941598 -0
    outer loop
      vertex 26.7221 -15.8425 0
      vertex 26.3063 -15.6938 31.39
      vertex 26.7221 -15.8425 31.39
    endloop
  endfacet
  facet normal 0.336738 0.941598 0
    outer loop
      vertex 26.3063 -15.6938 31.39
      vertex 26.7221 -15.8425 0
      vertex 26.3063 -15.6938 0
    endloop
  endfacet
  facet normal -0.595753 0.803168 0
    outer loop
      vertex 22.4999 -16.2584 0
      vertex 22.1452 -16.5215 31.39
      vertex 22.4999 -16.2584 31.39
    endloop
  endfacet
  facet normal -0.595753 0.803168 0
    outer loop
      vertex 22.1452 -16.5215 31.39
      vertex 22.4999 -16.2584 0
      vertex 22.1452 -16.5215 0
    endloop
  endfacet
  facet normal -0.941598 0.336738 0
    outer loop
      vertex 20.6938 -18.6937 0
      vertex 20.8425 -18.2779 31.39
      vertex 20.8425 -18.2779 0
    endloop
  endfacet
  facet normal -0.941598 0.336738 0
    outer loop
      vertex 20.8425 -18.2779 31.39
      vertex 20.6938 -18.6937 0
      vertex 20.6938 -18.6937 31.39
    endloop
  endfacet
  facet normal 0.242962 0.970036 -0
    outer loop
      vertex 26.3063 -15.6938 0
      vertex 25.8779 -15.5865 31.39
      vertex 26.3063 -15.6938 31.39
    endloop
  endfacet
  facet normal 0.242962 0.970036 0
    outer loop
      vertex 25.8779 -15.5865 31.39
      vertex 26.3063 -15.6938 0
      vertex 25.8779 -15.5865 0
    endloop
  endfacet
  facet normal -0.242962 0.970036 0
    outer loop
      vertex 24.1221 -15.5865 0
      vertex 23.6937 -15.6938 31.39
      vertex 24.1221 -15.5865 31.39
    endloop
  endfacet
  facet normal -0.242962 0.970036 0
    outer loop
      vertex 23.6937 -15.6938 31.39
      vertex 24.1221 -15.5865 0
      vertex 23.6937 -15.6938 0
    endloop
  endfacet
  facet normal 0.514029 0.857773 -0
    outer loop
      vertex 27.5001 -16.2584 0
      vertex 27.1213 -16.0314 31.39
      vertex 27.5001 -16.2584 31.39
    endloop
  endfacet
  facet normal 0.514029 0.857773 0
    outer loop
      vertex 27.1213 -16.0314 31.39
      vertex 27.5001 -16.2584 0
      vertex 27.1213 -16.0314 0
    endloop
  endfacet
  facet normal 0.595747 0.803172 -0
    outer loop
      vertex 27.6 -16.3325 0
      vertex 27.5001 -16.2584 31.39
      vertex 27.6 -16.3325 31.39
    endloop
  endfacet
  facet normal 0.595747 0.803172 0
    outer loop
      vertex 27.5001 -16.2584 31.39
      vertex 27.6 -16.3325 0
      vertex 27.5001 -16.2584 0
    endloop
  endfacet
  facet normal -0.903908 0.427726 0
    outer loop
      vertex 20.8425 -18.2779 0
      vertex 21.0314 -17.8787 31.39
      vertex 21.0314 -17.8787 0
    endloop
  endfacet
  facet normal -0.903908 0.427726 0
    outer loop
      vertex 21.0314 -17.8787 31.39
      vertex 20.8425 -18.2779 0
      vertex 20.8425 -18.2779 31.39
    endloop
  endfacet
  facet normal -0.514029 0.857773 0
    outer loop
      vertex 22.8787 -16.0314 0
      vertex 22.4999 -16.2584 31.39
      vertex 22.8787 -16.0314 31.39
    endloop
  endfacet
  facet normal -0.514029 0.857773 0
    outer loop
      vertex 22.4999 -16.2584 31.39
      vertex 22.8787 -16.0314 0
      vertex 22.4999 -16.2584 0
    endloop
  endfacet
  facet normal -0.671488 0.741015 0
    outer loop
      vertex 22.1452 -16.5215 0
      vertex 21.818 -16.818 31.39
      vertex 22.1452 -16.5215 31.39
    endloop
  endfacet
  facet normal -0.671488 0.741015 0
    outer loop
      vertex 21.818 -16.818 31.39
      vertex 22.1452 -16.5215 0
      vertex 21.818 -16.818 0
    endloop
  endfacet
  facet normal -0.970036 -0.242962 0
    outer loop
      vertex 20.6938 -21.3063 0
      vertex 20.5865 -20.8779 31.39
      vertex 20.5865 -20.8779 0
    endloop
  endfacet
  facet normal -0.970036 -0.242962 0
    outer loop
      vertex 20.5865 -20.8779 31.39
      vertex 20.6938 -21.3063 0
      vertex 20.6938 -21.3063 31.39
    endloop
  endfacet
  facet normal 0.427726 0.903908 -0
    outer loop
      vertex 27.1213 -16.0314 0
      vertex 26.7221 -15.8425 31.39
      vertex 27.1213 -16.0314 31.39
    endloop
  endfacet
  facet normal 0.427726 0.903908 0
    outer loop
      vertex 26.7221 -15.8425 31.39
      vertex 27.1213 -16.0314 0
      vertex 26.7221 -15.8425 0
    endloop
  endfacet
  facet normal -0.941598 -0.336738 0
    outer loop
      vertex 20.8425 -21.7221 0
      vertex 20.6938 -21.3063 31.39
      vertex 20.6938 -21.3063 0
    endloop
  endfacet
  facet normal -0.941598 -0.336738 0
    outer loop
      vertex 20.6938 -21.3063 31.39
      vertex 20.8425 -21.7221 0
      vertex 20.8425 -21.7221 31.39
    endloop
  endfacet
  facet normal -0.989174 0.146746 0
    outer loop
      vertex 20.5217 -19.5589 0
      vertex 20.5865 -19.1221 31.39
      vertex 20.5865 -19.1221 0
    endloop
  endfacet
  facet normal -0.989174 0.146746 0
    outer loop
      vertex 20.5865 -19.1221 31.39
      vertex 20.5217 -19.5589 0
      vertex 20.5217 -19.5589 31.39
    endloop
  endfacet
  facet normal -0.336738 0.941598 0
    outer loop
      vertex 23.6937 -15.6938 0
      vertex 23.2779 -15.8425 31.39
      vertex 23.6937 -15.6938 31.39
    endloop
  endfacet
  facet normal -0.336738 0.941598 0
    outer loop
      vertex 23.2779 -15.8425 31.39
      vertex 23.6937 -15.6938 0
      vertex 23.2779 -15.8425 0
    endloop
  endfacet
  facet normal -0.146746 0.989174 0
    outer loop
      vertex 24.5589 -15.5217 0
      vertex 24.1221 -15.5865 31.39
      vertex 24.5589 -15.5217 31.39
    endloop
  endfacet
  facet normal -0.146746 0.989174 0
    outer loop
      vertex 24.1221 -15.5865 31.39
      vertex 24.5589 -15.5217 0
      vertex 24.1221 -15.5865 0
    endloop
  endfacet
  facet normal -0.427726 0.903908 0
    outer loop
      vertex 23.2779 -15.8425 0
      vertex 22.8787 -16.0314 31.39
      vertex 23.2779 -15.8425 31.39
    endloop
  endfacet
  facet normal -0.427726 0.903908 0
    outer loop
      vertex 22.8787 -16.0314 31.39
      vertex 23.2779 -15.8425 0
      vertex 22.8787 -16.0314 0
    endloop
  endfacet
  facet normal -0.857773 0.514029 0
    outer loop
      vertex 21.0314 -17.8787 0
      vertex 21.2584 -17.4999 31.39
      vertex 21.2584 -17.4999 0
    endloop
  endfacet
  facet normal -0.857773 0.514029 0
    outer loop
      vertex 21.2584 -17.4999 31.39
      vertex 21.0314 -17.8787 0
      vertex 21.0314 -17.8787 31.39
    endloop
  endfacet
  facet normal -0.970036 0.242962 0
    outer loop
      vertex 20.5865 -19.1221 0
      vertex 20.6938 -18.6937 31.39
      vertex 20.6938 -18.6937 0
    endloop
  endfacet
  facet normal -0.970036 0.242962 0
    outer loop
      vertex 20.6938 -18.6937 31.39
      vertex 20.5865 -19.1221 0
      vertex 20.5865 -19.1221 31.39
    endloop
  endfacet
  facet normal -0.0491358 0.998792 0
    outer loop
      vertex 25 -15.5 0
      vertex 24.5589 -15.5217 31.39
      vertex 25 -15.5 31.39
    endloop
  endfacet
  facet normal -0.0491358 0.998792 0
    outer loop
      vertex 24.5589 -15.5217 31.39
      vertex 25 -15.5 0
      vertex 24.5589 -15.5217 0
    endloop
  endfacet
  facet normal -0.803172 -0.595747 0
    outer loop
      vertex 21.3325 -22.6 0
      vertex 21.2584 -22.5001 31.39
      vertex 21.2584 -22.5001 0
    endloop
  endfacet
  facet normal -0.803172 -0.595747 0
    outer loop
      vertex 21.2584 -22.5001 31.39
      vertex 21.3325 -22.6 0
      vertex 21.3325 -22.6 31.39
    endloop
  endfacet
  facet normal -0.989174 -0.146746 0
    outer loop
      vertex 20.5865 -20.8779 0
      vertex 20.5217 -20.4411 31.39
      vertex 20.5217 -20.4411 0
    endloop
  endfacet
  facet normal -0.989174 -0.146746 0
    outer loop
      vertex 20.5217 -20.4411 31.39
      vertex 20.5865 -20.8779 0
      vertex 20.5865 -20.8779 31.39
    endloop
  endfacet
  facet normal -0.857773 -0.514029 0
    outer loop
      vertex 21.2584 -22.5001 0
      vertex 21.0314 -22.1213 31.39
      vertex 21.0314 -22.1213 0
    endloop
  endfacet
  facet normal -0.857773 -0.514029 0
    outer loop
      vertex 21.0314 -22.1213 31.39
      vertex 21.2584 -22.5001 0
      vertex 21.2584 -22.5001 31.39
    endloop
  endfacet
  facet normal -0.741015 0.671488 0
    outer loop
      vertex 21.5215 -17.1452 0
      vertex 21.818 -16.818 31.39
      vertex 21.818 -16.818 0
    endloop
  endfacet
  facet normal -0.741015 0.671488 0
    outer loop
      vertex 21.818 -16.818 31.39
      vertex 21.5215 -17.1452 0
      vertex 21.5215 -17.1452 31.39
    endloop
  endfacet
  facet normal 0.0491358 0.998792 -0
    outer loop
      vertex 25.4411 -15.5217 0
      vertex 25 -15.5 31.39
      vertex 25.4411 -15.5217 31.39
    endloop
  endfacet
  facet normal 0.0491358 0.998792 0
    outer loop
      vertex 25 -15.5 31.39
      vertex 25.4411 -15.5217 0
      vertex 25 -15.5 0
    endloop
  endfacet
  facet normal -0.803168 0.595753 0
    outer loop
      vertex 21.2584 -17.4999 0
      vertex 21.5215 -17.1452 31.39
      vertex 21.5215 -17.1452 0
    endloop
  endfacet
  facet normal -0.803168 0.595753 0
    outer loop
      vertex 21.5215 -17.1452 31.39
      vertex 21.2584 -17.4999 0
      vertex 21.2584 -17.4999 31.39
    endloop
  endfacet
  facet normal -0.998792 0.0491358 0
    outer loop
      vertex 20.5 -20 0
      vertex 20.5217 -19.5589 31.39
      vertex 20.5217 -19.5589 0
    endloop
  endfacet
  facet normal -0.998792 0.0491358 0
    outer loop
      vertex 20.5217 -19.5589 31.39
      vertex 20.5 -20 0
      vertex 20.5 -20 31.39
    endloop
  endfacet
  facet normal -0.998792 -0.0491358 0
    outer loop
      vertex 20.5217 -20.4411 0
      vertex 20.5 -20 31.39
      vertex 20.5 -20 0
    endloop
  endfacet
  facet normal -0.998792 -0.0491358 0
    outer loop
      vertex 20.5 -20 31.39
      vertex 20.5217 -20.4411 0
      vertex 20.5217 -20.4411 31.39
    endloop
  endfacet
  facet normal -0.903908 -0.427726 0
    outer loop
      vertex 21.0314 -22.1213 0
      vertex 20.8425 -21.7221 31.39
      vertex 20.8425 -21.7221 0
    endloop
  endfacet
  facet normal -0.903908 -0.427726 0
    outer loop
      vertex 20.8425 -21.7221 31.39
      vertex 21.0314 -22.1213 0
      vertex 21.0314 -22.1213 31.39
    endloop
  endfacet
  facet normal -0.336738 -0.941598 0
    outer loop
      vertex 23.2779 15.8425 0
      vertex 23.6937 15.6938 31.39
      vertex 23.2779 15.8425 31.39
    endloop
  endfacet
  facet normal -0.336738 -0.941598 -0
    outer loop
      vertex 23.6937 15.6938 31.39
      vertex 23.2779 15.8425 0
      vertex 23.6937 15.6938 0
    endloop
  endfacet
  facet normal -0.989174 0.146746 0
    outer loop
      vertex 20.5217 20.4411 0
      vertex 20.5865 20.8779 31.39
      vertex 20.5865 20.8779 0
    endloop
  endfacet
  facet normal -0.989174 0.146746 0
    outer loop
      vertex 20.5865 20.8779 31.39
      vertex 20.5217 20.4411 0
      vertex 20.5217 20.4411 31.39
    endloop
  endfacet
  facet normal -0.242962 -0.970036 0
    outer loop
      vertex 23.6937 15.6938 0
      vertex 24.1221 15.5865 31.39
      vertex 23.6937 15.6938 31.39
    endloop
  endfacet
  facet normal -0.242962 -0.970036 -0
    outer loop
      vertex 24.1221 15.5865 31.39
      vertex 23.6937 15.6938 0
      vertex 24.1221 15.5865 0
    endloop
  endfacet
  facet normal -0.903908 -0.427726 0
    outer loop
      vertex 21.0314 17.8787 0
      vertex 20.8425 18.2779 31.39
      vertex 20.8425 18.2779 0
    endloop
  endfacet
  facet normal -0.903908 -0.427726 0
    outer loop
      vertex 20.8425 18.2779 31.39
      vertex 21.0314 17.8787 0
      vertex 21.0314 17.8787 31.39
    endloop
  endfacet
  facet normal -0.857773 -0.514029 0
    outer loop
      vertex 21.2584 17.4999 0
      vertex 21.0314 17.8787 31.39
      vertex 21.0314 17.8787 0
    endloop
  endfacet
  facet normal -0.857773 -0.514029 0
    outer loop
      vertex 21.0314 17.8787 31.39
      vertex 21.2584 17.4999 0
      vertex 21.2584 17.4999 31.39
    endloop
  endfacet
  facet normal 0.242962 -0.970036 0
    outer loop
      vertex 25.8779 15.5865 0
      vertex 26.3063 15.6938 31.39
      vertex 25.8779 15.5865 31.39
    endloop
  endfacet
  facet normal 0.242962 -0.970036 0
    outer loop
      vertex 26.3063 15.6938 31.39
      vertex 25.8779 15.5865 0
      vertex 26.3063 15.6938 0
    endloop
  endfacet
  facet normal -0.595753 -0.803168 0
    outer loop
      vertex 22.1452 16.5215 0
      vertex 22.4999 16.2584 31.39
      vertex 22.1452 16.5215 31.39
    endloop
  endfacet
  facet normal -0.595753 -0.803168 -0
    outer loop
      vertex 22.4999 16.2584 31.39
      vertex 22.1452 16.5215 0
      vertex 22.4999 16.2584 0
    endloop
  endfacet
  facet normal 0.514029 -0.857773 0
    outer loop
      vertex 27.1213 16.0314 0
      vertex 27.5001 16.2584 31.39
      vertex 27.1213 16.0314 31.39
    endloop
  endfacet
  facet normal 0.514029 -0.857773 0
    outer loop
      vertex 27.5001 16.2584 31.39
      vertex 27.1213 16.0314 0
      vertex 27.5001 16.2584 0
    endloop
  endfacet
  facet normal 0.427726 -0.903908 0
    outer loop
      vertex 26.7221 15.8425 0
      vertex 27.1213 16.0314 31.39
      vertex 26.7221 15.8425 31.39
    endloop
  endfacet
  facet normal 0.427726 -0.903908 0
    outer loop
      vertex 27.1213 16.0314 31.39
      vertex 26.7221 15.8425 0
      vertex 27.1213 16.0314 0
    endloop
  endfacet
  facet normal -0.803172 0.595747 0
    outer loop
      vertex 21.2584 22.5001 0
      vertex 21.3325 22.6 31.39
      vertex 21.3325 22.6 0
    endloop
  endfacet
  facet normal -0.803172 0.595747 0
    outer loop
      vertex 21.3325 22.6 31.39
      vertex 21.2584 22.5001 0
      vertex 21.2584 22.5001 31.39
    endloop
  endfacet
  facet normal -0.941598 0.336738 0
    outer loop
      vertex 20.6938 21.3063 0
      vertex 20.8425 21.7221 31.39
      vertex 20.8425 21.7221 0
    endloop
  endfacet
  facet normal -0.941598 0.336738 0
    outer loop
      vertex 20.8425 21.7221 31.39
      vertex 20.6938 21.3063 0
      vertex 20.6938 21.3063 31.39
    endloop
  endfacet
  facet normal -0.941598 -0.336738 0
    outer loop
      vertex 20.8425 18.2779 0
      vertex 20.6938 18.6937 31.39
      vertex 20.6938 18.6937 0
    endloop
  endfacet
  facet normal -0.941598 -0.336738 0
    outer loop
      vertex 20.6938 18.6937 31.39
      vertex 20.8425 18.2779 0
      vertex 20.8425 18.2779 31.39
    endloop
  endfacet
  facet normal 0.336738 -0.941598 0
    outer loop
      vertex 26.3063 15.6938 0
      vertex 26.7221 15.8425 31.39
      vertex 26.3063 15.6938 31.39
    endloop
  endfacet
  facet normal 0.336738 -0.941598 0
    outer loop
      vertex 26.7221 15.8425 31.39
      vertex 26.3063 15.6938 0
      vertex 26.7221 15.8425 0
    endloop
  endfacet
  facet normal -0.857773 0.514029 0
    outer loop
      vertex 21.0314 22.1213 0
      vertex 21.2584 22.5001 31.39
      vertex 21.2584 22.5001 0
    endloop
  endfacet
  facet normal -0.857773 0.514029 0
    outer loop
      vertex 21.2584 22.5001 31.39
      vertex 21.0314 22.1213 0
      vertex 21.0314 22.1213 31.39
    endloop
  endfacet
  facet normal -0.514029 -0.857773 0
    outer loop
      vertex 22.4999 16.2584 0
      vertex 22.8787 16.0314 31.39
      vertex 22.4999 16.2584 31.39
    endloop
  endfacet
  facet normal -0.514029 -0.857773 -0
    outer loop
      vertex 22.8787 16.0314 31.39
      vertex 22.4999 16.2584 0
      vertex 22.8787 16.0314 0
    endloop
  endfacet
  facet normal 0.146746 -0.989174 0
    outer loop
      vertex 25.4411 15.5217 0
      vertex 25.8779 15.5865 31.39
      vertex 25.4411 15.5217 31.39
    endloop
  endfacet
  facet normal 0.146746 -0.989174 0
    outer loop
      vertex 25.8779 15.5865 31.39
      vertex 25.4411 15.5217 0
      vertex 25.8779 15.5865 0
    endloop
  endfacet
  facet normal -0.998792 -0.0491358 0
    outer loop
      vertex 20.5217 19.5589 0
      vertex 20.5 20 31.39
      vertex 20.5 20 0
    endloop
  endfacet
  facet normal -0.998792 -0.0491358 0
    outer loop
      vertex 20.5 20 31.39
      vertex 20.5217 19.5589 0
      vertex 20.5217 19.5589 31.39
    endloop
  endfacet
  facet normal -0.146746 -0.989174 0
    outer loop
      vertex 24.1221 15.5865 0
      vertex 24.5589 15.5217 31.39
      vertex 24.1221 15.5865 31.39
    endloop
  endfacet
  facet normal -0.146746 -0.989174 -0
    outer loop
      vertex 24.5589 15.5217 31.39
      vertex 24.1221 15.5865 0
      vertex 24.5589 15.5217 0
    endloop
  endfacet
  facet normal -0.0491358 -0.998792 0
    outer loop
      vertex 24.5589 15.5217 0
      vertex 25 15.5 31.39
      vertex 24.5589 15.5217 31.39
    endloop
  endfacet
  facet normal -0.0491358 -0.998792 -0
    outer loop
      vertex 25 15.5 31.39
      vertex 24.5589 15.5217 0
      vertex 25 15.5 0
    endloop
  endfacet
  facet normal -0.903908 0.427726 0
    outer loop
      vertex 20.8425 21.7221 0
      vertex 21.0314 22.1213 31.39
      vertex 21.0314 22.1213 0
    endloop
  endfacet
  facet normal -0.903908 0.427726 0
    outer loop
      vertex 21.0314 22.1213 31.39
      vertex 20.8425 21.7221 0
      vertex 20.8425 21.7221 31.39
    endloop
  endfacet
  facet normal -0.671488 -0.741015 0
    outer loop
      vertex 21.818 16.818 0
      vertex 22.1452 16.5215 31.39
      vertex 21.818 16.818 31.39
    endloop
  endfacet
  facet normal -0.671488 -0.741015 -0
    outer loop
      vertex 22.1452 16.5215 31.39
      vertex 21.818 16.818 0
      vertex 22.1452 16.5215 0
    endloop
  endfacet
  facet normal -0.970036 0.242962 0
    outer loop
      vertex 20.5865 20.8779 0
      vertex 20.6938 21.3063 31.39
      vertex 20.6938 21.3063 0
    endloop
  endfacet
  facet normal -0.970036 0.242962 0
    outer loop
      vertex 20.6938 21.3063 31.39
      vertex 20.5865 20.8779 0
      vertex 20.5865 20.8779 31.39
    endloop
  endfacet
  facet normal -0.970036 -0.242962 0
    outer loop
      vertex 20.6938 18.6937 0
      vertex 20.5865 19.1221 31.39
      vertex 20.5865 19.1221 0
    endloop
  endfacet
  facet normal -0.970036 -0.242962 0
    outer loop
      vertex 20.5865 19.1221 31.39
      vertex 20.6938 18.6937 0
      vertex 20.6938 18.6937 31.39
    endloop
  endfacet
  facet normal -0.427726 -0.903908 0
    outer loop
      vertex 22.8787 16.0314 0
      vertex 23.2779 15.8425 31.39
      vertex 22.8787 16.0314 31.39
    endloop
  endfacet
  facet normal -0.427726 -0.903908 -0
    outer loop
      vertex 23.2779 15.8425 31.39
      vertex 22.8787 16.0314 0
      vertex 23.2779 15.8425 0
    endloop
  endfacet
  facet normal -0.741015 -0.671488 0
    outer loop
      vertex 21.818 16.818 0
      vertex 21.5215 17.1452 31.39
      vertex 21.5215 17.1452 0
    endloop
  endfacet
  facet normal -0.741015 -0.671488 0
    outer loop
      vertex 21.5215 17.1452 31.39
      vertex 21.818 16.818 0
      vertex 21.818 16.818 31.39
    endloop
  endfacet
  facet normal 0.0491358 -0.998792 0
    outer loop
      vertex 25 15.5 0
      vertex 25.4411 15.5217 31.39
      vertex 25 15.5 31.39
    endloop
  endfacet
  facet normal 0.0491358 -0.998792 0
    outer loop
      vertex 25.4411 15.5217 31.39
      vertex 25 15.5 0
      vertex 25.4411 15.5217 0
    endloop
  endfacet
  facet normal -0.989174 -0.146746 0
    outer loop
      vertex 20.5865 19.1221 0
      vertex 20.5217 19.5589 31.39
      vertex 20.5217 19.5589 0
    endloop
  endfacet
  facet normal -0.989174 -0.146746 0
    outer loop
      vertex 20.5217 19.5589 31.39
      vertex 20.5865 19.1221 0
      vertex 20.5865 19.1221 31.39
    endloop
  endfacet
  facet normal 0.595747 -0.803172 0
    outer loop
      vertex 27.5001 16.2584 0
      vertex 27.6 16.3325 31.39
      vertex 27.5001 16.2584 31.39
    endloop
  endfacet
  facet normal 0.595747 -0.803172 0
    outer loop
      vertex 27.6 16.3325 31.39
      vertex 27.5001 16.2584 0
      vertex 27.6 16.3325 0
    endloop
  endfacet
  facet normal -0.803168 -0.595753 0
    outer loop
      vertex 21.5215 17.1452 0
      vertex 21.2584 17.4999 31.39
      vertex 21.2584 17.4999 0
    endloop
  endfacet
  facet normal -0.803168 -0.595753 0
    outer loop
      vertex 21.2584 17.4999 31.39
      vertex 21.5215 17.1452 0
      vertex 21.5215 17.1452 31.39
    endloop
  endfacet
  facet normal -0.998792 0.0491358 0
    outer loop
      vertex 20.5 20 0
      vertex 20.5217 20.4411 31.39
      vertex 20.5217 20.4411 0
    endloop
  endfacet
  facet normal -0.998792 0.0491358 0
    outer loop
      vertex 20.5217 20.4411 31.39
      vertex 20.5 20 0
      vertex 20.5 20 31.39
    endloop
  endfacet
  facet normal -0.989168 -0.146788 0
    outer loop
      vertex -23.3082 -19.8334 0
      vertex -23.3327 -19.6683 34
      vertex -23.3327 -19.6683 0
    endloop
  endfacet
  facet normal -0.989168 -0.146788 0
    outer loop
      vertex -23.3327 -19.6683 34
      vertex -23.3082 -19.8334 0
      vertex -23.3082 -19.8334 34
    endloop
  endfacet
  facet normal -0.998791 -0.0491602 0
    outer loop
      vertex -23.3 -20 0
      vertex -23.3082 -19.8334 34
      vertex -23.3082 -19.8334 0
    endloop
  endfacet
  facet normal -0.998791 -0.0491602 0
    outer loop
      vertex -23.3082 -19.8334 34
      vertex -23.3 -20 0
      vertex -23.3 -20 34
    endloop
  endfacet
  facet normal -0.970072 -0.242818 0
    outer loop
      vertex -23.3327 -19.6683 0
      vertex -23.3732 -19.5065 34
      vertex -23.3732 -19.5065 0
    endloop
  endfacet
  facet normal -0.970072 -0.242818 0
    outer loop
      vertex -23.3732 -19.5065 34
      vertex -23.3327 -19.6683 0
      vertex -23.3327 -19.6683 34
    endloop
  endfacet
  facet normal -0.427442 0.904043 0
    outer loop
      vertex -24.1986 -21.4993 0
      vertex -24.3494 -21.5706 34
      vertex -24.1986 -21.4993 34
    endloop
  endfacet
  facet normal -0.427442 0.904043 0
    outer loop
      vertex -24.3494 -21.5706 34
      vertex -24.1986 -21.4993 0
      vertex -24.3494 -21.5706 0
    endloop
  endfacet
  facet normal 0.0491602 -0.998791 0
    outer loop
      vertex -25.1666 -18.3082 0
      vertex -25 -18.3 34
      vertex -25.1666 -18.3082 34
    endloop
  endfacet
  facet normal 0.0491602 -0.998791 0
    outer loop
      vertex -25 -18.3 34
      vertex -25.1666 -18.3082 0
      vertex -25 -18.3 0
    endloop
  endfacet
  facet normal 0.427442 -0.904043 0
    outer loop
      vertex -25.8014 -18.5007 0
      vertex -25.6506 -18.4294 34
      vertex -25.8014 -18.5007 34
    endloop
  endfacet
  facet normal 0.427442 -0.904043 0
    outer loop
      vertex -25.6506 -18.4294 34
      vertex -25.8014 -18.5007 0
      vertex -25.6506 -18.4294 0
    endloop
  endfacet
  facet normal -0.741024 -0.671478 0
    outer loop
      vertex -23.6859 -18.9215 0
      vertex -23.7979 -18.7979 34
      vertex -23.7979 -18.7979 0
    endloop
  endfacet
  facet normal -0.741024 -0.671478 0
    outer loop
      vertex -23.7979 -18.7979 34
      vertex -23.6859 -18.9215 0
      vertex -23.6859 -18.9215 34
    endloop
  endfacet
  facet normal 0.146788 0.989168 -0
    outer loop
      vertex -25.1666 -21.6918 0
      vertex -25.3317 -21.6673 34
      vertex -25.1666 -21.6918 34
    endloop
  endfacet
  facet normal 0.146788 0.989168 0
    outer loop
      vertex -25.3317 -21.6673 34
      vertex -25.1666 -21.6918 0
      vertex -25.3317 -21.6673 0
    endloop
  endfacet
  facet normal -0.427442 -0.904043 0
    outer loop
      vertex -24.3494 -18.4294 0
      vertex -24.1986 -18.5007 34
      vertex -24.3494 -18.4294 34
    endloop
  endfacet
  facet normal -0.427442 -0.904043 -0
    outer loop
      vertex -24.1986 -18.5007 34
      vertex -24.3494 -18.4294 0
      vertex -24.1986 -18.5007 0
    endloop
  endfacet
  facet normal 0.146788 -0.989168 0
    outer loop
      vertex -25.3317 -18.3327 0
      vertex -25.1666 -18.3082 34
      vertex -25.3317 -18.3327 34
    endloop
  endfacet
  facet normal 0.146788 -0.989168 0
    outer loop
      vertex -25.1666 -18.3082 34
      vertex -25.3317 -18.3327 0
      vertex -25.1666 -18.3082 0
    endloop
  endfacet
  facet normal -0.242818 0.970072 0
    outer loop
      vertex -24.5065 -21.6268 0
      vertex -24.6683 -21.6673 34
      vertex -24.5065 -21.6268 34
    endloop
  endfacet
  facet normal -0.242818 0.970072 0
    outer loop
      vertex -24.6683 -21.6673 34
      vertex -24.5065 -21.6268 0
      vertex -24.6683 -21.6673 0
    endloop
  endfacet
  facet normal 0.595772 -0.803154 0
    outer loop
      vertex -26.0785 -18.6859 0
      vertex -25.9445 -18.5865 34
      vertex -26.0785 -18.6859 34
    endloop
  endfacet
  facet normal 0.595772 -0.803154 0
    outer loop
      vertex -25.9445 -18.5865 34
      vertex -26.0785 -18.6859 0
      vertex -25.9445 -18.5865 0
    endloop
  endfacet
  facet normal 0.904043 -0.427442 0
    outer loop
      vertex -26.5706 -19.3494 34
      vertex -26.4993 -19.1986 0
      vertex -26.4993 -19.1986 34
    endloop
  endfacet
  facet normal 0.904043 -0.427442 0
    outer loop
      vertex -26.4993 -19.1986 0
      vertex -26.5706 -19.3494 34
      vertex -26.5706 -19.3494 0
    endloop
  endfacet
  facet normal 0.427442 0.904043 -0
    outer loop
      vertex -25.6506 -21.5706 0
      vertex -25.8014 -21.4993 34
      vertex -25.6506 -21.5706 34
    endloop
  endfacet
  facet normal 0.427442 0.904043 0
    outer loop
      vertex -25.8014 -21.4993 34
      vertex -25.6506 -21.5706 0
      vertex -25.8014 -21.4993 0
    endloop
  endfacet
  facet normal 0.595772 0.803154 -0
    outer loop
      vertex -25.9445 -21.4135 0
      vertex -26.0785 -21.3141 34
      vertex -25.9445 -21.4135 34
    endloop
  endfacet
  facet normal 0.595772 0.803154 0
    outer loop
      vertex -26.0785 -21.3141 34
      vertex -25.9445 -21.4135 0
      vertex -26.0785 -21.3141 0
    endloop
  endfacet
  facet normal 0.904043 0.427442 0
    outer loop
      vertex -26.4993 -20.8014 34
      vertex -26.5706 -20.6506 0
      vertex -26.5706 -20.6506 34
    endloop
  endfacet
  facet normal 0.904043 0.427442 0
    outer loop
      vertex -26.5706 -20.6506 0
      vertex -26.4993 -20.8014 34
      vertex -26.4993 -20.8014 0
    endloop
  endfacet
  facet normal -0.514231 -0.857652 0
    outer loop
      vertex -24.1986 -18.5007 0
      vertex -24.0555 -18.5865 34
      vertex -24.1986 -18.5007 34
    endloop
  endfacet
  facet normal -0.514231 -0.857652 -0
    outer loop
      vertex -24.0555 -18.5865 34
      vertex -24.1986 -18.5007 0
      vertex -24.0555 -18.5865 0
    endloop
  endfacet
  facet normal 0.998791 0.0491602 0
    outer loop
      vertex -26.6918 -20.1666 34
      vertex -26.7 -20 0
      vertex -26.7 -20 34
    endloop
  endfacet
  facet normal 0.998791 0.0491602 0
    outer loop
      vertex -26.7 -20 0
      vertex -26.6918 -20.1666 34
      vertex -26.6918 -20.1666 0
    endloop
  endfacet
  facet normal 0.33683 0.941566 -0
    outer loop
      vertex -25.4935 -21.6268 0
      vertex -25.6506 -21.5706 34
      vertex -25.4935 -21.6268 34
    endloop
  endfacet
  facet normal 0.33683 0.941566 0
    outer loop
      vertex -25.6506 -21.5706 34
      vertex -25.4935 -21.6268 0
      vertex -25.6506 -21.5706 0
    endloop
  endfacet
  facet normal -0.595772 -0.803154 0
    outer loop
      vertex -24.0555 -18.5865 0
      vertex -23.9215 -18.6859 34
      vertex -24.0555 -18.5865 34
    endloop
  endfacet
  facet normal -0.595772 -0.803154 -0
    outer loop
      vertex -23.9215 -18.6859 34
      vertex -24.0555 -18.5865 0
      vertex -23.9215 -18.6859 0
    endloop
  endfacet
  facet normal -0.970072 0.242818 0
    outer loop
      vertex -23.3732 -20.4935 0
      vertex -23.3327 -20.3317 34
      vertex -23.3327 -20.3317 0
    endloop
  endfacet
  facet normal -0.970072 0.242818 0
    outer loop
      vertex -23.3327 -20.3317 34
      vertex -23.3732 -20.4935 0
      vertex -23.3732 -20.4935 34
    endloop
  endfacet
  facet normal 0.941566 0.33683 0
    outer loop
      vertex -26.5706 -20.6506 34
      vertex -26.6268 -20.4935 0
      vertex -26.6268 -20.4935 34
    endloop
  endfacet
  facet normal 0.941566 0.33683 0
    outer loop
      vertex -26.6268 -20.4935 0
      vertex -26.5706 -20.6506 34
      vertex -26.5706 -20.6506 0
    endloop
  endfacet
  facet normal -0.242818 -0.970072 0
    outer loop
      vertex -24.6683 -18.3327 0
      vertex -24.5065 -18.3732 34
      vertex -24.6683 -18.3327 34
    endloop
  endfacet
  facet normal -0.242818 -0.970072 -0
    outer loop
      vertex -24.5065 -18.3732 34
      vertex -24.6683 -18.3327 0
      vertex -24.5065 -18.3732 0
    endloop
  endfacet
  facet normal 0.741024 -0.671478 0
    outer loop
      vertex -26.3141 -18.9215 34
      vertex -26.2021 -18.7979 0
      vertex -26.2021 -18.7979 34
    endloop
  endfacet
  facet normal 0.741024 -0.671478 0
    outer loop
      vertex -26.2021 -18.7979 0
      vertex -26.3141 -18.9215 34
      vertex -26.3141 -18.9215 0
    endloop
  endfacet
  facet normal -0.0491602 0.998791 0
    outer loop
      vertex -24.8334 -21.6918 0
      vertex -25 -21.7 34
      vertex -24.8334 -21.6918 34
    endloop
  endfacet
  facet normal -0.0491602 0.998791 0
    outer loop
      vertex -25 -21.7 34
      vertex -24.8334 -21.6918 0
      vertex -25 -21.7 0
    endloop
  endfacet
  facet normal -0.803154 -0.595772 0
    outer loop
      vertex -23.5865 -19.0555 0
      vertex -23.6859 -18.9215 34
      vertex -23.6859 -18.9215 0
    endloop
  endfacet
  facet normal -0.803154 -0.595772 0
    outer loop
      vertex -23.6859 -18.9215 34
      vertex -23.5865 -19.0555 0
      vertex -23.5865 -19.0555 34
    endloop
  endfacet
  facet normal 0.970072 0.242818 0
    outer loop
      vertex -26.6268 -20.4935 34
      vertex -26.6673 -20.3317 0
      vertex -26.6673 -20.3317 34
    endloop
  endfacet
  facet normal 0.970072 0.242818 0
    outer loop
      vertex -26.6673 -20.3317 0
      vertex -26.6268 -20.4935 34
      vertex -26.6268 -20.4935 0
    endloop
  endfacet
  facet normal -0.989168 0.146788 0
    outer loop
      vertex -23.3327 -20.3317 0
      vertex -23.3082 -20.1666 34
      vertex -23.3082 -20.1666 0
    endloop
  endfacet
  facet normal -0.989168 0.146788 0
    outer loop
      vertex -23.3082 -20.1666 34
      vertex -23.3327 -20.3317 0
      vertex -23.3327 -20.3317 34
    endloop
  endfacet
  facet normal -0.514231 0.857652 0
    outer loop
      vertex -24.0555 -21.4135 0
      vertex -24.1986 -21.4993 34
      vertex -24.0555 -21.4135 34
    endloop
  endfacet
  facet normal -0.514231 0.857652 0
    outer loop
      vertex -24.1986 -21.4993 34
      vertex -24.0555 -21.4135 0
      vertex -24.1986 -21.4993 0
    endloop
  endfacet
  facet normal 0.941566 -0.33683 0
    outer loop
      vertex -26.6268 -19.5065 34
      vertex -26.5706 -19.3494 0
      vertex -26.5706 -19.3494 34
    endloop
  endfacet
  facet normal 0.941566 -0.33683 0
    outer loop
      vertex -26.5706 -19.3494 0
      vertex -26.6268 -19.5065 34
      vertex -26.6268 -19.5065 0
    endloop
  endfacet
  facet normal -0.671478 -0.741024 0
    outer loop
      vertex -23.9215 -18.6859 0
      vertex -23.7979 -18.7979 34
      vertex -23.9215 -18.6859 34
    endloop
  endfacet
  facet normal -0.671478 -0.741024 -0
    outer loop
      vertex -23.7979 -18.7979 34
      vertex -23.9215 -18.6859 0
      vertex -23.7979 -18.7979 0
    endloop
  endfacet
  facet normal 0.989168 -0.146788 0
    outer loop
      vertex -26.6918 -19.8334 34
      vertex -26.6673 -19.6683 0
      vertex -26.6673 -19.6683 34
    endloop
  endfacet
  facet normal 0.989168 -0.146788 0
    outer loop
      vertex -26.6673 -19.6683 0
      vertex -26.6918 -19.8334 34
      vertex -26.6918 -19.8334 0
    endloop
  endfacet
  facet normal -0.904043 0.427442 0
    outer loop
      vertex -23.5007 -20.8014 0
      vertex -23.4294 -20.6506 34
      vertex -23.4294 -20.6506 0
    endloop
  endfacet
  facet normal -0.904043 0.427442 0
    outer loop
      vertex -23.4294 -20.6506 34
      vertex -23.5007 -20.8014 0
      vertex -23.5007 -20.8014 34
    endloop
  endfacet
  facet normal -0.33683 -0.941566 0
    outer loop
      vertex -24.5065 -18.3732 0
      vertex -24.3494 -18.4294 34
      vertex -24.5065 -18.3732 34
    endloop
  endfacet
  facet normal -0.33683 -0.941566 -0
    outer loop
      vertex -24.3494 -18.4294 34
      vertex -24.5065 -18.3732 0
      vertex -24.3494 -18.4294 0
    endloop
  endfacet
  facet normal -0.998791 0.0491602 0
    outer loop
      vertex -23.3082 -20.1666 0
      vertex -23.3 -20 34
      vertex -23.3 -20 0
    endloop
  endfacet
  facet normal -0.998791 0.0491602 0
    outer loop
      vertex -23.3 -20 34
      vertex -23.3082 -20.1666 0
      vertex -23.3082 -20.1666 34
    endloop
  endfacet
  facet normal -0.146788 0.989168 0
    outer loop
      vertex -24.6683 -21.6673 0
      vertex -24.8334 -21.6918 34
      vertex -24.6683 -21.6673 34
    endloop
  endfacet
  facet normal -0.146788 0.989168 0
    outer loop
      vertex -24.8334 -21.6918 34
      vertex -24.6683 -21.6673 0
      vertex -24.8334 -21.6918 0
    endloop
  endfacet
  facet normal -0.941566 -0.33683 0
    outer loop
      vertex -23.3732 -19.5065 0
      vertex -23.4294 -19.3494 34
      vertex -23.4294 -19.3494 0
    endloop
  endfacet
  facet normal -0.941566 -0.33683 0
    outer loop
      vertex -23.4294 -19.3494 34
      vertex -23.3732 -19.5065 0
      vertex -23.3732 -19.5065 34
    endloop
  endfacet
  facet normal -0.803154 0.595772 0
    outer loop
      vertex -23.6859 -21.0785 0
      vertex -23.5865 -20.9445 34
      vertex -23.5865 -20.9445 0
    endloop
  endfacet
  facet normal -0.803154 0.595772 0
    outer loop
      vertex -23.5865 -20.9445 34
      vertex -23.6859 -21.0785 0
      vertex -23.6859 -21.0785 34
    endloop
  endfacet
  facet normal -0.857652 0.514231 0
    outer loop
      vertex -23.5865 -20.9445 0
      vertex -23.5007 -20.8014 34
      vertex -23.5007 -20.8014 0
    endloop
  endfacet
  facet normal -0.857652 0.514231 0
    outer loop
      vertex -23.5007 -20.8014 34
      vertex -23.5865 -20.9445 0
      vertex -23.5865 -20.9445 34
    endloop
  endfacet
  facet normal 0.242818 -0.970072 0
    outer loop
      vertex -25.4935 -18.3732 0
      vertex -25.3317 -18.3327 34
      vertex -25.4935 -18.3732 34
    endloop
  endfacet
  facet normal 0.242818 -0.970072 0
    outer loop
      vertex -25.3317 -18.3327 34
      vertex -25.4935 -18.3732 0
      vertex -25.3317 -18.3327 0
    endloop
  endfacet
  facet normal -0.941566 0.33683 0
    outer loop
      vertex -23.4294 -20.6506 0
      vertex -23.3732 -20.4935 34
      vertex -23.3732 -20.4935 0
    endloop
  endfacet
  facet normal -0.941566 0.33683 0
    outer loop
      vertex -23.3732 -20.4935 34
      vertex -23.4294 -20.6506 0
      vertex -23.4294 -20.6506 34
    endloop
  endfacet
  facet normal -0.0491602 -0.998791 0
    outer loop
      vertex -25 -18.3 0
      vertex -24.8334 -18.3082 34
      vertex -25 -18.3 34
    endloop
  endfacet
  facet normal -0.0491602 -0.998791 -0
    outer loop
      vertex -24.8334 -18.3082 34
      vertex -25 -18.3 0
      vertex -24.8334 -18.3082 0
    endloop
  endfacet
  facet normal 0.514231 -0.857652 0
    outer loop
      vertex -25.9445 -18.5865 0
      vertex -25.8014 -18.5007 34
      vertex -25.9445 -18.5865 34
    endloop
  endfacet
  facet normal 0.514231 -0.857652 0
    outer loop
      vertex -25.8014 -18.5007 34
      vertex -25.9445 -18.5865 0
      vertex -25.8014 -18.5007 0
    endloop
  endfacet
  facet normal -0.904043 -0.427442 0
    outer loop
      vertex -23.4294 -19.3494 0
      vertex -23.5007 -19.1986 34
      vertex -23.5007 -19.1986 0
    endloop
  endfacet
  facet normal -0.904043 -0.427442 0
    outer loop
      vertex -23.5007 -19.1986 34
      vertex -23.4294 -19.3494 0
      vertex -23.4294 -19.3494 34
    endloop
  endfacet
  facet normal -0.146788 -0.989168 0
    outer loop
      vertex -24.8334 -18.3082 0
      vertex -24.6683 -18.3327 34
      vertex -24.8334 -18.3082 34
    endloop
  endfacet
  facet normal -0.146788 -0.989168 -0
    outer loop
      vertex -24.6683 -18.3327 34
      vertex -24.8334 -18.3082 0
      vertex -24.6683 -18.3327 0
    endloop
  endfacet
  facet normal 0.242818 0.970072 -0
    outer loop
      vertex -25.3317 -21.6673 0
      vertex -25.4935 -21.6268 34
      vertex -25.3317 -21.6673 34
    endloop
  endfacet
  facet normal 0.242818 0.970072 0
    outer loop
      vertex -25.4935 -21.6268 34
      vertex -25.3317 -21.6673 0
      vertex -25.4935 -21.6268 0
    endloop
  endfacet
  facet normal 0.857652 0.514231 0
    outer loop
      vertex -26.4135 -20.9445 34
      vertex -26.4993 -20.8014 0
      vertex -26.4993 -20.8014 34
    endloop
  endfacet
  facet normal 0.857652 0.514231 0
    outer loop
      vertex -26.4993 -20.8014 0
      vertex -26.4135 -20.9445 34
      vertex -26.4135 -20.9445 0
    endloop
  endfacet
  facet normal -0.857652 -0.514231 0
    outer loop
      vertex -23.5007 -19.1986 0
      vertex -23.5865 -19.0555 34
      vertex -23.5865 -19.0555 0
    endloop
  endfacet
  facet normal -0.857652 -0.514231 0
    outer loop
      vertex -23.5865 -19.0555 34
      vertex -23.5007 -19.1986 0
      vertex -23.5007 -19.1986 34
    endloop
  endfacet
  facet normal 0.33683 -0.941566 0
    outer loop
      vertex -25.6506 -18.4294 0
      vertex -25.4935 -18.3732 34
      vertex -25.6506 -18.4294 34
    endloop
  endfacet
  facet normal 0.33683 -0.941566 0
    outer loop
      vertex -25.4935 -18.3732 34
      vertex -25.6506 -18.4294 0
      vertex -25.4935 -18.3732 0
    endloop
  endfacet
  facet normal 0.741024 0.671478 0
    outer loop
      vertex -26.2021 -21.2021 34
      vertex -26.3141 -21.0785 0
      vertex -26.3141 -21.0785 34
    endloop
  endfacet
  facet normal 0.741024 0.671478 0
    outer loop
      vertex -26.3141 -21.0785 0
      vertex -26.2021 -21.2021 34
      vertex -26.2021 -21.2021 0
    endloop
  endfacet
  facet normal 0.671478 -0.741024 0
    outer loop
      vertex -26.2021 -18.7979 0
      vertex -26.0785 -18.6859 34
      vertex -26.2021 -18.7979 34
    endloop
  endfacet
  facet normal 0.671478 -0.741024 0
    outer loop
      vertex -26.0785 -18.6859 34
      vertex -26.2021 -18.7979 0
      vertex -26.0785 -18.6859 0
    endloop
  endfacet
  facet normal 0.514231 0.857652 -0
    outer loop
      vertex -25.8014 -21.4993 0
      vertex -25.9445 -21.4135 34
      vertex -25.8014 -21.4993 34
    endloop
  endfacet
  facet normal 0.514231 0.857652 0
    outer loop
      vertex -25.9445 -21.4135 34
      vertex -25.8014 -21.4993 0
      vertex -25.9445 -21.4135 0
    endloop
  endfacet
  facet normal 0.970072 -0.242818 0
    outer loop
      vertex -26.6673 -19.6683 34
      vertex -26.6268 -19.5065 0
      vertex -26.6268 -19.5065 34
    endloop
  endfacet
  facet normal 0.970072 -0.242818 0
    outer loop
      vertex -26.6268 -19.5065 0
      vertex -26.6673 -19.6683 34
      vertex -26.6673 -19.6683 0
    endloop
  endfacet
  facet normal -0.33683 0.941566 0
    outer loop
      vertex -24.3494 -21.5706 0
      vertex -24.5065 -21.6268 34
      vertex -24.3494 -21.5706 34
    endloop
  endfacet
  facet normal -0.33683 0.941566 0
    outer loop
      vertex -24.5065 -21.6268 34
      vertex -24.3494 -21.5706 0
      vertex -24.5065 -21.6268 0
    endloop
  endfacet
  facet normal 0.803154 0.595772 0
    outer loop
      vertex -26.3141 -21.0785 34
      vertex -26.4135 -20.9445 0
      vertex -26.4135 -20.9445 34
    endloop
  endfacet
  facet normal 0.803154 0.595772 0
    outer loop
      vertex -26.4135 -20.9445 0
      vertex -26.3141 -21.0785 34
      vertex -26.3141 -21.0785 0
    endloop
  endfacet
  facet normal 0.989168 0.146788 0
    outer loop
      vertex -26.6673 -20.3317 34
      vertex -26.6918 -20.1666 0
      vertex -26.6918 -20.1666 34
    endloop
  endfacet
  facet normal 0.989168 0.146788 0
    outer loop
      vertex -26.6918 -20.1666 0
      vertex -26.6673 -20.3317 34
      vertex -26.6673 -20.3317 0
    endloop
  endfacet
  facet normal -0.595772 0.803154 0
    outer loop
      vertex -23.9215 -21.3141 0
      vertex -24.0555 -21.4135 34
      vertex -23.9215 -21.3141 34
    endloop
  endfacet
  facet normal -0.595772 0.803154 0
    outer loop
      vertex -24.0555 -21.4135 34
      vertex -23.9215 -21.3141 0
      vertex -24.0555 -21.4135 0
    endloop
  endfacet
  facet normal 0.671478 0.741024 -0
    outer loop
      vertex -26.0785 -21.3141 0
      vertex -26.2021 -21.2021 34
      vertex -26.0785 -21.3141 34
    endloop
  endfacet
  facet normal 0.671478 0.741024 0
    outer loop
      vertex -26.2021 -21.2021 34
      vertex -26.0785 -21.3141 0
      vertex -26.2021 -21.2021 0
    endloop
  endfacet
  facet normal 0.803154 -0.595772 0
    outer loop
      vertex -26.4135 -19.0555 34
      vertex -26.3141 -18.9215 0
      vertex -26.3141 -18.9215 34
    endloop
  endfacet
  facet normal 0.803154 -0.595772 0
    outer loop
      vertex -26.3141 -18.9215 0
      vertex -26.4135 -19.0555 34
      vertex -26.4135 -19.0555 0
    endloop
  endfacet
  facet normal 0.857652 -0.514231 0
    outer loop
      vertex -26.4993 -19.1986 34
      vertex -26.4135 -19.0555 0
      vertex -26.4135 -19.0555 34
    endloop
  endfacet
  facet normal 0.857652 -0.514231 0
    outer loop
      vertex -26.4135 -19.0555 0
      vertex -26.4993 -19.1986 34
      vertex -26.4993 -19.1986 0
    endloop
  endfacet
  facet normal 0.0491602 0.998791 -0
    outer loop
      vertex -25 -21.7 0
      vertex -25.1666 -21.6918 34
      vertex -25 -21.7 34
    endloop
  endfacet
  facet normal 0.0491602 0.998791 0
    outer loop
      vertex -25.1666 -21.6918 34
      vertex -25 -21.7 0
      vertex -25.1666 -21.6918 0
    endloop
  endfacet
  facet normal 0.998791 -0.0491602 0
    outer loop
      vertex -26.7 -20 34
      vertex -26.6918 -19.8334 0
      vertex -26.6918 -19.8334 34
    endloop
  endfacet
  facet normal 0.998791 -0.0491602 0
    outer loop
      vertex -26.6918 -19.8334 0
      vertex -26.7 -20 34
      vertex -26.7 -20 0
    endloop
  endfacet
  facet normal -0.741024 0.671478 0
    outer loop
      vertex -23.7979 -21.2021 0
      vertex -23.6859 -21.0785 34
      vertex -23.6859 -21.0785 0
    endloop
  endfacet
  facet normal -0.741024 0.671478 0
    outer loop
      vertex -23.6859 -21.0785 34
      vertex -23.7979 -21.2021 0
      vertex -23.7979 -21.2021 34
    endloop
  endfacet
  facet normal -0.671478 0.741024 0
    outer loop
      vertex -23.7979 -21.2021 0
      vertex -23.9215 -21.3141 34
      vertex -23.7979 -21.2021 34
    endloop
  endfacet
  facet normal -0.671478 0.741024 0
    outer loop
      vertex -23.9215 -21.3141 34
      vertex -23.7979 -21.2021 0
      vertex -23.9215 -21.3141 0
    endloop
  endfacet
  facet normal 0.904043 -0.427442 0
    outer loop
      vertex -26.5706 20.6506 34
      vertex -26.4993 20.8014 0
      vertex -26.4993 20.8014 34
    endloop
  endfacet
  facet normal 0.904043 -0.427442 0
    outer loop
      vertex -26.4993 20.8014 0
      vertex -26.5706 20.6506 34
      vertex -26.5706 20.6506 0
    endloop
  endfacet
  facet normal -0.989168 -0.146788 0
    outer loop
      vertex -23.3082 20.1666 0
      vertex -23.3327 20.3317 34
      vertex -23.3327 20.3317 0
    endloop
  endfacet
  facet normal -0.989168 -0.146788 0
    outer loop
      vertex -23.3327 20.3317 34
      vertex -23.3082 20.1666 0
      vertex -23.3082 20.1666 34
    endloop
  endfacet
  facet normal -0.998791 -0.0491602 0
    outer loop
      vertex -23.3 20 0
      vertex -23.3082 20.1666 34
      vertex -23.3082 20.1666 0
    endloop
  endfacet
  facet normal -0.998791 -0.0491602 0
    outer loop
      vertex -23.3082 20.1666 34
      vertex -23.3 20 0
      vertex -23.3 20 34
    endloop
  endfacet
  facet normal -0.970072 -0.242818 0
    outer loop
      vertex -23.3327 20.3317 0
      vertex -23.3732 20.4935 34
      vertex -23.3732 20.4935 0
    endloop
  endfacet
  facet normal -0.970072 -0.242818 0
    outer loop
      vertex -23.3732 20.4935 34
      vertex -23.3327 20.3317 0
      vertex -23.3327 20.3317 34
    endloop
  endfacet
  facet normal -0.146788 -0.989168 0
    outer loop
      vertex -24.8334 21.6918 0
      vertex -24.6683 21.6673 34
      vertex -24.8334 21.6918 34
    endloop
  endfacet
  facet normal -0.146788 -0.989168 -0
    outer loop
      vertex -24.6683 21.6673 34
      vertex -24.8334 21.6918 0
      vertex -24.6683 21.6673 0
    endloop
  endfacet
  facet normal 0.146788 -0.989168 0
    outer loop
      vertex -25.3317 21.6673 0
      vertex -25.1666 21.6918 34
      vertex -25.3317 21.6673 34
    endloop
  endfacet
  facet normal 0.146788 -0.989168 0
    outer loop
      vertex -25.1666 21.6918 34
      vertex -25.3317 21.6673 0
      vertex -25.1666 21.6918 0
    endloop
  endfacet
  facet normal -0.803154 -0.595772 0
    outer loop
      vertex -23.5865 20.9445 0
      vertex -23.6859 21.0785 34
      vertex -23.6859 21.0785 0
    endloop
  endfacet
  facet normal -0.803154 -0.595772 0
    outer loop
      vertex -23.6859 21.0785 34
      vertex -23.5865 20.9445 0
      vertex -23.5865 20.9445 34
    endloop
  endfacet
  facet normal -0.514231 0.857652 0
    outer loop
      vertex -24.0555 18.5865 0
      vertex -24.1986 18.5007 34
      vertex -24.0555 18.5865 34
    endloop
  endfacet
  facet normal -0.514231 0.857652 0
    outer loop
      vertex -24.1986 18.5007 34
      vertex -24.0555 18.5865 0
      vertex -24.1986 18.5007 0
    endloop
  endfacet
  facet normal -0.595772 -0.803154 0
    outer loop
      vertex -24.0555 21.4135 0
      vertex -23.9215 21.3141 34
      vertex -24.0555 21.4135 34
    endloop
  endfacet
  facet normal -0.595772 -0.803154 -0
    outer loop
      vertex -23.9215 21.3141 34
      vertex -24.0555 21.4135 0
      vertex -23.9215 21.3141 0
    endloop
  endfacet
  facet normal -0.998791 0.0491602 0
    outer loop
      vertex -23.3082 19.8334 0
      vertex -23.3 20 34
      vertex -23.3 20 0
    endloop
  endfacet
  facet normal -0.998791 0.0491602 0
    outer loop
      vertex -23.3 20 34
      vertex -23.3082 19.8334 0
      vertex -23.3082 19.8334 34
    endloop
  endfacet
  facet normal 0.242818 -0.970072 0
    outer loop
      vertex -25.4935 21.6268 0
      vertex -25.3317 21.6673 34
      vertex -25.4935 21.6268 34
    endloop
  endfacet
  facet normal 0.242818 -0.970072 0
    outer loop
      vertex -25.3317 21.6673 34
      vertex -25.4935 21.6268 0
      vertex -25.3317 21.6673 0
    endloop
  endfacet
  facet normal 0.803154 -0.595772 0
    outer loop
      vertex -26.4135 20.9445 34
      vertex -26.3141 21.0785 0
      vertex -26.3141 21.0785 34
    endloop
  endfacet
  facet normal 0.803154 -0.595772 0
    outer loop
      vertex -26.3141 21.0785 0
      vertex -26.4135 20.9445 34
      vertex -26.4135 20.9445 0
    endloop
  endfacet
  facet normal 0.427442 0.904043 -0
    outer loop
      vertex -25.6506 18.4294 0
      vertex -25.8014 18.5007 34
      vertex -25.6506 18.4294 34
    endloop
  endfacet
  facet normal 0.427442 0.904043 0
    outer loop
      vertex -25.8014 18.5007 34
      vertex -25.6506 18.4294 0
      vertex -25.8014 18.5007 0
    endloop
  endfacet
  facet normal -0.427442 -0.904043 0
    outer loop
      vertex -24.3494 21.5706 0
      vertex -24.1986 21.4993 34
      vertex -24.3494 21.5706 34
    endloop
  endfacet
  facet normal -0.427442 -0.904043 -0
    outer loop
      vertex -24.1986 21.4993 34
      vertex -24.3494 21.5706 0
      vertex -24.1986 21.4993 0
    endloop
  endfacet
  facet normal 0.989168 0.146788 0
    outer loop
      vertex -26.6673 19.6683 34
      vertex -26.6918 19.8334 0
      vertex -26.6918 19.8334 34
    endloop
  endfacet
  facet normal 0.989168 0.146788 0
    outer loop
      vertex -26.6918 19.8334 0
      vertex -26.6673 19.6683 34
      vertex -26.6673 19.6683 0
    endloop
  endfacet
  facet normal -0.671478 0.741024 0
    outer loop
      vertex -23.7979 18.7979 0
      vertex -23.9215 18.6859 34
      vertex -23.7979 18.7979 34
    endloop
  endfacet
  facet normal -0.671478 0.741024 0
    outer loop
      vertex -23.9215 18.6859 34
      vertex -23.7979 18.7979 0
      vertex -23.9215 18.6859 0
    endloop
  endfacet
  facet normal 0.427442 -0.904043 0
    outer loop
      vertex -25.8014 21.4993 0
      vertex -25.6506 21.5706 34
      vertex -25.8014 21.4993 34
    endloop
  endfacet
  facet normal 0.427442 -0.904043 0
    outer loop
      vertex -25.6506 21.5706 34
      vertex -25.8014 21.4993 0
      vertex -25.6506 21.5706 0
    endloop
  endfacet
  facet normal -0.970072 0.242818 0
    outer loop
      vertex -23.3732 19.5065 0
      vertex -23.3327 19.6683 34
      vertex -23.3327 19.6683 0
    endloop
  endfacet
  facet normal -0.970072 0.242818 0
    outer loop
      vertex -23.3327 19.6683 34
      vertex -23.3732 19.5065 0
      vertex -23.3732 19.5065 34
    endloop
  endfacet
  facet normal -0.242818 0.970072 0
    outer loop
      vertex -24.5065 18.3732 0
      vertex -24.6683 18.3327 34
      vertex -24.5065 18.3732 34
    endloop
  endfacet
  facet normal -0.242818 0.970072 0
    outer loop
      vertex -24.6683 18.3327 34
      vertex -24.5065 18.3732 0
      vertex -24.6683 18.3327 0
    endloop
  endfacet
  facet normal 0.989168 -0.146788 0
    outer loop
      vertex -26.6918 20.1666 34
      vertex -26.6673 20.3317 0
      vertex -26.6673 20.3317 34
    endloop
  endfacet
  facet normal 0.989168 -0.146788 0
    outer loop
      vertex -26.6673 20.3317 0
      vertex -26.6918 20.1666 34
      vertex -26.6918 20.1666 0
    endloop
  endfacet
  facet normal 0.514231 0.857652 -0
    outer loop
      vertex -25.8014 18.5007 0
      vertex -25.9445 18.5865 34
      vertex -25.8014 18.5007 34
    endloop
  endfacet
  facet normal 0.514231 0.857652 0
    outer loop
      vertex -25.9445 18.5865 34
      vertex -25.8014 18.5007 0
      vertex -25.9445 18.5865 0
    endloop
  endfacet
  facet normal 0.970072 -0.242818 0
    outer loop
      vertex -26.6673 20.3317 34
      vertex -26.6268 20.4935 0
      vertex -26.6268 20.4935 34
    endloop
  endfacet
  facet normal 0.970072 -0.242818 0
    outer loop
      vertex -26.6268 20.4935 0
      vertex -26.6673 20.3317 34
      vertex -26.6673 20.3317 0
    endloop
  endfacet
  facet normal -0.803154 0.595772 0
    outer loop
      vertex -23.6859 18.9215 0
      vertex -23.5865 19.0555 34
      vertex -23.5865 19.0555 0
    endloop
  endfacet
  facet normal -0.803154 0.595772 0
    outer loop
      vertex -23.5865 19.0555 34
      vertex -23.6859 18.9215 0
      vertex -23.6859 18.9215 34
    endloop
  endfacet
  facet normal 0.595772 0.803154 -0
    outer loop
      vertex -25.9445 18.5865 0
      vertex -26.0785 18.6859 34
      vertex -25.9445 18.5865 34
    endloop
  endfacet
  facet normal 0.595772 0.803154 0
    outer loop
      vertex -26.0785 18.6859 34
      vertex -25.9445 18.5865 0
      vertex -26.0785 18.6859 0
    endloop
  endfacet
  facet normal 0.33683 0.941566 -0
    outer loop
      vertex -25.4935 18.3732 0
      vertex -25.6506 18.4294 34
      vertex -25.4935 18.3732 34
    endloop
  endfacet
  facet normal 0.33683 0.941566 0
    outer loop
      vertex -25.6506 18.4294 34
      vertex -25.4935 18.3732 0
      vertex -25.6506 18.4294 0
    endloop
  endfacet
  facet normal -0.33683 -0.941566 0
    outer loop
      vertex -24.5065 21.6268 0
      vertex -24.3494 21.5706 34
      vertex -24.5065 21.6268 34
    endloop
  endfacet
  facet normal -0.33683 -0.941566 -0
    outer loop
      vertex -24.3494 21.5706 34
      vertex -24.5065 21.6268 0
      vertex -24.3494 21.5706 0
    endloop
  endfacet
  facet normal 0.741024 0.671478 0
    outer loop
      vertex -26.2021 18.7979 34
      vertex -26.3141 18.9215 0
      vertex -26.3141 18.9215 34
    endloop
  endfacet
  facet normal 0.741024 0.671478 0
    outer loop
      vertex -26.3141 18.9215 0
      vertex -26.2021 18.7979 34
      vertex -26.2021 18.7979 0
    endloop
  endfacet
  facet normal -0.514231 -0.857652 0
    outer loop
      vertex -24.1986 21.4993 0
      vertex -24.0555 21.4135 34
      vertex -24.1986 21.4993 34
    endloop
  endfacet
  facet normal -0.514231 -0.857652 -0
    outer loop
      vertex -24.0555 21.4135 34
      vertex -24.1986 21.4993 0
      vertex -24.0555 21.4135 0
    endloop
  endfacet
  facet normal 0.33683 -0.941566 0
    outer loop
      vertex -25.6506 21.5706 0
      vertex -25.4935 21.6268 34
      vertex -25.6506 21.5706 34
    endloop
  endfacet
  facet normal 0.33683 -0.941566 0
    outer loop
      vertex -25.4935 21.6268 34
      vertex -25.6506 21.5706 0
      vertex -25.4935 21.6268 0
    endloop
  endfacet
  facet normal 0.904043 0.427442 0
    outer loop
      vertex -26.4993 19.1986 34
      vertex -26.5706 19.3494 0
      vertex -26.5706 19.3494 34
    endloop
  endfacet
  facet normal 0.904043 0.427442 0
    outer loop
      vertex -26.5706 19.3494 0
      vertex -26.4993 19.1986 34
      vertex -26.4993 19.1986 0
    endloop
  endfacet
  facet normal 0.941566 0.33683 0
    outer loop
      vertex -26.5706 19.3494 34
      vertex -26.6268 19.5065 0
      vertex -26.6268 19.5065 34
    endloop
  endfacet
  facet normal 0.941566 0.33683 0
    outer loop
      vertex -26.6268 19.5065 0
      vertex -26.5706 19.3494 34
      vertex -26.5706 19.3494 0
    endloop
  endfacet
  facet normal -0.904043 -0.427442 0
    outer loop
      vertex -23.4294 20.6506 0
      vertex -23.5007 20.8014 34
      vertex -23.5007 20.8014 0
    endloop
  endfacet
  facet normal -0.904043 -0.427442 0
    outer loop
      vertex -23.5007 20.8014 34
      vertex -23.4294 20.6506 0
      vertex -23.4294 20.6506 34
    endloop
  endfacet
  facet normal 0.970072 0.242818 0
    outer loop
      vertex -26.6268 19.5065 34
      vertex -26.6673 19.6683 0
      vertex -26.6673 19.6683 34
    endloop
  endfacet
  facet normal 0.970072 0.242818 0
    outer loop
      vertex -26.6673 19.6683 0
      vertex -26.6268 19.5065 34
      vertex -26.6268 19.5065 0
    endloop
  endfacet
  facet normal 0.595772 -0.803154 0
    outer loop
      vertex -26.0785 21.3141 0
      vertex -25.9445 21.4135 34
      vertex -26.0785 21.3141 34
    endloop
  endfacet
  facet normal 0.595772 -0.803154 0
    outer loop
      vertex -25.9445 21.4135 34
      vertex -26.0785 21.3141 0
      vertex -25.9445 21.4135 0
    endloop
  endfacet
  facet normal 0.671478 0.741024 -0
    outer loop
      vertex -26.0785 18.6859 0
      vertex -26.2021 18.7979 34
      vertex -26.0785 18.6859 34
    endloop
  endfacet
  facet normal 0.671478 0.741024 0
    outer loop
      vertex -26.2021 18.7979 34
      vertex -26.0785 18.6859 0
      vertex -26.2021 18.7979 0
    endloop
  endfacet
  facet normal 0.146788 0.989168 -0
    outer loop
      vertex -25.1666 18.3082 0
      vertex -25.3317 18.3327 34
      vertex -25.1666 18.3082 34
    endloop
  endfacet
  facet normal 0.146788 0.989168 0
    outer loop
      vertex -25.3317 18.3327 34
      vertex -25.1666 18.3082 0
      vertex -25.3317 18.3327 0
    endloop
  endfacet
  facet normal -0.741024 0.671478 0
    outer loop
      vertex -23.7979 18.7979 0
      vertex -23.6859 18.9215 34
      vertex -23.6859 18.9215 0
    endloop
  endfacet
  facet normal -0.741024 0.671478 0
    outer loop
      vertex -23.6859 18.9215 34
      vertex -23.7979 18.7979 0
      vertex -23.7979 18.7979 34
    endloop
  endfacet
  facet normal -0.146788 0.989168 0
    outer loop
      vertex -24.6683 18.3327 0
      vertex -24.8334 18.3082 34
      vertex -24.6683 18.3327 34
    endloop
  endfacet
  facet normal -0.146788 0.989168 0
    outer loop
      vertex -24.8334 18.3082 34
      vertex -24.6683 18.3327 0
      vertex -24.8334 18.3082 0
    endloop
  endfacet
  facet normal 0.514231 -0.857652 0
    outer loop
      vertex -25.9445 21.4135 0
      vertex -25.8014 21.4993 34
      vertex -25.9445 21.4135 34
    endloop
  endfacet
  facet normal 0.514231 -0.857652 0
    outer loop
      vertex -25.8014 21.4993 34
      vertex -25.9445 21.4135 0
      vertex -25.8014 21.4993 0
    endloop
  endfacet
  facet normal -0.0491602 -0.998791 0
    outer loop
      vertex -25 21.7 0
      vertex -24.8334 21.6918 34
      vertex -25 21.7 34
    endloop
  endfacet
  facet normal -0.0491602 -0.998791 -0
    outer loop
      vertex -24.8334 21.6918 34
      vertex -25 21.7 0
      vertex -24.8334 21.6918 0
    endloop
  endfacet
  facet normal -0.941566 -0.33683 0
    outer loop
      vertex -23.3732 20.4935 0
      vertex -23.4294 20.6506 34
      vertex -23.4294 20.6506 0
    endloop
  endfacet
  facet normal -0.941566 -0.33683 0
    outer loop
      vertex -23.4294 20.6506 34
      vertex -23.3732 20.4935 0
      vertex -23.3732 20.4935 34
    endloop
  endfacet
  facet normal -0.242818 -0.970072 0
    outer loop
      vertex -24.6683 21.6673 0
      vertex -24.5065 21.6268 34
      vertex -24.6683 21.6673 34
    endloop
  endfacet
  facet normal -0.242818 -0.970072 -0
    outer loop
      vertex -24.5065 21.6268 34
      vertex -24.6683 21.6673 0
      vertex -24.5065 21.6268 0
    endloop
  endfacet
  facet normal 0.941566 -0.33683 0
    outer loop
      vertex -26.6268 20.4935 34
      vertex -26.5706 20.6506 0
      vertex -26.5706 20.6506 34
    endloop
  endfacet
  facet normal 0.941566 -0.33683 0
    outer loop
      vertex -26.5706 20.6506 0
      vertex -26.6268 20.4935 34
      vertex -26.6268 20.4935 0
    endloop
  endfacet
  facet normal -0.671478 -0.741024 0
    outer loop
      vertex -23.9215 21.3141 0
      vertex -23.7979 21.2021 34
      vertex -23.9215 21.3141 34
    endloop
  endfacet
  facet normal -0.671478 -0.741024 -0
    outer loop
      vertex -23.7979 21.2021 34
      vertex -23.9215 21.3141 0
      vertex -23.7979 21.2021 0
    endloop
  endfacet
  facet normal 0.0491602 -0.998791 0
    outer loop
      vertex -25.1666 21.6918 0
      vertex -25 21.7 34
      vertex -25.1666 21.6918 34
    endloop
  endfacet
  facet normal 0.0491602 -0.998791 0
    outer loop
      vertex -25 21.7 34
      vertex -25.1666 21.6918 0
      vertex -25 21.7 0
    endloop
  endfacet
  facet normal -0.427442 0.904043 0
    outer loop
      vertex -24.1986 18.5007 0
      vertex -24.3494 18.4294 34
      vertex -24.1986 18.5007 34
    endloop
  endfacet
  facet normal -0.427442 0.904043 0
    outer loop
      vertex -24.3494 18.4294 34
      vertex -24.1986 18.5007 0
      vertex -24.3494 18.4294 0
    endloop
  endfacet
  facet normal -0.989168 0.146788 0
    outer loop
      vertex -23.3327 19.6683 0
      vertex -23.3082 19.8334 34
      vertex -23.3082 19.8334 0
    endloop
  endfacet
  facet normal -0.989168 0.146788 0
    outer loop
      vertex -23.3082 19.8334 34
      vertex -23.3327 19.6683 0
      vertex -23.3327 19.6683 34
    endloop
  endfacet
  facet normal -0.857652 -0.514231 0
    outer loop
      vertex -23.5007 20.8014 0
      vertex -23.5865 20.9445 34
      vertex -23.5865 20.9445 0
    endloop
  endfacet
  facet normal -0.857652 -0.514231 0
    outer loop
      vertex -23.5865 20.9445 34
      vertex -23.5007 20.8014 0
      vertex -23.5007 20.8014 34
    endloop
  endfacet
  facet normal 0.0491602 0.998791 -0
    outer loop
      vertex -25 18.3 0
      vertex -25.1666 18.3082 34
      vertex -25 18.3 34
    endloop
  endfacet
  facet normal 0.0491602 0.998791 0
    outer loop
      vertex -25.1666 18.3082 34
      vertex -25 18.3 0
      vertex -25.1666 18.3082 0
    endloop
  endfacet
  facet normal 0.671478 -0.741024 0
    outer loop
      vertex -26.2021 21.2021 0
      vertex -26.0785 21.3141 34
      vertex -26.2021 21.2021 34
    endloop
  endfacet
  facet normal 0.671478 -0.741024 0
    outer loop
      vertex -26.0785 21.3141 34
      vertex -26.2021 21.2021 0
      vertex -26.0785 21.3141 0
    endloop
  endfacet
  facet normal 0.741024 -0.671478 0
    outer loop
      vertex -26.3141 21.0785 34
      vertex -26.2021 21.2021 0
      vertex -26.2021 21.2021 34
    endloop
  endfacet
  facet normal 0.741024 -0.671478 0
    outer loop
      vertex -26.2021 21.2021 0
      vertex -26.3141 21.0785 34
      vertex -26.3141 21.0785 0
    endloop
  endfacet
  facet normal -0.904043 0.427442 0
    outer loop
      vertex -23.5007 19.1986 0
      vertex -23.4294 19.3494 34
      vertex -23.4294 19.3494 0
    endloop
  endfacet
  facet normal -0.904043 0.427442 0
    outer loop
      vertex -23.4294 19.3494 34
      vertex -23.5007 19.1986 0
      vertex -23.5007 19.1986 34
    endloop
  endfacet
  facet normal -0.0491602 0.998791 0
    outer loop
      vertex -24.8334 18.3082 0
      vertex -25 18.3 34
      vertex -24.8334 18.3082 34
    endloop
  endfacet
  facet normal -0.0491602 0.998791 0
    outer loop
      vertex -25 18.3 34
      vertex -24.8334 18.3082 0
      vertex -25 18.3 0
    endloop
  endfacet
  facet normal -0.941566 0.33683 0
    outer loop
      vertex -23.4294 19.3494 0
      vertex -23.3732 19.5065 34
      vertex -23.3732 19.5065 0
    endloop
  endfacet
  facet normal -0.941566 0.33683 0
    outer loop
      vertex -23.3732 19.5065 34
      vertex -23.4294 19.3494 0
      vertex -23.4294 19.3494 34
    endloop
  endfacet
  facet normal -0.741024 -0.671478 0
    outer loop
      vertex -23.6859 21.0785 0
      vertex -23.7979 21.2021 34
      vertex -23.7979 21.2021 0
    endloop
  endfacet
  facet normal -0.741024 -0.671478 0
    outer loop
      vertex -23.7979 21.2021 34
      vertex -23.6859 21.0785 0
      vertex -23.6859 21.0785 34
    endloop
  endfacet
  facet normal 0.242818 0.970072 -0
    outer loop
      vertex -25.3317 18.3327 0
      vertex -25.4935 18.3732 34
      vertex -25.3317 18.3327 34
    endloop
  endfacet
  facet normal 0.242818 0.970072 0
    outer loop
      vertex -25.4935 18.3732 34
      vertex -25.3317 18.3327 0
      vertex -25.4935 18.3732 0
    endloop
  endfacet
  facet normal -0.595772 0.803154 0
    outer loop
      vertex -23.9215 18.6859 0
      vertex -24.0555 18.5865 34
      vertex -23.9215 18.6859 34
    endloop
  endfacet
  facet normal -0.595772 0.803154 0
    outer loop
      vertex -24.0555 18.5865 34
      vertex -23.9215 18.6859 0
      vertex -24.0555 18.5865 0
    endloop
  endfacet
  facet normal -0.857652 0.514231 0
    outer loop
      vertex -23.5865 19.0555 0
      vertex -23.5007 19.1986 34
      vertex -23.5007 19.1986 0
    endloop
  endfacet
  facet normal -0.857652 0.514231 0
    outer loop
      vertex -23.5007 19.1986 34
      vertex -23.5865 19.0555 0
      vertex -23.5865 19.0555 34
    endloop
  endfacet
  facet normal 0.803154 0.595772 0
    outer loop
      vertex -26.3141 18.9215 34
      vertex -26.4135 19.0555 0
      vertex -26.4135 19.0555 34
    endloop
  endfacet
  facet normal 0.803154 0.595772 0
    outer loop
      vertex -26.4135 19.0555 0
      vertex -26.3141 18.9215 34
      vertex -26.3141 18.9215 0
    endloop
  endfacet
  facet normal 0.857652 -0.514231 0
    outer loop
      vertex -26.4993 20.8014 34
      vertex -26.4135 20.9445 0
      vertex -26.4135 20.9445 34
    endloop
  endfacet
  facet normal 0.857652 -0.514231 0
    outer loop
      vertex -26.4135 20.9445 0
      vertex -26.4993 20.8014 34
      vertex -26.4993 20.8014 0
    endloop
  endfacet
  facet normal -0.33683 0.941566 0
    outer loop
      vertex -24.3494 18.4294 0
      vertex -24.5065 18.3732 34
      vertex -24.3494 18.4294 34
    endloop
  endfacet
  facet normal -0.33683 0.941566 0
    outer loop
      vertex -24.5065 18.3732 34
      vertex -24.3494 18.4294 0
      vertex -24.5065 18.3732 0
    endloop
  endfacet
  facet normal 0.857652 0.514231 0
    outer loop
      vertex -26.4135 19.0555 34
      vertex -26.4993 19.1986 0
      vertex -26.4993 19.1986 34
    endloop
  endfacet
  facet normal 0.857652 0.514231 0
    outer loop
      vertex -26.4993 19.1986 0
      vertex -26.4135 19.0555 34
      vertex -26.4135 19.0555 0
    endloop
  endfacet
  facet normal 0.998791 -0.0491602 0
    outer loop
      vertex -26.7 20 34
      vertex -26.6918 20.1666 0
      vertex -26.6918 20.1666 34
    endloop
  endfacet
  facet normal 0.998791 -0.0491602 0
    outer loop
      vertex -26.6918 20.1666 0
      vertex -26.7 20 34
      vertex -26.7 20 0
    endloop
  endfacet
  facet normal 0.998791 0.0491602 0
    outer loop
      vertex -26.6918 19.8334 34
      vertex -26.7 20 0
      vertex -26.7 20 34
    endloop
  endfacet
  facet normal 0.998791 0.0491602 0
    outer loop
      vertex -26.7 20 0
      vertex -26.6918 19.8334 34
      vertex -26.6918 19.8334 0
    endloop
  endfacet
  facet normal -0.989168 -0.146788 0
    outer loop
      vertex 26.6918 -19.8334 0
      vertex 26.6673 -19.6683 34
      vertex 26.6673 -19.6683 0
    endloop
  endfacet
  facet normal -0.989168 -0.146788 0
    outer loop
      vertex 26.6673 -19.6683 34
      vertex 26.6918 -19.8334 0
      vertex 26.6918 -19.8334 34
    endloop
  endfacet
  facet normal -0.998791 -0.0491602 0
    outer loop
      vertex 26.7 -20 0
      vertex 26.6918 -19.8334 34
      vertex 26.6918 -19.8334 0
    endloop
  endfacet
  facet normal -0.998791 -0.0491602 0
    outer loop
      vertex 26.6918 -19.8334 34
      vertex 26.7 -20 0
      vertex 26.7 -20 34
    endloop
  endfacet
  facet normal -0.970072 -0.242818 0
    outer loop
      vertex 26.6673 -19.6683 0
      vertex 26.6268 -19.5065 34
      vertex 26.6268 -19.5065 0
    endloop
  endfacet
  facet normal -0.970072 -0.242818 0
    outer loop
      vertex 26.6268 -19.5065 34
      vertex 26.6673 -19.6683 0
      vertex 26.6673 -19.6683 34
    endloop
  endfacet
  facet normal -0.427442 0.904043 0
    outer loop
      vertex 25.8014 -21.4993 0
      vertex 25.6506 -21.5706 34
      vertex 25.8014 -21.4993 34
    endloop
  endfacet
  facet normal -0.427442 0.904043 0
    outer loop
      vertex 25.6506 -21.5706 34
      vertex 25.8014 -21.4993 0
      vertex 25.6506 -21.5706 0
    endloop
  endfacet
  facet normal 0.0491602 -0.998791 0
    outer loop
      vertex 24.8334 -18.3082 0
      vertex 25 -18.3 34
      vertex 24.8334 -18.3082 34
    endloop
  endfacet
  facet normal 0.0491602 -0.998791 0
    outer loop
      vertex 25 -18.3 34
      vertex 24.8334 -18.3082 0
      vertex 25 -18.3 0
    endloop
  endfacet
  facet normal 0.427442 -0.904043 0
    outer loop
      vertex 24.1986 -18.5007 0
      vertex 24.3494 -18.4294 34
      vertex 24.1986 -18.5007 34
    endloop
  endfacet
  facet normal 0.427442 -0.904043 0
    outer loop
      vertex 24.3494 -18.4294 34
      vertex 24.1986 -18.5007 0
      vertex 24.3494 -18.4294 0
    endloop
  endfacet
  facet normal -0.741024 -0.671478 0
    outer loop
      vertex 26.3141 -18.9215 0
      vertex 26.2021 -18.7979 34
      vertex 26.2021 -18.7979 0
    endloop
  endfacet
  facet normal -0.741024 -0.671478 0
    outer loop
      vertex 26.2021 -18.7979 34
      vertex 26.3141 -18.9215 0
      vertex 26.3141 -18.9215 34
    endloop
  endfacet
  facet normal 0.146788 0.989168 -0
    outer loop
      vertex 24.8334 -21.6918 0
      vertex 24.6683 -21.6673 34
      vertex 24.8334 -21.6918 34
    endloop
  endfacet
  facet normal 0.146788 0.989168 0
    outer loop
      vertex 24.6683 -21.6673 34
      vertex 24.8334 -21.6918 0
      vertex 24.6683 -21.6673 0
    endloop
  endfacet
  facet normal -0.427442 -0.904043 0
    outer loop
      vertex 25.6506 -18.4294 0
      vertex 25.8014 -18.5007 34
      vertex 25.6506 -18.4294 34
    endloop
  endfacet
  facet normal -0.427442 -0.904043 -0
    outer loop
      vertex 25.8014 -18.5007 34
      vertex 25.6506 -18.4294 0
      vertex 25.8014 -18.5007 0
    endloop
  endfacet
  facet normal 0.146788 -0.989168 0
    outer loop
      vertex 24.6683 -18.3327 0
      vertex 24.8334 -18.3082 34
      vertex 24.6683 -18.3327 34
    endloop
  endfacet
  facet normal 0.146788 -0.989168 0
    outer loop
      vertex 24.8334 -18.3082 34
      vertex 24.6683 -18.3327 0
      vertex 24.8334 -18.3082 0
    endloop
  endfacet
  facet normal -0.242818 0.970072 0
    outer loop
      vertex 25.4935 -21.6268 0
      vertex 25.3317 -21.6673 34
      vertex 25.4935 -21.6268 34
    endloop
  endfacet
  facet normal -0.242818 0.970072 0
    outer loop
      vertex 25.3317 -21.6673 34
      vertex 25.4935 -21.6268 0
      vertex 25.3317 -21.6673 0
    endloop
  endfacet
  facet normal 0.595772 -0.803154 0
    outer loop
      vertex 23.9215 -18.6859 0
      vertex 24.0555 -18.5865 34
      vertex 23.9215 -18.6859 34
    endloop
  endfacet
  facet normal 0.595772 -0.803154 0
    outer loop
      vertex 24.0555 -18.5865 34
      vertex 23.9215 -18.6859 0
      vertex 24.0555 -18.5865 0
    endloop
  endfacet
  facet normal 0.904043 -0.427442 0
    outer loop
      vertex 23.4294 -19.3494 34
      vertex 23.5007 -19.1986 0
      vertex 23.5007 -19.1986 34
    endloop
  endfacet
  facet normal 0.904043 -0.427442 0
    outer loop
      vertex 23.5007 -19.1986 0
      vertex 23.4294 -19.3494 34
      vertex 23.4294 -19.3494 0
    endloop
  endfacet
  facet normal 0.427442 0.904043 -0
    outer loop
      vertex 24.3494 -21.5706 0
      vertex 24.1986 -21.4993 34
      vertex 24.3494 -21.5706 34
    endloop
  endfacet
  facet normal 0.427442 0.904043 0
    outer loop
      vertex 24.1986 -21.4993 34
      vertex 24.3494 -21.5706 0
      vertex 24.1986 -21.4993 0
    endloop
  endfacet
  facet normal -0.33683 0.941566 0
    outer loop
      vertex 25.6506 -21.5706 0
      vertex 25.4935 -21.6268 34
      vertex 25.6506 -21.5706 34
    endloop
  endfacet
  facet normal -0.33683 0.941566 0
    outer loop
      vertex 25.4935 -21.6268 34
      vertex 25.6506 -21.5706 0
      vertex 25.4935 -21.6268 0
    endloop
  endfacet
  facet normal 0.595772 0.803154 -0
    outer loop
      vertex 24.0555 -21.4135 0
      vertex 23.9215 -21.3141 34
      vertex 24.0555 -21.4135 34
    endloop
  endfacet
  facet normal 0.595772 0.803154 0
    outer loop
      vertex 23.9215 -21.3141 34
      vertex 24.0555 -21.4135 0
      vertex 23.9215 -21.3141 0
    endloop
  endfacet
  facet normal 0.904043 0.427442 0
    outer loop
      vertex 23.5007 -20.8014 34
      vertex 23.4294 -20.6506 0
      vertex 23.4294 -20.6506 34
    endloop
  endfacet
  facet normal 0.904043 0.427442 0
    outer loop
      vertex 23.4294 -20.6506 0
      vertex 23.5007 -20.8014 34
      vertex 23.5007 -20.8014 0
    endloop
  endfacet
  facet normal -0.514231 -0.857652 0
    outer loop
      vertex 25.8014 -18.5007 0
      vertex 25.9445 -18.5865 34
      vertex 25.8014 -18.5007 34
    endloop
  endfacet
  facet normal -0.514231 -0.857652 -0
    outer loop
      vertex 25.9445 -18.5865 34
      vertex 25.8014 -18.5007 0
      vertex 25.9445 -18.5865 0
    endloop
  endfacet
  facet normal 0.998791 0.0491602 0
    outer loop
      vertex 23.3082 -20.1666 34
      vertex 23.3 -20 0
      vertex 23.3 -20 34
    endloop
  endfacet
  facet normal 0.998791 0.0491602 0
    outer loop
      vertex 23.3 -20 0
      vertex 23.3082 -20.1666 34
      vertex 23.3082 -20.1666 0
    endloop
  endfacet
  facet normal -0.595772 -0.803154 0
    outer loop
      vertex 25.9445 -18.5865 0
      vertex 26.0785 -18.6859 34
      vertex 25.9445 -18.5865 34
    endloop
  endfacet
  facet normal -0.595772 -0.803154 -0
    outer loop
      vertex 26.0785 -18.6859 34
      vertex 25.9445 -18.5865 0
      vertex 26.0785 -18.6859 0
    endloop
  endfacet
  facet normal -0.970072 0.242818 0
    outer loop
      vertex 26.6268 -20.4935 0
      vertex 26.6673 -20.3317 34
      vertex 26.6673 -20.3317 0
    endloop
  endfacet
  facet normal -0.970072 0.242818 0
    outer loop
      vertex 26.6673 -20.3317 34
      vertex 26.6268 -20.4935 0
      vertex 26.6268 -20.4935 34
    endloop
  endfacet
  facet normal 0.514231 -0.857652 0
    outer loop
      vertex 24.0555 -18.5865 0
      vertex 24.1986 -18.5007 34
      vertex 24.0555 -18.5865 34
    endloop
  endfacet
  facet normal 0.514231 -0.857652 0
    outer loop
      vertex 24.1986 -18.5007 34
      vertex 24.0555 -18.5865 0
      vertex 24.1986 -18.5007 0
    endloop
  endfacet
  facet normal 0.941566 0.33683 0
    outer loop
      vertex 23.4294 -20.6506 34
      vertex 23.3732 -20.4935 0
      vertex 23.3732 -20.4935 34
    endloop
  endfacet
  facet normal 0.941566 0.33683 0
    outer loop
      vertex 23.3732 -20.4935 0
      vertex 23.4294 -20.6506 34
      vertex 23.4294 -20.6506 0
    endloop
  endfacet
  facet normal -0.242818 -0.970072 0
    outer loop
      vertex 25.3317 -18.3327 0
      vertex 25.4935 -18.3732 34
      vertex 25.3317 -18.3327 34
    endloop
  endfacet
  facet normal -0.242818 -0.970072 -0
    outer loop
      vertex 25.4935 -18.3732 34
      vertex 25.3317 -18.3327 0
      vertex 25.4935 -18.3732 0
    endloop
  endfacet
  facet normal 0.741024 -0.671478 0
    outer loop
      vertex 23.6859 -18.9215 34
      vertex 23.7979 -18.7979 0
      vertex 23.7979 -18.7979 34
    endloop
  endfacet
  facet normal 0.741024 -0.671478 0
    outer loop
      vertex 23.7979 -18.7979 0
      vertex 23.6859 -18.9215 34
      vertex 23.6859 -18.9215 0
    endloop
  endfacet
  facet normal -0.0491602 0.998791 0
    outer loop
      vertex 25.1666 -21.6918 0
      vertex 25 -21.7 34
      vertex 25.1666 -21.6918 34
    endloop
  endfacet
  facet normal -0.0491602 0.998791 0
    outer loop
      vertex 25 -21.7 34
      vertex 25.1666 -21.6918 0
      vertex 25 -21.7 0
    endloop
  endfacet
  facet normal -0.803154 -0.595772 0
    outer loop
      vertex 26.4135 -19.0555 0
      vertex 26.3141 -18.9215 34
      vertex 26.3141 -18.9215 0
    endloop
  endfacet
  facet normal -0.803154 -0.595772 0
    outer loop
      vertex 26.3141 -18.9215 34
      vertex 26.4135 -19.0555 0
      vertex 26.4135 -19.0555 34
    endloop
  endfacet
  facet normal 0.970072 0.242818 0
    outer loop
      vertex 23.3732 -20.4935 34
      vertex 23.3327 -20.3317 0
      vertex 23.3327 -20.3317 34
    endloop
  endfacet
  facet normal 0.970072 0.242818 0
    outer loop
      vertex 23.3327 -20.3317 0
      vertex 23.3732 -20.4935 34
      vertex 23.3732 -20.4935 0
    endloop
  endfacet
  facet normal -0.989168 0.146788 0
    outer loop
      vertex 26.6673 -20.3317 0
      vertex 26.6918 -20.1666 34
      vertex 26.6918 -20.1666 0
    endloop
  endfacet
  facet normal -0.989168 0.146788 0
    outer loop
      vertex 26.6918 -20.1666 34
      vertex 26.6673 -20.3317 0
      vertex 26.6673 -20.3317 34
    endloop
  endfacet
  facet normal -0.514231 0.857652 0
    outer loop
      vertex 25.9445 -21.4135 0
      vertex 25.8014 -21.4993 34
      vertex 25.9445 -21.4135 34
    endloop
  endfacet
  facet normal -0.514231 0.857652 0
    outer loop
      vertex 25.8014 -21.4993 34
      vertex 25.9445 -21.4135 0
      vertex 25.8014 -21.4993 0
    endloop
  endfacet
  facet normal 0.941566 -0.33683 0
    outer loop
      vertex 23.3732 -19.5065 34
      vertex 23.4294 -19.3494 0
      vertex 23.4294 -19.3494 34
    endloop
  endfacet
  facet normal 0.941566 -0.33683 0
    outer loop
      vertex 23.4294 -19.3494 0
      vertex 23.3732 -19.5065 34
      vertex 23.3732 -19.5065 0
    endloop
  endfacet
  facet normal -0.671478 -0.741024 0
    outer loop
      vertex 26.0785 -18.6859 0
      vertex 26.2021 -18.7979 34
      vertex 26.0785 -18.6859 34
    endloop
  endfacet
  facet normal -0.671478 -0.741024 -0
    outer loop
      vertex 26.2021 -18.7979 34
      vertex 26.0785 -18.6859 0
      vertex 26.2021 -18.7979 0
    endloop
  endfacet
  facet normal 0.989168 -0.146788 0
    outer loop
      vertex 23.3082 -19.8334 34
      vertex 23.3327 -19.6683 0
      vertex 23.3327 -19.6683 34
    endloop
  endfacet
  facet normal 0.989168 -0.146788 0
    outer loop
      vertex 23.3327 -19.6683 0
      vertex 23.3082 -19.8334 34
      vertex 23.3082 -19.8334 0
    endloop
  endfacet
  facet normal -0.904043 0.427442 0
    outer loop
      vertex 26.4993 -20.8014 0
      vertex 26.5706 -20.6506 34
      vertex 26.5706 -20.6506 0
    endloop
  endfacet
  facet normal -0.904043 0.427442 0
    outer loop
      vertex 26.5706 -20.6506 34
      vertex 26.4993 -20.8014 0
      vertex 26.4993 -20.8014 34
    endloop
  endfacet
  facet normal -0.33683 -0.941566 0
    outer loop
      vertex 25.4935 -18.3732 0
      vertex 25.6506 -18.4294 34
      vertex 25.4935 -18.3732 34
    endloop
  endfacet
  facet normal -0.33683 -0.941566 -0
    outer loop
      vertex 25.6506 -18.4294 34
      vertex 25.4935 -18.3732 0
      vertex 25.6506 -18.4294 0
    endloop
  endfacet
  facet normal -0.998791 0.0491602 0
    outer loop
      vertex 26.6918 -20.1666 0
      vertex 26.7 -20 34
      vertex 26.7 -20 0
    endloop
  endfacet
  facet normal -0.998791 0.0491602 0
    outer loop
      vertex 26.7 -20 34
      vertex 26.6918 -20.1666 0
      vertex 26.6918 -20.1666 34
    endloop
  endfacet
  facet normal -0.146788 0.989168 0
    outer loop
      vertex 25.3317 -21.6673 0
      vertex 25.1666 -21.6918 34
      vertex 25.3317 -21.6673 34
    endloop
  endfacet
  facet normal -0.146788 0.989168 0
    outer loop
      vertex 25.1666 -21.6918 34
      vertex 25.3317 -21.6673 0
      vertex 25.1666 -21.6918 0
    endloop
  endfacet
  facet normal -0.941566 -0.33683 0
    outer loop
      vertex 26.6268 -19.5065 0
      vertex 26.5706 -19.3494 34
      vertex 26.5706 -19.3494 0
    endloop
  endfacet
  facet normal -0.941566 -0.33683 0
    outer loop
      vertex 26.5706 -19.3494 34
      vertex 26.6268 -19.5065 0
      vertex 26.6268 -19.5065 34
    endloop
  endfacet
  facet normal -0.803154 0.595772 0
    outer loop
      vertex 26.3141 -21.0785 0
      vertex 26.4135 -20.9445 34
      vertex 26.4135 -20.9445 0
    endloop
  endfacet
  facet normal -0.803154 0.595772 0
    outer loop
      vertex 26.4135 -20.9445 34
      vertex 26.3141 -21.0785 0
      vertex 26.3141 -21.0785 34
    endloop
  endfacet
  facet normal -0.857652 0.514231 0
    outer loop
      vertex 26.4135 -20.9445 0
      vertex 26.4993 -20.8014 34
      vertex 26.4993 -20.8014 0
    endloop
  endfacet
  facet normal -0.857652 0.514231 0
    outer loop
      vertex 26.4993 -20.8014 34
      vertex 26.4135 -20.9445 0
      vertex 26.4135 -20.9445 34
    endloop
  endfacet
  facet normal 0.242818 -0.970072 0
    outer loop
      vertex 24.5065 -18.3732 0
      vertex 24.6683 -18.3327 34
      vertex 24.5065 -18.3732 34
    endloop
  endfacet
  facet normal 0.242818 -0.970072 0
    outer loop
      vertex 24.6683 -18.3327 34
      vertex 24.5065 -18.3732 0
      vertex 24.6683 -18.3327 0
    endloop
  endfacet
  facet normal -0.941566 0.33683 0
    outer loop
      vertex 26.5706 -20.6506 0
      vertex 26.6268 -20.4935 34
      vertex 26.6268 -20.4935 0
    endloop
  endfacet
  facet normal -0.941566 0.33683 0
    outer loop
      vertex 26.6268 -20.4935 34
      vertex 26.5706 -20.6506 0
      vertex 26.5706 -20.6506 34
    endloop
  endfacet
  facet normal -0.0491602 -0.998791 0
    outer loop
      vertex 25 -18.3 0
      vertex 25.1666 -18.3082 34
      vertex 25 -18.3 34
    endloop
  endfacet
  facet normal -0.0491602 -0.998791 -0
    outer loop
      vertex 25.1666 -18.3082 34
      vertex 25 -18.3 0
      vertex 25.1666 -18.3082 0
    endloop
  endfacet
  facet normal -0.904043 -0.427442 0
    outer loop
      vertex 26.5706 -19.3494 0
      vertex 26.4993 -19.1986 34
      vertex 26.4993 -19.1986 0
    endloop
  endfacet
  facet normal -0.904043 -0.427442 0
    outer loop
      vertex 26.4993 -19.1986 34
      vertex 26.5706 -19.3494 0
      vertex 26.5706 -19.3494 34
    endloop
  endfacet
  facet normal -0.146788 -0.989168 0
    outer loop
      vertex 25.1666 -18.3082 0
      vertex 25.3317 -18.3327 34
      vertex 25.1666 -18.3082 34
    endloop
  endfacet
  facet normal -0.146788 -0.989168 -0
    outer loop
      vertex 25.3317 -18.3327 34
      vertex 25.1666 -18.3082 0
      vertex 25.3317 -18.3327 0
    endloop
  endfacet
  facet normal 0.242818 0.970072 -0
    outer loop
      vertex 24.6683 -21.6673 0
      vertex 24.5065 -21.6268 34
      vertex 24.6683 -21.6673 34
    endloop
  endfacet
  facet normal 0.242818 0.970072 0
    outer loop
      vertex 24.5065 -21.6268 34
      vertex 24.6683 -21.6673 0
      vertex 24.5065 -21.6268 0
    endloop
  endfacet
  facet normal 0.857652 0.514231 0
    outer loop
      vertex 23.5865 -20.9445 34
      vertex 23.5007 -20.8014 0
      vertex 23.5007 -20.8014 34
    endloop
  endfacet
  facet normal 0.857652 0.514231 0
    outer loop
      vertex 23.5007 -20.8014 0
      vertex 23.5865 -20.9445 34
      vertex 23.5865 -20.9445 0
    endloop
  endfacet
  facet normal -0.857652 -0.514231 0
    outer loop
      vertex 26.4993 -19.1986 0
      vertex 26.4135 -19.0555 34
      vertex 26.4135 -19.0555 0
    endloop
  endfacet
  facet normal -0.857652 -0.514231 0
    outer loop
      vertex 26.4135 -19.0555 34
      vertex 26.4993 -19.1986 0
      vertex 26.4993 -19.1986 34
    endloop
  endfacet
  facet normal 0.33683 -0.941566 0
    outer loop
      vertex 24.3494 -18.4294 0
      vertex 24.5065 -18.3732 34
      vertex 24.3494 -18.4294 34
    endloop
  endfacet
  facet normal 0.33683 -0.941566 0
    outer loop
      vertex 24.5065 -18.3732 34
      vertex 24.3494 -18.4294 0
      vertex 24.5065 -18.3732 0
    endloop
  endfacet
  facet normal 0.741024 0.671478 0
    outer loop
      vertex 23.7979 -21.2021 34
      vertex 23.6859 -21.0785 0
      vertex 23.6859 -21.0785 34
    endloop
  endfacet
  facet normal 0.741024 0.671478 0
    outer loop
      vertex 23.6859 -21.0785 0
      vertex 23.7979 -21.2021 34
      vertex 23.7979 -21.2021 0
    endloop
  endfacet
  facet normal 0.671478 -0.741024 0
    outer loop
      vertex 23.7979 -18.7979 0
      vertex 23.9215 -18.6859 34
      vertex 23.7979 -18.7979 34
    endloop
  endfacet
  facet normal 0.671478 -0.741024 0
    outer loop
      vertex 23.9215 -18.6859 34
      vertex 23.7979 -18.7979 0
      vertex 23.9215 -18.6859 0
    endloop
  endfacet
  facet normal 0.514231 0.857652 -0
    outer loop
      vertex 24.1986 -21.4993 0
      vertex 24.0555 -21.4135 34
      vertex 24.1986 -21.4993 34
    endloop
  endfacet
  facet normal 0.514231 0.857652 0
    outer loop
      vertex 24.0555 -21.4135 34
      vertex 24.1986 -21.4993 0
      vertex 24.0555 -21.4135 0
    endloop
  endfacet
  facet normal 0.970072 -0.242818 0
    outer loop
      vertex 23.3327 -19.6683 34
      vertex 23.3732 -19.5065 0
      vertex 23.3732 -19.5065 34
    endloop
  endfacet
  facet normal 0.970072 -0.242818 0
    outer loop
      vertex 23.3732 -19.5065 0
      vertex 23.3327 -19.6683 34
      vertex 23.3327 -19.6683 0
    endloop
  endfacet
  facet normal 0.803154 0.595772 0
    outer loop
      vertex 23.6859 -21.0785 34
      vertex 23.5865 -20.9445 0
      vertex 23.5865 -20.9445 34
    endloop
  endfacet
  facet normal 0.803154 0.595772 0
    outer loop
      vertex 23.5865 -20.9445 0
      vertex 23.6859 -21.0785 34
      vertex 23.6859 -21.0785 0
    endloop
  endfacet
  facet normal 0.989168 0.146788 0
    outer loop
      vertex 23.3327 -20.3317 34
      vertex 23.3082 -20.1666 0
      vertex 23.3082 -20.1666 34
    endloop
  endfacet
  facet normal 0.989168 0.146788 0
    outer loop
      vertex 23.3082 -20.1666 0
      vertex 23.3327 -20.3317 34
      vertex 23.3327 -20.3317 0
    endloop
  endfacet
  facet normal -0.595772 0.803154 0
    outer loop
      vertex 26.0785 -21.3141 0
      vertex 25.9445 -21.4135 34
      vertex 26.0785 -21.3141 34
    endloop
  endfacet
  facet normal -0.595772 0.803154 0
    outer loop
      vertex 25.9445 -21.4135 34
      vertex 26.0785 -21.3141 0
      vertex 25.9445 -21.4135 0
    endloop
  endfacet
  facet normal 0.671478 0.741024 -0
    outer loop
      vertex 23.9215 -21.3141 0
      vertex 23.7979 -21.2021 34
      vertex 23.9215 -21.3141 34
    endloop
  endfacet
  facet normal 0.671478 0.741024 0
    outer loop
      vertex 23.7979 -21.2021 34
      vertex 23.9215 -21.3141 0
      vertex 23.7979 -21.2021 0
    endloop
  endfacet
  facet normal 0.803154 -0.595772 0
    outer loop
      vertex 23.5865 -19.0555 34
      vertex 23.6859 -18.9215 0
      vertex 23.6859 -18.9215 34
    endloop
  endfacet
  facet normal 0.803154 -0.595772 0
    outer loop
      vertex 23.6859 -18.9215 0
      vertex 23.5865 -19.0555 34
      vertex 23.5865 -19.0555 0
    endloop
  endfacet
  facet normal 0.857652 -0.514231 0
    outer loop
      vertex 23.5007 -19.1986 34
      vertex 23.5865 -19.0555 0
      vertex 23.5865 -19.0555 34
    endloop
  endfacet
  facet normal 0.857652 -0.514231 0
    outer loop
      vertex 23.5865 -19.0555 0
      vertex 23.5007 -19.1986 34
      vertex 23.5007 -19.1986 0
    endloop
  endfacet
  facet normal 0.0491602 0.998791 -0
    outer loop
      vertex 25 -21.7 0
      vertex 24.8334 -21.6918 34
      vertex 25 -21.7 34
    endloop
  endfacet
  facet normal 0.0491602 0.998791 0
    outer loop
      vertex 24.8334 -21.6918 34
      vertex 25 -21.7 0
      vertex 24.8334 -21.6918 0
    endloop
  endfacet
  facet normal 0.998791 -0.0491602 0
    outer loop
      vertex 23.3 -20 34
      vertex 23.3082 -19.8334 0
      vertex 23.3082 -19.8334 34
    endloop
  endfacet
  facet normal 0.998791 -0.0491602 0
    outer loop
      vertex 23.3082 -19.8334 0
      vertex 23.3 -20 34
      vertex 23.3 -20 0
    endloop
  endfacet
  facet normal 0.33683 0.941566 -0
    outer loop
      vertex 24.5065 -21.6268 0
      vertex 24.3494 -21.5706 34
      vertex 24.5065 -21.6268 34
    endloop
  endfacet
  facet normal 0.33683 0.941566 0
    outer loop
      vertex 24.3494 -21.5706 34
      vertex 24.5065 -21.6268 0
      vertex 24.3494 -21.5706 0
    endloop
  endfacet
  facet normal -0.741024 0.671478 0
    outer loop
      vertex 26.2021 -21.2021 0
      vertex 26.3141 -21.0785 34
      vertex 26.3141 -21.0785 0
    endloop
  endfacet
  facet normal -0.741024 0.671478 0
    outer loop
      vertex 26.3141 -21.0785 34
      vertex 26.2021 -21.2021 0
      vertex 26.2021 -21.2021 34
    endloop
  endfacet
  facet normal -0.671478 0.741024 0
    outer loop
      vertex 26.2021 -21.2021 0
      vertex 26.0785 -21.3141 34
      vertex 26.2021 -21.2021 34
    endloop
  endfacet
  facet normal -0.671478 0.741024 0
    outer loop
      vertex 26.0785 -21.3141 34
      vertex 26.2021 -21.2021 0
      vertex 26.0785 -21.3141 0
    endloop
  endfacet
  facet normal 0.904043 -0.427442 0
    outer loop
      vertex 23.4294 20.6506 34
      vertex 23.5007 20.8014 0
      vertex 23.5007 20.8014 34
    endloop
  endfacet
  facet normal 0.904043 -0.427442 0
    outer loop
      vertex 23.5007 20.8014 0
      vertex 23.4294 20.6506 34
      vertex 23.4294 20.6506 0
    endloop
  endfacet
  facet normal -0.989168 -0.146788 0
    outer loop
      vertex 26.6918 20.1666 0
      vertex 26.6673 20.3317 34
      vertex 26.6673 20.3317 0
    endloop
  endfacet
  facet normal -0.989168 -0.146788 0
    outer loop
      vertex 26.6673 20.3317 34
      vertex 26.6918 20.1666 0
      vertex 26.6918 20.1666 34
    endloop
  endfacet
  facet normal -0.998791 -0.0491602 0
    outer loop
      vertex 26.7 20 0
      vertex 26.6918 20.1666 34
      vertex 26.6918 20.1666 0
    endloop
  endfacet
  facet normal -0.998791 -0.0491602 0
    outer loop
      vertex 26.6918 20.1666 34
      vertex 26.7 20 0
      vertex 26.7 20 34
    endloop
  endfacet
  facet normal -0.970072 -0.242818 0
    outer loop
      vertex 26.6673 20.3317 0
      vertex 26.6268 20.4935 34
      vertex 26.6268 20.4935 0
    endloop
  endfacet
  facet normal -0.970072 -0.242818 0
    outer loop
      vertex 26.6268 20.4935 34
      vertex 26.6673 20.3317 0
      vertex 26.6673 20.3317 34
    endloop
  endfacet
  facet normal -0.146788 -0.989168 0
    outer loop
      vertex 25.1666 21.6918 0
      vertex 25.3317 21.6673 34
      vertex 25.1666 21.6918 34
    endloop
  endfacet
  facet normal -0.146788 -0.989168 -0
    outer loop
      vertex 25.3317 21.6673 34
      vertex 25.1666 21.6918 0
      vertex 25.3317 21.6673 0
    endloop
  endfacet
  facet normal 0.146788 -0.989168 0
    outer loop
      vertex 24.6683 21.6673 0
      vertex 24.8334 21.6918 34
      vertex 24.6683 21.6673 34
    endloop
  endfacet
  facet normal 0.146788 -0.989168 0
    outer loop
      vertex 24.8334 21.6918 34
      vertex 24.6683 21.6673 0
      vertex 24.8334 21.6918 0
    endloop
  endfacet
  facet normal -0.803154 -0.595772 0
    outer loop
      vertex 26.4135 20.9445 0
      vertex 26.3141 21.0785 34
      vertex 26.3141 21.0785 0
    endloop
  endfacet
  facet normal -0.803154 -0.595772 0
    outer loop
      vertex 26.3141 21.0785 34
      vertex 26.4135 20.9445 0
      vertex 26.4135 20.9445 34
    endloop
  endfacet
  facet normal -0.514231 0.857652 0
    outer loop
      vertex 25.9445 18.5865 0
      vertex 25.8014 18.5007 34
      vertex 25.9445 18.5865 34
    endloop
  endfacet
  facet normal -0.514231 0.857652 0
    outer loop
      vertex 25.8014 18.5007 34
      vertex 25.9445 18.5865 0
      vertex 25.8014 18.5007 0
    endloop
  endfacet
  facet normal -0.595772 -0.803154 0
    outer loop
      vertex 25.9445 21.4135 0
      vertex 26.0785 21.3141 34
      vertex 25.9445 21.4135 34
    endloop
  endfacet
  facet normal -0.595772 -0.803154 -0
    outer loop
      vertex 26.0785 21.3141 34
      vertex 25.9445 21.4135 0
      vertex 26.0785 21.3141 0
    endloop
  endfacet
  facet normal -0.998791 0.0491602 0
    outer loop
      vertex 26.6918 19.8334 0
      vertex 26.7 20 34
      vertex 26.7 20 0
    endloop
  endfacet
  facet normal -0.998791 0.0491602 0
    outer loop
      vertex 26.7 20 34
      vertex 26.6918 19.8334 0
      vertex 26.6918 19.8334 34
    endloop
  endfacet
  facet normal 0.242818 -0.970072 0
    outer loop
      vertex 24.5065 21.6268 0
      vertex 24.6683 21.6673 34
      vertex 24.5065 21.6268 34
    endloop
  endfacet
  facet normal 0.242818 -0.970072 0
    outer loop
      vertex 24.6683 21.6673 34
      vertex 24.5065 21.6268 0
      vertex 24.6683 21.6673 0
    endloop
  endfacet
  facet normal 0.803154 -0.595772 0
    outer loop
      vertex 23.5865 20.9445 34
      vertex 23.6859 21.0785 0
      vertex 23.6859 21.0785 34
    endloop
  endfacet
  facet normal 0.803154 -0.595772 0
    outer loop
      vertex 23.6859 21.0785 0
      vertex 23.5865 20.9445 34
      vertex 23.5865 20.9445 0
    endloop
  endfacet
  facet normal 0.427442 0.904043 -0
    outer loop
      vertex 24.3494 18.4294 0
      vertex 24.1986 18.5007 34
      vertex 24.3494 18.4294 34
    endloop
  endfacet
  facet normal 0.427442 0.904043 0
    outer loop
      vertex 24.1986 18.5007 34
      vertex 24.3494 18.4294 0
      vertex 24.1986 18.5007 0
    endloop
  endfacet
  facet normal -0.427442 -0.904043 0
    outer loop
      vertex 25.6506 21.5706 0
      vertex 25.8014 21.4993 34
      vertex 25.6506 21.5706 34
    endloop
  endfacet
  facet normal -0.427442 -0.904043 -0
    outer loop
      vertex 25.8014 21.4993 34
      vertex 25.6506 21.5706 0
      vertex 25.8014 21.4993 0
    endloop
  endfacet
  facet normal 0.989168 0.146788 0
    outer loop
      vertex 23.3327 19.6683 34
      vertex 23.3082 19.8334 0
      vertex 23.3082 19.8334 34
    endloop
  endfacet
  facet normal 0.989168 0.146788 0
    outer loop
      vertex 23.3082 19.8334 0
      vertex 23.3327 19.6683 34
      vertex 23.3327 19.6683 0
    endloop
  endfacet
  facet normal -0.671478 0.741024 0
    outer loop
      vertex 26.2021 18.7979 0
      vertex 26.0785 18.6859 34
      vertex 26.2021 18.7979 34
    endloop
  endfacet
  facet normal -0.671478 0.741024 0
    outer loop
      vertex 26.0785 18.6859 34
      vertex 26.2021 18.7979 0
      vertex 26.0785 18.6859 0
    endloop
  endfacet
  facet normal 0.427442 -0.904043 0
    outer loop
      vertex 24.1986 21.4993 0
      vertex 24.3494 21.5706 34
      vertex 24.1986 21.4993 34
    endloop
  endfacet
  facet normal 0.427442 -0.904043 0
    outer loop
      vertex 24.3494 21.5706 34
      vertex 24.1986 21.4993 0
      vertex 24.3494 21.5706 0
    endloop
  endfacet
  facet normal -0.970072 0.242818 0
    outer loop
      vertex 26.6268 19.5065 0
      vertex 26.6673 19.6683 34
      vertex 26.6673 19.6683 0
    endloop
  endfacet
  facet normal -0.970072 0.242818 0
    outer loop
      vertex 26.6673 19.6683 34
      vertex 26.6268 19.5065 0
      vertex 26.6268 19.5065 34
    endloop
  endfacet
  facet normal -0.242818 0.970072 0
    outer loop
      vertex 25.4935 18.3732 0
      vertex 25.3317 18.3327 34
      vertex 25.4935 18.3732 34
    endloop
  endfacet
  facet normal -0.242818 0.970072 0
    outer loop
      vertex 25.3317 18.3327 34
      vertex 25.4935 18.3732 0
      vertex 25.3317 18.3327 0
    endloop
  endfacet
  facet normal 0.989168 -0.146788 0
    outer loop
      vertex 23.3082 20.1666 34
      vertex 23.3327 20.3317 0
      vertex 23.3327 20.3317 34
    endloop
  endfacet
  facet normal 0.989168 -0.146788 0
    outer loop
      vertex 23.3327 20.3317 0
      vertex 23.3082 20.1666 34
      vertex 23.3082 20.1666 0
    endloop
  endfacet
  facet normal -0.941566 -0.33683 0
    outer loop
      vertex 26.6268 20.4935 0
      vertex 26.5706 20.6506 34
      vertex 26.5706 20.6506 0
    endloop
  endfacet
  facet normal -0.941566 -0.33683 0
    outer loop
      vertex 26.5706 20.6506 34
      vertex 26.6268 20.4935 0
      vertex 26.6268 20.4935 34
    endloop
  endfacet
  facet normal 0.514231 0.857652 -0
    outer loop
      vertex 24.1986 18.5007 0
      vertex 24.0555 18.5865 34
      vertex 24.1986 18.5007 34
    endloop
  endfacet
  facet normal 0.514231 0.857652 0
    outer loop
      vertex 24.0555 18.5865 34
      vertex 24.1986 18.5007 0
      vertex 24.0555 18.5865 0
    endloop
  endfacet
  facet normal 0.970072 -0.242818 0
    outer loop
      vertex 23.3327 20.3317 34
      vertex 23.3732 20.4935 0
      vertex 23.3732 20.4935 34
    endloop
  endfacet
  facet normal 0.970072 -0.242818 0
    outer loop
      vertex 23.3732 20.4935 0
      vertex 23.3327 20.3317 34
      vertex 23.3327 20.3317 0
    endloop
  endfacet
  facet normal -0.803154 0.595772 0
    outer loop
      vertex 26.3141 18.9215 0
      vertex 26.4135 19.0555 34
      vertex 26.4135 19.0555 0
    endloop
  endfacet
  facet normal -0.803154 0.595772 0
    outer loop
      vertex 26.4135 19.0555 34
      vertex 26.3141 18.9215 0
      vertex 26.3141 18.9215 34
    endloop
  endfacet
  facet normal 0.595772 0.803154 -0
    outer loop
      vertex 24.0555 18.5865 0
      vertex 23.9215 18.6859 34
      vertex 24.0555 18.5865 34
    endloop
  endfacet
  facet normal 0.595772 0.803154 0
    outer loop
      vertex 23.9215 18.6859 34
      vertex 24.0555 18.5865 0
      vertex 23.9215 18.6859 0
    endloop
  endfacet
  facet normal 0.33683 0.941566 -0
    outer loop
      vertex 24.5065 18.3732 0
      vertex 24.3494 18.4294 34
      vertex 24.5065 18.3732 34
    endloop
  endfacet
  facet normal 0.33683 0.941566 0
    outer loop
      vertex 24.3494 18.4294 34
      vertex 24.5065 18.3732 0
      vertex 24.3494 18.4294 0
    endloop
  endfacet
  facet normal -0.33683 -0.941566 0
    outer loop
      vertex 25.4935 21.6268 0
      vertex 25.6506 21.5706 34
      vertex 25.4935 21.6268 34
    endloop
  endfacet
  facet normal -0.33683 -0.941566 -0
    outer loop
      vertex 25.6506 21.5706 34
      vertex 25.4935 21.6268 0
      vertex 25.6506 21.5706 0
    endloop
  endfacet
  facet normal 0.741024 0.671478 0
    outer loop
      vertex 23.7979 18.7979 34
      vertex 23.6859 18.9215 0
      vertex 23.6859 18.9215 34
    endloop
  endfacet
  facet normal 0.741024 0.671478 0
    outer loop
      vertex 23.6859 18.9215 0
      vertex 23.7979 18.7979 34
      vertex 23.7979 18.7979 0
    endloop
  endfacet
  facet normal -0.514231 -0.857652 0
    outer loop
      vertex 25.8014 21.4993 0
      vertex 25.9445 21.4135 34
      vertex 25.8014 21.4993 34
    endloop
  endfacet
  facet normal -0.514231 -0.857652 -0
    outer loop
      vertex 25.9445 21.4135 34
      vertex 25.8014 21.4993 0
      vertex 25.9445 21.4135 0
    endloop
  endfacet
  facet normal 0.33683 -0.941566 0
    outer loop
      vertex 24.3494 21.5706 0
      vertex 24.5065 21.6268 34
      vertex 24.3494 21.5706 34
    endloop
  endfacet
  facet normal 0.33683 -0.941566 0
    outer loop
      vertex 24.5065 21.6268 34
      vertex 24.3494 21.5706 0
      vertex 24.5065 21.6268 0
    endloop
  endfacet
  facet normal 0.904043 0.427442 0
    outer loop
      vertex 23.5007 19.1986 34
      vertex 23.4294 19.3494 0
      vertex 23.4294 19.3494 34
    endloop
  endfacet
  facet normal 0.904043 0.427442 0
    outer loop
      vertex 23.4294 19.3494 0
      vertex 23.5007 19.1986 34
      vertex 23.5007 19.1986 0
    endloop
  endfacet
  facet normal 0.941566 0.33683 0
    outer loop
      vertex 23.4294 19.3494 34
      vertex 23.3732 19.5065 0
      vertex 23.3732 19.5065 34
    endloop
  endfacet
  facet normal 0.941566 0.33683 0
    outer loop
      vertex 23.3732 19.5065 0
      vertex 23.4294 19.3494 34
      vertex 23.4294 19.3494 0
    endloop
  endfacet
  facet normal -0.904043 -0.427442 0
    outer loop
      vertex 26.5706 20.6506 0
      vertex 26.4993 20.8014 34
      vertex 26.4993 20.8014 0
    endloop
  endfacet
  facet normal -0.904043 -0.427442 0
    outer loop
      vertex 26.4993 20.8014 34
      vertex 26.5706 20.6506 0
      vertex 26.5706 20.6506 34
    endloop
  endfacet
  facet normal 0.970072 0.242818 0
    outer loop
      vertex 23.3732 19.5065 34
      vertex 23.3327 19.6683 0
      vertex 23.3327 19.6683 34
    endloop
  endfacet
  facet normal 0.970072 0.242818 0
    outer loop
      vertex 23.3327 19.6683 0
      vertex 23.3732 19.5065 34
      vertex 23.3732 19.5065 0
    endloop
  endfacet
  facet normal 0.595772 -0.803154 0
    outer loop
      vertex 23.9215 21.3141 0
      vertex 24.0555 21.4135 34
      vertex 23.9215 21.3141 34
    endloop
  endfacet
  facet normal 0.595772 -0.803154 0
    outer loop
      vertex 24.0555 21.4135 34
      vertex 23.9215 21.3141 0
      vertex 24.0555 21.4135 0
    endloop
  endfacet
  facet normal 0.146788 0.989168 -0
    outer loop
      vertex 24.8334 18.3082 0
      vertex 24.6683 18.3327 34
      vertex 24.8334 18.3082 34
    endloop
  endfacet
  facet normal 0.146788 0.989168 0
    outer loop
      vertex 24.6683 18.3327 34
      vertex 24.8334 18.3082 0
      vertex 24.6683 18.3327 0
    endloop
  endfacet
  facet normal -0.741024 0.671478 0
    outer loop
      vertex 26.2021 18.7979 0
      vertex 26.3141 18.9215 34
      vertex 26.3141 18.9215 0
    endloop
  endfacet
  facet normal -0.741024 0.671478 0
    outer loop
      vertex 26.3141 18.9215 34
      vertex 26.2021 18.7979 0
      vertex 26.2021 18.7979 34
    endloop
  endfacet
  facet normal -0.146788 0.989168 0
    outer loop
      vertex 25.3317 18.3327 0
      vertex 25.1666 18.3082 34
      vertex 25.3317 18.3327 34
    endloop
  endfacet
  facet normal -0.146788 0.989168 0
    outer loop
      vertex 25.1666 18.3082 34
      vertex 25.3317 18.3327 0
      vertex 25.1666 18.3082 0
    endloop
  endfacet
  facet normal 0.514231 -0.857652 0
    outer loop
      vertex 24.0555 21.4135 0
      vertex 24.1986 21.4993 34
      vertex 24.0555 21.4135 34
    endloop
  endfacet
  facet normal 0.514231 -0.857652 0
    outer loop
      vertex 24.1986 21.4993 34
      vertex 24.0555 21.4135 0
      vertex 24.1986 21.4993 0
    endloop
  endfacet
  facet normal -0.0491602 -0.998791 0
    outer loop
      vertex 25 21.7 0
      vertex 25.1666 21.6918 34
      vertex 25 21.7 34
    endloop
  endfacet
  facet normal -0.0491602 -0.998791 -0
    outer loop
      vertex 25.1666 21.6918 34
      vertex 25 21.7 0
      vertex 25.1666 21.6918 0
    endloop
  endfacet
  facet normal 0.857652 0.514231 0
    outer loop
      vertex 23.5865 19.0555 34
      vertex 23.5007 19.1986 0
      vertex 23.5007 19.1986 34
    endloop
  endfacet
  facet normal 0.857652 0.514231 0
    outer loop
      vertex 23.5007 19.1986 0
      vertex 23.5865 19.0555 34
      vertex 23.5865 19.0555 0
    endloop
  endfacet
  facet normal -0.242818 -0.970072 0
    outer loop
      vertex 25.3317 21.6673 0
      vertex 25.4935 21.6268 34
      vertex 25.3317 21.6673 34
    endloop
  endfacet
  facet normal -0.242818 -0.970072 -0
    outer loop
      vertex 25.4935 21.6268 34
      vertex 25.3317 21.6673 0
      vertex 25.4935 21.6268 0
    endloop
  endfacet
  facet normal 0.941566 -0.33683 0
    outer loop
      vertex 23.3732 20.4935 34
      vertex 23.4294 20.6506 0
      vertex 23.4294 20.6506 34
    endloop
  endfacet
  facet normal 0.941566 -0.33683 0
    outer loop
      vertex 23.4294 20.6506 0
      vertex 23.3732 20.4935 34
      vertex 23.3732 20.4935 0
    endloop
  endfacet
  facet normal -0.671478 -0.741024 0
    outer loop
      vertex 26.0785 21.3141 0
      vertex 26.2021 21.2021 34
      vertex 26.0785 21.3141 34
    endloop
  endfacet
  facet normal -0.671478 -0.741024 -0
    outer loop
      vertex 26.2021 21.2021 34
      vertex 26.0785 21.3141 0
      vertex 26.2021 21.2021 0
    endloop
  endfacet
  facet normal 0.0491602 -0.998791 0
    outer loop
      vertex 24.8334 21.6918 0
      vertex 25 21.7 34
      vertex 24.8334 21.6918 34
    endloop
  endfacet
  facet normal 0.0491602 -0.998791 0
    outer loop
      vertex 25 21.7 34
      vertex 24.8334 21.6918 0
      vertex 25 21.7 0
    endloop
  endfacet
  facet normal -0.427442 0.904043 0
    outer loop
      vertex 25.8014 18.5007 0
      vertex 25.6506 18.4294 34
      vertex 25.8014 18.5007 34
    endloop
  endfacet
  facet normal -0.427442 0.904043 0
    outer loop
      vertex 25.6506 18.4294 34
      vertex 25.8014 18.5007 0
      vertex 25.6506 18.4294 0
    endloop
  endfacet
  facet normal -0.989168 0.146788 0
    outer loop
      vertex 26.6673 19.6683 0
      vertex 26.6918 19.8334 34
      vertex 26.6918 19.8334 0
    endloop
  endfacet
  facet normal -0.989168 0.146788 0
    outer loop
      vertex 26.6918 19.8334 34
      vertex 26.6673 19.6683 0
      vertex 26.6673 19.6683 34
    endloop
  endfacet
  facet normal -0.857652 -0.514231 0
    outer loop
      vertex 26.4993 20.8014 0
      vertex 26.4135 20.9445 34
      vertex 26.4135 20.9445 0
    endloop
  endfacet
  facet normal -0.857652 -0.514231 0
    outer loop
      vertex 26.4135 20.9445 34
      vertex 26.4993 20.8014 0
      vertex 26.4993 20.8014 34
    endloop
  endfacet
  facet normal 0.0491602 0.998791 -0
    outer loop
      vertex 25 18.3 0
      vertex 24.8334 18.3082 34
      vertex 25 18.3 34
    endloop
  endfacet
  facet normal 0.0491602 0.998791 0
    outer loop
      vertex 24.8334 18.3082 34
      vertex 25 18.3 0
      vertex 24.8334 18.3082 0
    endloop
  endfacet
  facet normal 0.671478 -0.741024 0
    outer loop
      vertex 23.7979 21.2021 0
      vertex 23.9215 21.3141 34
      vertex 23.7979 21.2021 34
    endloop
  endfacet
  facet normal 0.671478 -0.741024 0
    outer loop
      vertex 23.9215 21.3141 34
      vertex 23.7979 21.2021 0
      vertex 23.9215 21.3141 0
    endloop
  endfacet
  facet normal 0.741024 -0.671478 0
    outer loop
      vertex 23.6859 21.0785 34
      vertex 23.7979 21.2021 0
      vertex 23.7979 21.2021 34
    endloop
  endfacet
  facet normal 0.741024 -0.671478 0
    outer loop
      vertex 23.7979 21.2021 0
      vertex 23.6859 21.0785 34
      vertex 23.6859 21.0785 0
    endloop
  endfacet
  facet normal -0.904043 0.427442 0
    outer loop
      vertex 26.4993 19.1986 0
      vertex 26.5706 19.3494 34
      vertex 26.5706 19.3494 0
    endloop
  endfacet
  facet normal -0.904043 0.427442 0
    outer loop
      vertex 26.5706 19.3494 34
      vertex 26.4993 19.1986 0
      vertex 26.4993 19.1986 34
    endloop
  endfacet
  facet normal -0.0491602 0.998791 0
    outer loop
      vertex 25.1666 18.3082 0
      vertex 25 18.3 34
      vertex 25.1666 18.3082 34
    endloop
  endfacet
  facet normal -0.0491602 0.998791 0
    outer loop
      vertex 25 18.3 34
      vertex 25.1666 18.3082 0
      vertex 25 18.3 0
    endloop
  endfacet
  facet normal 0.671478 0.741024 -0
    outer loop
      vertex 23.9215 18.6859 0
      vertex 23.7979 18.7979 34
      vertex 23.9215 18.6859 34
    endloop
  endfacet
  facet normal 0.671478 0.741024 0
    outer loop
      vertex 23.7979 18.7979 34
      vertex 23.9215 18.6859 0
      vertex 23.7979 18.7979 0
    endloop
  endfacet
  facet normal -0.941566 0.33683 0
    outer loop
      vertex 26.5706 19.3494 0
      vertex 26.6268 19.5065 34
      vertex 26.6268 19.5065 0
    endloop
  endfacet
  facet normal -0.941566 0.33683 0
    outer loop
      vertex 26.6268 19.5065 34
      vertex 26.5706 19.3494 0
      vertex 26.5706 19.3494 34
    endloop
  endfacet
  facet normal -0.741024 -0.671478 0
    outer loop
      vertex 26.3141 21.0785 0
      vertex 26.2021 21.2021 34
      vertex 26.2021 21.2021 0
    endloop
  endfacet
  facet normal -0.741024 -0.671478 0
    outer loop
      vertex 26.2021 21.2021 34
      vertex 26.3141 21.0785 0
      vertex 26.3141 21.0785 34
    endloop
  endfacet
  facet normal 0.242818 0.970072 -0
    outer loop
      vertex 24.6683 18.3327 0
      vertex 24.5065 18.3732 34
      vertex 24.6683 18.3327 34
    endloop
  endfacet
  facet normal 0.242818 0.970072 0
    outer loop
      vertex 24.5065 18.3732 34
      vertex 24.6683 18.3327 0
      vertex 24.5065 18.3732 0
    endloop
  endfacet
  facet normal -0.595772 0.803154 0
    outer loop
      vertex 26.0785 18.6859 0
      vertex 25.9445 18.5865 34
      vertex 26.0785 18.6859 34
    endloop
  endfacet
  facet normal -0.595772 0.803154 0
    outer loop
      vertex 25.9445 18.5865 34
      vertex 26.0785 18.6859 0
      vertex 25.9445 18.5865 0
    endloop
  endfacet
  facet normal -0.857652 0.514231 0
    outer loop
      vertex 26.4135 19.0555 0
      vertex 26.4993 19.1986 34
      vertex 26.4993 19.1986 0
    endloop
  endfacet
  facet normal -0.857652 0.514231 0
    outer loop
      vertex 26.4993 19.1986 34
      vertex 26.4135 19.0555 0
      vertex 26.4135 19.0555 34
    endloop
  endfacet
  facet normal 0.803154 0.595772 0
    outer loop
      vertex 23.6859 18.9215 34
      vertex 23.5865 19.0555 0
      vertex 23.5865 19.0555 34
    endloop
  endfacet
  facet normal 0.803154 0.595772 0
    outer loop
      vertex 23.5865 19.0555 0
      vertex 23.6859 18.9215 34
      vertex 23.6859 18.9215 0
    endloop
  endfacet
  facet normal 0.857652 -0.514231 0
    outer loop
      vertex 23.5007 20.8014 34
      vertex 23.5865 20.9445 0
      vertex 23.5865 20.9445 34
    endloop
  endfacet
  facet normal 0.857652 -0.514231 0
    outer loop
      vertex 23.5865 20.9445 0
      vertex 23.5007 20.8014 34
      vertex 23.5007 20.8014 0
    endloop
  endfacet
  facet normal -0.33683 0.941566 0
    outer loop
      vertex 25.6506 18.4294 0
      vertex 25.4935 18.3732 34
      vertex 25.6506 18.4294 34
    endloop
  endfacet
  facet normal -0.33683 0.941566 0
    outer loop
      vertex 25.4935 18.3732 34
      vertex 25.6506 18.4294 0
      vertex 25.4935 18.3732 0
    endloop
  endfacet
  facet normal 0.998791 -0.0491602 0
    outer loop
      vertex 23.3 20 34
      vertex 23.3082 20.1666 0
      vertex 23.3082 20.1666 34
    endloop
  endfacet
  facet normal 0.998791 -0.0491602 0
    outer loop
      vertex 23.3082 20.1666 0
      vertex 23.3 20 34
      vertex 23.3 20 0
    endloop
  endfacet
  facet normal 0.998791 0.0491602 0
    outer loop
      vertex 23.3082 19.8334 34
      vertex 23.3 20 0
      vertex 23.3 20 34
    endloop
  endfacet
  facet normal 0.998791 0.0491602 0
    outer loop
      vertex 23.3 20 0
      vertex 23.3082 19.8334 34
      vertex 23.3082 19.8334 0
    endloop
  endfacet
  facet normal -1 0 0
    outer loop
      vertex 5.9 -6.2 32.915
      vertex 5.9 6.2 34
      vertex 5.9 6.2 32.915
    endloop
  endfacet
  facet normal -1 -0 0
    outer loop
      vertex 5.9 6.2 34
      vertex 5.9 -6.2 32.915
      vertex 5.9 -6.2 34
    endloop
  endfacet
  facet normal 1 -0 0
    outer loop
      vertex -17.1 -6.2 34
      vertex -17.1 6.2 32.915
      vertex -17.1 6.2 34
    endloop
  endfacet
  facet normal 1 0 0
    outer loop
      vertex -17.1 6.2 32.915
      vertex -17.1 -6.2 34
      vertex -17.1 -6.2 32.915
    endloop
  endfacet
  facet normal 0 -1 0
    outer loop
      vertex -17.1 6.2 32.915
      vertex 5.9 6.2 34
      vertex -17.1 6.2 34
    endloop
  endfacet
  facet normal 0 -1 -0
    outer loop
      vertex 5.9 6.2 34
      vertex -17.1 6.2 32.915
      vertex 5.9 6.2 32.915
    endloop
  endfacet
  facet normal 0 1 -0
    outer loop
      vertex 5.9 -6.2 32.915
      vertex -17.1 -6.2 34
      vertex 5.9 -6.2 34
    endloop
  endfacet
  facet normal 0 1 0
    outer loop
      vertex -17.1 -6.2 34
      vertex 5.9 -6.2 32.915
      vertex -17.1 -6.2 32.915
    endloop
  endfacet
  facet normal 0 -1 0
    outer loop
      vertex -18.6 7.7 32.905
      vertex 7.4 7.7 32.915
      vertex -18.6 7.7 32.915
    endloop
  endfacet
  facet normal 0 -1 -0
    outer loop
      vertex 7.4 7.7 32.915
      vertex -18.6 7.7 32.905
      vertex 7.4 7.7 32.905
    endloop
  endfacet
  facet normal -0.826226 0 0.563339
    outer loop
      vertex 6.36704 -6.66705 31.39
      vertex 7.4 7.7 32.905
      vertex 6.36704 6.66705 31.39
    endloop
  endfacet
  facet normal -0.826226 0 0.563339
    outer loop
      vertex 7.4 7.7 32.905
      vertex 6.36704 -6.66705 31.39
      vertex 7.4 -7.7 32.905
    endloop
  endfacet
  facet normal 0 0 -1
    outer loop
      vertex 7.4 -7.7 32.915
      vertex 5.9 -6.2 32.915
      vertex 7.4 7.7 32.915
    endloop
  endfacet
  facet normal 0 0 -1
    outer loop
      vertex 7.4 -7.7 32.915
      vertex -17.1 -6.2 32.915
      vertex 5.9 -6.2 32.915
    endloop
  endfacet
  facet normal -0 0 -1
    outer loop
      vertex -17.1 -6.2 32.915
      vertex -18.6 -7.7 32.915
      vertex -17.1 6.2 32.915
    endloop
  endfacet
  facet normal 0 0 -1
    outer loop
      vertex -18.6 -7.7 32.915
      vertex -17.1 -6.2 32.915
      vertex 7.4 -7.7 32.915
    endloop
  endfacet
  facet normal 0 0 -1
    outer loop
      vertex 5.9 6.2 32.915
      vertex 7.4 7.7 32.915
      vertex 5.9 -6.2 32.915
    endloop
  endfacet
  facet normal 0 0 -1
    outer loop
      vertex -17.1 6.2 32.915
      vertex 7.4 7.7 32.915
      vertex 5.9 6.2 32.915
    endloop
  endfacet
  facet normal 0 0 -1
    outer loop
      vertex -17.1 6.2 32.915
      vertex -18.6 7.7 32.915
      vertex 7.4 7.7 32.915
    endloop
  endfacet
  facet normal 0 0 -1
    outer loop
      vertex -18.6 7.7 32.915
      vertex -17.1 6.2 32.915
      vertex -18.6 -7.7 32.915
    endloop
  endfacet
  facet normal 1 -0 0
    outer loop
      vertex -18.6 -7.7 32.915
      vertex -18.6 7.7 32.905
      vertex -18.6 7.7 32.915
    endloop
  endfacet
  facet normal 1 0 0
    outer loop
      vertex -18.6 7.7 32.905
      vertex -18.6 -7.7 32.915
      vertex -18.6 -7.7 32.905
    endloop
  endfacet
  facet normal 0 0.826228 0.563335
    outer loop
      vertex 6.36704 -6.66705 31.39
      vertex -18.6 -7.7 32.905
      vertex 7.4 -7.7 32.905
    endloop
  endfacet
  facet normal 0 0.826228 0.563335
    outer loop
      vertex -18.6 -7.7 32.905
      vertex 6.36704 -6.66705 31.39
      vertex -17.567 -6.66705 31.39
    endloop
  endfacet
  facet normal 0 -0.826228 0.563335
    outer loop
      vertex -17.567 6.66705 31.39
      vertex 7.4 7.7 32.905
      vertex -18.6 7.7 32.905
    endloop
  endfacet
  facet normal 0 -0.826228 0.563335
    outer loop
      vertex 7.4 7.7 32.905
      vertex -17.567 6.66705 31.39
      vertex 6.36704 6.66705 31.39
    endloop
  endfacet
  facet normal 0.826216 0 0.563354
    outer loop
      vertex -18.6 7.7 32.905
      vertex -17.567 -6.66705 31.39
      vertex -17.567 6.66705 31.39
    endloop
  endfacet
  facet normal 0.826216 0 0.563354
    outer loop
      vertex -17.567 -6.66705 31.39
      vertex -18.6 7.7 32.905
      vertex -18.6 -7.7 32.905
    endloop
  endfacet
  facet normal 0 1 -0
    outer loop
      vertex 7.4 -7.7 32.905
      vertex -18.6 -7.7 32.915
      vertex 7.4 -7.7 32.915
    endloop
  endfacet
  facet normal 0 1 0
    outer loop
      vertex -18.6 -7.7 32.915
      vertex 7.4 -7.7 32.905
      vertex -18.6 -7.7 32.905
    endloop
  endfacet
  facet normal -1 0 0
    outer loop
      vertex 7.4 -7.7 32.905
      vertex 7.4 7.7 32.915
      vertex 7.4 7.7 32.905
    endloop
  endfacet
  facet normal -1 -0 0
    outer loop
      vertex 7.4 7.7 32.915
      vertex 7.4 -7.7 32.905
      vertex 7.4 -7.7 32.915
    endloop
  endfacet
  facet normal 0 0 -1
    outer loop
      vertex -30 -7 8
      vertex -27.6 7 8
      vertex -27.6 -7 8
    endloop
  endfacet
  facet normal -0 0 -1
    outer loop
      vertex -27.6 7 8
      vertex -30 -7 8
      vertex -30 7 8
    endloop
  endfacet
  facet normal 0 -1 0
    outer loop
      vertex -30 7 0
      vertex -27.6 7 8
      vertex -30 7 8
    endloop
  endfacet
  facet normal 0 -1 -0
    outer loop
      vertex -27.6 7 8
      vertex -30 7 0
      vertex -27.6 7 0
    endloop
  endfacet
  facet normal 0 1 -0
    outer loop
      vertex -27.6 -7 0
      vertex -30 -7 8
      vertex -27.6 -7 8
    endloop
  endfacet
  facet normal 0 1 0
    outer loop
      vertex -30 -7 8
      vertex -27.6 -7 0
      vertex -30 -7 0
    endloop
  endfacet
  facet normal 0 0 -1
    outer loop
      vertex 27.6 -7 8
      vertex 30 7 8
      vertex 30 -7 8
    endloop
  endfacet
  facet normal -0 0 -1
    outer loop
      vertex 30 7 8
      vertex 27.6 -7 8
      vertex 27.6 7 8
    endloop
  endfacet
  facet normal 0 -1 0
    outer loop
      vertex 27.6 7 0
      vertex 30 7 8
      vertex 27.6 7 8
    endloop
  endfacet
  facet normal 0 -1 -0
    outer loop
      vertex 30 7 8
      vertex 27.6 7 0
      vertex 30 7 0
    endloop
  endfacet
  facet normal 0 1 -0
    outer loop
      vertex 30 -7 0
      vertex 27.6 -7 8
      vertex 30 -7 8
    endloop
  endfacet
  facet normal 0 1 0
    outer loop
      vertex 27.6 -7 8
      vertex 30 -7 0
      vertex 27.6 -7 0
    endloop
  endfacet
  facet normal 0.33634 0.941741 -0
    outer loop
      vertex -0.290284 18.0431 33.4
      vertex -0.382683 18.0761 34
      vertex -0.290284 18.0431 34
    endloop
  endfacet
  facet normal 0.33634 0.941741 0
    outer loop
      vertex -0.382683 18.0761 34
      vertex -0.290284 18.0431 33.4
      vertex -0.382683 18.0761 33.4
    endloop
  endfacet
  facet normal -0.989182 -0.146696 0
    outer loop
      vertex 0.995184 19.098 33.4
      vertex 0.980784 19.1951 34
      vertex 0.980784 19.1951 33.4
    endloop
  endfacet
  facet normal -0.989182 -0.146696 0
    outer loop
      vertex 0.980784 19.1951 34
      vertex 0.995184 19.098 33.4
      vertex 0.995184 19.098 34
    endloop
  endfacet
  facet normal -0.998795 -0.0490836 0
    outer loop
      vertex 1 19 33.4
      vertex 0.995184 19.098 34
      vertex 0.995184 19.098 33.4
    endloop
  endfacet
  facet normal -0.998795 -0.0490836 0
    outer loop
      vertex 0.995184 19.098 34
      vertex 1 19 33.4
      vertex 1 19 34
    endloop
  endfacet
  facet normal -0.970037 -0.242958 0
    outer loop
      vertex 0.980784 19.1951 33.4
      vertex 0.95694 19.2903 34
      vertex 0.95694 19.2903 33.4
    endloop
  endfacet
  facet normal -0.970037 -0.242958 0
    outer loop
      vertex 0.95694 19.2903 34
      vertex 0.980784 19.1951 33.4
      vertex 0.980784 19.1951 34
    endloop
  endfacet
  facet normal 0.989182 -0.146696 0
    outer loop
      vertex -0.995184 19.098 34
      vertex -0.980784 19.1951 33.4
      vertex -0.980784 19.1951 34
    endloop
  endfacet
  facet normal 0.989182 -0.146696 0
    outer loop
      vertex -0.980784 19.1951 33.4
      vertex -0.995184 19.098 34
      vertex -0.995184 19.098 33.4
    endloop
  endfacet
  facet normal 0.243509 0.969899 -0
    outer loop
      vertex -0.19509 18.0192 33.4
      vertex -0.290284 18.0431 34
      vertex -0.19509 18.0192 34
    endloop
  endfacet
  facet normal 0.243509 0.969899 0
    outer loop
      vertex -0.290284 18.0431 34
      vertex -0.19509 18.0192 33.4
      vertex -0.290284 18.0431 33.4
    endloop
  endfacet
  facet normal -0.33634 -0.941741 0
    outer loop
      vertex 0.290284 19.9569 33.4
      vertex 0.382683 19.9239 34
      vertex 0.290284 19.9569 34
    endloop
  endfacet
  facet normal -0.33634 -0.941741 -0
    outer loop
      vertex 0.382683 19.9239 34
      vertex 0.290284 19.9569 33.4
      vertex 0.382683 19.9239 33.4
    endloop
  endfacet
  facet normal 0.513713 -0.857962 0
    outer loop
      vertex -0.55557 19.8315 33.4
      vertex -0.471396 19.8819 34
      vertex -0.55557 19.8315 34
    endloop
  endfacet
  facet normal 0.513713 -0.857962 0
    outer loop
      vertex -0.471396 19.8819 34
      vertex -0.55557 19.8315 33.4
      vertex -0.471396 19.8819 33.4
    endloop
  endfacet
  facet normal 0.903966 0.427605 0
    outer loop
      vertex -0.881921 18.5286 34
      vertex -0.923879 18.6173 33.4
      vertex -0.923879 18.6173 34
    endloop
  endfacet
  facet normal 0.903966 0.427605 0
    outer loop
      vertex -0.923879 18.6173 33.4
      vertex -0.881921 18.5286 34
      vertex -0.881921 18.5286 33.4
    endloop
  endfacet
  facet normal 0.243509 -0.969899 0
    outer loop
      vertex -0.290284 19.9569 33.4
      vertex -0.19509 19.9808 34
      vertex -0.290284 19.9569 34
    endloop
  endfacet
  facet normal 0.243509 -0.969899 0
    outer loop
      vertex -0.19509 19.9808 34
      vertex -0.290284 19.9569 33.4
      vertex -0.19509 19.9808 33.4
    endloop
  endfacet
  facet normal 0.857803 0.513979 0
    outer loop
      vertex -0.83147 18.4444 34
      vertex -0.881921 18.5286 33.4
      vertex -0.881921 18.5286 34
    endloop
  endfacet
  facet normal 0.857803 0.513979 0
    outer loop
      vertex -0.881921 18.5286 33.4
      vertex -0.83147 18.4444 34
      vertex -0.83147 18.4444 33.4
    endloop
  endfacet
  facet normal -0.243509 0.969899 0
    outer loop
      vertex 0.290284 18.0431 33.4
      vertex 0.19509 18.0192 34
      vertex 0.290284 18.0431 34
    endloop
  endfacet
  facet normal -0.243509 0.969899 0
    outer loop
      vertex 0.19509 18.0192 34
      vertex 0.290284 18.0431 33.4
      vertex 0.19509 18.0192 33.4
    endloop
  endfacet
  facet normal 0.595968 0.803008 -0
    outer loop
      vertex -0.55557 18.1685 33.4
      vertex -0.634393 18.227 34
      vertex -0.55557 18.1685 34
    endloop
  endfacet
  facet normal 0.595968 0.803008 0
    outer loop
      vertex -0.634393 18.227 34
      vertex -0.55557 18.1685 33.4
      vertex -0.634393 18.227 33.4
    endloop
  endfacet
  facet normal -0.513713 0.857962 0
    outer loop
      vertex 0.55557 18.1685 33.4
      vertex 0.471396 18.1181 34
      vertex 0.55557 18.1685 34
    endloop
  endfacet
  facet normal -0.513713 0.857962 0
    outer loop
      vertex 0.471396 18.1181 34
      vertex 0.55557 18.1685 33.4
      vertex 0.471396 18.1181 33.4
    endloop
  endfacet
  facet normal -0.80312 0.595817 0
    outer loop
      vertex 0.77301 18.3656 33.4
      vertex 0.83147 18.4444 34
      vertex 0.83147 18.4444 33.4
    endloop
  endfacet
  facet normal -0.80312 0.595817 0
    outer loop
      vertex 0.83147 18.4444 34
      vertex 0.77301 18.3656 33.4
      vertex 0.77301 18.3656 34
    endloop
  endfacet
  facet normal -0.146736 -0.989176 0
    outer loop
      vertex 0.0980167 19.9952 33.4
      vertex 0.19509 19.9808 34
      vertex 0.0980167 19.9952 34
    endloop
  endfacet
  facet normal -0.146736 -0.989176 -0
    outer loop
      vertex 0.19509 19.9808 34
      vertex 0.0980167 19.9952 33.4
      vertex 0.19509 19.9808 33.4
    endloop
  endfacet
  facet normal 0.595968 -0.803008 0
    outer loop
      vertex -0.634393 19.773 33.4
      vertex -0.55557 19.8315 34
      vertex -0.634393 19.773 34
    endloop
  endfacet
  facet normal 0.595968 -0.803008 0
    outer loop
      vertex -0.55557 19.8315 34
      vertex -0.634393 19.773 33.4
      vertex -0.55557 19.8315 33.4
    endloop
  endfacet
  facet normal 0.80312 -0.595817 0
    outer loop
      vertex -0.83147 19.5556 34
      vertex -0.77301 19.6344 33.4
      vertex -0.77301 19.6344 34
    endloop
  endfacet
  facet normal 0.80312 -0.595817 0
    outer loop
      vertex -0.77301 19.6344 33.4
      vertex -0.83147 19.5556 34
      vertex -0.83147 19.5556 33.4
    endloop
  endfacet
  facet normal -0.989182 0.146696 0
    outer loop
      vertex 0.980784 18.8049 33.4
      vertex 0.995184 18.902 34
      vertex 0.995184 18.902 33.4
    endloop
  endfacet
  facet normal -0.989182 0.146696 0
    outer loop
      vertex 0.995184 18.902 34
      vertex 0.980784 18.8049 33.4
      vertex 0.980784 18.8049 34
    endloop
  endfacet
  facet normal 0.941545 -0.336888 0
    outer loop
      vertex -0.95694 19.2903 34
      vertex -0.923879 19.3827 33.4
      vertex -0.923879 19.3827 34
    endloop
  endfacet
  facet normal 0.941545 -0.336888 0
    outer loop
      vertex -0.923879 19.3827 33.4
      vertex -0.95694 19.2903 34
      vertex -0.95694 19.2903 33.4
    endloop
  endfacet
  facet normal -0.427904 -0.903824 0
    outer loop
      vertex 0.382683 19.9239 33.4
      vertex 0.471396 19.8819 34
      vertex 0.382683 19.9239 34
    endloop
  endfacet
  facet normal -0.427904 -0.903824 -0
    outer loop
      vertex 0.471396 19.8819 34
      vertex 0.382683 19.9239 33.4
      vertex 0.471396 19.8819 33.4
    endloop
  endfacet
  facet normal 0.941545 0.336888 0
    outer loop
      vertex -0.923879 18.6173 34
      vertex -0.95694 18.7097 33.4
      vertex -0.95694 18.7097 34
    endloop
  endfacet
  facet normal 0.941545 0.336888 0
    outer loop
      vertex -0.95694 18.7097 33.4
      vertex -0.923879 18.6173 34
      vertex -0.923879 18.6173 33.4
    endloop
  endfacet
  facet normal -0.970037 0.242958 0
    outer loop
      vertex 0.95694 18.7097 33.4
      vertex 0.980784 18.8049 34
      vertex 0.980784 18.8049 33.4
    endloop
  endfacet
  facet normal -0.970037 0.242958 0
    outer loop
      vertex 0.980784 18.8049 34
      vertex 0.95694 18.7097 33.4
      vertex 0.95694 18.7097 34
    endloop
  endfacet
  facet normal 0.0489126 -0.998803 0
    outer loop
      vertex -0.0980167 19.9952 33.4
      vertex 0 20 34
      vertex -0.0980167 19.9952 34
    endloop
  endfacet
  facet normal 0.0489126 -0.998803 0
    outer loop
      vertex 0 20 34
      vertex -0.0980167 19.9952 33.4
      vertex 0 20 33.4
    endloop
  endfacet
  facet normal 0.427904 -0.903824 0
    outer loop
      vertex -0.471396 19.8819 33.4
      vertex -0.382683 19.9239 34
      vertex -0.471396 19.8819 34
    endloop
  endfacet
  facet normal 0.427904 -0.903824 0
    outer loop
      vertex -0.382683 19.9239 34
      vertex -0.471396 19.8819 33.4
      vertex -0.382683 19.9239 33.4
    endloop
  endfacet
  facet normal 0.671536 -0.740972 0
    outer loop
      vertex -0.707107 19.7071 33.4
      vertex -0.634393 19.773 34
      vertex -0.707107 19.7071 34
    endloop
  endfacet
  facet normal 0.671536 -0.740972 0
    outer loop
      vertex -0.634393 19.773 34
      vertex -0.707107 19.7071 33.4
      vertex -0.634393 19.773 33.4
    endloop
  endfacet
  facet normal -0.33634 0.941741 0
    outer loop
      vertex 0.382683 18.0761 33.4
      vertex 0.290284 18.0431 34
      vertex 0.382683 18.0761 34
    endloop
  endfacet
  facet normal -0.33634 0.941741 0
    outer loop
      vertex 0.290284 18.0431 34
      vertex 0.382683 18.0761 33.4
      vertex 0.290284 18.0431 33.4
    endloop
  endfacet
  facet normal 0.33634 -0.941741 0
    outer loop
      vertex -0.382683 19.9239 33.4
      vertex -0.290284 19.9569 34
      vertex -0.382683 19.9239 34
    endloop
  endfacet
  facet normal 0.33634 -0.941741 0
    outer loop
      vertex -0.290284 19.9569 34
      vertex -0.382683 19.9239 33.4
      vertex -0.290284 19.9569 33.4
    endloop
  endfacet
  facet normal -0.80312 -0.595817 0
    outer loop
      vertex 0.83147 19.5556 33.4
      vertex 0.77301 19.6344 34
      vertex 0.77301 19.6344 33.4
    endloop
  endfacet
  facet normal -0.80312 -0.595817 0
    outer loop
      vertex 0.77301 19.6344 34
      vertex 0.83147 19.5556 33.4
      vertex 0.83147 19.5556 34
    endloop
  endfacet
  facet normal 0.857803 -0.513979 0
    outer loop
      vertex -0.881921 19.4714 34
      vertex -0.83147 19.5556 33.4
      vertex -0.83147 19.5556 34
    endloop
  endfacet
  facet normal 0.857803 -0.513979 0
    outer loop
      vertex -0.83147 19.5556 33.4
      vertex -0.881921 19.4714 34
      vertex -0.881921 19.4714 33.4
    endloop
  endfacet
  facet normal -0.998795 0.0490836 0
    outer loop
      vertex 0.995184 18.902 33.4
      vertex 1 19 34
      vertex 1 19 33.4
    endloop
  endfacet
  facet normal -0.998795 0.0490836 0
    outer loop
      vertex 1 19 34
      vertex 0.995184 18.902 33.4
      vertex 0.995184 18.902 34
    endloop
  endfacet
  facet normal -0.903966 0.427605 0
    outer loop
      vertex 0.881921 18.5286 33.4
      vertex 0.923879 18.6173 34
      vertex 0.923879 18.6173 33.4
    endloop
  endfacet
  facet normal -0.903966 0.427605 0
    outer loop
      vertex 0.923879 18.6173 34
      vertex 0.881921 18.5286 33.4
      vertex 0.881921 18.5286 34
    endloop
  endfacet
  facet normal -0.857803 -0.513979 0
    outer loop
      vertex 0.881921 19.4714 33.4
      vertex 0.83147 19.5556 34
      vertex 0.83147 19.5556 33.4
    endloop
  endfacet
  facet normal -0.857803 -0.513979 0
    outer loop
      vertex 0.83147 19.5556 34
      vertex 0.881921 19.4714 33.4
      vertex 0.881921 19.4714 34
    endloop
  endfacet
  facet normal 0.671536 0.740972 -0
    outer loop
      vertex -0.634393 18.227 33.4
      vertex -0.707107 18.2929 34
      vertex -0.634393 18.227 34
    endloop
  endfacet
  facet normal 0.671536 0.740972 0
    outer loop
      vertex -0.707107 18.2929 34
      vertex -0.634393 18.227 33.4
      vertex -0.707107 18.2929 33.4
    endloop
  endfacet
  facet normal -0.595968 -0.803008 0
    outer loop
      vertex 0.55557 19.8315 33.4
      vertex 0.634393 19.773 34
      vertex 0.55557 19.8315 34
    endloop
  endfacet
  facet normal -0.595968 -0.803008 -0
    outer loop
      vertex 0.634393 19.773 34
      vertex 0.55557 19.8315 33.4
      vertex 0.634393 19.773 33.4
    endloop
  endfacet
  facet normal 0.513713 0.857962 -0
    outer loop
      vertex -0.471396 18.1181 33.4
      vertex -0.55557 18.1685 34
      vertex -0.471396 18.1181 34
    endloop
  endfacet
  facet normal 0.513713 0.857962 0
    outer loop
      vertex -0.55557 18.1685 34
      vertex -0.471396 18.1181 33.4
      vertex -0.55557 18.1685 33.4
    endloop
  endfacet
  facet normal -0.513713 -0.857962 0
    outer loop
      vertex 0.471396 19.8819 33.4
      vertex 0.55557 19.8315 34
      vertex 0.471396 19.8819 34
    endloop
  endfacet
  facet normal -0.513713 -0.857962 -0
    outer loop
      vertex 0.55557 19.8315 34
      vertex 0.471396 19.8819 33.4
      vertex 0.55557 19.8315 33.4
    endloop
  endfacet
  facet normal -0.146736 0.989176 0
    outer loop
      vertex 0.19509 18.0192 33.4
      vertex 0.0980167 18.0048 34
      vertex 0.19509 18.0192 34
    endloop
  endfacet
  facet normal -0.146736 0.989176 0
    outer loop
      vertex 0.0980167 18.0048 34
      vertex 0.19509 18.0192 33.4
      vertex 0.0980167 18.0048 33.4
    endloop
  endfacet
  facet normal -0.941545 -0.336888 0
    outer loop
      vertex 0.95694 19.2903 33.4
      vertex 0.923879 19.3827 34
      vertex 0.923879 19.3827 33.4
    endloop
  endfacet
  facet normal -0.941545 -0.336888 0
    outer loop
      vertex 0.923879 19.3827 34
      vertex 0.95694 19.2903 33.4
      vertex 0.95694 19.2903 34
    endloop
  endfacet
  facet normal -0.857803 0.513979 0
    outer loop
      vertex 0.83147 18.4444 33.4
      vertex 0.881921 18.5286 34
      vertex 0.881921 18.5286 33.4
    endloop
  endfacet
  facet normal -0.857803 0.513979 0
    outer loop
      vertex 0.881921 18.5286 34
      vertex 0.83147 18.4444 33.4
      vertex 0.83147 18.4444 34
    endloop
  endfacet
  facet normal 0.998795 0.0490836 0
    outer loop
      vertex -0.995184 18.902 34
      vertex -1 19 33.4
      vertex -1 19 34
    endloop
  endfacet
  facet normal 0.998795 0.0490836 0
    outer loop
      vertex -1 19 33.4
      vertex -0.995184 18.902 34
      vertex -0.995184 18.902 33.4
    endloop
  endfacet
  facet normal -0.941545 0.336888 0
    outer loop
      vertex 0.923879 18.6173 33.4
      vertex 0.95694 18.7097 34
      vertex 0.95694 18.7097 33.4
    endloop
  endfacet
  facet normal -0.941545 0.336888 0
    outer loop
      vertex 0.95694 18.7097 34
      vertex 0.923879 18.6173 33.4
      vertex 0.923879 18.6173 34
    endloop
  endfacet
  facet normal -0.740892 -0.671624 0
    outer loop
      vertex 0.77301 19.6344 33.4
      vertex 0.707107 19.7071 34
      vertex 0.707107 19.7071 33.4
    endloop
  endfacet
  facet normal -0.740892 -0.671624 0
    outer loop
      vertex 0.707107 19.7071 34
      vertex 0.77301 19.6344 33.4
      vertex 0.77301 19.6344 34
    endloop
  endfacet
  facet normal -0.0489126 -0.998803 0
    outer loop
      vertex 0 20 33.4
      vertex 0.0980167 19.9952 34
      vertex 0 20 34
    endloop
  endfacet
  facet normal -0.0489126 -0.998803 -0
    outer loop
      vertex 0.0980167 19.9952 34
      vertex 0 20 33.4
      vertex 0.0980167 19.9952 33.4
    endloop
  endfacet
  facet normal -0.903966 -0.427605 0
    outer loop
      vertex 0.923879 19.3827 33.4
      vertex 0.881921 19.4714 34
      vertex 0.881921 19.4714 33.4
    endloop
  endfacet
  facet normal -0.903966 -0.427605 0
    outer loop
      vertex 0.881921 19.4714 34
      vertex 0.923879 19.3827 33.4
      vertex 0.923879 19.3827 34
    endloop
  endfacet
  facet normal 0.146736 0.989176 -0
    outer loop
      vertex -0.0980167 18.0048 33.4
      vertex -0.19509 18.0192 34
      vertex -0.0980167 18.0048 34
    endloop
  endfacet
  facet normal 0.146736 0.989176 0
    outer loop
      vertex -0.19509 18.0192 34
      vertex -0.0980167 18.0048 33.4
      vertex -0.19509 18.0192 33.4
    endloop
  endfacet
  facet normal -0.671536 0.740972 0
    outer loop
      vertex 0.707107 18.2929 33.4
      vertex 0.634393 18.227 34
      vertex 0.707107 18.2929 34
    endloop
  endfacet
  facet normal -0.671536 0.740972 0
    outer loop
      vertex 0.634393 18.227 34
      vertex 0.707107 18.2929 33.4
      vertex 0.634393 18.227 33.4
    endloop
  endfacet
  facet normal 0.0489126 0.998803 -0
    outer loop
      vertex 0 18 33.4
      vertex -0.0980167 18.0048 34
      vertex 0 18 34
    endloop
  endfacet
  facet normal 0.0489126 0.998803 0
    outer loop
      vertex -0.0980167 18.0048 34
      vertex 0 18 33.4
      vertex -0.0980167 18.0048 33.4
    endloop
  endfacet
  facet normal 0.740892 -0.671624 0
    outer loop
      vertex -0.77301 19.6344 34
      vertex -0.707107 19.7071 33.4
      vertex -0.707107 19.7071 34
    endloop
  endfacet
  facet normal 0.740892 -0.671624 0
    outer loop
      vertex -0.707107 19.7071 33.4
      vertex -0.77301 19.6344 34
      vertex -0.77301 19.6344 33.4
    endloop
  endfacet
  facet normal -0.671536 -0.740972 0
    outer loop
      vertex 0.634393 19.773 33.4
      vertex 0.707107 19.7071 34
      vertex 0.634393 19.773 34
    endloop
  endfacet
  facet normal -0.671536 -0.740972 -0
    outer loop
      vertex 0.707107 19.7071 34
      vertex 0.634393 19.773 33.4
      vertex 0.707107 19.7071 33.4
    endloop
  endfacet
  facet normal 0.146736 -0.989176 0
    outer loop
      vertex -0.19509 19.9808 33.4
      vertex -0.0980167 19.9952 34
      vertex -0.19509 19.9808 34
    endloop
  endfacet
  facet normal 0.146736 -0.989176 0
    outer loop
      vertex -0.0980167 19.9952 34
      vertex -0.19509 19.9808 33.4
      vertex -0.0980167 19.9952 33.4
    endloop
  endfacet
  facet normal 0.903966 -0.427605 0
    outer loop
      vertex -0.923879 19.3827 34
      vertex -0.881921 19.4714 33.4
      vertex -0.881921 19.4714 34
    endloop
  endfacet
  facet normal 0.903966 -0.427605 0
    outer loop
      vertex -0.881921 19.4714 33.4
      vertex -0.923879 19.3827 34
      vertex -0.923879 19.3827 33.4
    endloop
  endfacet
  facet normal 0.970037 -0.242958 0
    outer loop
      vertex -0.980784 19.1951 34
      vertex -0.95694 19.2903 33.4
      vertex -0.95694 19.2903 34
    endloop
  endfacet
  facet normal 0.970037 -0.242958 0
    outer loop
      vertex -0.95694 19.2903 33.4
      vertex -0.980784 19.1951 34
      vertex -0.980784 19.1951 33.4
    endloop
  endfacet
  facet normal -0.243509 -0.969899 0
    outer loop
      vertex 0.19509 19.9808 33.4
      vertex 0.290284 19.9569 34
      vertex 0.19509 19.9808 34
    endloop
  endfacet
  facet normal -0.243509 -0.969899 -0
    outer loop
      vertex 0.290284 19.9569 34
      vertex 0.19509 19.9808 33.4
      vertex 0.290284 19.9569 33.4
    endloop
  endfacet
  facet normal 0.970037 0.242958 0
    outer loop
      vertex -0.95694 18.7097 34
      vertex -0.980784 18.8049 33.4
      vertex -0.980784 18.8049 34
    endloop
  endfacet
  facet normal 0.970037 0.242958 0
    outer loop
      vertex -0.980784 18.8049 33.4
      vertex -0.95694 18.7097 34
      vertex -0.95694 18.7097 33.4
    endloop
  endfacet
  facet normal 0.427904 0.903824 -0
    outer loop
      vertex -0.382683 18.0761 33.4
      vertex -0.471396 18.1181 34
      vertex -0.382683 18.0761 34
    endloop
  endfacet
  facet normal 0.427904 0.903824 0
    outer loop
      vertex -0.471396 18.1181 34
      vertex -0.382683 18.0761 33.4
      vertex -0.471396 18.1181 33.4
    endloop
  endfacet
  facet normal 0.740892 0.671624 0
    outer loop
      vertex -0.707107 18.2929 34
      vertex -0.77301 18.3656 33.4
      vertex -0.77301 18.3656 34
    endloop
  endfacet
  facet normal 0.740892 0.671624 0
    outer loop
      vertex -0.77301 18.3656 33.4
      vertex -0.707107 18.2929 34
      vertex -0.707107 18.2929 33.4
    endloop
  endfacet
  facet normal -0.427904 0.903824 0
    outer loop
      vertex 0.471396 18.1181 33.4
      vertex 0.382683 18.0761 34
      vertex 0.471396 18.1181 34
    endloop
  endfacet
  facet normal -0.427904 0.903824 0
    outer loop
      vertex 0.382683 18.0761 34
      vertex 0.471396 18.1181 33.4
      vertex 0.382683 18.0761 33.4
    endloop
  endfacet
  facet normal -0.0489126 0.998803 0
    outer loop
      vertex 0.0980167 18.0048 33.4
      vertex 0 18 34
      vertex 0.0980167 18.0048 34
    endloop
  endfacet
  facet normal -0.0489126 0.998803 0
    outer loop
      vertex 0 18 34
      vertex 0.0980167 18.0048 33.4
      vertex 0 18 33.4
    endloop
  endfacet
  facet normal 0.989182 0.146696 0
    outer loop
      vertex -0.980784 18.8049 34
      vertex -0.995184 18.902 33.4
      vertex -0.995184 18.902 34
    endloop
  endfacet
  facet normal 0.989182 0.146696 0
    outer loop
      vertex -0.995184 18.902 33.4
      vertex -0.980784 18.8049 34
      vertex -0.980784 18.8049 33.4
    endloop
  endfacet
  facet normal -0.595968 0.803008 0
    outer loop
      vertex 0.634393 18.227 33.4
      vertex 0.55557 18.1685 34
      vertex 0.634393 18.227 34
    endloop
  endfacet
  facet normal -0.595968 0.803008 0
    outer loop
      vertex 0.55557 18.1685 34
      vertex 0.634393 18.227 33.4
      vertex 0.55557 18.1685 33.4
    endloop
  endfacet
  facet normal 0.80312 0.595817 0
    outer loop
      vertex -0.77301 18.3656 34
      vertex -0.83147 18.4444 33.4
      vertex -0.83147 18.4444 34
    endloop
  endfacet
  facet normal 0.80312 0.595817 0
    outer loop
      vertex -0.83147 18.4444 33.4
      vertex -0.77301 18.3656 34
      vertex -0.77301 18.3656 33.4
    endloop
  endfacet
  facet normal 0.998795 -0.0490836 0
    outer loop
      vertex -1 19 34
      vertex -0.995184 19.098 33.4
      vertex -0.995184 19.098 34
    endloop
  endfacet
  facet normal 0.998795 -0.0490836 0
    outer loop
      vertex -0.995184 19.098 33.4
      vertex -1 19 34
      vertex -1 19 33.4
    endloop
  endfacet
  facet normal 0 0 1
    outer loop
      vertex 0.995184 19.098 33.4
      vertex 0.995184 18.902 33.4
      vertex 1 19 33.4
    endloop
  endfacet
  facet normal 0 0 1
    outer loop
      vertex 0.980784 19.1951 33.4
      vertex 0.995184 18.902 33.4
      vertex 0.995184 19.098 33.4
    endloop
  endfacet
  facet normal 0 0 1
    outer loop
      vertex 0.980784 19.1951 33.4
      vertex 0.980784 18.8049 33.4
      vertex 0.995184 18.902 33.4
    endloop
  endfacet
  facet normal 0 0 1
    outer loop
      vertex 0.95694 19.2903 33.4
      vertex 0.980784 18.8049 33.4
      vertex 0.980784 19.1951 33.4
    endloop
  endfacet
  facet normal 0 0 1
    outer loop
      vertex 0.95694 19.2903 33.4
      vertex 0.95694 18.7097 33.4
      vertex 0.980784 18.8049 33.4
    endloop
  endfacet
  facet normal 0 0 1
    outer loop
      vertex 0.923879 19.3827 33.4
      vertex 0.95694 18.7097 33.4
      vertex 0.95694 19.2903 33.4
    endloop
  endfacet
  facet normal 0 0 1
    outer loop
      vertex 0.923879 19.3827 33.4
      vertex 0.923879 18.6173 33.4
      vertex 0.95694 18.7097 33.4
    endloop
  endfacet
  facet normal 0 0 1
    outer loop
      vertex 0.881921 19.4714 33.4
      vertex 0.923879 18.6173 33.4
      vertex 0.923879 19.3827 33.4
    endloop
  endfacet
  facet normal 0 0 1
    outer loop
      vertex 0.881921 19.4714 33.4
      vertex 0.881921 18.5286 33.4
      vertex 0.923879 18.6173 33.4
    endloop
  endfacet
  facet normal 0 0 1
    outer loop
      vertex 0.83147 19.5556 33.4
      vertex 0.881921 18.5286 33.4
      vertex 0.881921 19.4714 33.4
    endloop
  endfacet
  facet normal 0 0 1
    outer loop
      vertex 0.83147 19.5556 33.4
      vertex 0.83147 18.4444 33.4
      vertex 0.881921 18.5286 33.4
    endloop
  endfacet
  facet normal 0 0 1
    outer loop
      vertex 0.77301 19.6344 33.4
      vertex 0.83147 18.4444 33.4
      vertex 0.83147 19.5556 33.4
    endloop
  endfacet
  facet normal 0 0 1
    outer loop
      vertex 0.77301 19.6344 33.4
      vertex 0.77301 18.3656 33.4
      vertex 0.83147 18.4444 33.4
    endloop
  endfacet
  facet normal 0 0 1
    outer loop
      vertex 0.707107 19.7071 33.4
      vertex 0.77301 18.3656 33.4
      vertex 0.77301 19.6344 33.4
    endloop
  endfacet
  facet normal 0 0 1
    outer loop
      vertex 0.707107 19.7071 33.4
      vertex 0.707107 18.2929 33.4
      vertex 0.77301 18.3656 33.4
    endloop
  endfacet
  facet normal 0 0 1
    outer loop
      vertex 0.634393 19.773 33.4
      vertex 0.707107 18.2929 33.4
      vertex 0.707107 19.7071 33.4
    endloop
  endfacet
  facet normal 0 0 1
    outer loop
      vertex 0.634393 19.773 33.4
      vertex 0.634393 18.227 33.4
      vertex 0.707107 18.2929 33.4
    endloop
  endfacet
  facet normal 0 0 1
    outer loop
      vertex 0.55557 19.8315 33.4
      vertex 0.634393 18.227 33.4
      vertex 0.634393 19.773 33.4
    endloop
  endfacet
  facet normal 0 0 1
    outer loop
      vertex 0.55557 19.8315 33.4
      vertex 0.55557 18.1685 33.4
      vertex 0.634393 18.227 33.4
    endloop
  endfacet
  facet normal 0 0 1
    outer loop
      vertex 0.471396 19.8819 33.4
      vertex 0.55557 18.1685 33.4
      vertex 0.55557 19.8315 33.4
    endloop
  endfacet
  facet normal 0 0 1
    outer loop
      vertex 0.471396 19.8819 33.4
      vertex 0.471396 18.1181 33.4
      vertex 0.55557 18.1685 33.4
    endloop
  endfacet
  facet normal 0 0 1
    outer loop
      vertex 0.382683 19.9239 33.4
      vertex 0.471396 18.1181 33.4
      vertex 0.471396 19.8819 33.4
    endloop
  endfacet
  facet normal 0 0 1
    outer loop
      vertex 0.382683 19.9239 33.4
      vertex 0.382683 18.0761 33.4
      vertex 0.471396 18.1181 33.4
    endloop
  endfacet
  facet normal 0 0 1
    outer loop
      vertex 0.290284 19.9569 33.4
      vertex 0.382683 18.0761 33.4
      vertex 0.382683 19.9239 33.4
    endloop
  endfacet
  facet normal 0 0 1
    outer loop
      vertex 0.290284 19.9569 33.4
      vertex 0.290284 18.0431 33.4
      vertex 0.382683 18.0761 33.4
    endloop
  endfacet
  facet normal 0 0 1
    outer loop
      vertex 0.19509 19.9808 33.4
      vertex 0.290284 18.0431 33.4
      vertex 0.290284 19.9569 33.4
    endloop
  endfacet
  facet normal 0 0 1
    outer loop
      vertex 0.19509 19.9808 33.4
      vertex 0.19509 18.0192 33.4
      vertex 0.290284 18.0431 33.4
    endloop
  endfacet
  facet normal 0 0 1
    outer loop
      vertex 0.0980167 19.9952 33.4
      vertex 0.19509 18.0192 33.4
      vertex 0.19509 19.9808 33.4
    endloop
  endfacet
  facet normal 0 0 1
    outer loop
      vertex 0.0980167 19.9952 33.4
      vertex 0.0980167 18.0048 33.4
      vertex 0.19509 18.0192 33.4
    endloop
  endfacet
  facet normal 0 0 1
    outer loop
      vertex 0 20 33.4
      vertex 0.0980167 18.0048 33.4
      vertex 0.0980167 19.9952 33.4
    endloop
  endfacet
  facet normal 0 0 1
    outer loop
      vertex 0 20 33.4
      vertex 0 18 33.4
      vertex 0.0980167 18.0048 33.4
    endloop
  endfacet
  facet normal -0 0 1
    outer loop
      vertex -0.0980167 19.9952 33.4
      vertex 0 18 33.4
      vertex 0 20 33.4
    endloop
  endfacet
  facet normal 0 0 1
    outer loop
      vertex -0.0980167 19.9952 33.4
      vertex -0.0980167 18.0048 33.4
      vertex 0 18 33.4
    endloop
  endfacet
  facet normal -0 0 1
    outer loop
      vertex -0.19509 19.9808 33.4
      vertex -0.0980167 18.0048 33.4
      vertex -0.0980167 19.9952 33.4
    endloop
  endfacet
  facet normal 0 0 1
    outer loop
      vertex -0.19509 19.9808 33.4
      vertex -0.19509 18.0192 33.4
      vertex -0.0980167 18.0048 33.4
    endloop
  endfacet
  facet normal -0 0 1
    outer loop
      vertex -0.290284 19.9569 33.4
      vertex -0.19509 18.0192 33.4
      vertex -0.19509 19.9808 33.4
    endloop
  endfacet
  facet normal 0 0 1
    outer loop
      vertex -0.290284 19.9569 33.4
      vertex -0.290284 18.0431 33.4
      vertex -0.19509 18.0192 33.4
    endloop
  endfacet
  facet normal -0 0 1
    outer loop
      vertex -0.382683 19.9239 33.4
      vertex -0.290284 18.0431 33.4
      vertex -0.290284 19.9569 33.4
    endloop
  endfacet
  facet normal 0 0 1
    outer loop
      vertex -0.382683 19.9239 33.4
      vertex -0.382683 18.0761 33.4
      vertex -0.290284 18.0431 33.4
    endloop
  endfacet
  facet normal -0 0 1
    outer loop
      vertex -0.471396 19.8819 33.4
      vertex -0.382683 18.0761 33.4
      vertex -0.382683 19.9239 33.4
    endloop
  endfacet
  facet normal 0 0 1
    outer loop
      vertex -0.471396 19.8819 33.4
      vertex -0.471396 18.1181 33.4
      vertex -0.382683 18.0761 33.4
    endloop
  endfacet
  facet normal -0 0 1
    outer loop
      vertex -0.55557 19.8315 33.4
      vertex -0.471396 18.1181 33.4
      vertex -0.471396 19.8819 33.4
    endloop
  endfacet
  facet normal 0 0 1
    outer loop
      vertex -0.55557 19.8315 33.4
      vertex -0.55557 18.1685 33.4
      vertex -0.471396 18.1181 33.4
    endloop
  endfacet
  facet normal -0 0 1
    outer loop
      vertex -0.634393 19.773 33.4
      vertex -0.55557 18.1685 33.4
      vertex -0.55557 19.8315 33.4
    endloop
  endfacet
  facet normal 0 0 1
    outer loop
      vertex -0.634393 19.773 33.4
      vertex -0.634393 18.227 33.4
      vertex -0.55557 18.1685 33.4
    endloop
  endfacet
  facet normal -0 0 1
    outer loop
      vertex -0.707107 19.7071 33.4
      vertex -0.634393 18.227 33.4
      vertex -0.634393 19.773 33.4
    endloop
  endfacet
  facet normal 0 0 1
    outer loop
      vertex -0.707107 19.7071 33.4
      vertex -0.707107 18.2929 33.4
      vertex -0.634393 18.227 33.4
    endloop
  endfacet
  facet normal -0 0 1
    outer loop
      vertex -0.77301 19.6344 33.4
      vertex -0.707107 18.2929 33.4
      vertex -0.707107 19.7071 33.4
    endloop
  endfacet
  facet normal 0 0 1
    outer loop
      vertex -0.77301 19.6344 33.4
      vertex -0.77301 18.3656 33.4
      vertex -0.707107 18.2929 33.4
    endloop
  endfacet
  facet normal -0 0 1
    outer loop
      vertex -0.83147 19.5556 33.4
      vertex -0.77301 18.3656 33.4
      vertex -0.77301 19.6344 33.4
    endloop
  endfacet
  facet normal 0 0 1
    outer loop
      vertex -0.83147 19.5556 33.4
      vertex -0.83147 18.4444 33.4
      vertex -0.77301 18.3656 33.4
    endloop
  endfacet
  facet normal -0 0 1
    outer loop
      vertex -0.881921 19.4714 33.4
      vertex -0.83147 18.4444 33.4
      vertex -0.83147 19.5556 33.4
    endloop
  endfacet
  facet normal 0 0 1
    outer loop
      vertex -0.881921 19.4714 33.4
      vertex -0.881921 18.5286 33.4
      vertex -0.83147 18.4444 33.4
    endloop
  endfacet
  facet normal -0 0 1
    outer loop
      vertex -0.923879 19.3827 33.4
      vertex -0.881921 18.5286 33.4
      vertex -0.881921 19.4714 33.4
    endloop
  endfacet
  facet normal 0 0 1
    outer loop
      vertex -0.923879 19.3827 33.4
      vertex -0.923879 18.6173 33.4
      vertex -0.881921 18.5286 33.4
    endloop
  endfacet
  facet normal -0 0 1
    outer loop
      vertex -0.95694 19.2903 33.4
      vertex -0.923879 18.6173 33.4
      vertex -0.923879 19.3827 33.4
    endloop
  endfacet
  facet normal 0 0 1
    outer loop
      vertex -0.95694 19.2903 33.4
      vertex -0.95694 18.7097 33.4
      vertex -0.923879 18.6173 33.4
    endloop
  endfacet
  facet normal -0 0 1
    outer loop
      vertex -0.980784 19.1951 33.4
      vertex -0.95694 18.7097 33.4
      vertex -0.95694 19.2903 33.4
    endloop
  endfacet
  facet normal 0 0 1
    outer loop
      vertex -0.980784 19.1951 33.4
      vertex -0.980784 18.8049 33.4
      vertex -0.95694 18.7097 33.4
    endloop
  endfacet
  facet normal -0 0 1
    outer loop
      vertex -0.995184 19.098 33.4
      vertex -0.980784 18.8049 33.4
      vertex -0.980784 19.1951 33.4
    endloop
  endfacet
  facet normal 0 0 1
    outer loop
      vertex -0.995184 19.098 33.4
      vertex -0.995184 18.902 33.4
      vertex -0.980784 18.8049 33.4
    endloop
  endfacet
  facet normal 0 -0 1
    outer loop
      vertex -0.995184 18.902 33.4
      vertex -0.995184 19.098 33.4
      vertex -1 19 33.4
    endloop
  endfacet
  facet normal -0.740892 0.671624 0
    outer loop
      vertex 0.707107 18.2929 33.4
      vertex 0.77301 18.3656 34
      vertex 0.77301 18.3656 33.4
    endloop
  endfacet
  facet normal -0.740892 0.671624 0
    outer loop
      vertex 0.77301 18.3656 34
      vertex 0.707107 18.2929 33.4
      vertex 0.707107 18.2929 34
    endloop
  endfacet
endsolid OpenSCAD_Model
