solid OpenSCAD_Model
  facet normal 0.0491626 0.998791 -0
    outer loop
      vertex -18.6079 24.9807 0
      vertex -19 25 34
      vertex -18.6079 24.9807 34
    endloop
  endfacet
  facet normal 0.0491626 0.998791 0
    outer loop
      vertex -19 25 34
      vertex -18.6079 24.9807 0
      vertex -19 25 0
    endloop
  endfacet
  facet normal -0.0491626 -0.998791 0
    outer loop
      vertex -71.3921 -24.9807 0
      vertex -71 -25 34
      vertex -71.3921 -24.9807 34
    endloop
  endfacet
  facet normal -0.0491626 -0.998791 -0
    outer loop
      vertex -71 -25 34
      vertex -71.3921 -24.9807 0
      vertex -71 -25 0
    endloop
  endfacet
  facet normal 0.595794 -0.803137 0
    outer loop
      vertex -16.7777 -24.3259 0
      vertex -16.4624 -24.092 34
      vertex -16.7777 -24.3259 34
    endloop
  endfacet
  facet normal 0.595794 -0.803137 0
    outer loop
      vertex -16.4624 -24.092 34
      vertex -16.7777 -24.3259 0
      vertex -16.4624 -24.092 0
    endloop
  endfacet
  facet normal 1 0 0
    outer loop
      vertex -15 -7 34
      vertex -15 -21 34
      vertex -15 -7 26
    endloop
  endfacet
  facet normal 1 0 0
    outer loop
      vertex -15 7 26
      vertex -15 21 34
      vertex -15 7 34
    endloop
  endfacet
  facet normal 1 0 0
    outer loop
      vertex -15 21 34
      vertex -15 7 26
      vertex -15 21 0
    endloop
  endfacet
  facet normal 1 -0 0
    outer loop
      vertex -15 -7 26
      vertex -15 21 0
      vertex -15 7 26
    endloop
  endfacet
  facet normal 1 0 0
    outer loop
      vertex -15 -21 0
      vertex -15 -7 26
      vertex -15 -21 34
    endloop
  endfacet
  facet normal 1 0 0
    outer loop
      vertex -15 -7 26
      vertex -15 -21 0
      vertex -15 21 0
    endloop
  endfacet
  facet normal 0.42744 -0.904044 0
    outer loop
      vertex -17.4693 -24.6955 0
      vertex -17.1144 -24.5277 34
      vertex -17.4693 -24.6955 34
    endloop
  endfacet
  facet normal 0.42744 -0.904044 0
    outer loop
      vertex -17.1144 -24.5277 34
      vertex -17.4693 -24.6955 0
      vertex -17.1144 -24.5277 0
    endloop
  endfacet
  facet normal 0 -1 0
    outer loop
      vertex -71 -25 0
      vertex -19 -25 34
      vertex -71 -25 34
    endloop
  endfacet
  facet normal 0 -1 -0
    outer loop
      vertex -19 -25 34
      vertex -71 -25 0
      vertex -19 -25 0
    endloop
  endfacet
  facet normal -0.671607 -0.740908 0
    outer loop
      vertex -73.8284 -23.8284 0
      vertex -73.5376 -24.092 34
      vertex -73.8284 -23.8284 34
    endloop
  endfacet
  facet normal -0.671607 -0.740908 -0
    outer loop
      vertex -73.5376 -24.092 34
      vertex -73.8284 -23.8284 0
      vertex -73.5376 -24.092 0
    endloop
  endfacet
  facet normal -0.146733 -0.989176 0
    outer loop
      vertex -71.7804 -24.9231 0
      vertex -71.3921 -24.9807 34
      vertex -71.7804 -24.9231 34
    endloop
  endfacet
  facet normal -0.146733 -0.989176 -0
    outer loop
      vertex -71.3921 -24.9807 34
      vertex -71.7804 -24.9231 0
      vertex -71.3921 -24.9807 0
    endloop
  endfacet
  facet normal 0.514084 0.85774 -0
    outer loop
      vertex -16.7777 24.3259 0
      vertex -17.1144 24.5277 34
      vertex -16.7777 24.3259 34
    endloop
  endfacet
  facet normal 0.514084 0.85774 0
    outer loop
      vertex -17.1144 24.5277 34
      vertex -16.7777 24.3259 0
      vertex -17.1144 24.5277 0
    endloop
  endfacet
  facet normal 0 1 -0
    outer loop
      vertex -19 25 0
      vertex -71 25 34
      vertex -19 25 34
    endloop
  endfacet
  facet normal 0 1 0
    outer loop
      vertex -71 25 34
      vertex -19 25 0
      vertex -71 25 0
    endloop
  endfacet
  facet normal 0.595794 0.803137 -0
    outer loop
      vertex -16.4624 24.092 0
      vertex -16.7777 24.3259 34
      vertex -16.4624 24.092 34
    endloop
  endfacet
  facet normal 0.595794 0.803137 0
    outer loop
      vertex -16.7777 24.3259 34
      vertex -16.4624 24.092 0
      vertex -16.7777 24.3259 0
    endloop
  endfacet
  facet normal -0.803137 0.595794 0
    outer loop
      vertex -74.3259 23.2223 0
      vertex -74.092 23.5376 34
      vertex -74.092 23.5376 0
    endloop
  endfacet
  facet normal -0.803137 0.595794 0
    outer loop
      vertex -74.092 23.5376 34
      vertex -74.3259 23.2223 0
      vertex -74.3259 23.2223 34
    endloop
  endfacet
  facet normal -0.337014 -0.9415 0
    outer loop
      vertex -72.5307 -24.6955 0
      vertex -72.1611 -24.8278 34
      vertex -72.5307 -24.6955 34
    endloop
  endfacet
  facet normal -0.337014 -0.9415 -0
    outer loop
      vertex -72.1611 -24.8278 34
      vertex -72.5307 -24.6955 0
      vertex -72.1611 -24.8278 0
    endloop
  endfacet
  facet normal -0.998791 0.0491626 0
    outer loop
      vertex -75 21 0
      vertex -74.9807 21.3921 34
      vertex -74.9807 21.3921 0
    endloop
  endfacet
  facet normal -0.998791 0.0491626 0
    outer loop
      vertex -74.9807 21.3921 34
      vertex -75 21 0
      vertex -75 21 34
    endloop
  endfacet
  facet normal -0.904044 -0.42744 0
    outer loop
      vertex -74.5277 -22.8856 0
      vertex -74.6955 -22.5307 34
      vertex -74.6955 -22.5307 0
    endloop
  endfacet
  facet normal -0.904044 -0.42744 0
    outer loop
      vertex -74.6955 -22.5307 34
      vertex -74.5277 -22.8856 0
      vertex -74.5277 -22.8856 34
    endloop
  endfacet
  facet normal 0.146733 0.989176 -0
    outer loop
      vertex -18.2196 24.9231 0
      vertex -18.6079 24.9807 34
      vertex -18.2196 24.9231 34
    endloop
  endfacet
  facet normal 0.146733 0.989176 0
    outer loop
      vertex -18.6079 24.9807 34
      vertex -18.2196 24.9231 0
      vertex -18.6079 24.9807 0
    endloop
  endfacet
  facet normal -0.595794 0.803137 0
    outer loop
      vertex -73.2223 24.3259 0
      vertex -73.5376 24.092 34
      vertex -73.2223 24.3259 34
    endloop
  endfacet
  facet normal -0.595794 0.803137 0
    outer loop
      vertex -73.5376 24.092 34
      vertex -73.2223 24.3259 0
      vertex -73.5376 24.092 0
    endloop
  endfacet
  facet normal -0.671607 0.740908 0
    outer loop
      vertex -73.5376 24.092 0
      vertex -73.8284 23.8284 34
      vertex -73.5376 24.092 34
    endloop
  endfacet
  facet normal -0.671607 0.740908 0
    outer loop
      vertex -73.8284 23.8284 34
      vertex -73.5376 24.092 0
      vertex -73.8284 23.8284 0
    endloop
  endfacet
  facet normal 0.740908 0.671607 0
    outer loop
      vertex -15.908 23.5376 34
      vertex -16.1716 23.8284 0
      vertex -16.1716 23.8284 34
    endloop
  endfacet
  facet normal 0.740908 0.671607 0
    outer loop
      vertex -16.1716 23.8284 0
      vertex -15.908 23.5376 34
      vertex -15.908 23.5376 0
    endloop
  endfacet
  facet normal -1 0 0
    outer loop
      vertex -75 21 0
      vertex -75 7 26
      vertex -75 21 34
    endloop
  endfacet
  facet normal -1 0 0
    outer loop
      vertex -75 21 0
      vertex -75 -7 26
      vertex -75 7 26
    endloop
  endfacet
  facet normal -1 0 0
    outer loop
      vertex -75 -21 0
      vertex -75 -7 26
      vertex -75 21 0
    endloop
  endfacet
  facet normal -1 0 0
    outer loop
      vertex -75 -21 34
      vertex -75 -7 26
      vertex -75 -21 0
    endloop
  endfacet
  facet normal -1 0 0
    outer loop
      vertex -75 -7 26
      vertex -75 -21 34
      vertex -75 -7 34
    endloop
  endfacet
  facet normal -1 -0 0
    outer loop
      vertex -75 21 34
      vertex -75 7 26
      vertex -75 7 34
    endloop
  endfacet
  facet normal -0.0491626 0.998791 0
    outer loop
      vertex -71 25 0
      vertex -71.3921 24.9807 34
      vertex -71 25 34
    endloop
  endfacet
  facet normal -0.0491626 0.998791 0
    outer loop
      vertex -71.3921 24.9807 34
      vertex -71 25 0
      vertex -71.3921 24.9807 0
    endloop
  endfacet
  facet normal 0 0 1
    outer loop
      vertex -15.1722 22.1611 34
      vertex -18.5007 20.8014 34
      vertex -15.0769 21.7804 34
    endloop
  endfacet
  facet normal 0 0 1
    outer loop
      vertex -18.3082 19.8334 34
      vertex -15 21 34
      vertex -18.3 20 34
    endloop
  endfacet
  facet normal 0 0 1
    outer loop
      vertex -19.1986 21.4993 34
      vertex -17.4693 24.6955 34
      vertex -17.8389 24.8278 34
    endloop
  endfacet
  facet normal 0 0 1
    outer loop
      vertex -15 21 34
      vertex -18.3082 20.1666 34
      vertex -18.3 20 34
    endloop
  endfacet
  facet normal 0 0 1
    outer loop
      vertex -19.1986 21.4993 34
      vertex -17.8389 24.8278 34
      vertex -18.2196 24.9231 34
    endloop
  endfacet
  facet normal 0 0 1
    outer loop
      vertex -18.3732 19.5065 34
      vertex -15 21 34
      vertex -18.3327 19.6683 34
    endloop
  endfacet
  facet normal 0 0 1
    outer loop
      vertex -15 21 34
      vertex -18.3732 19.5065 34
      vertex -17.4 16.3325 34
    endloop
  endfacet
  facet normal 0 0 1
    outer loop
      vertex -18.3327 19.6683 34
      vertex -15 21 34
      vertex -18.3082 19.8334 34
    endloop
  endfacet
  facet normal 0 0 1
    outer loop
      vertex -15 21 34
      vertex -18.3327 20.3317 34
      vertex -18.3082 20.1666 34
    endloop
  endfacet
  facet normal 0 0 1
    outer loop
      vertex -15 21 34
      vertex -18.3732 20.4935 34
      vertex -18.3327 20.3317 34
    endloop
  endfacet
  facet normal 0 0 1
    outer loop
      vertex -15.0193 21.3921 34
      vertex -18.3732 20.4935 34
      vertex -15 21 34
    endloop
  endfacet
  facet normal 0 -0 1
    outer loop
      vertex -18.3732 20.4935 34
      vertex -15.0193 21.3921 34
      vertex -18.4294 20.6506 34
    endloop
  endfacet
  facet normal 0 0 1
    outer loop
      vertex -15.0769 21.7804 34
      vertex -18.4294 20.6506 34
      vertex -15.0193 21.3921 34
    endloop
  endfacet
  facet normal 0 0 1
    outer loop
      vertex -19.3494 21.5706 34
      vertex -18.2196 24.9231 34
      vertex -18.6079 24.9807 34
    endloop
  endfacet
  facet normal 0 -0 1
    outer loop
      vertex -18.4294 20.6506 34
      vertex -15.0769 21.7804 34
      vertex -18.5007 20.8014 34
    endloop
  endfacet
  facet normal 0 0 1
    outer loop
      vertex -17.4693 24.6955 34
      vertex -18.7979 21.2021 34
      vertex -18.6859 21.0785 34
    endloop
  endfacet
  facet normal 0 0 1
    outer loop
      vertex -17.4693 24.6955 34
      vertex -18.9215 21.3141 34
      vertex -18.7979 21.2021 34
    endloop
  endfacet
  facet normal 0 0 1
    outer loop
      vertex -19.5065 21.6268 34
      vertex -18.6079 24.9807 34
      vertex -19 25 34
    endloop
  endfacet
  facet normal 0 0 1
    outer loop
      vertex -17.4693 24.6955 34
      vertex -19.0555 21.4135 34
      vertex -18.9215 21.3141 34
    endloop
  endfacet
  facet normal 0 0 1
    outer loop
      vertex -17.4693 24.6955 34
      vertex -19.1986 21.4993 34
      vertex -19.0555 21.4135 34
    endloop
  endfacet
  facet normal 0 0 1
    outer loop
      vertex -18.2196 24.9231 34
      vertex -19.3494 21.5706 34
      vertex -19.1986 21.4993 34
    endloop
  endfacet
  facet normal 0 0 1
    outer loop
      vertex -18.6079 24.9807 34
      vertex -19.5065 21.6268 34
      vertex -19.3494 21.5706 34
    endloop
  endfacet
  facet normal 0 0 1
    outer loop
      vertex -19 25 34
      vertex -19.6683 21.6673 34
      vertex -19.5065 21.6268 34
    endloop
  endfacet
  facet normal 0 0 1
    outer loop
      vertex -19 25 34
      vertex -19.8334 21.6918 34
      vertex -19.6683 21.6673 34
    endloop
  endfacet
  facet normal 0 0 1
    outer loop
      vertex -19 25 34
      vertex -20 21.7 34
      vertex -19.8334 21.6918 34
    endloop
  endfacet
  facet normal 0 0 1
    outer loop
      vertex -19 25 34
      vertex -20.1666 21.6918 34
      vertex -20 21.7 34
    endloop
  endfacet
  facet normal 0 0 1
    outer loop
      vertex -19 25 34
      vertex -20.3317 21.6673 34
      vertex -20.1666 21.6918 34
    endloop
  endfacet
  facet normal 0 0 1
    outer loop
      vertex -19 25 34
      vertex -20.4935 21.6268 34
      vertex -20.3317 21.6673 34
    endloop
  endfacet
  facet normal 0 0 1
    outer loop
      vertex -19 25 34
      vertex -20.6506 21.5706 34
      vertex -20.4935 21.6268 34
    endloop
  endfacet
  facet normal -0 0 1
    outer loop
      vertex -23.6675 22.6 34
      vertex -20.6506 21.5706 34
      vertex -19 25 34
    endloop
  endfacet
  facet normal 0 0 1
    outer loop
      vertex -20.6506 21.5706 34
      vertex -23.6675 22.6 34
      vertex -20.8014 21.4993 34
    endloop
  endfacet
  facet normal 0 0 1
    outer loop
      vertex -20.8014 21.4993 34
      vertex -23.6675 22.6 34
      vertex -20.9445 21.4135 34
    endloop
  endfacet
  facet normal 0 0 1
    outer loop
      vertex -20.9445 21.4135 34
      vertex -23.6675 22.6 34
      vertex -21.0785 21.3141 34
    endloop
  endfacet
  facet normal 0 0 1
    outer loop
      vertex -21.0785 21.3141 34
      vertex -23.6675 22.6 34
      vertex -21.2021 21.2021 34
    endloop
  endfacet
  facet normal 0 0 1
    outer loop
      vertex -21.2021 21.2021 34
      vertex -23.6675 22.6 34
      vertex -21.3141 21.0785 34
    endloop
  endfacet
  facet normal 0 0 1
    outer loop
      vertex -21.3141 21.0785 34
      vertex -23.6675 22.6 34
      vertex -21.4135 20.9445 34
    endloop
  endfacet
  facet normal 0 0 1
    outer loop
      vertex -20.8014 18.5007 34
      vertex -22.1213 16.0314 34
      vertex -21.7221 15.8425 34
    endloop
  endfacet
  facet normal 0 0 1
    outer loop
      vertex -24.5 20 34
      vertex -21.7 20 34
      vertex -21.6918 20.1666 34
    endloop
  endfacet
  facet normal 0 0 1
    outer loop
      vertex -21.6918 19.8334 34
      vertex -22.5001 16.2584 34
      vertex -22.1213 16.0314 34
    endloop
  endfacet
  facet normal 0 0 1
    outer loop
      vertex -24.4783 20.4411 34
      vertex -21.6918 20.1666 34
      vertex -21.6673 20.3317 34
    endloop
  endfacet
  facet normal 0 0 1
    outer loop
      vertex -21.6918 19.8334 34
      vertex -22.8548 16.5215 34
      vertex -22.5001 16.2584 34
    endloop
  endfacet
  facet normal 0 0 1
    outer loop
      vertex -24.4135 20.8779 34
      vertex -21.6673 20.3317 34
      vertex -21.6268 20.4935 34
    endloop
  endfacet
  facet normal 0 0 1
    outer loop
      vertex -21.6918 19.8334 34
      vertex -23.182 16.818 34
      vertex -22.8548 16.5215 34
    endloop
  endfacet
  facet normal 0 0 1
    outer loop
      vertex -24.3062 21.3063 34
      vertex -21.6268 20.4935 34
      vertex -21.5706 20.6506 34
    endloop
  endfacet
  facet normal 0 0 1
    outer loop
      vertex -21.6918 19.8334 34
      vertex -23.4785 17.1452 34
      vertex -23.182 16.818 34
    endloop
  endfacet
  facet normal 0 0 1
    outer loop
      vertex -24.1575 21.7221 34
      vertex -21.5706 20.6506 34
      vertex -21.4993 20.8014 34
    endloop
  endfacet
  facet normal 0 0 1
    outer loop
      vertex -21.4135 20.9445 34
      vertex -23.7416 22.5001 34
      vertex -21.4993 20.8014 34
    endloop
  endfacet
  facet normal -0 0 1
    outer loop
      vertex -23.7416 22.5001 34
      vertex -21.4135 20.9445 34
      vertex -23.6675 22.6 34
    endloop
  endfacet
  facet normal 0 0 1
    outer loop
      vertex -19 25 34
      vertex -66.3325 22.6 34
      vertex -23.6675 22.6 34
    endloop
  endfacet
  facet normal 0 0 1
    outer loop
      vertex -65.6938 18.6937 34
      vertex -68.3732 19.5065 34
      vertex -65.8425 18.2779 34
    endloop
  endfacet
  facet normal 0 0 1
    outer loop
      vertex -65.8425 18.2779 34
      vertex -68.4294 19.3494 34
      vertex -66.0314 17.8787 34
    endloop
  endfacet
  facet normal -0 0 1
    outer loop
      vertex -68.5007 19.1986 34
      vertex -66.0314 17.8787 34
      vertex -68.4294 19.3494 34
    endloop
  endfacet
  facet normal -0 0 1
    outer loop
      vertex -68.5865 19.0555 34
      vertex -66.2584 17.4999 34
      vertex -68.5007 19.1986 34
    endloop
  endfacet
  facet normal 0 0 1
    outer loop
      vertex -66.2584 17.4999 34
      vertex -68.5865 19.0555 34
      vertex -66.5215 17.1452 34
    endloop
  endfacet
  facet normal -0 0 1
    outer loop
      vertex -68.4294 19.3494 34
      vertex -65.8425 18.2779 34
      vertex -68.3732 19.5065 34
    endloop
  endfacet
  facet normal 0 0 1
    outer loop
      vertex -66.3325 22.6 34
      vertex -68.3082 20.1666 34
      vertex -68.3 20 34
    endloop
  endfacet
  facet normal 0 0 1
    outer loop
      vertex -66.3325 22.6 34
      vertex -68.3327 20.3317 34
      vertex -68.3082 20.1666 34
    endloop
  endfacet
  facet normal 0 0 1
    outer loop
      vertex -66.3325 22.6 34
      vertex -68.3732 20.4935 34
      vertex -68.3327 20.3317 34
    endloop
  endfacet
  facet normal 0 0 1
    outer loop
      vertex -66.3325 22.6 34
      vertex -68.4294 20.6506 34
      vertex -68.3732 20.4935 34
    endloop
  endfacet
  facet normal 0 0 1
    outer loop
      vertex -66.3325 22.6 34
      vertex -68.5007 20.8014 34
      vertex -68.4294 20.6506 34
    endloop
  endfacet
  facet normal 0 0 1
    outer loop
      vertex -66.3325 22.6 34
      vertex -68.5865 20.9445 34
      vertex -68.5007 20.8014 34
    endloop
  endfacet
  facet normal 0 0 1
    outer loop
      vertex -66.3325 22.6 34
      vertex -68.6859 21.0785 34
      vertex -68.5865 20.9445 34
    endloop
  endfacet
  facet normal 0 0 1
    outer loop
      vertex -66.3325 22.6 34
      vertex -68.7979 21.2021 34
      vertex -68.6859 21.0785 34
    endloop
  endfacet
  facet normal 0 0 1
    outer loop
      vertex -66.3325 22.6 34
      vertex -68.9215 21.3141 34
      vertex -68.7979 21.2021 34
    endloop
  endfacet
  facet normal 0 0 1
    outer loop
      vertex -66.3325 22.6 34
      vertex -69.0555 21.4135 34
      vertex -68.9215 21.3141 34
    endloop
  endfacet
  facet normal 0 0 1
    outer loop
      vertex -66.3325 22.6 34
      vertex -69.1986 21.4993 34
      vertex -69.0555 21.4135 34
    endloop
  endfacet
  facet normal 0 0 1
    outer loop
      vertex -66.3325 22.6 34
      vertex -69.3494 21.5706 34
      vertex -69.1986 21.4993 34
    endloop
  endfacet
  facet normal 0 0 1
    outer loop
      vertex -66.3325 22.6 34
      vertex -69.5065 21.6268 34
      vertex -69.3494 21.5706 34
    endloop
  endfacet
  facet normal 0 0 1
    outer loop
      vertex -71 25 34
      vertex -69.5065 21.6268 34
      vertex -66.3325 22.6 34
    endloop
  endfacet
  facet normal 0 0 1
    outer loop
      vertex -69.5065 21.6268 34
      vertex -71 25 34
      vertex -69.6684 21.6673 34
    endloop
  endfacet
  facet normal 0 0 1
    outer loop
      vertex -69.6684 21.6673 34
      vertex -71 25 34
      vertex -69.8334 21.6918 34
    endloop
  endfacet
  facet normal 0 0 1
    outer loop
      vertex -69.8334 21.6918 34
      vertex -71 25 34
      vertex -70 21.7 34
    endloop
  endfacet
  facet normal 0 0 1
    outer loop
      vertex -70 21.7 34
      vertex -71 25 34
      vertex -70.1666 21.6918 34
    endloop
  endfacet
  facet normal -0 0 1
    outer loop
      vertex -71 25 34
      vertex -66.3325 22.6 34
      vertex -19 25 34
    endloop
  endfacet
  facet normal 0 0 1
    outer loop
      vertex -70.1666 21.6918 34
      vertex -71 25 34
      vertex -70.3316 21.6673 34
    endloop
  endfacet
  facet normal 0 0 1
    outer loop
      vertex -71 25 34
      vertex -70.4935 21.6268 34
      vertex -70.3316 21.6673 34
    endloop
  endfacet
  facet normal -0 0 1
    outer loop
      vertex -71.3921 24.9807 34
      vertex -70.4935 21.6268 34
      vertex -71 25 34
    endloop
  endfacet
  facet normal 0 0 1
    outer loop
      vertex -70.4935 21.6268 34
      vertex -71.3921 24.9807 34
      vertex -70.6506 21.5706 34
    endloop
  endfacet
  facet normal -0 0 1
    outer loop
      vertex -71.7804 24.9231 34
      vertex -70.6506 21.5706 34
      vertex -71.3921 24.9807 34
    endloop
  endfacet
  facet normal 0 0 1
    outer loop
      vertex -70.6506 21.5706 34
      vertex -71.7804 24.9231 34
      vertex -70.8014 21.4993 34
    endloop
  endfacet
  facet normal -0 0 1
    outer loop
      vertex -72.1611 24.8278 34
      vertex -70.8014 21.4993 34
      vertex -71.7804 24.9231 34
    endloop
  endfacet
  facet normal -0 0 1
    outer loop
      vertex -72.5307 24.6955 34
      vertex -70.8014 21.4993 34
      vertex -72.1611 24.8278 34
    endloop
  endfacet
  facet normal 0 0 1
    outer loop
      vertex -70.8014 21.4993 34
      vertex -72.5307 24.6955 34
      vertex -70.9445 21.4135 34
    endloop
  endfacet
  facet normal -0 0 1
    outer loop
      vertex -72.8856 24.5277 34
      vertex -70.9445 21.4135 34
      vertex -72.5307 24.6955 34
    endloop
  endfacet
  facet normal 0 0 1
    outer loop
      vertex -70.9445 21.4135 34
      vertex -72.8856 24.5277 34
      vertex -71.0785 21.3141 34
    endloop
  endfacet
  facet normal -0 0 1
    outer loop
      vertex -73.2223 24.3259 34
      vertex -71.0785 21.3141 34
      vertex -72.8856 24.5277 34
    endloop
  endfacet
  facet normal -0 0 1
    outer loop
      vertex -73.5376 24.092 34
      vertex -71.0785 21.3141 34
      vertex -73.2223 24.3259 34
    endloop
  endfacet
  facet normal 0 0 1
    outer loop
      vertex -71.0785 21.3141 34
      vertex -73.5376 24.092 34
      vertex -71.2021 21.2021 34
    endloop
  endfacet
  facet normal -0 0 1
    outer loop
      vertex -73.8284 23.8284 34
      vertex -71.2021 21.2021 34
      vertex -73.5376 24.092 34
    endloop
  endfacet
  facet normal -0 0 1
    outer loop
      vertex -74.092 23.5376 34
      vertex -71.2021 21.2021 34
      vertex -73.8284 23.8284 34
    endloop
  endfacet
  facet normal 0 0 1
    outer loop
      vertex -71.2021 21.2021 34
      vertex -74.092 23.5376 34
      vertex -71.3141 21.0785 34
    endloop
  endfacet
  facet normal -0 0 1
    outer loop
      vertex -74.3259 23.2223 34
      vertex -71.3141 21.0785 34
      vertex -74.092 23.5376 34
    endloop
  endfacet
  facet normal 0 -0 1
    outer loop
      vertex -72.5001 16.2584 34
      vertex -71.7 20 34
      vertex -72.6 16.3325 34
    endloop
  endfacet
  facet normal 0 0 1
    outer loop
      vertex -71.3141 21.0785 34
      vertex -74.3259 23.2223 34
      vertex -71.4135 20.9445 34
    endloop
  endfacet
  facet normal 0 0 1
    outer loop
      vertex -71.7 20 34
      vertex -72.1213 16.0314 34
      vertex -71.7221 15.8425 34
    endloop
  endfacet
  facet normal -0 0 1
    outer loop
      vertex -74.5277 22.8856 34
      vertex -71.4135 20.9445 34
      vertex -74.3259 23.2223 34
    endloop
  endfacet
  facet normal 0 0 1
    outer loop
      vertex -71.7 20 34
      vertex -72.5001 16.2584 34
      vertex -72.1213 16.0314 34
    endloop
  endfacet
  facet normal -0 0 1
    outer loop
      vertex -74.6955 22.5307 34
      vertex -71.4135 20.9445 34
      vertex -74.5277 22.8856 34
    endloop
  endfacet
  facet normal 0 0 1
    outer loop
      vertex -71.7 20 34
      vertex -75 21 34
      vertex -72.6 16.3325 34
    endloop
  endfacet
  facet normal 0 0 1
    outer loop
      vertex -71.4135 20.9445 34
      vertex -74.6955 22.5307 34
      vertex -71.4993 20.8014 34
    endloop
  endfacet
  facet normal -0 0 1
    outer loop
      vertex -74.8278 22.1611 34
      vertex -71.4993 20.8014 34
      vertex -74.6955 22.5307 34
    endloop
  endfacet
  facet normal -0 0 1
    outer loop
      vertex -74.9231 21.7804 34
      vertex -71.4993 20.8014 34
      vertex -74.8278 22.1611 34
    endloop
  endfacet
  facet normal 0 0 1
    outer loop
      vertex -71.4993 20.8014 34
      vertex -74.9231 21.7804 34
      vertex -71.5706 20.6506 34
    endloop
  endfacet
  facet normal -0 0 1
    outer loop
      vertex -74.9807 21.3921 34
      vertex -71.5706 20.6506 34
      vertex -74.9231 21.7804 34
    endloop
  endfacet
  facet normal 0 0 1
    outer loop
      vertex -71.5706 20.6506 34
      vertex -74.9807 21.3921 34
      vertex -71.6268 20.4935 34
    endloop
  endfacet
  facet normal -0 0 1
    outer loop
      vertex -75 21 34
      vertex -71.6268 20.4935 34
      vertex -74.9807 21.3921 34
    endloop
  endfacet
  facet normal 0 0 1
    outer loop
      vertex -71.6268 20.4935 34
      vertex -75 21 34
      vertex -71.6673 20.3317 34
    endloop
  endfacet
  facet normal 0 0 1
    outer loop
      vertex -71.6673 20.3317 34
      vertex -75 21 34
      vertex -71.6918 20.1666 34
    endloop
  endfacet
  facet normal 0 0 1
    outer loop
      vertex -71.6918 20.1666 34
      vertex -75 21 34
      vertex -71.7 20 34
    endloop
  endfacet
  facet normal 0 0 1
    outer loop
      vertex -75 7 34
      vertex -72.6 16.3325 34
      vertex -75 21 34
    endloop
  endfacet
  facet normal 0 0 1
    outer loop
      vertex -72.6 16.3325 34
      vertex -75 7 34
      vertex -72.6 7 34
    endloop
  endfacet
  facet normal 0 0 1
    outer loop
      vertex -15.3045 22.5307 34
      vertex -18.5007 20.8014 34
      vertex -15.1722 22.1611 34
    endloop
  endfacet
  facet normal 0 -0 1
    outer loop
      vertex -18.5007 20.8014 34
      vertex -15.3045 22.5307 34
      vertex -18.5865 20.9445 34
    endloop
  endfacet
  facet normal 0 0 1
    outer loop
      vertex -15.4723 22.8856 34
      vertex -18.5865 20.9445 34
      vertex -15.3045 22.5307 34
    endloop
  endfacet
  facet normal 0 -0 1
    outer loop
      vertex -18.5865 20.9445 34
      vertex -15.4723 22.8856 34
      vertex -18.6859 21.0785 34
    endloop
  endfacet
  facet normal 0 0 1
    outer loop
      vertex -15.6741 23.2223 34
      vertex -18.6859 21.0785 34
      vertex -15.4723 22.8856 34
    endloop
  endfacet
  facet normal 0 0 1
    outer loop
      vertex -15.908 23.5376 34
      vertex -18.6859 21.0785 34
      vertex -15.6741 23.2223 34
    endloop
  endfacet
  facet normal 0 0 1
    outer loop
      vertex -16.1716 23.8284 34
      vertex -18.6859 21.0785 34
      vertex -15.908 23.5376 34
    endloop
  endfacet
  facet normal 0 0 1
    outer loop
      vertex -16.4624 24.092 34
      vertex -18.6859 21.0785 34
      vertex -16.1716 23.8284 34
    endloop
  endfacet
  facet normal 0 0 1
    outer loop
      vertex -16.7777 24.3259 34
      vertex -18.6859 21.0785 34
      vertex -16.4624 24.092 34
    endloop
  endfacet
  facet normal 0 0 1
    outer loop
      vertex -18.6859 21.0785 34
      vertex -16.7777 24.3259 34
      vertex -17.1144 24.5277 34
    endloop
  endfacet
  facet normal 0 0 1
    outer loop
      vertex -18.6859 21.0785 34
      vertex -17.1144 24.5277 34
      vertex -17.4693 24.6955 34
    endloop
  endfacet
  facet normal 0 0 1
    outer loop
      vertex -15 21 34
      vertex -17.4 16.3325 34
      vertex -15 7 34
    endloop
  endfacet
  facet normal 0 0 1
    outer loop
      vertex -15 7 34
      vertex -17.4 16.3325 34
      vertex -17.4 7 34
    endloop
  endfacet
  facet normal -0 0 1
    outer loop
      vertex -18.4294 19.3494 34
      vertex -17.4 16.3325 34
      vertex -18.3732 19.5065 34
    endloop
  endfacet
  facet normal -0 0 1
    outer loop
      vertex -18.5007 19.1986 34
      vertex -17.4 16.3325 34
      vertex -18.4294 19.3494 34
    endloop
  endfacet
  facet normal -0 0 1
    outer loop
      vertex -18.5865 19.0555 34
      vertex -17.4 16.3325 34
      vertex -18.5007 19.1986 34
    endloop
  endfacet
  facet normal -0 0 1
    outer loop
      vertex -18.6859 18.9215 34
      vertex -17.4 16.3325 34
      vertex -18.5865 19.0555 34
    endloop
  endfacet
  facet normal -0 0 1
    outer loop
      vertex -18.7979 18.7979 34
      vertex -17.4 16.3325 34
      vertex -18.6859 18.9215 34
    endloop
  endfacet
  facet normal -0 0 1
    outer loop
      vertex -18.9215 18.6859 34
      vertex -17.4 16.3325 34
      vertex -18.7979 18.7979 34
    endloop
  endfacet
  facet normal -0 0 1
    outer loop
      vertex -19.0555 18.5865 34
      vertex -17.4 16.3325 34
      vertex -18.9215 18.6859 34
    endloop
  endfacet
  facet normal 0 0 1
    outer loop
      vertex -17.4 16.3325 34
      vertex -19.0555 18.5865 34
      vertex -17.4999 16.2584 34
    endloop
  endfacet
  facet normal 0 0 1
    outer loop
      vertex -17.4999 16.2584 34
      vertex -19.0555 18.5865 34
      vertex -17.8787 16.0314 34
    endloop
  endfacet
  facet normal -0 0 1
    outer loop
      vertex -19.1986 18.5007 34
      vertex -17.8787 16.0314 34
      vertex -19.0555 18.5865 34
    endloop
  endfacet
  facet normal 0 0 1
    outer loop
      vertex -17.8787 16.0314 34
      vertex -19.1986 18.5007 34
      vertex -18.2779 15.8425 34
    endloop
  endfacet
  facet normal -0 0 1
    outer loop
      vertex -19.3494 18.4294 34
      vertex -18.2779 15.8425 34
      vertex -19.1986 18.5007 34
    endloop
  endfacet
  facet normal 0 0 1
    outer loop
      vertex -18.2779 15.8425 34
      vertex -19.3494 18.4294 34
      vertex -18.6937 15.6938 34
    endloop
  endfacet
  facet normal -0 0 1
    outer loop
      vertex -19.5065 18.3732 34
      vertex -18.6937 15.6938 34
      vertex -19.3494 18.4294 34
    endloop
  endfacet
  facet normal 0 0 1
    outer loop
      vertex -18.6937 15.6938 34
      vertex -19.5065 18.3732 34
      vertex -19.1221 15.5865 34
    endloop
  endfacet
  facet normal -0 0 1
    outer loop
      vertex -19.6683 18.3327 34
      vertex -19.1221 15.5865 34
      vertex -19.5065 18.3732 34
    endloop
  endfacet
  facet normal 0 0 1
    outer loop
      vertex -19.1221 15.5865 34
      vertex -19.6683 18.3327 34
      vertex -19.5589 15.5217 34
    endloop
  endfacet
  facet normal -0 0 1
    outer loop
      vertex -19.8334 18.3082 34
      vertex -19.5589 15.5217 34
      vertex -19.6683 18.3327 34
    endloop
  endfacet
  facet normal -0 0 1
    outer loop
      vertex -20 18.3 34
      vertex -19.5589 15.5217 34
      vertex -19.8334 18.3082 34
    endloop
  endfacet
  facet normal 0 0 1
    outer loop
      vertex -20 18.3 34
      vertex -20 15.5 34
      vertex -19.5589 15.5217 34
    endloop
  endfacet
  facet normal 0 0 1
    outer loop
      vertex -20.1666 18.3082 34
      vertex -20 15.5 34
      vertex -20 18.3 34
    endloop
  endfacet
  facet normal 0 0 1
    outer loop
      vertex -20.4411 15.5217 34
      vertex -20.1666 18.3082 34
      vertex -20.3317 18.3327 34
    endloop
  endfacet
  facet normal 0 0 1
    outer loop
      vertex -20.1666 18.3082 34
      vertex -20.4411 15.5217 34
      vertex -20 15.5 34
    endloop
  endfacet
  facet normal 0 0 1
    outer loop
      vertex -20.8779 15.5865 34
      vertex -20.3317 18.3327 34
      vertex -20.4935 18.3732 34
    endloop
  endfacet
  facet normal 0 0 1
    outer loop
      vertex -21.3063 15.6938 34
      vertex -20.4935 18.3732 34
      vertex -20.6506 18.4294 34
    endloop
  endfacet
  facet normal 0 0 1
    outer loop
      vertex -21.7221 15.8425 34
      vertex -20.6506 18.4294 34
      vertex -20.8014 18.5007 34
    endloop
  endfacet
  facet normal 0 0 1
    outer loop
      vertex -20.3317 18.3327 34
      vertex -20.8779 15.5865 34
      vertex -20.4411 15.5217 34
    endloop
  endfacet
  facet normal 0 0 1
    outer loop
      vertex -22.1213 16.0314 34
      vertex -20.8014 18.5007 34
      vertex -20.9445 18.5865 34
    endloop
  endfacet
  facet normal 0 0 1
    outer loop
      vertex -22.1213 16.0314 34
      vertex -20.9445 18.5865 34
      vertex -21.0785 18.6859 34
    endloop
  endfacet
  facet normal 0 0 1
    outer loop
      vertex -22.1213 16.0314 34
      vertex -21.0785 18.6859 34
      vertex -21.2021 18.7979 34
    endloop
  endfacet
  facet normal 0 0 1
    outer loop
      vertex -20.4935 18.3732 34
      vertex -21.3063 15.6938 34
      vertex -20.8779 15.5865 34
    endloop
  endfacet
  facet normal 0 0 1
    outer loop
      vertex -22.1213 16.0314 34
      vertex -21.2021 18.7979 34
      vertex -21.3141 18.9215 34
    endloop
  endfacet
  facet normal 0 0 1
    outer loop
      vertex -22.1213 16.0314 34
      vertex -21.3141 18.9215 34
      vertex -21.4135 19.0555 34
    endloop
  endfacet
  facet normal 0 0 1
    outer loop
      vertex -22.1213 16.0314 34
      vertex -21.4135 19.0555 34
      vertex -21.4993 19.1986 34
    endloop
  endfacet
  facet normal 0 0 1
    outer loop
      vertex -22.1213 16.0314 34
      vertex -21.4993 19.1986 34
      vertex -21.5706 19.3494 34
    endloop
  endfacet
  facet normal 0 0 1
    outer loop
      vertex -22.1213 16.0314 34
      vertex -21.5706 19.3494 34
      vertex -21.6268 19.5065 34
    endloop
  endfacet
  facet normal 0 0 1
    outer loop
      vertex -22.1213 16.0314 34
      vertex -21.6268 19.5065 34
      vertex -21.6673 19.6683 34
    endloop
  endfacet
  facet normal 0 0 1
    outer loop
      vertex -22.1213 16.0314 34
      vertex -21.6673 19.6683 34
      vertex -21.6918 19.8334 34
    endloop
  endfacet
  facet normal 0 0 1
    outer loop
      vertex -20.6506 18.4294 34
      vertex -21.7221 15.8425 34
      vertex -21.3063 15.6938 34
    endloop
  endfacet
  facet normal 0 0 1
    outer loop
      vertex -24.4783 19.5589 34
      vertex -21.6918 19.8334 34
      vertex -21.7 20 34
    endloop
  endfacet
  facet normal 0 0 1
    outer loop
      vertex -21.4993 20.8014 34
      vertex -23.7416 22.5001 34
      vertex -23.9686 22.1213 34
    endloop
  endfacet
  facet normal 0 0 1
    outer loop
      vertex -21.6918 19.8334 34
      vertex -23.7416 17.4999 34
      vertex -23.4785 17.1452 34
    endloop
  endfacet
  facet normal -0 0 1
    outer loop
      vertex -24.1575 21.7221 34
      vertex -21.4993 20.8014 34
      vertex -23.9686 22.1213 34
    endloop
  endfacet
  facet normal 0 0 1
    outer loop
      vertex -21.6918 19.8334 34
      vertex -23.9686 17.8787 34
      vertex -23.7416 17.4999 34
    endloop
  endfacet
  facet normal 0 0 1
    outer loop
      vertex -21.5706 20.6506 34
      vertex -24.1575 21.7221 34
      vertex -24.3062 21.3063 34
    endloop
  endfacet
  facet normal 0 0 1
    outer loop
      vertex -21.6918 19.8334 34
      vertex -24.1575 18.2779 34
      vertex -23.9686 17.8787 34
    endloop
  endfacet
  facet normal 0 0 1
    outer loop
      vertex -21.6268 20.4935 34
      vertex -24.3062 21.3063 34
      vertex -24.4135 20.8779 34
    endloop
  endfacet
  facet normal 0 0 1
    outer loop
      vertex -21.6918 19.8334 34
      vertex -24.3062 18.6937 34
      vertex -24.1575 18.2779 34
    endloop
  endfacet
  facet normal 0 0 1
    outer loop
      vertex -21.6673 20.3317 34
      vertex -24.4135 20.8779 34
      vertex -24.4783 20.4411 34
    endloop
  endfacet
  facet normal 0 0 1
    outer loop
      vertex -21.6918 19.8334 34
      vertex -24.4135 19.1221 34
      vertex -24.3062 18.6937 34
    endloop
  endfacet
  facet normal 0 0 1
    outer loop
      vertex -21.6918 20.1666 34
      vertex -24.4783 20.4411 34
      vertex -24.5 20 34
    endloop
  endfacet
  facet normal 0 0 1
    outer loop
      vertex -21.6918 19.8334 34
      vertex -24.4783 19.5589 34
      vertex -24.4135 19.1221 34
    endloop
  endfacet
  facet normal 0 0 1
    outer loop
      vertex -21.7 20 34
      vertex -24.5 20 34
      vertex -24.4783 19.5589 34
    endloop
  endfacet
  facet normal 0 0 1
    outer loop
      vertex -68.3 20 34
      vertex -65.5 20 34
      vertex -65.5217 20.4411 34
    endloop
  endfacet
  facet normal 0 0 1
    outer loop
      vertex -68.3 20 34
      vertex -65.5217 20.4411 34
      vertex -65.5865 20.8779 34
    endloop
  endfacet
  facet normal 0 0 1
    outer loop
      vertex -65.5 20 34
      vertex -68.3 20 34
      vertex -65.5217 19.5589 34
    endloop
  endfacet
  facet normal 0 0 1
    outer loop
      vertex -68.3 20 34
      vertex -65.5865 20.8779 34
      vertex -65.6938 21.3063 34
    endloop
  endfacet
  facet normal -0 0 1
    outer loop
      vertex -68.3082 19.8334 34
      vertex -65.5217 19.5589 34
      vertex -68.3 20 34
    endloop
  endfacet
  facet normal 0 0 1
    outer loop
      vertex -68.3 20 34
      vertex -65.6938 21.3063 34
      vertex -65.8425 21.7221 34
    endloop
  endfacet
  facet normal 0 0 1
    outer loop
      vertex -65.5217 19.5589 34
      vertex -68.3082 19.8334 34
      vertex -65.5865 19.1221 34
    endloop
  endfacet
  facet normal 0 0 1
    outer loop
      vertex -68.3 20 34
      vertex -65.8425 21.7221 34
      vertex -66.0314 22.1213 34
    endloop
  endfacet
  facet normal -0 0 1
    outer loop
      vertex -68.3327 19.6683 34
      vertex -65.5865 19.1221 34
      vertex -68.3082 19.8334 34
    endloop
  endfacet
  facet normal 0 0 1
    outer loop
      vertex -68.3 20 34
      vertex -66.2584 22.5001 34
      vertex -66.3325 22.6 34
    endloop
  endfacet
  facet normal 0 0 1
    outer loop
      vertex -66.2584 22.5001 34
      vertex -68.3 20 34
      vertex -66.0314 22.1213 34
    endloop
  endfacet
  facet normal 0 0 1
    outer loop
      vertex -65.5865 19.1221 34
      vertex -68.3327 19.6683 34
      vertex -65.6938 18.6937 34
    endloop
  endfacet
  facet normal -0 0 1
    outer loop
      vertex -68.3732 19.5065 34
      vertex -65.6938 18.6937 34
      vertex -68.3327 19.6683 34
    endloop
  endfacet
  facet normal 0 0 1
    outer loop
      vertex -66.0314 17.8787 34
      vertex -68.5007 19.1986 34
      vertex -66.2584 17.4999 34
    endloop
  endfacet
  facet normal -0 0 1
    outer loop
      vertex -68.6859 18.9215 34
      vertex -66.5215 17.1452 34
      vertex -68.5865 19.0555 34
    endloop
  endfacet
  facet normal 0 0 1
    outer loop
      vertex -66.5215 17.1452 34
      vertex -68.6859 18.9215 34
      vertex -66.818 16.818 34
    endloop
  endfacet
  facet normal -0 0 1
    outer loop
      vertex -68.7979 18.7979 34
      vertex -66.818 16.818 34
      vertex -68.6859 18.9215 34
    endloop
  endfacet
  facet normal 0 0 1
    outer loop
      vertex -66.818 16.818 34
      vertex -68.7979 18.7979 34
      vertex -67.1452 16.5215 34
    endloop
  endfacet
  facet normal -0 0 1
    outer loop
      vertex -68.9215 18.6859 34
      vertex -67.1452 16.5215 34
      vertex -68.7979 18.7979 34
    endloop
  endfacet
  facet normal 0 0 1
    outer loop
      vertex -67.1452 16.5215 34
      vertex -68.9215 18.6859 34
      vertex -67.4999 16.2584 34
    endloop
  endfacet
  facet normal -0 0 1
    outer loop
      vertex -69.0555 18.5865 34
      vertex -67.4999 16.2584 34
      vertex -68.9215 18.6859 34
    endloop
  endfacet
  facet normal 0 0 1
    outer loop
      vertex -67.4999 16.2584 34
      vertex -69.0555 18.5865 34
      vertex -67.8787 16.0314 34
    endloop
  endfacet
  facet normal -0 0 1
    outer loop
      vertex -69.1986 18.5007 34
      vertex -67.8787 16.0314 34
      vertex -69.0555 18.5865 34
    endloop
  endfacet
  facet normal 0 0 1
    outer loop
      vertex -67.8787 16.0314 34
      vertex -69.1986 18.5007 34
      vertex -68.2779 15.8425 34
    endloop
  endfacet
  facet normal -0 0 1
    outer loop
      vertex -69.3494 18.4294 34
      vertex -68.2779 15.8425 34
      vertex -69.1986 18.5007 34
    endloop
  endfacet
  facet normal 0 0 1
    outer loop
      vertex -68.2779 15.8425 34
      vertex -69.3494 18.4294 34
      vertex -68.6937 15.6938 34
    endloop
  endfacet
  facet normal -0 0 1
    outer loop
      vertex -69.5065 18.3732 34
      vertex -68.6937 15.6938 34
      vertex -69.3494 18.4294 34
    endloop
  endfacet
  facet normal 0 0 1
    outer loop
      vertex -68.6937 15.6938 34
      vertex -69.5065 18.3732 34
      vertex -69.1221 15.5865 34
    endloop
  endfacet
  facet normal -0 0 1
    outer loop
      vertex -69.6684 18.3327 34
      vertex -69.1221 15.5865 34
      vertex -69.5065 18.3732 34
    endloop
  endfacet
  facet normal 0 0 1
    outer loop
      vertex -69.1221 15.5865 34
      vertex -69.6684 18.3327 34
      vertex -69.5589 15.5217 34
    endloop
  endfacet
  facet normal -0 0 1
    outer loop
      vertex -69.8334 18.3082 34
      vertex -69.5589 15.5217 34
      vertex -69.6684 18.3327 34
    endloop
  endfacet
  facet normal -0 0 1
    outer loop
      vertex -70 18.3 34
      vertex -69.5589 15.5217 34
      vertex -69.8334 18.3082 34
    endloop
  endfacet
  facet normal 0 0 1
    outer loop
      vertex -70 18.3 34
      vertex -70 15.5 34
      vertex -69.5589 15.5217 34
    endloop
  endfacet
  facet normal 0 0 1
    outer loop
      vertex -70.1666 18.3082 34
      vertex -70 15.5 34
      vertex -70 18.3 34
    endloop
  endfacet
  facet normal 0 0 1
    outer loop
      vertex -70.4411 15.5217 34
      vertex -70.1666 18.3082 34
      vertex -70.3316 18.3327 34
    endloop
  endfacet
  facet normal 0 0 1
    outer loop
      vertex -70.1666 18.3082 34
      vertex -70.4411 15.5217 34
      vertex -70 15.5 34
    endloop
  endfacet
  facet normal 0 0 1
    outer loop
      vertex -70.8779 15.5865 34
      vertex -70.3316 18.3327 34
      vertex -70.4935 18.3732 34
    endloop
  endfacet
  facet normal 0 0 1
    outer loop
      vertex -71.3063 15.6938 34
      vertex -70.4935 18.3732 34
      vertex -70.6506 18.4294 34
    endloop
  endfacet
  facet normal 0 0 1
    outer loop
      vertex -71.7221 15.8425 34
      vertex -70.6506 18.4294 34
      vertex -70.8014 18.5007 34
    endloop
  endfacet
  facet normal 0 0 1
    outer loop
      vertex -70.3316 18.3327 34
      vertex -70.8779 15.5865 34
      vertex -70.4411 15.5217 34
    endloop
  endfacet
  facet normal 0 0 1
    outer loop
      vertex -71.7221 15.8425 34
      vertex -70.8014 18.5007 34
      vertex -70.9445 18.5865 34
    endloop
  endfacet
  facet normal 0 0 1
    outer loop
      vertex -71.7221 15.8425 34
      vertex -70.9445 18.5865 34
      vertex -71.0785 18.6859 34
    endloop
  endfacet
  facet normal 0 0 1
    outer loop
      vertex -71.7221 15.8425 34
      vertex -71.0785 18.6859 34
      vertex -71.2021 18.7979 34
    endloop
  endfacet
  facet normal 0 0 1
    outer loop
      vertex -70.4935 18.3732 34
      vertex -71.3063 15.6938 34
      vertex -70.8779 15.5865 34
    endloop
  endfacet
  facet normal 0 0 1
    outer loop
      vertex -71.7221 15.8425 34
      vertex -71.2021 18.7979 34
      vertex -71.3141 18.9215 34
    endloop
  endfacet
  facet normal 0 0 1
    outer loop
      vertex -71.7221 15.8425 34
      vertex -71.3141 18.9215 34
      vertex -71.4135 19.0555 34
    endloop
  endfacet
  facet normal 0 0 1
    outer loop
      vertex -71.7221 15.8425 34
      vertex -71.4135 19.0555 34
      vertex -71.4993 19.1986 34
    endloop
  endfacet
  facet normal 0 0 1
    outer loop
      vertex -71.7221 15.8425 34
      vertex -71.4993 19.1986 34
      vertex -71.5706 19.3494 34
    endloop
  endfacet
  facet normal 0 0 1
    outer loop
      vertex -71.7221 15.8425 34
      vertex -71.5706 19.3494 34
      vertex -71.6268 19.5065 34
    endloop
  endfacet
  facet normal 0 0 1
    outer loop
      vertex -71.7221 15.8425 34
      vertex -71.6268 19.5065 34
      vertex -71.6673 19.6683 34
    endloop
  endfacet
  facet normal 0 0 1
    outer loop
      vertex -71.7221 15.8425 34
      vertex -71.6673 19.6683 34
      vertex -71.6918 19.8334 34
    endloop
  endfacet
  facet normal 0 0 1
    outer loop
      vertex -70.6506 18.4294 34
      vertex -71.7221 15.8425 34
      vertex -71.3063 15.6938 34
    endloop
  endfacet
  facet normal 0 0 1
    outer loop
      vertex -71.7221 15.8425 34
      vertex -71.6918 19.8334 34
      vertex -71.7 20 34
    endloop
  endfacet
  facet normal 0 0 1
    outer loop
      vertex -68.3 -20 34
      vertex -65.5 -20 34
      vertex -65.5217 -19.5589 34
    endloop
  endfacet
  facet normal 0 0 1
    outer loop
      vertex -68.3082 -19.8334 34
      vertex -65.5217 -19.5589 34
      vertex -65.5865 -19.1221 34
    endloop
  endfacet
  facet normal 0 0 1
    outer loop
      vertex -65.5 -20 34
      vertex -68.3 -20 34
      vertex -65.5217 -20.4411 34
    endloop
  endfacet
  facet normal 0 0 1
    outer loop
      vertex -68.3082 -19.8334 34
      vertex -65.5865 -19.1221 34
      vertex -65.6938 -18.6937 34
    endloop
  endfacet
  facet normal -0 0 1
    outer loop
      vertex -68.3082 -20.1666 34
      vertex -65.5217 -20.4411 34
      vertex -68.3 -20 34
    endloop
  endfacet
  facet normal 0 0 1
    outer loop
      vertex -68.3082 -19.8334 34
      vertex -65.6938 -18.6937 34
      vertex -65.8425 -18.2779 34
    endloop
  endfacet
  facet normal 0 0 1
    outer loop
      vertex -65.5217 -20.4411 34
      vertex -68.3082 -20.1666 34
      vertex -65.5865 -20.8779 34
    endloop
  endfacet
  facet normal 0 0 1
    outer loop
      vertex -68.3082 -19.8334 34
      vertex -65.8425 -18.2779 34
      vertex -66.0314 -17.8787 34
    endloop
  endfacet
  facet normal -0 0 1
    outer loop
      vertex -68.3327 -20.3317 34
      vertex -65.5865 -20.8779 34
      vertex -68.3082 -20.1666 34
    endloop
  endfacet
  facet normal 0 0 1
    outer loop
      vertex -68.3082 -19.8334 34
      vertex -66.0314 -17.8787 34
      vertex -66.2584 -17.4999 34
    endloop
  endfacet
  facet normal 0 0 1
    outer loop
      vertex -65.5865 -20.8779 34
      vertex -68.3327 -20.3317 34
      vertex -65.6938 -21.3063 34
    endloop
  endfacet
  facet normal -0 0 1
    outer loop
      vertex -68.3732 -20.4935 34
      vertex -65.6938 -21.3063 34
      vertex -68.3327 -20.3317 34
    endloop
  endfacet
  facet normal 0 0 1
    outer loop
      vertex -68.3082 -19.8334 34
      vertex -66.2584 -17.4999 34
      vertex -66.5215 -17.1452 34
    endloop
  endfacet
  facet normal 0 0 1
    outer loop
      vertex -21.6268 -19.5065 34
      vertex -24.3062 -18.6937 34
      vertex -21.6673 -19.6683 34
    endloop
  endfacet
  facet normal -0 0 1
    outer loop
      vertex -24.4135 -19.1221 34
      vertex -21.6673 -19.6683 34
      vertex -24.3062 -18.6937 34
    endloop
  endfacet
  facet normal 0 -0 1
    outer loop
      vertex -23.7416 -22.5001 34
      vertex -21.7 -20 34
      vertex -23.9686 -22.1213 34
    endloop
  endfacet
  facet normal 0 0 1
    outer loop
      vertex -21.7 -20 34
      vertex -23.7416 -22.5001 34
      vertex -23.6675 -22.6 34
    endloop
  endfacet
  facet normal 0 0 1
    outer loop
      vertex -21.6673 -19.6683 34
      vertex -24.4135 -19.1221 34
      vertex -21.6918 -19.8334 34
    endloop
  endfacet
  facet normal 0 0 1
    outer loop
      vertex -21.7 -20 34
      vertex -24.1575 -21.7221 34
      vertex -23.9686 -22.1213 34
    endloop
  endfacet
  facet normal -0 0 1
    outer loop
      vertex -24.4783 -19.5589 34
      vertex -21.6918 -19.8334 34
      vertex -24.4135 -19.1221 34
    endloop
  endfacet
  facet normal 0 0 1
    outer loop
      vertex -21.7 -20 34
      vertex -24.3062 -21.3063 34
      vertex -24.1575 -21.7221 34
    endloop
  endfacet
  facet normal 0 0 1
    outer loop
      vertex -21.6918 -19.8334 34
      vertex -24.4783 -19.5589 34
      vertex -21.7 -20 34
    endloop
  endfacet
  facet normal 0 0 1
    outer loop
      vertex -21.7 -20 34
      vertex -24.4135 -20.8779 34
      vertex -24.3062 -21.3063 34
    endloop
  endfacet
  facet normal 0 0 1
    outer loop
      vertex -24.5 -20 34
      vertex -21.7 -20 34
      vertex -24.4783 -19.5589 34
    endloop
  endfacet
  facet normal 0 0 1
    outer loop
      vertex -21.7 -20 34
      vertex -24.4783 -20.4411 34
      vertex -24.4135 -20.8779 34
    endloop
  endfacet
  facet normal 0 0 1
    outer loop
      vertex -21.7 -20 34
      vertex -24.5 -20 34
      vertex -24.4783 -20.4411 34
    endloop
  endfacet
  facet normal -0 0 1
    outer loop
      vertex -75 -7 34
      vertex -72.6 -16.3325 34
      vertex -72.6 -7 34
    endloop
  endfacet
  facet normal 0 0 1
    outer loop
      vertex -72.6 -16.3325 34
      vertex -75 -21 34
      vertex -72.8856 -24.5277 34
    endloop
  endfacet
  facet normal 0 0 1
    outer loop
      vertex -72.8856 -24.5277 34
      vertex -75 -21 34
      vertex -73.2223 -24.3259 34
    endloop
  endfacet
  facet normal 0 0 1
    outer loop
      vertex -73.2223 -24.3259 34
      vertex -75 -21 34
      vertex -73.5376 -24.092 34
    endloop
  endfacet
  facet normal 0 0 1
    outer loop
      vertex -73.5376 -24.092 34
      vertex -75 -21 34
      vertex -73.8284 -23.8284 34
    endloop
  endfacet
  facet normal 0 0 1
    outer loop
      vertex -73.8284 -23.8284 34
      vertex -75 -21 34
      vertex -74.092 -23.5376 34
    endloop
  endfacet
  facet normal 0 0 1
    outer loop
      vertex -74.092 -23.5376 34
      vertex -75 -21 34
      vertex -74.3259 -23.2223 34
    endloop
  endfacet
  facet normal 0 0 1
    outer loop
      vertex -74.3259 -23.2223 34
      vertex -75 -21 34
      vertex -74.5277 -22.8856 34
    endloop
  endfacet
  facet normal 0 0 1
    outer loop
      vertex -74.5277 -22.8856 34
      vertex -75 -21 34
      vertex -74.6955 -22.5307 34
    endloop
  endfacet
  facet normal 0 0 1
    outer loop
      vertex -74.6955 -22.5307 34
      vertex -75 -21 34
      vertex -74.8278 -22.1611 34
    endloop
  endfacet
  facet normal 0 0 1
    outer loop
      vertex -74.8278 -22.1611 34
      vertex -75 -21 34
      vertex -74.9231 -21.7804 34
    endloop
  endfacet
  facet normal 0 0 1
    outer loop
      vertex -72.6 -16.3325 34
      vertex -75 -7 34
      vertex -75 -21 34
    endloop
  endfacet
  facet normal 0 0 1
    outer loop
      vertex -74.9231 -21.7804 34
      vertex -75 -21 34
      vertex -74.9807 -21.3921 34
    endloop
  endfacet
  facet normal 0 0 1
    outer loop
      vertex -65.5217 -19.5589 34
      vertex -68.3082 -19.8334 34
      vertex -68.3 -20 34
    endloop
  endfacet
  facet normal 0 0 1
    outer loop
      vertex -67.8787 -16.0314 34
      vertex -68.3327 -19.6683 34
      vertex -68.3082 -19.8334 34
    endloop
  endfacet
  facet normal 0 0 1
    outer loop
      vertex -67.8787 -16.0314 34
      vertex -68.3732 -19.5065 34
      vertex -68.3327 -19.6683 34
    endloop
  endfacet
  facet normal 0 0 1
    outer loop
      vertex -67.8787 -16.0314 34
      vertex -68.4294 -19.3494 34
      vertex -68.3732 -19.5065 34
    endloop
  endfacet
  facet normal 0 0 1
    outer loop
      vertex -67.8787 -16.0314 34
      vertex -68.5007 -19.1986 34
      vertex -68.4294 -19.3494 34
    endloop
  endfacet
  facet normal 0 0 1
    outer loop
      vertex -67.8787 -16.0314 34
      vertex -68.5865 -19.0555 34
      vertex -68.5007 -19.1986 34
    endloop
  endfacet
  facet normal 0 0 1
    outer loop
      vertex -67.8787 -16.0314 34
      vertex -68.6859 -18.9215 34
      vertex -68.5865 -19.0555 34
    endloop
  endfacet
  facet normal 0 0 1
    outer loop
      vertex -69.3494 -18.4294 34
      vertex -68.2779 -15.8425 34
      vertex -68.6937 -15.6938 34
    endloop
  endfacet
  facet normal 0 0 1
    outer loop
      vertex -67.8787 -16.0314 34
      vertex -68.7979 -18.7979 34
      vertex -68.6859 -18.9215 34
    endloop
  endfacet
  facet normal 0 0 1
    outer loop
      vertex -67.8787 -16.0314 34
      vertex -68.9215 -18.6859 34
      vertex -68.7979 -18.7979 34
    endloop
  endfacet
  facet normal 0 0 1
    outer loop
      vertex -67.8787 -16.0314 34
      vertex -69.0555 -18.5865 34
      vertex -68.9215 -18.6859 34
    endloop
  endfacet
  facet normal 0 0 1
    outer loop
      vertex -69.5065 -18.3732 34
      vertex -68.6937 -15.6938 34
      vertex -69.1221 -15.5865 34
    endloop
  endfacet
  facet normal 0 0 1
    outer loop
      vertex -67.8787 -16.0314 34
      vertex -69.1986 -18.5007 34
      vertex -69.0555 -18.5865 34
    endloop
  endfacet
  facet normal 0 0 1
    outer loop
      vertex -68.2779 -15.8425 34
      vertex -69.3494 -18.4294 34
      vertex -69.1986 -18.5007 34
    endloop
  endfacet
  facet normal 0 0 1
    outer loop
      vertex -68.6937 -15.6938 34
      vertex -69.5065 -18.3732 34
      vertex -69.3494 -18.4294 34
    endloop
  endfacet
  facet normal 0 0 1
    outer loop
      vertex -69.6684 -18.3327 34
      vertex -69.1221 -15.5865 34
      vertex -69.5589 -15.5217 34
    endloop
  endfacet
  facet normal 0 0 1
    outer loop
      vertex -69.1221 -15.5865 34
      vertex -69.6684 -18.3327 34
      vertex -69.5065 -18.3732 34
    endloop
  endfacet
  facet normal 0 0 1
    outer loop
      vertex -69.5589 -15.5217 34
      vertex -69.8334 -18.3082 34
      vertex -69.6684 -18.3327 34
    endloop
  endfacet
  facet normal 0 0 1
    outer loop
      vertex -70 -15.5 34
      vertex -69.8334 -18.3082 34
      vertex -69.5589 -15.5217 34
    endloop
  endfacet
  facet normal 0 0 1
    outer loop
      vertex -70 -15.5 34
      vertex -70 -18.3 34
      vertex -69.8334 -18.3082 34
    endloop
  endfacet
  facet normal 0 0 1
    outer loop
      vertex -70 -15.5 34
      vertex -70.1666 -18.3082 34
      vertex -70 -18.3 34
    endloop
  endfacet
  facet normal -0 0 1
    outer loop
      vertex -70.4411 -15.5217 34
      vertex -70.1666 -18.3082 34
      vertex -70 -15.5 34
    endloop
  endfacet
  facet normal 0 0 1
    outer loop
      vertex -70.1666 -18.3082 34
      vertex -70.4411 -15.5217 34
      vertex -70.3316 -18.3327 34
    endloop
  endfacet
  facet normal -0 0 1
    outer loop
      vertex -70.8779 -15.5865 34
      vertex -70.3316 -18.3327 34
      vertex -70.4411 -15.5217 34
    endloop
  endfacet
  facet normal 0 0 1
    outer loop
      vertex -70.3316 -18.3327 34
      vertex -70.8779 -15.5865 34
      vertex -70.4935 -18.3732 34
    endloop
  endfacet
  facet normal -0 0 1
    outer loop
      vertex -71.3063 -15.6938 34
      vertex -70.4935 -18.3732 34
      vertex -70.8779 -15.5865 34
    endloop
  endfacet
  facet normal 0 0 1
    outer loop
      vertex -70.4935 -18.3732 34
      vertex -71.3063 -15.6938 34
      vertex -70.6506 -18.4294 34
    endloop
  endfacet
  facet normal -0 0 1
    outer loop
      vertex -71.7221 -15.8425 34
      vertex -70.6506 -18.4294 34
      vertex -71.3063 -15.6938 34
    endloop
  endfacet
  facet normal 0 0 1
    outer loop
      vertex -70.6506 -18.4294 34
      vertex -71.7221 -15.8425 34
      vertex -70.8014 -18.5007 34
    endloop
  endfacet
  facet normal -0 0 1
    outer loop
      vertex -72.1213 -16.0314 34
      vertex -70.8014 -18.5007 34
      vertex -71.7221 -15.8425 34
    endloop
  endfacet
  facet normal 0 0 1
    outer loop
      vertex -70.8014 -18.5007 34
      vertex -72.1213 -16.0314 34
      vertex -70.9445 -18.5865 34
    endloop
  endfacet
  facet normal -0 0 1
    outer loop
      vertex -72.5001 -16.2584 34
      vertex -70.9445 -18.5865 34
      vertex -72.1213 -16.0314 34
    endloop
  endfacet
  facet normal -0 0 1
    outer loop
      vertex -72.6 -16.3325 34
      vertex -70.9445 -18.5865 34
      vertex -72.5001 -16.2584 34
    endloop
  endfacet
  facet normal 0 0 1
    outer loop
      vertex -70.9445 -18.5865 34
      vertex -72.6 -16.3325 34
      vertex -71.0785 -18.6859 34
    endloop
  endfacet
  facet normal 0 0 1
    outer loop
      vertex -71.0785 -18.6859 34
      vertex -72.6 -16.3325 34
      vertex -71.2021 -18.7979 34
    endloop
  endfacet
  facet normal 0 0 1
    outer loop
      vertex -71.2021 -18.7979 34
      vertex -72.6 -16.3325 34
      vertex -71.3141 -18.9215 34
    endloop
  endfacet
  facet normal 0 0 1
    outer loop
      vertex -71.3141 -18.9215 34
      vertex -72.6 -16.3325 34
      vertex -71.4135 -19.0555 34
    endloop
  endfacet
  facet normal 0 0 1
    outer loop
      vertex -71.4135 -19.0555 34
      vertex -72.6 -16.3325 34
      vertex -71.4993 -19.1986 34
    endloop
  endfacet
  facet normal 0 0 1
    outer loop
      vertex -71.5706 -19.3494 34
      vertex -72.6 -16.3325 34
      vertex -71.6268 -19.5065 34
    endloop
  endfacet
  facet normal 0 0 1
    outer loop
      vertex -71.4993 -19.1986 34
      vertex -72.6 -16.3325 34
      vertex -71.5706 -19.3494 34
    endloop
  endfacet
  facet normal 0 0 1
    outer loop
      vertex -15 -21 34
      vertex -18.3082 -19.8334 34
      vertex -18.3 -20 34
    endloop
  endfacet
  facet normal 0 0 1
    outer loop
      vertex -17.8787 -16.0314 34
      vertex -18.3327 -19.6683 34
      vertex -18.3082 -19.8334 34
    endloop
  endfacet
  facet normal 0 0 1
    outer loop
      vertex -17.8787 -16.0314 34
      vertex -18.3732 -19.5065 34
      vertex -18.3327 -19.6683 34
    endloop
  endfacet
  facet normal 0 0 1
    outer loop
      vertex -17.8787 -16.0314 34
      vertex -18.4294 -19.3494 34
      vertex -18.3732 -19.5065 34
    endloop
  endfacet
  facet normal 0 0 1
    outer loop
      vertex -17.8787 -16.0314 34
      vertex -18.5007 -19.1986 34
      vertex -18.4294 -19.3494 34
    endloop
  endfacet
  facet normal 0 0 1
    outer loop
      vertex -17.8787 -16.0314 34
      vertex -18.5865 -19.0555 34
      vertex -18.5007 -19.1986 34
    endloop
  endfacet
  facet normal 0 0 1
    outer loop
      vertex -17.8787 -16.0314 34
      vertex -18.6859 -18.9215 34
      vertex -18.5865 -19.0555 34
    endloop
  endfacet
  facet normal 0 0 1
    outer loop
      vertex -19.3494 -18.4294 34
      vertex -18.2779 -15.8425 34
      vertex -18.6937 -15.6938 34
    endloop
  endfacet
  facet normal 0 0 1
    outer loop
      vertex -17.8787 -16.0314 34
      vertex -18.7979 -18.7979 34
      vertex -18.6859 -18.9215 34
    endloop
  endfacet
  facet normal 0 0 1
    outer loop
      vertex -17.8787 -16.0314 34
      vertex -18.9215 -18.6859 34
      vertex -18.7979 -18.7979 34
    endloop
  endfacet
  facet normal 0 0 1
    outer loop
      vertex -17.8787 -16.0314 34
      vertex -19.0555 -18.5865 34
      vertex -18.9215 -18.6859 34
    endloop
  endfacet
  facet normal 0 0 1
    outer loop
      vertex -19.5065 -18.3732 34
      vertex -18.6937 -15.6938 34
      vertex -19.1221 -15.5865 34
    endloop
  endfacet
  facet normal 0 0 1
    outer loop
      vertex -17.8787 -16.0314 34
      vertex -19.1986 -18.5007 34
      vertex -19.0555 -18.5865 34
    endloop
  endfacet
  facet normal 0 0 1
    outer loop
      vertex -18.2779 -15.8425 34
      vertex -19.3494 -18.4294 34
      vertex -19.1986 -18.5007 34
    endloop
  endfacet
  facet normal 0 0 1
    outer loop
      vertex -18.6937 -15.6938 34
      vertex -19.5065 -18.3732 34
      vertex -19.3494 -18.4294 34
    endloop
  endfacet
  facet normal 0 0 1
    outer loop
      vertex -19.6683 -18.3327 34
      vertex -19.1221 -15.5865 34
      vertex -19.5589 -15.5217 34
    endloop
  endfacet
  facet normal 0 0 1
    outer loop
      vertex -19.1221 -15.5865 34
      vertex -19.6683 -18.3327 34
      vertex -19.5065 -18.3732 34
    endloop
  endfacet
  facet normal 0 0 1
    outer loop
      vertex -19.5589 -15.5217 34
      vertex -19.8334 -18.3082 34
      vertex -19.6683 -18.3327 34
    endloop
  endfacet
  facet normal 0 0 1
    outer loop
      vertex -20 -15.5 34
      vertex -19.8334 -18.3082 34
      vertex -19.5589 -15.5217 34
    endloop
  endfacet
  facet normal 0 0 1
    outer loop
      vertex -20 -15.5 34
      vertex -20 -18.3 34
      vertex -19.8334 -18.3082 34
    endloop
  endfacet
  facet normal 0 0 1
    outer loop
      vertex -20 -15.5 34
      vertex -20.1666 -18.3082 34
      vertex -20 -18.3 34
    endloop
  endfacet
  facet normal -0 0 1
    outer loop
      vertex -20.4411 -15.5217 34
      vertex -20.1666 -18.3082 34
      vertex -20 -15.5 34
    endloop
  endfacet
  facet normal 0 0 1
    outer loop
      vertex -20.1666 -18.3082 34
      vertex -20.4411 -15.5217 34
      vertex -20.3317 -18.3327 34
    endloop
  endfacet
  facet normal -0 0 1
    outer loop
      vertex -20.8779 -15.5865 34
      vertex -20.3317 -18.3327 34
      vertex -20.4411 -15.5217 34
    endloop
  endfacet
  facet normal 0 0 1
    outer loop
      vertex -20.3317 -18.3327 34
      vertex -20.8779 -15.5865 34
      vertex -20.4935 -18.3732 34
    endloop
  endfacet
  facet normal -0 0 1
    outer loop
      vertex -21.3063 -15.6938 34
      vertex -20.4935 -18.3732 34
      vertex -20.8779 -15.5865 34
    endloop
  endfacet
  facet normal 0 0 1
    outer loop
      vertex -20.4935 -18.3732 34
      vertex -21.3063 -15.6938 34
      vertex -20.6506 -18.4294 34
    endloop
  endfacet
  facet normal -0 0 1
    outer loop
      vertex -21.7221 -15.8425 34
      vertex -20.6506 -18.4294 34
      vertex -21.3063 -15.6938 34
    endloop
  endfacet
  facet normal 0 0 1
    outer loop
      vertex -20.6506 -18.4294 34
      vertex -21.7221 -15.8425 34
      vertex -20.8014 -18.5007 34
    endloop
  endfacet
  facet normal -0 0 1
    outer loop
      vertex -22.1213 -16.0314 34
      vertex -20.8014 -18.5007 34
      vertex -21.7221 -15.8425 34
    endloop
  endfacet
  facet normal 0 0 1
    outer loop
      vertex -20.8014 -18.5007 34
      vertex -22.1213 -16.0314 34
      vertex -20.9445 -18.5865 34
    endloop
  endfacet
  facet normal -0 0 1
    outer loop
      vertex -22.5001 -16.2584 34
      vertex -20.9445 -18.5865 34
      vertex -22.1213 -16.0314 34
    endloop
  endfacet
  facet normal 0 0 1
    outer loop
      vertex -20.9445 -18.5865 34
      vertex -22.5001 -16.2584 34
      vertex -21.0785 -18.6859 34
    endloop
  endfacet
  facet normal -0 0 1
    outer loop
      vertex -22.8548 -16.5215 34
      vertex -21.0785 -18.6859 34
      vertex -22.5001 -16.2584 34
    endloop
  endfacet
  facet normal 0 0 1
    outer loop
      vertex -21.0785 -18.6859 34
      vertex -22.8548 -16.5215 34
      vertex -21.2021 -18.7979 34
    endloop
  endfacet
  facet normal -0 0 1
    outer loop
      vertex -23.182 -16.818 34
      vertex -21.2021 -18.7979 34
      vertex -22.8548 -16.5215 34
    endloop
  endfacet
  facet normal 0 0 1
    outer loop
      vertex -21.2021 -18.7979 34
      vertex -23.182 -16.818 34
      vertex -21.3141 -18.9215 34
    endloop
  endfacet
  facet normal -0 0 1
    outer loop
      vertex -23.4785 -17.1452 34
      vertex -21.3141 -18.9215 34
      vertex -23.182 -16.818 34
    endloop
  endfacet
  facet normal -0 0 1
    outer loop
      vertex -23.7416 -17.4999 34
      vertex -21.4135 -19.0555 34
      vertex -23.4785 -17.1452 34
    endloop
  endfacet
  facet normal 0 0 1
    outer loop
      vertex -21.3141 -18.9215 34
      vertex -23.4785 -17.1452 34
      vertex -21.4135 -19.0555 34
    endloop
  endfacet
  facet normal -0 0 1
    outer loop
      vertex -17.4 -16.3325 34
      vertex -15 -21 34
      vertex -15 -7 34
    endloop
  endfacet
  facet normal -0 0 1
    outer loop
      vertex -18.3082 -19.8334 34
      vertex -15 -21 34
      vertex -17.4 -16.3325 34
    endloop
  endfacet
  facet normal -0 0 1
    outer loop
      vertex -18.3082 -20.1666 34
      vertex -15 -21 34
      vertex -18.3 -20 34
    endloop
  endfacet
  facet normal -0 0 1
    outer loop
      vertex -18.3327 -20.3317 34
      vertex -15 -21 34
      vertex -18.3082 -20.1666 34
    endloop
  endfacet
  facet normal -0 0 1
    outer loop
      vertex -18.3732 -20.4935 34
      vertex -15 -21 34
      vertex -18.3327 -20.3317 34
    endloop
  endfacet
  facet normal 0 0 1
    outer loop
      vertex -15 -21 34
      vertex -18.3732 -20.4935 34
      vertex -15.0193 -21.3921 34
    endloop
  endfacet
  facet normal -0 0 1
    outer loop
      vertex -18.4294 -20.6506 34
      vertex -15.0193 -21.3921 34
      vertex -18.3732 -20.4935 34
    endloop
  endfacet
  facet normal 0 0 1
    outer loop
      vertex -15.0193 -21.3921 34
      vertex -18.4294 -20.6506 34
      vertex -15.0769 -21.7804 34
    endloop
  endfacet
  facet normal -0 0 1
    outer loop
      vertex -18.5007 -20.8014 34
      vertex -15.0769 -21.7804 34
      vertex -18.4294 -20.6506 34
    endloop
  endfacet
  facet normal 0 0 1
    outer loop
      vertex -15.0769 -21.7804 34
      vertex -18.5007 -20.8014 34
      vertex -15.1722 -22.1611 34
    endloop
  endfacet
  facet normal 0 0 1
    outer loop
      vertex -15.1722 -22.1611 34
      vertex -18.5007 -20.8014 34
      vertex -15.3045 -22.5307 34
    endloop
  endfacet
  facet normal 0 0 1
    outer loop
      vertex -17.4 -16.3325 34
      vertex -15 -7 34
      vertex -17.4 -7 34
    endloop
  endfacet
  facet normal -0 0 1
    outer loop
      vertex -18.5865 -20.9445 34
      vertex -15.3045 -22.5307 34
      vertex -18.5007 -20.8014 34
    endloop
  endfacet
  facet normal 0 0 1
    outer loop
      vertex -15.3045 -22.5307 34
      vertex -18.5865 -20.9445 34
      vertex -15.4723 -22.8856 34
    endloop
  endfacet
  facet normal 0 0 1
    outer loop
      vertex -18.3082 -19.8334 34
      vertex -17.4 -16.3325 34
      vertex -17.4999 -16.2584 34
    endloop
  endfacet
  facet normal 0 0 1
    outer loop
      vertex -15.4723 -22.8856 34
      vertex -18.5865 -20.9445 34
      vertex -15.6741 -23.2223 34
    endloop
  endfacet
  facet normal 0 0 1
    outer loop
      vertex -18.3082 -19.8334 34
      vertex -17.4999 -16.2584 34
      vertex -17.8787 -16.0314 34
    endloop
  endfacet
  facet normal -0 0 1
    outer loop
      vertex -18.6859 -21.0785 34
      vertex -15.6741 -23.2223 34
      vertex -18.5865 -20.9445 34
    endloop
  endfacet
  facet normal 0 0 1
    outer loop
      vertex -19.1986 -18.5007 34
      vertex -17.8787 -16.0314 34
      vertex -18.2779 -15.8425 34
    endloop
  endfacet
  facet normal 0 0 1
    outer loop
      vertex -15.6741 -23.2223 34
      vertex -18.6859 -21.0785 34
      vertex -15.908 -23.5376 34
    endloop
  endfacet
  facet normal -0 0 1
    outer loop
      vertex -18.7979 -21.2021 34
      vertex -15.908 -23.5376 34
      vertex -18.6859 -21.0785 34
    endloop
  endfacet
  facet normal 0 0 1
    outer loop
      vertex -15.908 -23.5376 34
      vertex -18.7979 -21.2021 34
      vertex -16.1716 -23.8284 34
    endloop
  endfacet
  facet normal 0 0 1
    outer loop
      vertex -16.1716 -23.8284 34
      vertex -18.7979 -21.2021 34
      vertex -16.4624 -24.092 34
    endloop
  endfacet
  facet normal -0 0 1
    outer loop
      vertex -18.9215 -21.3141 34
      vertex -16.4624 -24.092 34
      vertex -18.7979 -21.2021 34
    endloop
  endfacet
  facet normal 0 0 1
    outer loop
      vertex -16.4624 -24.092 34
      vertex -18.9215 -21.3141 34
      vertex -16.7777 -24.3259 34
    endloop
  endfacet
  facet normal 0 0 1
    outer loop
      vertex -16.7777 -24.3259 34
      vertex -18.9215 -21.3141 34
      vertex -17.1144 -24.5277 34
    endloop
  endfacet
  facet normal -0 0 1
    outer loop
      vertex -19.0555 -21.4135 34
      vertex -17.1144 -24.5277 34
      vertex -18.9215 -21.3141 34
    endloop
  endfacet
  facet normal 0 0 1
    outer loop
      vertex -17.1144 -24.5277 34
      vertex -19.0555 -21.4135 34
      vertex -17.4693 -24.6955 34
    endloop
  endfacet
  facet normal -0 0 1
    outer loop
      vertex -19.1986 -21.4993 34
      vertex -17.4693 -24.6955 34
      vertex -19.0555 -21.4135 34
    endloop
  endfacet
  facet normal 0 0 1
    outer loop
      vertex -17.4693 -24.6955 34
      vertex -19.1986 -21.4993 34
      vertex -17.8389 -24.8278 34
    endloop
  endfacet
  facet normal 0 0 1
    outer loop
      vertex -17.8389 -24.8278 34
      vertex -19.1986 -21.4993 34
      vertex -18.2196 -24.9231 34
    endloop
  endfacet
  facet normal -0 0 1
    outer loop
      vertex -19.3494 -21.5706 34
      vertex -18.2196 -24.9231 34
      vertex -19.1986 -21.4993 34
    endloop
  endfacet
  facet normal 0 0 1
    outer loop
      vertex -18.2196 -24.9231 34
      vertex -19.3494 -21.5706 34
      vertex -18.6079 -24.9807 34
    endloop
  endfacet
  facet normal -0 0 1
    outer loop
      vertex -19.5065 -21.6268 34
      vertex -18.6079 -24.9807 34
      vertex -19.3494 -21.5706 34
    endloop
  endfacet
  facet normal 0 0 1
    outer loop
      vertex -18.6079 -24.9807 34
      vertex -19.5065 -21.6268 34
      vertex -19 -25 34
    endloop
  endfacet
  facet normal -0 0 1
    outer loop
      vertex -19.6683 -21.6673 34
      vertex -19 -25 34
      vertex -19.5065 -21.6268 34
    endloop
  endfacet
  facet normal -0 0 1
    outer loop
      vertex -19.8334 -21.6918 34
      vertex -19 -25 34
      vertex -19.6683 -21.6673 34
    endloop
  endfacet
  facet normal -0 0 1
    outer loop
      vertex -20 -21.7 34
      vertex -19 -25 34
      vertex -19.8334 -21.6918 34
    endloop
  endfacet
  facet normal 0 0 1
    outer loop
      vertex -20.1666 -21.6918 34
      vertex -19 -25 34
      vertex -20 -21.7 34
    endloop
  endfacet
  facet normal 0 0 1
    outer loop
      vertex -20.3317 -21.6673 34
      vertex -19 -25 34
      vertex -20.1666 -21.6918 34
    endloop
  endfacet
  facet normal 0 0 1
    outer loop
      vertex -20.4935 -21.6268 34
      vertex -19 -25 34
      vertex -20.3317 -21.6673 34
    endloop
  endfacet
  facet normal 0 0 1
    outer loop
      vertex -20.6506 -21.5706 34
      vertex -19 -25 34
      vertex -20.4935 -21.6268 34
    endloop
  endfacet
  facet normal 0 0 1
    outer loop
      vertex -23.6675 -22.6 34
      vertex -20.6506 -21.5706 34
      vertex -20.8014 -21.4993 34
    endloop
  endfacet
  facet normal 0 0 1
    outer loop
      vertex -23.6675 -22.6 34
      vertex -20.8014 -21.4993 34
      vertex -20.9445 -21.4135 34
    endloop
  endfacet
  facet normal 0 0 1
    outer loop
      vertex -23.6675 -22.6 34
      vertex -20.9445 -21.4135 34
      vertex -21.0785 -21.3141 34
    endloop
  endfacet
  facet normal 0 0 1
    outer loop
      vertex -23.6675 -22.6 34
      vertex -21.0785 -21.3141 34
      vertex -21.2021 -21.2021 34
    endloop
  endfacet
  facet normal 0 0 1
    outer loop
      vertex -23.6675 -22.6 34
      vertex -21.2021 -21.2021 34
      vertex -21.3141 -21.0785 34
    endloop
  endfacet
  facet normal 0 0 1
    outer loop
      vertex -23.6675 -22.6 34
      vertex -21.3141 -21.0785 34
      vertex -21.4135 -20.9445 34
    endloop
  endfacet
  facet normal 0 0 1
    outer loop
      vertex -23.6675 -22.6 34
      vertex -21.4135 -20.9445 34
      vertex -21.4993 -20.8014 34
    endloop
  endfacet
  facet normal 0 0 1
    outer loop
      vertex -21.4135 -19.0555 34
      vertex -23.7416 -17.4999 34
      vertex -21.4993 -19.1986 34
    endloop
  endfacet
  facet normal -0 0 1
    outer loop
      vertex -23.9686 -17.8787 34
      vertex -21.4993 -19.1986 34
      vertex -23.7416 -17.4999 34
    endloop
  endfacet
  facet normal 0 0 1
    outer loop
      vertex -21.4993 -19.1986 34
      vertex -23.9686 -17.8787 34
      vertex -21.5706 -19.3494 34
    endloop
  endfacet
  facet normal -0 0 1
    outer loop
      vertex -24.1575 -18.2779 34
      vertex -21.5706 -19.3494 34
      vertex -23.9686 -17.8787 34
    endloop
  endfacet
  facet normal 0 0 1
    outer loop
      vertex -21.5706 -19.3494 34
      vertex -24.1575 -18.2779 34
      vertex -21.6268 -19.5065 34
    endloop
  endfacet
  facet normal -0 0 1
    outer loop
      vertex -24.3062 -18.6937 34
      vertex -21.6268 -19.5065 34
      vertex -24.1575 -18.2779 34
    endloop
  endfacet
  facet normal 0 0 1
    outer loop
      vertex -21.7 -20 34
      vertex -23.6675 -22.6 34
      vertex -21.6918 -20.1666 34
    endloop
  endfacet
  facet normal 0 0 1
    outer loop
      vertex -21.6918 -20.1666 34
      vertex -23.6675 -22.6 34
      vertex -21.6673 -20.3317 34
    endloop
  endfacet
  facet normal 0 0 1
    outer loop
      vertex -21.6673 -20.3317 34
      vertex -23.6675 -22.6 34
      vertex -21.6268 -20.4935 34
    endloop
  endfacet
  facet normal 0 0 1
    outer loop
      vertex -21.6268 -20.4935 34
      vertex -23.6675 -22.6 34
      vertex -21.5706 -20.6506 34
    endloop
  endfacet
  facet normal 0 0 1
    outer loop
      vertex -21.5706 -20.6506 34
      vertex -23.6675 -22.6 34
      vertex -21.4993 -20.8014 34
    endloop
  endfacet
  facet normal 0 0 1
    outer loop
      vertex -20.6506 -21.5706 34
      vertex -23.6675 -22.6 34
      vertex -19 -25 34
    endloop
  endfacet
  facet normal -0 0 1
    outer loop
      vertex -66.3325 -22.6 34
      vertex -19 -25 34
      vertex -23.6675 -22.6 34
    endloop
  endfacet
  facet normal 0 0 1
    outer loop
      vertex -68.3082 -19.8334 34
      vertex -66.5215 -17.1452 34
      vertex -66.818 -16.818 34
    endloop
  endfacet
  facet normal 0 0 1
    outer loop
      vertex -68.3082 -19.8334 34
      vertex -66.818 -16.818 34
      vertex -67.1452 -16.5215 34
    endloop
  endfacet
  facet normal 0 0 1
    outer loop
      vertex -68.3082 -19.8334 34
      vertex -67.1452 -16.5215 34
      vertex -67.4999 -16.2584 34
    endloop
  endfacet
  facet normal 0 0 1
    outer loop
      vertex -68.3082 -19.8334 34
      vertex -67.4999 -16.2584 34
      vertex -67.8787 -16.0314 34
    endloop
  endfacet
  facet normal 0 0 1
    outer loop
      vertex -69.1986 -18.5007 34
      vertex -67.8787 -16.0314 34
      vertex -68.2779 -15.8425 34
    endloop
  endfacet
  facet normal 0 0 1
    outer loop
      vertex -65.6938 -21.3063 34
      vertex -68.3732 -20.4935 34
      vertex -65.8425 -21.7221 34
    endloop
  endfacet
  facet normal -0 0 1
    outer loop
      vertex -68.4294 -20.6506 34
      vertex -65.8425 -21.7221 34
      vertex -68.3732 -20.4935 34
    endloop
  endfacet
  facet normal 0 0 1
    outer loop
      vertex -65.8425 -21.7221 34
      vertex -68.4294 -20.6506 34
      vertex -66.0314 -22.1213 34
    endloop
  endfacet
  facet normal -0 0 1
    outer loop
      vertex -68.5007 -20.8014 34
      vertex -66.0314 -22.1213 34
      vertex -68.4294 -20.6506 34
    endloop
  endfacet
  facet normal 0 0 1
    outer loop
      vertex -66.0314 -22.1213 34
      vertex -68.5007 -20.8014 34
      vertex -66.2584 -22.5001 34
    endloop
  endfacet
  facet normal -0 0 1
    outer loop
      vertex -68.5865 -20.9445 34
      vertex -66.2584 -22.5001 34
      vertex -68.5007 -20.8014 34
    endloop
  endfacet
  facet normal 0 0 1
    outer loop
      vertex -66.2584 -22.5001 34
      vertex -68.5865 -20.9445 34
      vertex -66.3325 -22.6 34
    endloop
  endfacet
  facet normal -0 0 1
    outer loop
      vertex -68.6859 -21.0785 34
      vertex -66.3325 -22.6 34
      vertex -68.5865 -20.9445 34
    endloop
  endfacet
  facet normal -0 0 1
    outer loop
      vertex -68.7979 -21.2021 34
      vertex -66.3325 -22.6 34
      vertex -68.6859 -21.0785 34
    endloop
  endfacet
  facet normal -0 0 1
    outer loop
      vertex -68.9215 -21.3141 34
      vertex -66.3325 -22.6 34
      vertex -68.7979 -21.2021 34
    endloop
  endfacet
  facet normal -0 0 1
    outer loop
      vertex -69.0555 -21.4135 34
      vertex -66.3325 -22.6 34
      vertex -68.9215 -21.3141 34
    endloop
  endfacet
  facet normal -0 0 1
    outer loop
      vertex -69.1986 -21.4993 34
      vertex -66.3325 -22.6 34
      vertex -69.0555 -21.4135 34
    endloop
  endfacet
  facet normal -0 0 1
    outer loop
      vertex -69.3494 -21.5706 34
      vertex -66.3325 -22.6 34
      vertex -69.1986 -21.4993 34
    endloop
  endfacet
  facet normal -0 0 1
    outer loop
      vertex -69.5065 -21.6268 34
      vertex -66.3325 -22.6 34
      vertex -69.3494 -21.5706 34
    endloop
  endfacet
  facet normal 0 0 1
    outer loop
      vertex -71 -25 34
      vertex -69.5065 -21.6268 34
      vertex -69.6684 -21.6673 34
    endloop
  endfacet
  facet normal 0 0 1
    outer loop
      vertex -71 -25 34
      vertex -69.6684 -21.6673 34
      vertex -69.8334 -21.6918 34
    endloop
  endfacet
  facet normal 0 0 1
    outer loop
      vertex -71 -25 34
      vertex -69.8334 -21.6918 34
      vertex -70 -21.7 34
    endloop
  endfacet
  facet normal 0 0 1
    outer loop
      vertex -71 -25 34
      vertex -70 -21.7 34
      vertex -70.1666 -21.6918 34
    endloop
  endfacet
  facet normal 0 0 1
    outer loop
      vertex -71 -25 34
      vertex -70.1666 -21.6918 34
      vertex -70.3316 -21.6673 34
    endloop
  endfacet
  facet normal 0 0 1
    outer loop
      vertex -66.3325 -22.6 34
      vertex -71 -25 34
      vertex -19 -25 34
    endloop
  endfacet
  facet normal 0 0 1
    outer loop
      vertex -69.5065 -21.6268 34
      vertex -71 -25 34
      vertex -66.3325 -22.6 34
    endloop
  endfacet
  facet normal 0 0 1
    outer loop
      vertex -70.4935 -21.6268 34
      vertex -71 -25 34
      vertex -70.3316 -21.6673 34
    endloop
  endfacet
  facet normal 0 0 1
    outer loop
      vertex -71.3921 -24.9807 34
      vertex -70.4935 -21.6268 34
      vertex -70.6506 -21.5706 34
    endloop
  endfacet
  facet normal 0 0 1
    outer loop
      vertex -71.7804 -24.9231 34
      vertex -70.6506 -21.5706 34
      vertex -70.8014 -21.4993 34
    endloop
  endfacet
  facet normal 0 0 1
    outer loop
      vertex -72.5307 -24.6955 34
      vertex -70.8014 -21.4993 34
      vertex -70.9445 -21.4135 34
    endloop
  endfacet
  facet normal 0 0 1
    outer loop
      vertex -72.8856 -24.5277 34
      vertex -70.9445 -21.4135 34
      vertex -71.0785 -21.3141 34
    endloop
  endfacet
  facet normal 0 0 1
    outer loop
      vertex -72.8856 -24.5277 34
      vertex -71.0785 -21.3141 34
      vertex -71.2021 -21.2021 34
    endloop
  endfacet
  facet normal 0 0 1
    outer loop
      vertex -72.8856 -24.5277 34
      vertex -71.2021 -21.2021 34
      vertex -71.3141 -21.0785 34
    endloop
  endfacet
  facet normal 0 0 1
    outer loop
      vertex -70.4935 -21.6268 34
      vertex -71.3921 -24.9807 34
      vertex -71 -25 34
    endloop
  endfacet
  facet normal 0 0 1
    outer loop
      vertex -72.8856 -24.5277 34
      vertex -71.3141 -21.0785 34
      vertex -71.4135 -20.9445 34
    endloop
  endfacet
  facet normal 0 0 1
    outer loop
      vertex -72.8856 -24.5277 34
      vertex -71.4135 -20.9445 34
      vertex -71.4993 -20.8014 34
    endloop
  endfacet
  facet normal 0 0 1
    outer loop
      vertex -72.8856 -24.5277 34
      vertex -71.4993 -20.8014 34
      vertex -71.5706 -20.6506 34
    endloop
  endfacet
  facet normal 0 0 1
    outer loop
      vertex -72.8856 -24.5277 34
      vertex -71.5706 -20.6506 34
      vertex -71.6268 -20.4935 34
    endloop
  endfacet
  facet normal 0 0 1
    outer loop
      vertex -72.8856 -24.5277 34
      vertex -71.6268 -20.4935 34
      vertex -71.6673 -20.3317 34
    endloop
  endfacet
  facet normal 0 0 1
    outer loop
      vertex -72.8856 -24.5277 34
      vertex -71.6673 -20.3317 34
      vertex -71.6918 -20.1666 34
    endloop
  endfacet
  facet normal 0 0 1
    outer loop
      vertex -70.6506 -21.5706 34
      vertex -71.7804 -24.9231 34
      vertex -71.3921 -24.9807 34
    endloop
  endfacet
  facet normal 0 0 1
    outer loop
      vertex -72.8856 -24.5277 34
      vertex -71.6918 -20.1666 34
      vertex -71.7 -20 34
    endloop
  endfacet
  facet normal 0 0 1
    outer loop
      vertex -71.6268 -19.5065 34
      vertex -72.6 -16.3325 34
      vertex -71.6673 -19.6683 34
    endloop
  endfacet
  facet normal 0 0 1
    outer loop
      vertex -71.6673 -19.6683 34
      vertex -72.6 -16.3325 34
      vertex -71.6918 -19.8334 34
    endloop
  endfacet
  facet normal 0 0 1
    outer loop
      vertex -72.8856 -24.5277 34
      vertex -71.7 -20 34
      vertex -72.6 -16.3325 34
    endloop
  endfacet
  facet normal 0 0 1
    outer loop
      vertex -71.6918 -19.8334 34
      vertex -72.6 -16.3325 34
      vertex -71.7 -20 34
    endloop
  endfacet
  facet normal 0 0 1
    outer loop
      vertex -70.9445 -21.4135 34
      vertex -72.8856 -24.5277 34
      vertex -72.5307 -24.6955 34
    endloop
  endfacet
  facet normal 0 0 1
    outer loop
      vertex -70.8014 -21.4993 34
      vertex -72.1611 -24.8278 34
      vertex -71.7804 -24.9231 34
    endloop
  endfacet
  facet normal 0 0 1
    outer loop
      vertex -70.8014 -21.4993 34
      vertex -72.5307 -24.6955 34
      vertex -72.1611 -24.8278 34
    endloop
  endfacet
  facet normal -0.337014 0.9415 0
    outer loop
      vertex -72.1611 24.8278 0
      vertex -72.5307 24.6955 34
      vertex -72.1611 24.8278 34
    endloop
  endfacet
  facet normal -0.337014 0.9415 0
    outer loop
      vertex -72.5307 24.6955 34
      vertex -72.1611 24.8278 0
      vertex -72.5307 24.6955 0
    endloop
  endfacet
  facet normal -0.514084 0.85774 0
    outer loop
      vertex -72.8856 24.5277 0
      vertex -73.2223 24.3259 34
      vertex -72.8856 24.5277 34
    endloop
  endfacet
  facet normal -0.514084 0.85774 0
    outer loop
      vertex -73.2223 24.3259 34
      vertex -72.8856 24.5277 0
      vertex -73.2223 24.3259 0
    endloop
  endfacet
  facet normal -0.85774 0.514084 0
    outer loop
      vertex -74.5277 22.8856 0
      vertex -74.3259 23.2223 34
      vertex -74.3259 23.2223 0
    endloop
  endfacet
  facet normal -0.85774 0.514084 0
    outer loop
      vertex -74.3259 23.2223 34
      vertex -74.5277 22.8856 0
      vertex -74.5277 22.8856 34
    endloop
  endfacet
  facet normal 0.671607 0.740908 -0
    outer loop
      vertex -16.1716 23.8284 0
      vertex -16.4624 24.092 34
      vertex -16.1716 23.8284 34
    endloop
  endfacet
  facet normal 0.671607 0.740908 0
    outer loop
      vertex -16.4624 24.092 34
      vertex -16.1716 23.8284 0
      vertex -16.4624 24.092 0
    endloop
  endfacet
  facet normal 0.337014 0.9415 -0
    outer loop
      vertex -17.4693 24.6955 0
      vertex -17.8389 24.8278 34
      vertex -17.4693 24.6955 34
    endloop
  endfacet
  facet normal 0.337014 0.9415 0
    outer loop
      vertex -17.8389 24.8278 34
      vertex -17.4693 24.6955 0
      vertex -17.8389 24.8278 0
    endloop
  endfacet
  facet normal -0.595794 -0.803137 0
    outer loop
      vertex -73.5376 -24.092 0
      vertex -73.2223 -24.3259 34
      vertex -73.5376 -24.092 34
    endloop
  endfacet
  facet normal -0.595794 -0.803137 -0
    outer loop
      vertex -73.2223 -24.3259 34
      vertex -73.5376 -24.092 0
      vertex -73.2223 -24.3259 0
    endloop
  endfacet
  facet normal -0.514084 -0.85774 0
    outer loop
      vertex -73.2223 -24.3259 0
      vertex -72.8856 -24.5277 34
      vertex -73.2223 -24.3259 34
    endloop
  endfacet
  facet normal -0.514084 -0.85774 -0
    outer loop
      vertex -72.8856 -24.5277 34
      vertex -73.2223 -24.3259 0
      vertex -72.8856 -24.5277 0
    endloop
  endfacet
  facet normal -0.740908 -0.671607 0
    outer loop
      vertex -73.8284 -23.8284 0
      vertex -74.092 -23.5376 34
      vertex -74.092 -23.5376 0
    endloop
  endfacet
  facet normal -0.740908 -0.671607 0
    outer loop
      vertex -74.092 -23.5376 34
      vertex -73.8284 -23.8284 0
      vertex -73.8284 -23.8284 34
    endloop
  endfacet
  facet normal 0.904044 0.42744 0
    outer loop
      vertex -15.3045 22.5307 34
      vertex -15.4723 22.8856 0
      vertex -15.4723 22.8856 34
    endloop
  endfacet
  facet normal 0.904044 0.42744 0
    outer loop
      vertex -15.4723 22.8856 0
      vertex -15.3045 22.5307 34
      vertex -15.3045 22.5307 0
    endloop
  endfacet
  facet normal 0.42744 0.904044 -0
    outer loop
      vertex -17.1144 24.5277 0
      vertex -17.4693 24.6955 34
      vertex -17.1144 24.5277 34
    endloop
  endfacet
  facet normal 0.42744 0.904044 0
    outer loop
      vertex -17.4693 24.6955 34
      vertex -17.1144 24.5277 0
      vertex -17.4693 24.6955 0
    endloop
  endfacet
  facet normal 0.337014 -0.9415 0
    outer loop
      vertex -17.8389 -24.8278 0
      vertex -17.4693 -24.6955 34
      vertex -17.8389 -24.8278 34
    endloop
  endfacet
  facet normal 0.337014 -0.9415 0
    outer loop
      vertex -17.4693 -24.6955 34
      vertex -17.8389 -24.8278 0
      vertex -17.4693 -24.6955 0
    endloop
  endfacet
  facet normal -0.242835 -0.970068 0
    outer loop
      vertex -72.1611 -24.8278 0
      vertex -71.7804 -24.9231 34
      vertex -72.1611 -24.8278 34
    endloop
  endfacet
  facet normal -0.242835 -0.970068 -0
    outer loop
      vertex -71.7804 -24.9231 34
      vertex -72.1611 -24.8278 0
      vertex -71.7804 -24.9231 0
    endloop
  endfacet
  facet normal -0.85774 -0.514084 0
    outer loop
      vertex -74.3259 -23.2223 0
      vertex -74.5277 -22.8856 34
      vertex -74.5277 -22.8856 0
    endloop
  endfacet
  facet normal -0.85774 -0.514084 0
    outer loop
      vertex -74.5277 -22.8856 34
      vertex -74.3259 -23.2223 0
      vertex -74.3259 -23.2223 34
    endloop
  endfacet
  facet normal 0.146733 -0.989176 0
    outer loop
      vertex -18.6079 -24.9807 0
      vertex -18.2196 -24.9231 34
      vertex -18.6079 -24.9807 34
    endloop
  endfacet
  facet normal 0.146733 -0.989176 0
    outer loop
      vertex -18.2196 -24.9231 34
      vertex -18.6079 -24.9807 0
      vertex -18.2196 -24.9231 0
    endloop
  endfacet
  facet normal -0.9415 0.337014 0
    outer loop
      vertex -74.8278 22.1611 0
      vertex -74.6955 22.5307 34
      vertex -74.6955 22.5307 0
    endloop
  endfacet
  facet normal -0.9415 0.337014 0
    outer loop
      vertex -74.6955 22.5307 34
      vertex -74.8278 22.1611 0
      vertex -74.8278 22.1611 34
    endloop
  endfacet
  facet normal 0.242835 -0.970068 0
    outer loop
      vertex -18.2196 -24.9231 0
      vertex -17.8389 -24.8278 34
      vertex -18.2196 -24.9231 34
    endloop
  endfacet
  facet normal 0.242835 -0.970068 0
    outer loop
      vertex -17.8389 -24.8278 34
      vertex -18.2196 -24.9231 0
      vertex -17.8389 -24.8278 0
    endloop
  endfacet
  facet normal -0.146733 0.989176 0
    outer loop
      vertex -71.3921 24.9807 0
      vertex -71.7804 24.9231 34
      vertex -71.3921 24.9807 34
    endloop
  endfacet
  facet normal -0.146733 0.989176 0
    outer loop
      vertex -71.7804 24.9231 34
      vertex -71.3921 24.9807 0
      vertex -71.7804 24.9231 0
    endloop
  endfacet
  facet normal -0.42744 0.904044 0
    outer loop
      vertex -72.5307 24.6955 0
      vertex -72.8856 24.5277 34
      vertex -72.5307 24.6955 34
    endloop
  endfacet
  facet normal -0.42744 0.904044 0
    outer loop
      vertex -72.8856 24.5277 34
      vertex -72.5307 24.6955 0
      vertex -72.8856 24.5277 0
    endloop
  endfacet
  facet normal 0.85774 -0.514084 0
    outer loop
      vertex -15.6741 -23.2223 34
      vertex -15.4723 -22.8856 0
      vertex -15.4723 -22.8856 34
    endloop
  endfacet
  facet normal 0.85774 -0.514084 0
    outer loop
      vertex -15.4723 -22.8856 0
      vertex -15.6741 -23.2223 34
      vertex -15.6741 -23.2223 0
    endloop
  endfacet
  facet normal -0.998791 -0.0491626 0
    outer loop
      vertex -74.9807 -21.3921 0
      vertex -75 -21 34
      vertex -75 -21 0
    endloop
  endfacet
  facet normal -0.998791 -0.0491626 0
    outer loop
      vertex -75 -21 34
      vertex -74.9807 -21.3921 0
      vertex -74.9807 -21.3921 34
    endloop
  endfacet
  facet normal 0.970068 0.242835 0
    outer loop
      vertex -15.0769 21.7804 34
      vertex -15.1722 22.1611 0
      vertex -15.1722 22.1611 34
    endloop
  endfacet
  facet normal 0.970068 0.242835 0
    outer loop
      vertex -15.1722 22.1611 0
      vertex -15.0769 21.7804 34
      vertex -15.0769 21.7804 0
    endloop
  endfacet
  facet normal -0.9415 -0.337014 0
    outer loop
      vertex -74.6955 -22.5307 0
      vertex -74.8278 -22.1611 34
      vertex -74.8278 -22.1611 0
    endloop
  endfacet
  facet normal -0.9415 -0.337014 0
    outer loop
      vertex -74.8278 -22.1611 34
      vertex -74.6955 -22.5307 0
      vertex -74.6955 -22.5307 34
    endloop
  endfacet
  facet normal -0.242835 0.970068 0
    outer loop
      vertex -71.7804 24.9231 0
      vertex -72.1611 24.8278 34
      vertex -71.7804 24.9231 34
    endloop
  endfacet
  facet normal -0.242835 0.970068 0
    outer loop
      vertex -72.1611 24.8278 34
      vertex -71.7804 24.9231 0
      vertex -72.1611 24.8278 0
    endloop
  endfacet
  facet normal 0.671607 -0.740908 0
    outer loop
      vertex -16.4624 -24.092 0
      vertex -16.1716 -23.8284 34
      vertex -16.4624 -24.092 34
    endloop
  endfacet
  facet normal 0.671607 -0.740908 0
    outer loop
      vertex -16.1716 -23.8284 34
      vertex -16.4624 -24.092 0
      vertex -16.1716 -23.8284 0
    endloop
  endfacet
  facet normal -0.970068 0.242835 0
    outer loop
      vertex -74.9231 21.7804 0
      vertex -74.8278 22.1611 34
      vertex -74.8278 22.1611 0
    endloop
  endfacet
  facet normal -0.970068 0.242835 0
    outer loop
      vertex -74.8278 22.1611 34
      vertex -74.9231 21.7804 0
      vertex -74.9231 21.7804 34
    endloop
  endfacet
  facet normal -0.989176 0.146733 0
    outer loop
      vertex -74.9807 21.3921 0
      vertex -74.9231 21.7804 34
      vertex -74.9231 21.7804 0
    endloop
  endfacet
  facet normal -0.989176 0.146733 0
    outer loop
      vertex -74.9231 21.7804 34
      vertex -74.9807 21.3921 0
      vertex -74.9807 21.3921 34
    endloop
  endfacet
  facet normal 0.514084 -0.85774 0
    outer loop
      vertex -17.1144 -24.5277 0
      vertex -16.7777 -24.3259 34
      vertex -17.1144 -24.5277 34
    endloop
  endfacet
  facet normal 0.514084 -0.85774 0
    outer loop
      vertex -16.7777 -24.3259 34
      vertex -17.1144 -24.5277 0
      vertex -16.7777 -24.3259 0
    endloop
  endfacet
  facet normal 0.0491626 -0.998791 0
    outer loop
      vertex -19 -25 0
      vertex -18.6079 -24.9807 34
      vertex -19 -25 34
    endloop
  endfacet
  facet normal 0.0491626 -0.998791 0
    outer loop
      vertex -18.6079 -24.9807 34
      vertex -19 -25 0
      vertex -18.6079 -24.9807 0
    endloop
  endfacet
  facet normal 0.803137 -0.595794 0
    outer loop
      vertex -15.908 -23.5376 34
      vertex -15.6741 -23.2223 0
      vertex -15.6741 -23.2223 34
    endloop
  endfacet
  facet normal 0.803137 -0.595794 0
    outer loop
      vertex -15.6741 -23.2223 0
      vertex -15.908 -23.5376 34
      vertex -15.908 -23.5376 0
    endloop
  endfacet
  facet normal 0.904044 -0.42744 0
    outer loop
      vertex -15.4723 -22.8856 34
      vertex -15.3045 -22.5307 0
      vertex -15.3045 -22.5307 34
    endloop
  endfacet
  facet normal 0.904044 -0.42744 0
    outer loop
      vertex -15.3045 -22.5307 0
      vertex -15.4723 -22.8856 34
      vertex -15.4723 -22.8856 0
    endloop
  endfacet
  facet normal 0.85774 0.514084 0
    outer loop
      vertex -15.4723 22.8856 34
      vertex -15.6741 23.2223 0
      vertex -15.6741 23.2223 34
    endloop
  endfacet
  facet normal 0.85774 0.514084 0
    outer loop
      vertex -15.6741 23.2223 0
      vertex -15.4723 22.8856 34
      vertex -15.4723 22.8856 0
    endloop
  endfacet
  facet normal -0.970068 -0.242835 0
    outer loop
      vertex -74.8278 -22.1611 0
      vertex -74.9231 -21.7804 34
      vertex -74.9231 -21.7804 0
    endloop
  endfacet
  facet normal -0.970068 -0.242835 0
    outer loop
      vertex -74.9231 -21.7804 34
      vertex -74.8278 -22.1611 0
      vertex -74.8278 -22.1611 34
    endloop
  endfacet
  facet normal -0.989176 -0.146733 0
    outer loop
      vertex -74.9231 -21.7804 0
      vertex -74.9807 -21.3921 34
      vertex -74.9807 -21.3921 0
    endloop
  endfacet
  facet normal -0.989176 -0.146733 0
    outer loop
      vertex -74.9807 -21.3921 34
      vertex -74.9231 -21.7804 0
      vertex -74.9231 -21.7804 34
    endloop
  endfacet
  facet normal -0.42744 -0.904044 0
    outer loop
      vertex -72.8856 -24.5277 0
      vertex -72.5307 -24.6955 34
      vertex -72.8856 -24.5277 34
    endloop
  endfacet
  facet normal -0.42744 -0.904044 -0
    outer loop
      vertex -72.5307 -24.6955 34
      vertex -72.8856 -24.5277 0
      vertex -72.5307 -24.6955 0
    endloop
  endfacet
  facet normal -0.740908 0.671607 0
    outer loop
      vertex -74.092 23.5376 0
      vertex -73.8284 23.8284 34
      vertex -73.8284 23.8284 0
    endloop
  endfacet
  facet normal -0.740908 0.671607 0
    outer loop
      vertex -73.8284 23.8284 34
      vertex -74.092 23.5376 0
      vertex -74.092 23.5376 34
    endloop
  endfacet
  facet normal 0.740908 -0.671607 0
    outer loop
      vertex -16.1716 -23.8284 34
      vertex -15.908 -23.5376 0
      vertex -15.908 -23.5376 34
    endloop
  endfacet
  facet normal 0.740908 -0.671607 0
    outer loop
      vertex -15.908 -23.5376 0
      vertex -16.1716 -23.8284 34
      vertex -16.1716 -23.8284 0
    endloop
  endfacet
  facet normal 0.998791 0.0491626 0
    outer loop
      vertex -15 21 34
      vertex -15.0193 21.3921 0
      vertex -15.0193 21.3921 34
    endloop
  endfacet
  facet normal 0.998791 0.0491626 0
    outer loop
      vertex -15.0193 21.3921 0
      vertex -15 21 34
      vertex -15 21 0
    endloop
  endfacet
  facet normal -0 0 -1
    outer loop
      vertex -45.9808 -18.8049 0
      vertex -68.3732 -19.5065 0
      vertex -61.9 -6.1 0
    endloop
  endfacet
  facet normal 0 0 -1
    outer loop
      vertex -61.9 6.1 0
      vertex -68.3082 19.8334 0
      vertex -68.3 20 0
    endloop
  endfacet
  facet normal 0 0 -1
    outer loop
      vertex -68.4294 -19.3494 0
      vertex -61.9 -6.1 0
      vertex -68.3732 -19.5065 0
    endloop
  endfacet
  facet normal 0 0 -1
    outer loop
      vertex -61.9 6.1 0
      vertex -68.3327 19.6683 0
      vertex -68.3082 19.8334 0
    endloop
  endfacet
  facet normal 0 0 -1
    outer loop
      vertex -68.5007 -19.1986 0
      vertex -61.9 -6.1 0
      vertex -68.4294 -19.3494 0
    endloop
  endfacet
  facet normal 0 0 -1
    outer loop
      vertex -61.9 6.1 0
      vertex -68.3732 19.5065 0
      vertex -68.3327 19.6683 0
    endloop
  endfacet
  facet normal 0 0 -1
    outer loop
      vertex -68.5865 -19.0555 0
      vertex -61.9 -6.1 0
      vertex -68.5007 -19.1986 0
    endloop
  endfacet
  facet normal 0 0 -1
    outer loop
      vertex -61.9 6.1 0
      vertex -68.4294 19.3494 0
      vertex -68.3732 19.5065 0
    endloop
  endfacet
  facet normal 0 0 -1
    outer loop
      vertex -68.6859 -18.9215 0
      vertex -61.9 -6.1 0
      vertex -68.5865 -19.0555 0
    endloop
  endfacet
  facet normal 0 0 -1
    outer loop
      vertex -61.9 6.1 0
      vertex -68.5007 19.1986 0
      vertex -68.4294 19.3494 0
    endloop
  endfacet
  facet normal 0 0 -1
    outer loop
      vertex -68.7979 -18.7979 0
      vertex -61.9 -6.1 0
      vertex -68.6859 -18.9215 0
    endloop
  endfacet
  facet normal 0 0 -1
    outer loop
      vertex -61.9 6.1 0
      vertex -68.5865 19.0555 0
      vertex -68.5007 19.1986 0
    endloop
  endfacet
  facet normal 0 0 -1
    outer loop
      vertex -68.9215 -18.6859 0
      vertex -61.9 -6.1 0
      vertex -68.7979 -18.7979 0
    endloop
  endfacet
  facet normal 0 0 -1
    outer loop
      vertex -61.9 6.1 0
      vertex -68.6859 18.9215 0
      vertex -68.5865 19.0555 0
    endloop
  endfacet
  facet normal 0 0 -1
    outer loop
      vertex -69.0555 -18.5865 0
      vertex -61.9 -6.1 0
      vertex -68.9215 -18.6859 0
    endloop
  endfacet
  facet normal 0 0 -1
    outer loop
      vertex -61.9 6.1 0
      vertex -68.7979 18.7979 0
      vertex -68.6859 18.9215 0
    endloop
  endfacet
  facet normal 0 0 -1
    outer loop
      vertex -69.1986 -18.5007 0
      vertex -61.9 -6.1 0
      vertex -69.0555 -18.5865 0
    endloop
  endfacet
  facet normal 0 0 -1
    outer loop
      vertex -61.9 6.1 0
      vertex -68.9215 18.6859 0
      vertex -68.7979 18.7979 0
    endloop
  endfacet
  facet normal 0 0 -1
    outer loop
      vertex -69.3494 -18.4294 0
      vertex -61.9 -6.1 0
      vertex -69.1986 -18.5007 0
    endloop
  endfacet
  facet normal 0 0 -1
    outer loop
      vertex -61.9 6.1 0
      vertex -69.0555 18.5865 0
      vertex -68.9215 18.6859 0
    endloop
  endfacet
  facet normal 0 0 -1
    outer loop
      vertex -69.5065 -18.3732 0
      vertex -61.9 -6.1 0
      vertex -69.3494 -18.4294 0
    endloop
  endfacet
  facet normal 0 0 -1
    outer loop
      vertex -61.9 6.1 0
      vertex -69.1986 18.5007 0
      vertex -69.0555 18.5865 0
    endloop
  endfacet
  facet normal 0 0 -1
    outer loop
      vertex -69.6684 -18.3327 0
      vertex -61.9 -6.1 0
      vertex -69.5065 -18.3732 0
    endloop
  endfacet
  facet normal 0 0 -1
    outer loop
      vertex -61.9 6.1 0
      vertex -69.3494 18.4294 0
      vertex -69.1986 18.5007 0
    endloop
  endfacet
  facet normal 0 0 -1
    outer loop
      vertex -69.8334 -18.3082 0
      vertex -61.9 -6.1 0
      vertex -69.6684 -18.3327 0
    endloop
  endfacet
  facet normal 0 0 -1
    outer loop
      vertex -61.9 6.1 0
      vertex -69.5065 18.3732 0
      vertex -69.3494 18.4294 0
    endloop
  endfacet
  facet normal 0 0 -1
    outer loop
      vertex -70 -18.3 0
      vertex -61.9 -6.1 0
      vertex -69.8334 -18.3082 0
    endloop
  endfacet
  facet normal 0 0 -1
    outer loop
      vertex -61.9 6.1 0
      vertex -69.6684 18.3327 0
      vertex -69.5065 18.3732 0
    endloop
  endfacet
  facet normal 0 0 -1
    outer loop
      vertex -70.1666 -18.3082 0
      vertex -61.9 -6.1 0
      vertex -70 -18.3 0
    endloop
  endfacet
  facet normal 0 0 -1
    outer loop
      vertex -61.9 6.1 0
      vertex -69.8334 18.3082 0
      vertex -69.6684 18.3327 0
    endloop
  endfacet
  facet normal 0 0 -1
    outer loop
      vertex -70.3316 -18.3327 0
      vertex -61.9 -6.1 0
      vertex -70.1666 -18.3082 0
    endloop
  endfacet
  facet normal 0 0 -1
    outer loop
      vertex -61.9 6.1 0
      vertex -70 18.3 0
      vertex -69.8334 18.3082 0
    endloop
  endfacet
  facet normal 0 0 -1
    outer loop
      vertex -70.4935 -18.3732 0
      vertex -61.9 -6.1 0
      vertex -70.3316 -18.3327 0
    endloop
  endfacet
  facet normal 0 0 -1
    outer loop
      vertex -61.9 6.1 0
      vertex -70.1666 18.3082 0
      vertex -70 18.3 0
    endloop
  endfacet
  facet normal 0 0 -1
    outer loop
      vertex -70.6506 -18.4294 0
      vertex -61.9 -6.1 0
      vertex -70.4935 -18.3732 0
    endloop
  endfacet
  facet normal 0 0 -1
    outer loop
      vertex -61.9 6.1 0
      vertex -70.3316 18.3327 0
      vertex -70.1666 18.3082 0
    endloop
  endfacet
  facet normal 0 0 -1
    outer loop
      vertex -70.8014 -18.5007 0
      vertex -61.9 -6.1 0
      vertex -70.6506 -18.4294 0
    endloop
  endfacet
  facet normal 0 0 -1
    outer loop
      vertex -61.9 6.1 0
      vertex -70.4935 18.3732 0
      vertex -70.3316 18.3327 0
    endloop
  endfacet
  facet normal 0 0 -1
    outer loop
      vertex -70.9445 -18.5865 0
      vertex -61.9 -6.1 0
      vertex -70.8014 -18.5007 0
    endloop
  endfacet
  facet normal 0 0 -1
    outer loop
      vertex -61.9 6.1 0
      vertex -70.6506 18.4294 0
      vertex -70.4935 18.3732 0
    endloop
  endfacet
  facet normal -0 0 -1
    outer loop
      vertex -61.9 -6.1 0
      vertex -70.9445 -18.5865 0
      vertex -61.9 6.1 0
    endloop
  endfacet
  facet normal 0 0 -1
    outer loop
      vertex -61.9 6.1 0
      vertex -70.8014 18.5007 0
      vertex -70.6506 18.4294 0
    endloop
  endfacet
  facet normal 0 0 -1
    outer loop
      vertex -70.9445 18.5865 0
      vertex -61.9 6.1 0
      vertex -70.9445 -18.5865 0
    endloop
  endfacet
  facet normal 0 0 -1
    outer loop
      vertex -61.9 6.1 0
      vertex -70.9445 18.5865 0
      vertex -70.8014 18.5007 0
    endloop
  endfacet
  facet normal 0 0 -1
    outer loop
      vertex -71.0785 -18.6859 0
      vertex -70.9445 18.5865 0
      vertex -70.9445 -18.5865 0
    endloop
  endfacet
  facet normal 0 0 -1
    outer loop
      vertex -71.0785 -18.6859 0
      vertex -71.0785 18.6859 0
      vertex -70.9445 18.5865 0
    endloop
  endfacet
  facet normal 0 0 -1
    outer loop
      vertex -75 -21 0
      vertex -71.0785 -18.6859 0
      vertex -71.2021 -18.7979 0
    endloop
  endfacet
  facet normal -0 0 -1
    outer loop
      vertex -71.0785 -18.6859 0
      vertex -75 -21 0
      vertex -71.0785 18.6859 0
    endloop
  endfacet
  facet normal 0 0 -1
    outer loop
      vertex -75 -21 0
      vertex -71.2021 -18.7979 0
      vertex -71.3141 -18.9215 0
    endloop
  endfacet
  facet normal 0 0 -1
    outer loop
      vertex -75 21 0
      vertex -71.0785 18.6859 0
      vertex -75 -21 0
    endloop
  endfacet
  facet normal 0 0 -1
    outer loop
      vertex -75 -21 0
      vertex -71.3141 -18.9215 0
      vertex -71.4135 -19.0555 0
    endloop
  endfacet
  facet normal 0 0 -1
    outer loop
      vertex -71.0785 18.6859 0
      vertex -75 21 0
      vertex -71.2021 18.7979 0
    endloop
  endfacet
  facet normal 0 0 -1
    outer loop
      vertex -75 -21 0
      vertex -71.4135 -19.0555 0
      vertex -71.4993 -19.1986 0
    endloop
  endfacet
  facet normal 0 0 -1
    outer loop
      vertex -71.2021 18.7979 0
      vertex -75 21 0
      vertex -71.3141 18.9215 0
    endloop
  endfacet
  facet normal 0 0 -1
    outer loop
      vertex -75 -21 0
      vertex -71.4993 -19.1986 0
      vertex -71.5706 -19.3494 0
    endloop
  endfacet
  facet normal 0 0 -1
    outer loop
      vertex -71.3141 18.9215 0
      vertex -75 21 0
      vertex -71.4135 19.0555 0
    endloop
  endfacet
  facet normal 0 0 -1
    outer loop
      vertex -75 -21 0
      vertex -71.5706 -19.3494 0
      vertex -71.6268 -19.5065 0
    endloop
  endfacet
  facet normal 0 0 -1
    outer loop
      vertex -71.4135 19.0555 0
      vertex -75 21 0
      vertex -71.4993 19.1986 0
    endloop
  endfacet
  facet normal 0 0 -1
    outer loop
      vertex -75 -21 0
      vertex -71.6268 -19.5065 0
      vertex -71.6673 -19.6683 0
    endloop
  endfacet
  facet normal 0 0 -1
    outer loop
      vertex -71.4993 19.1986 0
      vertex -75 21 0
      vertex -71.5706 19.3494 0
    endloop
  endfacet
  facet normal 0 0 -1
    outer loop
      vertex -75 -21 0
      vertex -71.6673 -19.6683 0
      vertex -71.6918 -19.8334 0
    endloop
  endfacet
  facet normal 0 0 -1
    outer loop
      vertex -71.5706 19.3494 0
      vertex -75 21 0
      vertex -71.6268 19.5065 0
    endloop
  endfacet
  facet normal 0 0 -1
    outer loop
      vertex -75 -21 0
      vertex -71.6918 -19.8334 0
      vertex -71.7 -20 0
    endloop
  endfacet
  facet normal 0 0 -1
    outer loop
      vertex -71.6268 19.5065 0
      vertex -75 21 0
      vertex -71.6673 19.6683 0
    endloop
  endfacet
  facet normal 0 0 -1
    outer loop
      vertex -18.3732 -19.5065 0
      vertex -15 -21 0
      vertex -18.3327 -19.6683 0
    endloop
  endfacet
  facet normal 0 0 -1
    outer loop
      vertex -15 21 0
      vertex -18.3082 19.8334 0
      vertex -18.3 20 0
    endloop
  endfacet
  facet normal 0 0 -1
    outer loop
      vertex -18.4294 -19.3494 0
      vertex -15 -21 0
      vertex -18.3732 -19.5065 0
    endloop
  endfacet
  facet normal 0 0 -1
    outer loop
      vertex -15 21 0
      vertex -18.3327 19.6683 0
      vertex -18.3082 19.8334 0
    endloop
  endfacet
  facet normal 0 0 -1
    outer loop
      vertex -18.5007 -19.1986 0
      vertex -15 -21 0
      vertex -18.4294 -19.3494 0
    endloop
  endfacet
  facet normal 0 0 -1
    outer loop
      vertex -15 21 0
      vertex -18.3732 19.5065 0
      vertex -18.3327 19.6683 0
    endloop
  endfacet
  facet normal 0 0 -1
    outer loop
      vertex -18.5865 -19.0555 0
      vertex -15 -21 0
      vertex -18.5007 -19.1986 0
    endloop
  endfacet
  facet normal 0 0 -1
    outer loop
      vertex -15 21 0
      vertex -18.4294 19.3494 0
      vertex -18.3732 19.5065 0
    endloop
  endfacet
  facet normal 0 0 -1
    outer loop
      vertex -18.6859 -18.9215 0
      vertex -15 -21 0
      vertex -18.5865 -19.0555 0
    endloop
  endfacet
  facet normal 0 0 -1
    outer loop
      vertex -15 21 0
      vertex -18.5007 19.1986 0
      vertex -18.4294 19.3494 0
    endloop
  endfacet
  facet normal 0 0 -1
    outer loop
      vertex -18.7979 -18.7979 0
      vertex -15 -21 0
      vertex -18.6859 -18.9215 0
    endloop
  endfacet
  facet normal 0 0 -1
    outer loop
      vertex -15 21 0
      vertex -18.5865 19.0555 0
      vertex -18.5007 19.1986 0
    endloop
  endfacet
  facet normal 0 0 -1
    outer loop
      vertex -18.9215 -18.6859 0
      vertex -15 -21 0
      vertex -18.7979 -18.7979 0
    endloop
  endfacet
  facet normal 0 0 -1
    outer loop
      vertex -15 21 0
      vertex -18.6859 18.9215 0
      vertex -18.5865 19.0555 0
    endloop
  endfacet
  facet normal 0 0 -1
    outer loop
      vertex -15 -21 0
      vertex -18.9215 -18.6859 0
      vertex -15 21 0
    endloop
  endfacet
  facet normal 0 0 -1
    outer loop
      vertex -15 21 0
      vertex -18.7979 18.7979 0
      vertex -18.6859 18.9215 0
    endloop
  endfacet
  facet normal 0 0 -1
    outer loop
      vertex -18.9215 18.6859 0
      vertex -15 21 0
      vertex -18.9215 -18.6859 0
    endloop
  endfacet
  facet normal 0 0 -1
    outer loop
      vertex -15 21 0
      vertex -18.9215 18.6859 0
      vertex -18.7979 18.7979 0
    endloop
  endfacet
  facet normal 0 0 -1
    outer loop
      vertex -19.0555 -18.5865 0
      vertex -18.9215 18.6859 0
      vertex -18.9215 -18.6859 0
    endloop
  endfacet
  facet normal 0 0 -1
    outer loop
      vertex -19.0555 -18.5865 0
      vertex -19.0555 18.5865 0
      vertex -18.9215 18.6859 0
    endloop
  endfacet
  facet normal 0 0 -1
    outer loop
      vertex -19.1986 -18.5007 0
      vertex -19.0555 18.5865 0
      vertex -19.0555 -18.5865 0
    endloop
  endfacet
  facet normal 0 0 -1
    outer loop
      vertex -19.1986 -18.5007 0
      vertex -19.1986 18.5007 0
      vertex -19.0555 18.5865 0
    endloop
  endfacet
  facet normal 0 0 -1
    outer loop
      vertex -19.3494 -18.4294 0
      vertex -19.1986 18.5007 0
      vertex -19.1986 -18.5007 0
    endloop
  endfacet
  facet normal 0 0 -1
    outer loop
      vertex -19.3494 -18.4294 0
      vertex -19.3494 18.4294 0
      vertex -19.1986 18.5007 0
    endloop
  endfacet
  facet normal 0 0 -1
    outer loop
      vertex -19.5065 -18.3732 0
      vertex -19.3494 18.4294 0
      vertex -19.3494 -18.4294 0
    endloop
  endfacet
  facet normal 0 0 -1
    outer loop
      vertex -19.5065 -18.3732 0
      vertex -19.5065 18.3732 0
      vertex -19.3494 18.4294 0
    endloop
  endfacet
  facet normal 0 0 -1
    outer loop
      vertex -19.6683 -18.3327 0
      vertex -19.5065 18.3732 0
      vertex -19.5065 -18.3732 0
    endloop
  endfacet
  facet normal 0 0 -1
    outer loop
      vertex -19.6683 -18.3327 0
      vertex -19.6683 18.3327 0
      vertex -19.5065 18.3732 0
    endloop
  endfacet
  facet normal 0 0 -1
    outer loop
      vertex -19.8334 -18.3082 0
      vertex -19.6683 18.3327 0
      vertex -19.6683 -18.3327 0
    endloop
  endfacet
  facet normal 0 0 -1
    outer loop
      vertex -19.8334 -18.3082 0
      vertex -19.8334 18.3082 0
      vertex -19.6683 18.3327 0
    endloop
  endfacet
  facet normal 0 0 -1
    outer loop
      vertex -20 -18.3 0
      vertex -19.8334 18.3082 0
      vertex -19.8334 -18.3082 0
    endloop
  endfacet
  facet normal 0 0 -1
    outer loop
      vertex -20 -18.3 0
      vertex -20 18.3 0
      vertex -19.8334 18.3082 0
    endloop
  endfacet
  facet normal 0 0 -1
    outer loop
      vertex -20.1666 -18.3082 0
      vertex -20 18.3 0
      vertex -20 -18.3 0
    endloop
  endfacet
  facet normal 0 0 -1
    outer loop
      vertex -20.1666 -18.3082 0
      vertex -20.1666 18.3082 0
      vertex -20 18.3 0
    endloop
  endfacet
  facet normal 0 0 -1
    outer loop
      vertex -39.1 -6.1 0
      vertex -20.1666 -18.3082 0
      vertex -20.3317 -18.3327 0
    endloop
  endfacet
  facet normal 0 0 -1
    outer loop
      vertex -20.1666 -18.3082 0
      vertex -39.1 -6.1 0
      vertex -20.1666 18.3082 0
    endloop
  endfacet
  facet normal 0 0 -1
    outer loop
      vertex -39.1 -6.1 0
      vertex -20.3317 -18.3327 0
      vertex -20.4935 -18.3732 0
    endloop
  endfacet
  facet normal 0 0 -1
    outer loop
      vertex -39.1 6.1 0
      vertex -20.1666 18.3082 0
      vertex -39.1 -6.1 0
    endloop
  endfacet
  facet normal 0 0 -1
    outer loop
      vertex -39.1 -6.1 0
      vertex -20.4935 -18.3732 0
      vertex -20.6506 -18.4294 0
    endloop
  endfacet
  facet normal -0 0 -1
    outer loop
      vertex -20.1666 18.3082 0
      vertex -39.1 6.1 0
      vertex -20.3317 18.3327 0
    endloop
  endfacet
  facet normal 0 0 -1
    outer loop
      vertex -39.1 -6.1 0
      vertex -20.6506 -18.4294 0
      vertex -20.8014 -18.5007 0
    endloop
  endfacet
  facet normal -0 0 -1
    outer loop
      vertex -20.3317 18.3327 0
      vertex -39.1 6.1 0
      vertex -20.4935 18.3732 0
    endloop
  endfacet
  facet normal 0 0 -1
    outer loop
      vertex -39.1 -6.1 0
      vertex -20.8014 -18.5007 0
      vertex -20.9445 -18.5865 0
    endloop
  endfacet
  facet normal -0 0 -1
    outer loop
      vertex -20.4935 18.3732 0
      vertex -39.1 6.1 0
      vertex -20.6506 18.4294 0
    endloop
  endfacet
  facet normal 0 0 -1
    outer loop
      vertex -39.1 -6.1 0
      vertex -20.9445 -18.5865 0
      vertex -21.0785 -18.6859 0
    endloop
  endfacet
  facet normal -0 0 -1
    outer loop
      vertex -20.6506 18.4294 0
      vertex -39.1 6.1 0
      vertex -20.8014 18.5007 0
    endloop
  endfacet
  facet normal 0 0 -1
    outer loop
      vertex -39.1 -6.1 0
      vertex -21.0785 -18.6859 0
      vertex -21.2021 -18.7979 0
    endloop
  endfacet
  facet normal -0 0 -1
    outer loop
      vertex -20.8014 18.5007 0
      vertex -39.1 6.1 0
      vertex -20.9445 18.5865 0
    endloop
  endfacet
  facet normal 0 0 -1
    outer loop
      vertex -39.1 -6.1 0
      vertex -21.2021 -18.7979 0
      vertex -21.3141 -18.9215 0
    endloop
  endfacet
  facet normal -0 0 -1
    outer loop
      vertex -20.9445 18.5865 0
      vertex -39.1 6.1 0
      vertex -21.0785 18.6859 0
    endloop
  endfacet
  facet normal 0 0 -1
    outer loop
      vertex -39.1 -6.1 0
      vertex -21.3141 -18.9215 0
      vertex -21.4135 -19.0555 0
    endloop
  endfacet
  facet normal -0 0 -1
    outer loop
      vertex -21.0785 18.6859 0
      vertex -39.1 6.1 0
      vertex -21.2021 18.7979 0
    endloop
  endfacet
  facet normal 0 0 -1
    outer loop
      vertex -39.1 -6.1 0
      vertex -21.4135 -19.0555 0
      vertex -21.4993 -19.1986 0
    endloop
  endfacet
  facet normal -0 0 -1
    outer loop
      vertex -21.2021 18.7979 0
      vertex -39.1 6.1 0
      vertex -21.3141 18.9215 0
    endloop
  endfacet
  facet normal 0 0 -1
    outer loop
      vertex -39.1 -6.1 0
      vertex -21.4993 -19.1986 0
      vertex -21.5706 -19.3494 0
    endloop
  endfacet
  facet normal -0 0 -1
    outer loop
      vertex -21.3141 18.9215 0
      vertex -39.1 6.1 0
      vertex -21.4135 19.0555 0
    endloop
  endfacet
  facet normal 0 0 -1
    outer loop
      vertex -39.1 -6.1 0
      vertex -21.5706 -19.3494 0
      vertex -21.6268 -19.5065 0
    endloop
  endfacet
  facet normal -0 0 -1
    outer loop
      vertex -21.4135 19.0555 0
      vertex -39.1 6.1 0
      vertex -21.4993 19.1986 0
    endloop
  endfacet
  facet normal 0 0 -1
    outer loop
      vertex -44.0192 -18.8049 0
      vertex -21.6268 -19.5065 0
      vertex -21.6673 -19.6683 0
    endloop
  endfacet
  facet normal -0 0 -1
    outer loop
      vertex -21.4993 19.1986 0
      vertex -39.1 6.1 0
      vertex -21.5706 19.3494 0
    endloop
  endfacet
  facet normal 0 0 -1
    outer loop
      vertex -44.0048 -18.902 0
      vertex -21.6673 -19.6683 0
      vertex -21.6918 -19.8334 0
    endloop
  endfacet
  facet normal -0 0 -1
    outer loop
      vertex -21.5706 19.3494 0
      vertex -39.1 6.1 0
      vertex -21.6268 19.5065 0
    endloop
  endfacet
  facet normal 0 0 -1
    outer loop
      vertex -44 -19 0
      vertex -21.6918 -19.8334 0
      vertex -21.7 -20 0
    endloop
  endfacet
  facet normal -0 0 -1
    outer loop
      vertex -21.6268 19.5065 0
      vertex -39.1 6.1 0
      vertex -21.6673 19.6683 0
    endloop
  endfacet
  facet normal 0 0 -1
    outer loop
      vertex -18.3732 -20.4935 0
      vertex -15 -21 0
      vertex -15.0193 -21.3921 0
    endloop
  endfacet
  facet normal 0 0 -1
    outer loop
      vertex -18.3082 -19.8334 0
      vertex -15 -21 0
      vertex -18.3 -20 0
    endloop
  endfacet
  facet normal 0 0 -1
    outer loop
      vertex -18.4294 -20.6506 0
      vertex -15.0193 -21.3921 0
      vertex -15.0769 -21.7804 0
    endloop
  endfacet
  facet normal 0 0 -1
    outer loop
      vertex -18.3327 -19.6683 0
      vertex -15 -21 0
      vertex -18.3082 -19.8334 0
    endloop
  endfacet
  facet normal 0 0 -1
    outer loop
      vertex -18.5007 -20.8014 0
      vertex -15.0769 -21.7804 0
      vertex -15.1722 -22.1611 0
    endloop
  endfacet
  facet normal 0 0 -1
    outer loop
      vertex -18.3082 20.1666 0
      vertex -15 21 0
      vertex -18.3 20 0
    endloop
  endfacet
  facet normal 0 0 -1
    outer loop
      vertex -18.5007 -20.8014 0
      vertex -15.1722 -22.1611 0
      vertex -15.3045 -22.5307 0
    endloop
  endfacet
  facet normal 0 0 -1
    outer loop
      vertex -18.3327 20.3317 0
      vertex -15 21 0
      vertex -18.3082 20.1666 0
    endloop
  endfacet
  facet normal 0 0 -1
    outer loop
      vertex -18.5865 -20.9445 0
      vertex -15.3045 -22.5307 0
      vertex -15.4723 -22.8856 0
    endloop
  endfacet
  facet normal 0 0 -1
    outer loop
      vertex -18.3732 20.4935 0
      vertex -15 21 0
      vertex -18.3327 20.3317 0
    endloop
  endfacet
  facet normal 0 0 -1
    outer loop
      vertex -18.5865 -20.9445 0
      vertex -15.4723 -22.8856 0
      vertex -15.6741 -23.2223 0
    endloop
  endfacet
  facet normal -0 0 -1
    outer loop
      vertex -15 21 0
      vertex -18.3732 20.4935 0
      vertex -15.0193 21.3921 0
    endloop
  endfacet
  facet normal 0 0 -1
    outer loop
      vertex -18.6859 -21.0785 0
      vertex -15.6741 -23.2223 0
      vertex -15.908 -23.5376 0
    endloop
  endfacet
  facet normal 0 0 -1
    outer loop
      vertex -18.4294 20.6506 0
      vertex -15.0193 21.3921 0
      vertex -18.3732 20.4935 0
    endloop
  endfacet
  facet normal 0 0 -1
    outer loop
      vertex -18.7979 -21.2021 0
      vertex -15.908 -23.5376 0
      vertex -16.1716 -23.8284 0
    endloop
  endfacet
  facet normal -0 0 -1
    outer loop
      vertex -15.0193 21.3921 0
      vertex -18.4294 20.6506 0
      vertex -15.0769 21.7804 0
    endloop
  endfacet
  facet normal 0 0 -1
    outer loop
      vertex -18.7979 -21.2021 0
      vertex -16.1716 -23.8284 0
      vertex -16.4624 -24.092 0
    endloop
  endfacet
  facet normal 0 0 -1
    outer loop
      vertex -18.5007 20.8014 0
      vertex -15.0769 21.7804 0
      vertex -18.4294 20.6506 0
    endloop
  endfacet
  facet normal 0 0 -1
    outer loop
      vertex -18.9215 -21.3141 0
      vertex -16.4624 -24.092 0
      vertex -16.7777 -24.3259 0
    endloop
  endfacet
  facet normal -0 0 -1
    outer loop
      vertex -15.0769 21.7804 0
      vertex -18.5007 20.8014 0
      vertex -15.1722 22.1611 0
    endloop
  endfacet
  facet normal 0 0 -1
    outer loop
      vertex -18.9215 -21.3141 0
      vertex -16.7777 -24.3259 0
      vertex -17.1144 -24.5277 0
    endloop
  endfacet
  facet normal -0 0 -1
    outer loop
      vertex -15.1722 22.1611 0
      vertex -18.5007 20.8014 0
      vertex -15.3045 22.5307 0
    endloop
  endfacet
  facet normal 0 0 -1
    outer loop
      vertex -19.0555 -21.4135 0
      vertex -17.1144 -24.5277 0
      vertex -17.4693 -24.6955 0
    endloop
  endfacet
  facet normal 0 0 -1
    outer loop
      vertex -18.5865 20.9445 0
      vertex -15.3045 22.5307 0
      vertex -18.5007 20.8014 0
    endloop
  endfacet
  facet normal 0 0 -1
    outer loop
      vertex -19.1986 -21.4993 0
      vertex -17.4693 -24.6955 0
      vertex -17.8389 -24.8278 0
    endloop
  endfacet
  facet normal -0 0 -1
    outer loop
      vertex -15.3045 22.5307 0
      vertex -18.5865 20.9445 0
      vertex -15.4723 22.8856 0
    endloop
  endfacet
  facet normal 0 0 -1
    outer loop
      vertex -19.1986 -21.4993 0
      vertex -17.8389 -24.8278 0
      vertex -18.2196 -24.9231 0
    endloop
  endfacet
  facet normal -0 0 -1
    outer loop
      vertex -15.4723 22.8856 0
      vertex -18.5865 20.9445 0
      vertex -15.6741 23.2223 0
    endloop
  endfacet
  facet normal 0 0 -1
    outer loop
      vertex -18.6859 21.0785 0
      vertex -15.6741 23.2223 0
      vertex -18.5865 20.9445 0
    endloop
  endfacet
  facet normal 0 0 -1
    outer loop
      vertex -15 -21 0
      vertex -18.3082 -20.1666 0
      vertex -18.3 -20 0
    endloop
  endfacet
  facet normal 0 0 -1
    outer loop
      vertex -15 -21 0
      vertex -18.3327 -20.3317 0
      vertex -18.3082 -20.1666 0
    endloop
  endfacet
  facet normal 0 0 -1
    outer loop
      vertex -15 -21 0
      vertex -18.3732 -20.4935 0
      vertex -18.3327 -20.3317 0
    endloop
  endfacet
  facet normal 0 0 -1
    outer loop
      vertex -15.0193 -21.3921 0
      vertex -18.4294 -20.6506 0
      vertex -18.3732 -20.4935 0
    endloop
  endfacet
  facet normal 0 0 -1
    outer loop
      vertex -15.0769 -21.7804 0
      vertex -18.5007 -20.8014 0
      vertex -18.4294 -20.6506 0
    endloop
  endfacet
  facet normal 0 0 -1
    outer loop
      vertex -15.3045 -22.5307 0
      vertex -18.5865 -20.9445 0
      vertex -18.5007 -20.8014 0
    endloop
  endfacet
  facet normal 0 0 -1
    outer loop
      vertex -19.3494 -21.5706 0
      vertex -18.2196 -24.9231 0
      vertex -18.6079 -24.9807 0
    endloop
  endfacet
  facet normal 0 0 -1
    outer loop
      vertex -15.6741 -23.2223 0
      vertex -18.6859 -21.0785 0
      vertex -18.5865 -20.9445 0
    endloop
  endfacet
  facet normal 0 0 -1
    outer loop
      vertex -15.908 -23.5376 0
      vertex -18.7979 -21.2021 0
      vertex -18.6859 -21.0785 0
    endloop
  endfacet
  facet normal 0 0 -1
    outer loop
      vertex -16.4624 -24.092 0
      vertex -18.9215 -21.3141 0
      vertex -18.7979 -21.2021 0
    endloop
  endfacet
  facet normal 0 0 -1
    outer loop
      vertex -19.5065 -21.6268 0
      vertex -18.6079 -24.9807 0
      vertex -19 -25 0
    endloop
  endfacet
  facet normal 0 0 -1
    outer loop
      vertex -17.1144 -24.5277 0
      vertex -19.0555 -21.4135 0
      vertex -18.9215 -21.3141 0
    endloop
  endfacet
  facet normal 0 0 -1
    outer loop
      vertex -17.4693 -24.6955 0
      vertex -19.1986 -21.4993 0
      vertex -19.0555 -21.4135 0
    endloop
  endfacet
  facet normal 0 0 -1
    outer loop
      vertex -18.2196 -24.9231 0
      vertex -19.3494 -21.5706 0
      vertex -19.1986 -21.4993 0
    endloop
  endfacet
  facet normal 0 0 -1
    outer loop
      vertex -18.6079 -24.9807 0
      vertex -19.5065 -21.6268 0
      vertex -19.3494 -21.5706 0
    endloop
  endfacet
  facet normal 0 0 -1
    outer loop
      vertex -19 -25 0
      vertex -19.6683 -21.6673 0
      vertex -19.5065 -21.6268 0
    endloop
  endfacet
  facet normal 0 0 -1
    outer loop
      vertex -19 -25 0
      vertex -19.8334 -21.6918 0
      vertex -19.6683 -21.6673 0
    endloop
  endfacet
  facet normal 0 0 -1
    outer loop
      vertex -19 -25 0
      vertex -20 -21.7 0
      vertex -19.8334 -21.6918 0
    endloop
  endfacet
  facet normal 0 0 -1
    outer loop
      vertex -19 -25 0
      vertex -20.1666 -21.6918 0
      vertex -20 -21.7 0
    endloop
  endfacet
  facet normal 0 0 -1
    outer loop
      vertex -19 -25 0
      vertex -20.3317 -21.6673 0
      vertex -20.1666 -21.6918 0
    endloop
  endfacet
  facet normal 0 0 -1
    outer loop
      vertex -19 -25 0
      vertex -20.4935 -21.6268 0
      vertex -20.3317 -21.6673 0
    endloop
  endfacet
  facet normal 0 0 -1
    outer loop
      vertex -19 -25 0
      vertex -20.6506 -21.5706 0
      vertex -20.4935 -21.6268 0
    endloop
  endfacet
  facet normal 0 0 -1
    outer loop
      vertex -19 -25 0
      vertex -20.8014 -21.4993 0
      vertex -20.6506 -21.5706 0
    endloop
  endfacet
  facet normal 0 0 -1
    outer loop
      vertex -19 -25 0
      vertex -20.9445 -21.4135 0
      vertex -20.8014 -21.4993 0
    endloop
  endfacet
  facet normal 0 0 -1
    outer loop
      vertex -19 -25 0
      vertex -21.0785 -21.3141 0
      vertex -20.9445 -21.4135 0
    endloop
  endfacet
  facet normal 0 0 -1
    outer loop
      vertex -19 -25 0
      vertex -21.2021 -21.2021 0
      vertex -21.0785 -21.3141 0
    endloop
  endfacet
  facet normal 0 0 -1
    outer loop
      vertex -19 -25 0
      vertex -21.3141 -21.0785 0
      vertex -21.2021 -21.2021 0
    endloop
  endfacet
  facet normal 0 0 -1
    outer loop
      vertex -44.2929 -19.7071 0
      vertex -21.3141 -21.0785 0
      vertex -19 -25 0
    endloop
  endfacet
  facet normal 0 0 -1
    outer loop
      vertex -21.3141 -21.0785 0
      vertex -44.2929 -19.7071 0
      vertex -21.4135 -20.9445 0
    endloop
  endfacet
  facet normal -0 0 -1
    outer loop
      vertex -21.6673 19.6683 0
      vertex -39.1 6.1 0
      vertex -21.6918 19.8334 0
    endloop
  endfacet
  facet normal 0 0 -1
    outer loop
      vertex -44.0048 -19.098 0
      vertex -21.7 -20 0
      vertex -21.6918 -20.1666 0
    endloop
  endfacet
  facet normal 0 0 -1
    outer loop
      vertex -44.0192 -19.1951 0
      vertex -21.6918 -20.1666 0
      vertex -21.6673 -20.3317 0
    endloop
  endfacet
  facet normal 0 0 -1
    outer loop
      vertex -44.0431 -19.2903 0
      vertex -21.6673 -20.3317 0
      vertex -21.6268 -20.4935 0
    endloop
  endfacet
  facet normal 0 0 -1
    outer loop
      vertex -44.0761 -19.3827 0
      vertex -21.6268 -20.4935 0
      vertex -21.5706 -20.6506 0
    endloop
  endfacet
  facet normal 0 0 -1
    outer loop
      vertex -44.1181 -19.4714 0
      vertex -21.5706 -20.6506 0
      vertex -21.4993 -20.8014 0
    endloop
  endfacet
  facet normal 0 -0 -1
    outer loop
      vertex -44.227 -19.6344 0
      vertex -21.4135 -20.9445 0
      vertex -44.2929 -19.7071 0
    endloop
  endfacet
  facet normal 0 0 -1
    outer loop
      vertex -21.6918 -19.8334 0
      vertex -44 -19 0
      vertex -44.0048 -18.902 0
    endloop
  endfacet
  facet normal 0 0 -1
    outer loop
      vertex -21.7 -20 0
      vertex -44.0048 -19.098 0
      vertex -44 -19 0
    endloop
  endfacet
  facet normal 0 0 -1
    outer loop
      vertex -21.6918 -20.1666 0
      vertex -44.0192 -19.1951 0
      vertex -44.0048 -19.098 0
    endloop
  endfacet
  facet normal 0 0 -1
    outer loop
      vertex -21.6673 -20.3317 0
      vertex -44.0431 -19.2903 0
      vertex -44.0192 -19.1951 0
    endloop
  endfacet
  facet normal 0 0 -1
    outer loop
      vertex -21.6268 -20.4935 0
      vertex -44.0761 -19.3827 0
      vertex -44.0431 -19.2903 0
    endloop
  endfacet
  facet normal 0 0 -1
    outer loop
      vertex -21.5706 -20.6506 0
      vertex -44.1181 -19.4714 0
      vertex -44.0761 -19.3827 0
    endloop
  endfacet
  facet normal 0 0 -1
    outer loop
      vertex -21.4993 -20.8014 0
      vertex -44.1685 -19.5556 0
      vertex -44.1181 -19.4714 0
    endloop
  endfacet
  facet normal 0 0 -1
    outer loop
      vertex -21.4993 -20.8014 0
      vertex -44.227 -19.6344 0
      vertex -44.1685 -19.5556 0
    endloop
  endfacet
  facet normal 0 0 -1
    outer loop
      vertex -21.4135 -20.9445 0
      vertex -44.227 -19.6344 0
      vertex -21.4993 -20.8014 0
    endloop
  endfacet
  facet normal 0 0 -1
    outer loop
      vertex -19 -25 0
      vertex -44.3656 -19.773 0
      vertex -44.2929 -19.7071 0
    endloop
  endfacet
  facet normal 0 0 -1
    outer loop
      vertex -19 -25 0
      vertex -44.4444 -19.8315 0
      vertex -44.3656 -19.773 0
    endloop
  endfacet
  facet normal 0 0 -1
    outer loop
      vertex -19 -25 0
      vertex -44.5286 -19.8819 0
      vertex -44.4444 -19.8315 0
    endloop
  endfacet
  facet normal 0 0 -1
    outer loop
      vertex -19 -25 0
      vertex -44.6173 -19.9239 0
      vertex -44.5286 -19.8819 0
    endloop
  endfacet
  facet normal 0 0 -1
    outer loop
      vertex -19 -25 0
      vertex -44.7097 -19.9569 0
      vertex -44.6173 -19.9239 0
    endloop
  endfacet
  facet normal 0 0 -1
    outer loop
      vertex -19 -25 0
      vertex -44.8049 -19.9808 0
      vertex -44.7097 -19.9569 0
    endloop
  endfacet
  facet normal 0 0 -1
    outer loop
      vertex -19 -25 0
      vertex -44.902 -19.9952 0
      vertex -44.8049 -19.9808 0
    endloop
  endfacet
  facet normal 0 0 -1
    outer loop
      vertex -19 -25 0
      vertex -45 -20 0
      vertex -44.902 -19.9952 0
    endloop
  endfacet
  facet normal 0 0 -1
    outer loop
      vertex -71 -25 0
      vertex -45 -20 0
      vertex -19 -25 0
    endloop
  endfacet
  facet normal -0 0 -1
    outer loop
      vertex -45 -20 0
      vertex -71 -25 0
      vertex -45.098 -19.9952 0
    endloop
  endfacet
  facet normal 0 0 -1
    outer loop
      vertex -68.3 -20 0
      vertex -46 -19 0
      vertex -45.9952 -19.098 0
    endloop
  endfacet
  facet normal 0 0 -1
    outer loop
      vertex -68.3082 -20.1666 0
      vertex -45.9952 -19.098 0
      vertex -45.9808 -19.1951 0
    endloop
  endfacet
  facet normal 0 0 -1
    outer loop
      vertex -68.3082 -20.1666 0
      vertex -45.9808 -19.1951 0
      vertex -45.9569 -19.2903 0
    endloop
  endfacet
  facet normal 0 0 -1
    outer loop
      vertex -68.3327 -20.3317 0
      vertex -45.9569 -19.2903 0
      vertex -45.9239 -19.3827 0
    endloop
  endfacet
  facet normal 0 0 -1
    outer loop
      vertex -68.3732 -20.4935 0
      vertex -45.9239 -19.3827 0
      vertex -45.8819 -19.4714 0
    endloop
  endfacet
  facet normal 0 0 -1
    outer loop
      vertex -68.4294 -20.6506 0
      vertex -45.8819 -19.4714 0
      vertex -45.8315 -19.5556 0
    endloop
  endfacet
  facet normal 0 0 -1
    outer loop
      vertex -68.5007 -20.8014 0
      vertex -45.8315 -19.5556 0
      vertex -45.773 -19.6344 0
    endloop
  endfacet
  facet normal 0 0 -1
    outer loop
      vertex -68.5865 -20.9445 0
      vertex -45.773 -19.6344 0
      vertex -45.7071 -19.7071 0
    endloop
  endfacet
  facet normal 0 0 -1
    outer loop
      vertex -71 -25 0
      vertex -45.7071 -19.7071 0
      vertex -45.6344 -19.773 0
    endloop
  endfacet
  facet normal -0 0 -1
    outer loop
      vertex -45.9952 -18.902 0
      vertex -68.3327 -19.6683 0
      vertex -45.9808 -18.8049 0
    endloop
  endfacet
  facet normal 0 0 -1
    outer loop
      vertex -68.3082 -19.8334 0
      vertex -46 -19 0
      vertex -68.3 -20 0
    endloop
  endfacet
  facet normal 0 0 -1
    outer loop
      vertex -71 -25 0
      vertex -45.6344 -19.773 0
      vertex -45.5556 -19.8315 0
    endloop
  endfacet
  facet normal 0 0 -1
    outer loop
      vertex -71 -25 0
      vertex -45.5556 -19.8315 0
      vertex -45.4714 -19.8819 0
    endloop
  endfacet
  facet normal 0 0 -1
    outer loop
      vertex -71 -25 0
      vertex -45.4714 -19.8819 0
      vertex -45.3827 -19.9239 0
    endloop
  endfacet
  facet normal 0 0 -1
    outer loop
      vertex -71 -25 0
      vertex -45.3827 -19.9239 0
      vertex -45.2903 -19.9569 0
    endloop
  endfacet
  facet normal 0 0 -1
    outer loop
      vertex -71 -25 0
      vertex -45.2903 -19.9569 0
      vertex -45.1951 -19.9808 0
    endloop
  endfacet
  facet normal -0 0 -1
    outer loop
      vertex -45.098 -19.9952 0
      vertex -71 -25 0
      vertex -45.1951 -19.9808 0
    endloop
  endfacet
  facet normal 0 0 -1
    outer loop
      vertex -45.9952 -19.098 0
      vertex -68.3082 -20.1666 0
      vertex -68.3 -20 0
    endloop
  endfacet
  facet normal 0 0 -1
    outer loop
      vertex -45.9569 -19.2903 0
      vertex -68.3327 -20.3317 0
      vertex -68.3082 -20.1666 0
    endloop
  endfacet
  facet normal 0 0 -1
    outer loop
      vertex -45.9239 -19.3827 0
      vertex -68.3732 -20.4935 0
      vertex -68.3327 -20.3317 0
    endloop
  endfacet
  facet normal 0 0 -1
    outer loop
      vertex -45.8819 -19.4714 0
      vertex -68.4294 -20.6506 0
      vertex -68.3732 -20.4935 0
    endloop
  endfacet
  facet normal 0 0 -1
    outer loop
      vertex -45.8315 -19.5556 0
      vertex -68.5007 -20.8014 0
      vertex -68.4294 -20.6506 0
    endloop
  endfacet
  facet normal 0 0 -1
    outer loop
      vertex -45.773 -19.6344 0
      vertex -68.5865 -20.9445 0
      vertex -68.5007 -20.8014 0
    endloop
  endfacet
  facet normal 0 0 -1
    outer loop
      vertex -45.7071 -19.7071 0
      vertex -71 -25 0
      vertex -68.6859 -21.0785 0
    endloop
  endfacet
  facet normal 0 0 -1
    outer loop
      vertex -45.7071 -19.7071 0
      vertex -68.6859 -21.0785 0
      vertex -68.5865 -20.9445 0
    endloop
  endfacet
  facet normal 0 0 -1
    outer loop
      vertex -68.6859 -21.0785 0
      vertex -71 -25 0
      vertex -68.7979 -21.2021 0
    endloop
  endfacet
  facet normal 0 0 -1
    outer loop
      vertex -68.7979 -21.2021 0
      vertex -71 -25 0
      vertex -68.9215 -21.3141 0
    endloop
  endfacet
  facet normal 0 0 -1
    outer loop
      vertex -68.9215 -21.3141 0
      vertex -71 -25 0
      vertex -69.0555 -21.4135 0
    endloop
  endfacet
  facet normal 0 0 -1
    outer loop
      vertex -69.0555 -21.4135 0
      vertex -71 -25 0
      vertex -69.1986 -21.4993 0
    endloop
  endfacet
  facet normal 0 0 -1
    outer loop
      vertex -69.1986 -21.4993 0
      vertex -71 -25 0
      vertex -69.3494 -21.5706 0
    endloop
  endfacet
  facet normal 0 0 -1
    outer loop
      vertex -69.3494 -21.5706 0
      vertex -71 -25 0
      vertex -69.5065 -21.6268 0
    endloop
  endfacet
  facet normal 0 0 -1
    outer loop
      vertex -69.5065 -21.6268 0
      vertex -71 -25 0
      vertex -69.6684 -21.6673 0
    endloop
  endfacet
  facet normal 0 0 -1
    outer loop
      vertex -69.6684 -21.6673 0
      vertex -71 -25 0
      vertex -69.8334 -21.6918 0
    endloop
  endfacet
  facet normal 0 0 -1
    outer loop
      vertex -69.8334 -21.6918 0
      vertex -71 -25 0
      vertex -70 -21.7 0
    endloop
  endfacet
  facet normal -0 0 -1
    outer loop
      vertex -70 -21.7 0
      vertex -71 -25 0
      vertex -70.1666 -21.6918 0
    endloop
  endfacet
  facet normal 0 0 -1
    outer loop
      vertex -71 -25 0
      vertex -70.3316 -21.6673 0
      vertex -70.1666 -21.6918 0
    endloop
  endfacet
  facet normal 0 0 -1
    outer loop
      vertex -71 -25 0
      vertex -70.4935 -21.6268 0
      vertex -70.3316 -21.6673 0
    endloop
  endfacet
  facet normal 0 0 -1
    outer loop
      vertex -71.3921 -24.9807 0
      vertex -70.4935 -21.6268 0
      vertex -71 -25 0
    endloop
  endfacet
  facet normal -0 0 -1
    outer loop
      vertex -70.4935 -21.6268 0
      vertex -71.3921 -24.9807 0
      vertex -70.6506 -21.5706 0
    endloop
  endfacet
  facet normal 0 0 -1
    outer loop
      vertex -71.7804 -24.9231 0
      vertex -70.6506 -21.5706 0
      vertex -71.3921 -24.9807 0
    endloop
  endfacet
  facet normal -0 0 -1
    outer loop
      vertex -70.6506 -21.5706 0
      vertex -71.7804 -24.9231 0
      vertex -70.8014 -21.4993 0
    endloop
  endfacet
  facet normal 0 0 -1
    outer loop
      vertex -72.1611 -24.8278 0
      vertex -70.8014 -21.4993 0
      vertex -71.7804 -24.9231 0
    endloop
  endfacet
  facet normal 0 0 -1
    outer loop
      vertex -72.5307 -24.6955 0
      vertex -70.8014 -21.4993 0
      vertex -72.1611 -24.8278 0
    endloop
  endfacet
  facet normal -0 0 -1
    outer loop
      vertex -70.8014 -21.4993 0
      vertex -72.5307 -24.6955 0
      vertex -70.9445 -21.4135 0
    endloop
  endfacet
  facet normal 0 0 -1
    outer loop
      vertex -72.8856 -24.5277 0
      vertex -70.9445 -21.4135 0
      vertex -72.5307 -24.6955 0
    endloop
  endfacet
  facet normal -0 0 -1
    outer loop
      vertex -70.9445 -21.4135 0
      vertex -72.8856 -24.5277 0
      vertex -71.0785 -21.3141 0
    endloop
  endfacet
  facet normal 0 0 -1
    outer loop
      vertex -73.2223 -24.3259 0
      vertex -71.0785 -21.3141 0
      vertex -72.8856 -24.5277 0
    endloop
  endfacet
  facet normal 0 0 -1
    outer loop
      vertex -73.5376 -24.092 0
      vertex -71.0785 -21.3141 0
      vertex -73.2223 -24.3259 0
    endloop
  endfacet
  facet normal -0 0 -1
    outer loop
      vertex -71.0785 -21.3141 0
      vertex -73.5376 -24.092 0
      vertex -71.2021 -21.2021 0
    endloop
  endfacet
  facet normal 0 0 -1
    outer loop
      vertex -73.8284 -23.8284 0
      vertex -71.2021 -21.2021 0
      vertex -73.5376 -24.092 0
    endloop
  endfacet
  facet normal 0 0 -1
    outer loop
      vertex -74.3259 -23.2223 0
      vertex -71.3141 -21.0785 0
      vertex -74.092 -23.5376 0
    endloop
  endfacet
  facet normal -0 0 -1
    outer loop
      vertex -71.2021 -21.2021 0
      vertex -74.092 -23.5376 0
      vertex -71.3141 -21.0785 0
    endloop
  endfacet
  facet normal 0 0 -1
    outer loop
      vertex -74.092 -23.5376 0
      vertex -71.2021 -21.2021 0
      vertex -73.8284 -23.8284 0
    endloop
  endfacet
  facet normal -0 0 -1
    outer loop
      vertex -15.6741 23.2223 0
      vertex -18.6859 21.0785 0
      vertex -15.908 23.5376 0
    endloop
  endfacet
  facet normal 0 0 -1
    outer loop
      vertex -18.7979 21.2021 0
      vertex -15.908 23.5376 0
      vertex -18.6859 21.0785 0
    endloop
  endfacet
  facet normal -0 0 -1
    outer loop
      vertex -15.908 23.5376 0
      vertex -18.7979 21.2021 0
      vertex -16.1716 23.8284 0
    endloop
  endfacet
  facet normal -0 0 -1
    outer loop
      vertex -16.1716 23.8284 0
      vertex -18.7979 21.2021 0
      vertex -16.4624 24.092 0
    endloop
  endfacet
  facet normal 0 0 -1
    outer loop
      vertex -18.9215 21.3141 0
      vertex -16.4624 24.092 0
      vertex -18.7979 21.2021 0
    endloop
  endfacet
  facet normal -0 0 -1
    outer loop
      vertex -16.4624 24.092 0
      vertex -18.9215 21.3141 0
      vertex -16.7777 24.3259 0
    endloop
  endfacet
  facet normal -0 0 -1
    outer loop
      vertex -16.7777 24.3259 0
      vertex -18.9215 21.3141 0
      vertex -17.1144 24.5277 0
    endloop
  endfacet
  facet normal 0 0 -1
    outer loop
      vertex -19.0555 21.4135 0
      vertex -17.1144 24.5277 0
      vertex -18.9215 21.3141 0
    endloop
  endfacet
  facet normal -0 0 -1
    outer loop
      vertex -17.1144 24.5277 0
      vertex -19.0555 21.4135 0
      vertex -17.4693 24.6955 0
    endloop
  endfacet
  facet normal 0 0 -1
    outer loop
      vertex -19.1986 21.4993 0
      vertex -17.4693 24.6955 0
      vertex -19.0555 21.4135 0
    endloop
  endfacet
  facet normal -0 0 -1
    outer loop
      vertex -17.4693 24.6955 0
      vertex -19.1986 21.4993 0
      vertex -17.8389 24.8278 0
    endloop
  endfacet
  facet normal -0 0 -1
    outer loop
      vertex -17.8389 24.8278 0
      vertex -19.1986 21.4993 0
      vertex -18.2196 24.9231 0
    endloop
  endfacet
  facet normal 0 0 -1
    outer loop
      vertex -19.3494 21.5706 0
      vertex -18.2196 24.9231 0
      vertex -19.1986 21.4993 0
    endloop
  endfacet
  facet normal -0 0 -1
    outer loop
      vertex -18.2196 24.9231 0
      vertex -19.3494 21.5706 0
      vertex -18.6079 24.9807 0
    endloop
  endfacet
  facet normal 0 0 -1
    outer loop
      vertex -19.5065 21.6268 0
      vertex -18.6079 24.9807 0
      vertex -19.3494 21.5706 0
    endloop
  endfacet
  facet normal -0 0 -1
    outer loop
      vertex -18.6079 24.9807 0
      vertex -19.5065 21.6268 0
      vertex -19 25 0
    endloop
  endfacet
  facet normal 0 0 -1
    outer loop
      vertex -19.6683 21.6673 0
      vertex -19 25 0
      vertex -19.5065 21.6268 0
    endloop
  endfacet
  facet normal 0 0 -1
    outer loop
      vertex -19.8334 21.6918 0
      vertex -19 25 0
      vertex -19.6683 21.6673 0
    endloop
  endfacet
  facet normal 0 0 -1
    outer loop
      vertex -20 21.7 0
      vertex -19 25 0
      vertex -19.8334 21.6918 0
    endloop
  endfacet
  facet normal 0 0 -1
    outer loop
      vertex -20.1666 21.6918 0
      vertex -19 25 0
      vertex -20 21.7 0
    endloop
  endfacet
  facet normal 0 0 -1
    outer loop
      vertex -20.3317 21.6673 0
      vertex -19 25 0
      vertex -20.1666 21.6918 0
    endloop
  endfacet
  facet normal 0 0 -1
    outer loop
      vertex -20.4935 21.6268 0
      vertex -19 25 0
      vertex -20.3317 21.6673 0
    endloop
  endfacet
  facet normal 0 0 -1
    outer loop
      vertex -20.6506 21.5706 0
      vertex -19 25 0
      vertex -20.4935 21.6268 0
    endloop
  endfacet
  facet normal 0 0 -1
    outer loop
      vertex -20.8014 21.4993 0
      vertex -19 25 0
      vertex -20.6506 21.5706 0
    endloop
  endfacet
  facet normal 0 0 -1
    outer loop
      vertex -20.9445 21.4135 0
      vertex -19 25 0
      vertex -20.8014 21.4993 0
    endloop
  endfacet
  facet normal 0 0 -1
    outer loop
      vertex -21.0785 21.3141 0
      vertex -19 25 0
      vertex -20.9445 21.4135 0
    endloop
  endfacet
  facet normal 0 0 -1
    outer loop
      vertex -21.2021 21.2021 0
      vertex -19 25 0
      vertex -21.0785 21.3141 0
    endloop
  endfacet
  facet normal 0 0 -1
    outer loop
      vertex -21.3141 21.0785 0
      vertex -19 25 0
      vertex -21.2021 21.2021 0
    endloop
  endfacet
  facet normal 0 0 -1
    outer loop
      vertex -21.4135 20.9445 0
      vertex -19 25 0
      vertex -21.3141 21.0785 0
    endloop
  endfacet
  facet normal 0 0 -1
    outer loop
      vertex -68.5865 20.9445 0
      vertex -21.4135 20.9445 0
      vertex -21.4993 20.8014 0
    endloop
  endfacet
  facet normal -0 0 -1
    outer loop
      vertex -21.6918 19.8334 0
      vertex -39.1 6.1 0
      vertex -21.7 20 0
    endloop
  endfacet
  facet normal -0 0 -1
    outer loop
      vertex -21.7 20 0
      vertex -39.1 6.1 0
      vertex -21.6918 20.1666 0
    endloop
  endfacet
  facet normal -0 0 -1
    outer loop
      vertex -21.6918 20.1666 0
      vertex -39.1 6.1 0
      vertex -21.6673 20.3317 0
    endloop
  endfacet
  facet normal -0 0 -1
    outer loop
      vertex -21.6673 20.3317 0
      vertex -39.1 6.1 0
      vertex -21.6268 20.4935 0
    endloop
  endfacet
  facet normal -0 0 -1
    outer loop
      vertex -21.6268 20.4935 0
      vertex -39.1 6.1 0
      vertex -21.5706 20.6506 0
    endloop
  endfacet
  facet normal 0 0 -1
    outer loop
      vertex -68.4294 20.6506 0
      vertex -21.5706 20.6506 0
      vertex -39.1 6.1 0
    endloop
  endfacet
  facet normal 0 0 -1
    outer loop
      vertex -21.5706 20.6506 0
      vertex -68.4294 20.6506 0
      vertex -21.4993 20.8014 0
    endloop
  endfacet
  facet normal 0 0 -1
    outer loop
      vertex -68.3 20 0
      vertex -39.1 6.1 0
      vertex -61.9 6.1 0
    endloop
  endfacet
  facet normal 0 0 -1
    outer loop
      vertex -68.3732 -19.5065 0
      vertex -45.9808 -18.8049 0
      vertex -68.3327 -19.6683 0
    endloop
  endfacet
  facet normal 0 0 -1
    outer loop
      vertex -39.1 6.1 0
      vertex -68.3 20 0
      vertex -68.3082 20.1666 0
    endloop
  endfacet
  facet normal 0 0 -1
    outer loop
      vertex -68.3327 20.3317 0
      vertex -39.1 6.1 0
      vertex -68.3082 20.1666 0
    endloop
  endfacet
  facet normal 0 0 -1
    outer loop
      vertex -68.3732 20.4935 0
      vertex -39.1 6.1 0
      vertex -68.3327 20.3317 0
    endloop
  endfacet
  facet normal 0 0 -1
    outer loop
      vertex -68.4294 20.6506 0
      vertex -39.1 6.1 0
      vertex -68.3732 20.4935 0
    endloop
  endfacet
  facet normal 0 0 -1
    outer loop
      vertex -68.5007 20.8014 0
      vertex -21.4993 20.8014 0
      vertex -68.4294 20.6506 0
    endloop
  endfacet
  facet normal 0 0 -1
    outer loop
      vertex -68.5865 20.9445 0
      vertex -21.4993 20.8014 0
      vertex -68.5007 20.8014 0
    endloop
  endfacet
  facet normal 0 0 -1
    outer loop
      vertex -21.4135 20.9445 0
      vertex -68.5865 20.9445 0
      vertex -19 25 0
    endloop
  endfacet
  facet normal 0 0 -1
    outer loop
      vertex -71 25 0
      vertex -68.5865 20.9445 0
      vertex -68.6859 21.0785 0
    endloop
  endfacet
  facet normal 0 0 -1
    outer loop
      vertex -71 25 0
      vertex -68.6859 21.0785 0
      vertex -68.7979 21.2021 0
    endloop
  endfacet
  facet normal 0 0 -1
    outer loop
      vertex -71 25 0
      vertex -68.7979 21.2021 0
      vertex -68.9215 21.3141 0
    endloop
  endfacet
  facet normal 0 0 -1
    outer loop
      vertex -71 25 0
      vertex -68.9215 21.3141 0
      vertex -69.0555 21.4135 0
    endloop
  endfacet
  facet normal 0 0 -1
    outer loop
      vertex -71 25 0
      vertex -69.0555 21.4135 0
      vertex -69.1986 21.4993 0
    endloop
  endfacet
  facet normal 0 0 -1
    outer loop
      vertex -71 25 0
      vertex -69.1986 21.4993 0
      vertex -69.3494 21.5706 0
    endloop
  endfacet
  facet normal 0 0 -1
    outer loop
      vertex -71 25 0
      vertex -69.3494 21.5706 0
      vertex -69.5065 21.6268 0
    endloop
  endfacet
  facet normal 0 0 -1
    outer loop
      vertex -71 25 0
      vertex -69.5065 21.6268 0
      vertex -69.6684 21.6673 0
    endloop
  endfacet
  facet normal 0 0 -1
    outer loop
      vertex -71 25 0
      vertex -69.6684 21.6673 0
      vertex -69.8334 21.6918 0
    endloop
  endfacet
  facet normal 0 0 -1
    outer loop
      vertex -71 25 0
      vertex -69.8334 21.6918 0
      vertex -70 21.7 0
    endloop
  endfacet
  facet normal 0 0 -1
    outer loop
      vertex -71 25 0
      vertex -70 21.7 0
      vertex -70.1666 21.6918 0
    endloop
  endfacet
  facet normal 0 0 -1
    outer loop
      vertex -68.5865 20.9445 0
      vertex -71 25 0
      vertex -19 25 0
    endloop
  endfacet
  facet normal 0 0 -1
    outer loop
      vertex -70.3316 21.6673 0
      vertex -71 25 0
      vertex -70.1666 21.6918 0
    endloop
  endfacet
  facet normal 0 0 -1
    outer loop
      vertex -70.4935 21.6268 0
      vertex -71 25 0
      vertex -70.3316 21.6673 0
    endloop
  endfacet
  facet normal 0 0 -1
    outer loop
      vertex -71.3921 24.9807 0
      vertex -70.4935 21.6268 0
      vertex -70.6506 21.5706 0
    endloop
  endfacet
  facet normal 0 0 -1
    outer loop
      vertex -71.7804 24.9231 0
      vertex -70.6506 21.5706 0
      vertex -70.8014 21.4993 0
    endloop
  endfacet
  facet normal 0 0 -1
    outer loop
      vertex -72.5307 24.6955 0
      vertex -70.8014 21.4993 0
      vertex -70.9445 21.4135 0
    endloop
  endfacet
  facet normal 0 0 -1
    outer loop
      vertex -72.8856 24.5277 0
      vertex -70.9445 21.4135 0
      vertex -71.0785 21.3141 0
    endloop
  endfacet
  facet normal 0 0 -1
    outer loop
      vertex -73.5376 24.092 0
      vertex -71.0785 21.3141 0
      vertex -71.2021 21.2021 0
    endloop
  endfacet
  facet normal 0 0 -1
    outer loop
      vertex -74.092 23.5376 0
      vertex -71.2021 21.2021 0
      vertex -71.3141 21.0785 0
    endloop
  endfacet
  facet normal 0 0 -1
    outer loop
      vertex -70.4935 21.6268 0
      vertex -71.3921 24.9807 0
      vertex -71 25 0
    endloop
  endfacet
  facet normal 0 0 -1
    outer loop
      vertex -74.3259 23.2223 0
      vertex -71.3141 21.0785 0
      vertex -71.4135 20.9445 0
    endloop
  endfacet
  facet normal 0 0 -1
    outer loop
      vertex -74.6955 22.5307 0
      vertex -71.4135 20.9445 0
      vertex -71.4993 20.8014 0
    endloop
  endfacet
  facet normal 0 0 -1
    outer loop
      vertex -74.9231 21.7804 0
      vertex -71.4993 20.8014 0
      vertex -71.5706 20.6506 0
    endloop
  endfacet
  facet normal 0 0 -1
    outer loop
      vertex -74.9807 21.3921 0
      vertex -71.5706 20.6506 0
      vertex -71.6268 20.4935 0
    endloop
  endfacet
  facet normal 0 0 -1
    outer loop
      vertex -75 21 0
      vertex -71.6268 20.4935 0
      vertex -71.6673 20.3317 0
    endloop
  endfacet
  facet normal 0 0 -1
    outer loop
      vertex -75 21 0
      vertex -71.6673 20.3317 0
      vertex -71.6918 20.1666 0
    endloop
  endfacet
  facet normal 0 0 -1
    outer loop
      vertex -70.6506 21.5706 0
      vertex -71.7804 24.9231 0
      vertex -71.3921 24.9807 0
    endloop
  endfacet
  facet normal 0 0 -1
    outer loop
      vertex -75 21 0
      vertex -71.6918 20.1666 0
      vertex -71.7 20 0
    endloop
  endfacet
  facet normal 0 0 -1
    outer loop
      vertex -71.6673 19.6683 0
      vertex -75 21 0
      vertex -71.6918 19.8334 0
    endloop
  endfacet
  facet normal -0 0 -1
    outer loop
      vertex -71.3141 -21.0785 0
      vertex -74.3259 -23.2223 0
      vertex -71.4135 -20.9445 0
    endloop
  endfacet
  facet normal 0 0 -1
    outer loop
      vertex -71.6918 19.8334 0
      vertex -75 21 0
      vertex -71.7 20 0
    endloop
  endfacet
  facet normal 0 0 -1
    outer loop
      vertex -74.5277 -22.8856 0
      vertex -71.4135 -20.9445 0
      vertex -74.3259 -23.2223 0
    endloop
  endfacet
  facet normal 0 0 -1
    outer loop
      vertex -71.6268 20.4935 0
      vertex -75 21 0
      vertex -74.9807 21.3921 0
    endloop
  endfacet
  facet normal 0 0 -1
    outer loop
      vertex -74.6955 -22.5307 0
      vertex -71.4135 -20.9445 0
      vertex -74.5277 -22.8856 0
    endloop
  endfacet
  facet normal 0 0 -1
    outer loop
      vertex -70.8014 21.4993 0
      vertex -72.1611 24.8278 0
      vertex -71.7804 24.9231 0
    endloop
  endfacet
  facet normal -0 0 -1
    outer loop
      vertex -71.4135 -20.9445 0
      vertex -74.6955 -22.5307 0
      vertex -71.4993 -20.8014 0
    endloop
  endfacet
  facet normal 0 0 -1
    outer loop
      vertex -70.8014 21.4993 0
      vertex -72.5307 24.6955 0
      vertex -72.1611 24.8278 0
    endloop
  endfacet
  facet normal 0 0 -1
    outer loop
      vertex -74.8278 -22.1611 0
      vertex -71.4993 -20.8014 0
      vertex -74.6955 -22.5307 0
    endloop
  endfacet
  facet normal 0 0 -1
    outer loop
      vertex -70.9445 21.4135 0
      vertex -72.8856 24.5277 0
      vertex -72.5307 24.6955 0
    endloop
  endfacet
  facet normal 0 0 -1
    outer loop
      vertex -74.9231 -21.7804 0
      vertex -71.4993 -20.8014 0
      vertex -74.8278 -22.1611 0
    endloop
  endfacet
  facet normal 0 0 -1
    outer loop
      vertex -71.0785 21.3141 0
      vertex -73.2223 24.3259 0
      vertex -72.8856 24.5277 0
    endloop
  endfacet
  facet normal -0 0 -1
    outer loop
      vertex -71.4993 -20.8014 0
      vertex -74.9231 -21.7804 0
      vertex -71.5706 -20.6506 0
    endloop
  endfacet
  facet normal 0 0 -1
    outer loop
      vertex -71.0785 21.3141 0
      vertex -73.5376 24.092 0
      vertex -73.2223 24.3259 0
    endloop
  endfacet
  facet normal 0 0 -1
    outer loop
      vertex -74.9807 -21.3921 0
      vertex -71.5706 -20.6506 0
      vertex -74.9231 -21.7804 0
    endloop
  endfacet
  facet normal 0 0 -1
    outer loop
      vertex -71.2021 21.2021 0
      vertex -73.8284 23.8284 0
      vertex -73.5376 24.092 0
    endloop
  endfacet
  facet normal -0 0 -1
    outer loop
      vertex -71.5706 -20.6506 0
      vertex -74.9807 -21.3921 0
      vertex -71.6268 -20.4935 0
    endloop
  endfacet
  facet normal 0 0 -1
    outer loop
      vertex -71.2021 21.2021 0
      vertex -74.092 23.5376 0
      vertex -73.8284 23.8284 0
    endloop
  endfacet
  facet normal 0 0 -1
    outer loop
      vertex -75 -21 0
      vertex -71.6268 -20.4935 0
      vertex -74.9807 -21.3921 0
    endloop
  endfacet
  facet normal 0 0 -1
    outer loop
      vertex -71.3141 21.0785 0
      vertex -74.3259 23.2223 0
      vertex -74.092 23.5376 0
    endloop
  endfacet
  facet normal -0 0 -1
    outer loop
      vertex -71.6268 -20.4935 0
      vertex -75 -21 0
      vertex -71.6673 -20.3317 0
    endloop
  endfacet
  facet normal 0 0 -1
    outer loop
      vertex -71.4135 20.9445 0
      vertex -74.5277 22.8856 0
      vertex -74.3259 23.2223 0
    endloop
  endfacet
  facet normal -0 0 -1
    outer loop
      vertex -71.6673 -20.3317 0
      vertex -75 -21 0
      vertex -71.6918 -20.1666 0
    endloop
  endfacet
  facet normal 0 0 -1
    outer loop
      vertex -71.4135 20.9445 0
      vertex -74.6955 22.5307 0
      vertex -74.5277 22.8856 0
    endloop
  endfacet
  facet normal -0 0 -1
    outer loop
      vertex -71.6918 -20.1666 0
      vertex -75 -21 0
      vertex -71.7 -20 0
    endloop
  endfacet
  facet normal 0 0 -1
    outer loop
      vertex -71.4993 20.8014 0
      vertex -74.8278 22.1611 0
      vertex -74.6955 22.5307 0
    endloop
  endfacet
  facet normal 0 0 -1
    outer loop
      vertex -71.4993 20.8014 0
      vertex -74.9231 21.7804 0
      vertex -74.8278 22.1611 0
    endloop
  endfacet
  facet normal 0 0 -1
    outer loop
      vertex -71.5706 20.6506 0
      vertex -74.9807 21.3921 0
      vertex -74.9231 21.7804 0
    endloop
  endfacet
  facet normal 0 0 -1
    outer loop
      vertex -21.6673 -19.6683 0
      vertex -44.0048 -18.902 0
      vertex -44.0192 -18.8049 0
    endloop
  endfacet
  facet normal 0 0 -1
    outer loop
      vertex -21.6268 -19.5065 0
      vertex -44.0192 -18.8049 0
      vertex -39.1 -6.1 0
    endloop
  endfacet
  facet normal 0 0 -1
    outer loop
      vertex -44.0431 -18.7097 0
      vertex -39.1 -6.1 0
      vertex -44.0192 -18.8049 0
    endloop
  endfacet
  facet normal 0 0 -1
    outer loop
      vertex -44.0761 -18.6173 0
      vertex -39.1 -6.1 0
      vertex -44.0431 -18.7097 0
    endloop
  endfacet
  facet normal 0 0 -1
    outer loop
      vertex -44.1181 -18.5286 0
      vertex -39.1 -6.1 0
      vertex -44.0761 -18.6173 0
    endloop
  endfacet
  facet normal 0 0 -1
    outer loop
      vertex -44.1685 -18.4444 0
      vertex -39.1 -6.1 0
      vertex -44.1181 -18.5286 0
    endloop
  endfacet
  facet normal 0 0 -1
    outer loop
      vertex -44.227 -18.3656 0
      vertex -39.1 -6.1 0
      vertex -44.1685 -18.4444 0
    endloop
  endfacet
  facet normal 0 0 -1
    outer loop
      vertex -44.2929 -18.2929 0
      vertex -39.1 -6.1 0
      vertex -44.227 -18.3656 0
    endloop
  endfacet
  facet normal 0 0 -1
    outer loop
      vertex -44.3656 -18.227 0
      vertex -39.1 -6.1 0
      vertex -44.2929 -18.2929 0
    endloop
  endfacet
  facet normal 0 0 -1
    outer loop
      vertex -44.4444 -18.1685 0
      vertex -39.1 -6.1 0
      vertex -44.3656 -18.227 0
    endloop
  endfacet
  facet normal 0 0 -1
    outer loop
      vertex -44.5286 -18.1181 0
      vertex -39.1 -6.1 0
      vertex -44.4444 -18.1685 0
    endloop
  endfacet
  facet normal 0 0 -1
    outer loop
      vertex -44.6173 -18.0761 0
      vertex -39.1 -6.1 0
      vertex -44.5286 -18.1181 0
    endloop
  endfacet
  facet normal 0 0 -1
    outer loop
      vertex -44.7097 -18.0431 0
      vertex -39.1 -6.1 0
      vertex -44.6173 -18.0761 0
    endloop
  endfacet
  facet normal 0 0 -1
    outer loop
      vertex -44.8049 -18.0192 0
      vertex -39.1 -6.1 0
      vertex -44.7097 -18.0431 0
    endloop
  endfacet
  facet normal 0 0 -1
    outer loop
      vertex -44.902 -18.0048 0
      vertex -39.1 -6.1 0
      vertex -44.8049 -18.0192 0
    endloop
  endfacet
  facet normal 0 0 -1
    outer loop
      vertex -45 -18 0
      vertex -39.1 -6.1 0
      vertex -44.902 -18.0048 0
    endloop
  endfacet
  facet normal 0 0 -1
    outer loop
      vertex -45.098 -18.0048 0
      vertex -39.1 -6.1 0
      vertex -45 -18 0
    endloop
  endfacet
  facet normal 0 0 -1
    outer loop
      vertex -45.1951 -18.0192 0
      vertex -39.1 -6.1 0
      vertex -45.098 -18.0048 0
    endloop
  endfacet
  facet normal 0 0 -1
    outer loop
      vertex -45.2903 -18.0431 0
      vertex -39.1 -6.1 0
      vertex -45.1951 -18.0192 0
    endloop
  endfacet
  facet normal 0 0 -1
    outer loop
      vertex -45.3827 -18.0761 0
      vertex -39.1 -6.1 0
      vertex -45.2903 -18.0431 0
    endloop
  endfacet
  facet normal 0 0 -1
    outer loop
      vertex -45.4714 -18.1181 0
      vertex -39.1 -6.1 0
      vertex -45.3827 -18.0761 0
    endloop
  endfacet
  facet normal 0 0 -1
    outer loop
      vertex -61.9 -6.1 0
      vertex -45.4714 -18.1181 0
      vertex -45.5556 -18.1685 0
    endloop
  endfacet
  facet normal 0 0 -1
    outer loop
      vertex -61.9 -6.1 0
      vertex -45.5556 -18.1685 0
      vertex -45.6344 -18.227 0
    endloop
  endfacet
  facet normal 0 0 -1
    outer loop
      vertex -61.9 -6.1 0
      vertex -45.6344 -18.227 0
      vertex -45.7071 -18.2929 0
    endloop
  endfacet
  facet normal 0 0 -1
    outer loop
      vertex -61.9 -6.1 0
      vertex -45.7071 -18.2929 0
      vertex -45.773 -18.3656 0
    endloop
  endfacet
  facet normal 0 0 -1
    outer loop
      vertex -61.9 -6.1 0
      vertex -45.773 -18.3656 0
      vertex -45.8315 -18.4444 0
    endloop
  endfacet
  facet normal 0 0 -1
    outer loop
      vertex -61.9 -6.1 0
      vertex -45.8315 -18.4444 0
      vertex -45.8819 -18.5286 0
    endloop
  endfacet
  facet normal 0 0 -1
    outer loop
      vertex -45.4714 -18.1181 0
      vertex -61.9 -6.1 0
      vertex -39.1 -6.1 0
    endloop
  endfacet
  facet normal 0 0 -1
    outer loop
      vertex -45.9239 -18.6173 0
      vertex -61.9 -6.1 0
      vertex -45.8819 -18.5286 0
    endloop
  endfacet
  facet normal 0 0 -1
    outer loop
      vertex -45.9569 -18.7097 0
      vertex -61.9 -6.1 0
      vertex -45.9239 -18.6173 0
    endloop
  endfacet
  facet normal 0 0 -1
    outer loop
      vertex -45.9808 -18.8049 0
      vertex -61.9 -6.1 0
      vertex -45.9569 -18.7097 0
    endloop
  endfacet
  facet normal 0 0 -1
    outer loop
      vertex -68.3327 -19.6683 0
      vertex -45.9952 -18.902 0
      vertex -68.3082 -19.8334 0
    endloop
  endfacet
  facet normal 0 0 -1
    outer loop
      vertex -68.3082 -19.8334 0
      vertex -45.9952 -18.902 0
      vertex -46 -19 0
    endloop
  endfacet
  facet normal 0.9415 0.337014 0
    outer loop
      vertex -15.1722 22.1611 34
      vertex -15.3045 22.5307 0
      vertex -15.3045 22.5307 34
    endloop
  endfacet
  facet normal 0.9415 0.337014 0
    outer loop
      vertex -15.3045 22.5307 0
      vertex -15.1722 22.1611 34
      vertex -15.1722 22.1611 0
    endloop
  endfacet
  facet normal 0.242835 0.970068 -0
    outer loop
      vertex -17.8389 24.8278 0
      vertex -18.2196 24.9231 34
      vertex -17.8389 24.8278 34
    endloop
  endfacet
  facet normal 0.242835 0.970068 0
    outer loop
      vertex -18.2196 24.9231 34
      vertex -17.8389 24.8278 0
      vertex -18.2196 24.9231 0
    endloop
  endfacet
  facet normal 0.803137 0.595794 0
    outer loop
      vertex -15.6741 23.2223 34
      vertex -15.908 23.5376 0
      vertex -15.908 23.5376 34
    endloop
  endfacet
  facet normal 0.803137 0.595794 0
    outer loop
      vertex -15.908 23.5376 0
      vertex -15.6741 23.2223 34
      vertex -15.6741 23.2223 0
    endloop
  endfacet
  facet normal -0.803137 -0.595794 0
    outer loop
      vertex -74.092 -23.5376 0
      vertex -74.3259 -23.2223 34
      vertex -74.3259 -23.2223 0
    endloop
  endfacet
  facet normal -0.803137 -0.595794 0
    outer loop
      vertex -74.3259 -23.2223 34
      vertex -74.092 -23.5376 0
      vertex -74.092 -23.5376 34
    endloop
  endfacet
  facet normal 0.970068 -0.242835 0
    outer loop
      vertex -15.1722 -22.1611 34
      vertex -15.0769 -21.7804 0
      vertex -15.0769 -21.7804 34
    endloop
  endfacet
  facet normal 0.970068 -0.242835 0
    outer loop
      vertex -15.0769 -21.7804 0
      vertex -15.1722 -22.1611 34
      vertex -15.1722 -22.1611 0
    endloop
  endfacet
  facet normal -0.904044 0.42744 0
    outer loop
      vertex -74.6955 22.5307 0
      vertex -74.5277 22.8856 34
      vertex -74.5277 22.8856 0
    endloop
  endfacet
  facet normal -0.904044 0.42744 0
    outer loop
      vertex -74.5277 22.8856 34
      vertex -74.6955 22.5307 0
      vertex -74.6955 22.5307 34
    endloop
  endfacet
  facet normal 0.989176 0.146733 0
    outer loop
      vertex -15.0193 21.3921 34
      vertex -15.0769 21.7804 0
      vertex -15.0769 21.7804 34
    endloop
  endfacet
  facet normal 0.989176 0.146733 0
    outer loop
      vertex -15.0769 21.7804 0
      vertex -15.0193 21.3921 34
      vertex -15.0193 21.3921 0
    endloop
  endfacet
  facet normal 0.9415 -0.337014 0
    outer loop
      vertex -15.3045 -22.5307 34
      vertex -15.1722 -22.1611 0
      vertex -15.1722 -22.1611 34
    endloop
  endfacet
  facet normal 0.9415 -0.337014 0
    outer loop
      vertex -15.1722 -22.1611 0
      vertex -15.3045 -22.5307 34
      vertex -15.3045 -22.5307 0
    endloop
  endfacet
  facet normal 0.998791 -0.0491626 0
    outer loop
      vertex -15.0193 -21.3921 34
      vertex -15 -21 0
      vertex -15 -21 34
    endloop
  endfacet
  facet normal 0.998791 -0.0491626 0
    outer loop
      vertex -15 -21 0
      vertex -15.0193 -21.3921 34
      vertex -15.0193 -21.3921 0
    endloop
  endfacet
  facet normal 0.989176 -0.146733 0
    outer loop
      vertex -15.0769 -21.7804 34
      vertex -15.0193 -21.3921 0
      vertex -15.0193 -21.3921 34
    endloop
  endfacet
  facet normal 0.989176 -0.146733 0
    outer loop
      vertex -15.0193 -21.3921 0
      vertex -15.0769 -21.7804 34
      vertex -15.0769 -21.7804 0
    endloop
  endfacet
  facet normal 1 0 0
    outer loop
      vertex -72.6 -7 34
      vertex -72.6 -16.3325 34
      vertex -72.6 -7 26
    endloop
  endfacet
  facet normal 1 0 0
    outer loop
      vertex -72.6 7 26
      vertex -72.6 16.3325 34
      vertex -72.6 7 34
    endloop
  endfacet
  facet normal 1 0 0
    outer loop
      vertex -72.6 16.3325 34
      vertex -72.6 7 26
      vertex -72.6 16.3325 2.61
    endloop
  endfacet
  facet normal 1 -0 0
    outer loop
      vertex -72.6 -7 26
      vertex -72.6 16.3325 2.61
      vertex -72.6 7 26
    endloop
  endfacet
  facet normal 1 0 0
    outer loop
      vertex -72.6 -16.3325 2.61
      vertex -72.6 -7 26
      vertex -72.6 -16.3325 34
    endloop
  endfacet
  facet normal 1 0 0
    outer loop
      vertex -72.6 -7 26
      vertex -72.6 -16.3325 2.61
      vertex -72.6 16.3325 2.61
    endloop
  endfacet
  facet normal 0 -1 0
    outer loop
      vertex -66.3325 22.6 2.61
      vertex -23.6675 22.6 34
      vertex -66.3325 22.6 34
    endloop
  endfacet
  facet normal 0 -1 -0
    outer loop
      vertex -23.6675 22.6 34
      vertex -66.3325 22.6 2.61
      vertex -23.6675 22.6 2.61
    endloop
  endfacet
  facet normal 0 1 -0
    outer loop
      vertex -23.6675 -22.6 2.61
      vertex -66.3325 -22.6 34
      vertex -23.6675 -22.6 34
    endloop
  endfacet
  facet normal 0 1 0
    outer loop
      vertex -66.3325 -22.6 34
      vertex -23.6675 -22.6 2.61
      vertex -66.3325 -22.6 2.61
    endloop
  endfacet
  facet normal -1 0 0
    outer loop
      vertex -17.4 16.3325 2.61
      vertex -17.4 7 26
      vertex -17.4 16.3325 34
    endloop
  endfacet
  facet normal -1 0 0
    outer loop
      vertex -17.4 16.3325 2.61
      vertex -17.4 -7 26
      vertex -17.4 7 26
    endloop
  endfacet
  facet normal -1 0 0
    outer loop
      vertex -17.4 -16.3325 2.61
      vertex -17.4 -7 26
      vertex -17.4 16.3325 2.61
    endloop
  endfacet
  facet normal -1 0 0
    outer loop
      vertex -17.4 -16.3325 34
      vertex -17.4 -7 26
      vertex -17.4 -16.3325 2.61
    endloop
  endfacet
  facet normal -1 0 0
    outer loop
      vertex -17.4 -7 26
      vertex -17.4 -16.3325 34
      vertex -17.4 -7 34
    endloop
  endfacet
  facet normal -1 -0 0
    outer loop
      vertex -17.4 16.3325 34
      vertex -17.4 7 26
      vertex -17.4 7 34
    endloop
  endfacet
  facet normal -0 0 1
    outer loop
      vertex -65.6938 18.6937 2.61
      vertex -62.367 6.56704 2.61
      vertex -65.5865 19.1221 2.61
    endloop
  endfacet
  facet normal 0 0 1
    outer loop
      vertex -62.367 -6.56704 2.61
      vertex -65.5217 -19.5589 2.61
      vertex -65.5 -20 2.61
    endloop
  endfacet
  facet normal -0 0 1
    outer loop
      vertex -65.8425 18.2779 2.61
      vertex -62.367 6.56704 2.61
      vertex -65.6938 18.6937 2.61
    endloop
  endfacet
  facet normal 0 0 1
    outer loop
      vertex -62.367 -6.56704 2.61
      vertex -65.5865 -19.1221 2.61
      vertex -65.5217 -19.5589 2.61
    endloop
  endfacet
  facet normal -0 0 1
    outer loop
      vertex -66.0314 17.8787 2.61
      vertex -62.367 6.56704 2.61
      vertex -65.8425 18.2779 2.61
    endloop
  endfacet
  facet normal 0 0 1
    outer loop
      vertex -62.367 -6.56704 2.61
      vertex -65.6938 -18.6937 2.61
      vertex -65.5865 -19.1221 2.61
    endloop
  endfacet
  facet normal -0 0 1
    outer loop
      vertex -66.2584 17.4999 2.61
      vertex -62.367 6.56704 2.61
      vertex -66.0314 17.8787 2.61
    endloop
  endfacet
  facet normal 0 0 1
    outer loop
      vertex -62.367 -6.56704 2.61
      vertex -65.8425 -18.2779 2.61
      vertex -65.6938 -18.6937 2.61
    endloop
  endfacet
  facet normal -0 0 1
    outer loop
      vertex -66.5215 17.1452 2.61
      vertex -62.367 6.56704 2.61
      vertex -66.2584 17.4999 2.61
    endloop
  endfacet
  facet normal 0 0 1
    outer loop
      vertex -62.367 -6.56704 2.61
      vertex -66.0314 -17.8787 2.61
      vertex -65.8425 -18.2779 2.61
    endloop
  endfacet
  facet normal -0 0 1
    outer loop
      vertex -66.818 16.818 2.61
      vertex -62.367 6.56704 2.61
      vertex -66.5215 17.1452 2.61
    endloop
  endfacet
  facet normal 0 0 1
    outer loop
      vertex -62.367 -6.56704 2.61
      vertex -66.2584 -17.4999 2.61
      vertex -66.0314 -17.8787 2.61
    endloop
  endfacet
  facet normal -0 0 1
    outer loop
      vertex -67.1452 16.5215 2.61
      vertex -62.367 6.56704 2.61
      vertex -66.818 16.818 2.61
    endloop
  endfacet
  facet normal 0 0 1
    outer loop
      vertex -62.367 -6.56704 2.61
      vertex -66.5215 -17.1452 2.61
      vertex -66.2584 -17.4999 2.61
    endloop
  endfacet
  facet normal -0 0 1
    outer loop
      vertex -67.4999 16.2584 2.61
      vertex -62.367 6.56704 2.61
      vertex -67.1452 16.5215 2.61
    endloop
  endfacet
  facet normal 0 0 1
    outer loop
      vertex -62.367 -6.56704 2.61
      vertex -66.818 -16.818 2.61
      vertex -66.5215 -17.1452 2.61
    endloop
  endfacet
  facet normal -0 0 1
    outer loop
      vertex -67.8787 16.0314 2.61
      vertex -62.367 6.56704 2.61
      vertex -67.4999 16.2584 2.61
    endloop
  endfacet
  facet normal 0 0 1
    outer loop
      vertex -62.367 -6.56704 2.61
      vertex -67.1452 -16.5215 2.61
      vertex -66.818 -16.818 2.61
    endloop
  endfacet
  facet normal -0 0 1
    outer loop
      vertex -68.2779 15.8425 2.61
      vertex -62.367 6.56704 2.61
      vertex -67.8787 16.0314 2.61
    endloop
  endfacet
  facet normal 0 0 1
    outer loop
      vertex -62.367 -6.56704 2.61
      vertex -67.4999 -16.2584 2.61
      vertex -67.1452 -16.5215 2.61
    endloop
  endfacet
  facet normal -0 0 1
    outer loop
      vertex -68.6937 15.6938 2.61
      vertex -62.367 6.56704 2.61
      vertex -68.2779 15.8425 2.61
    endloop
  endfacet
  facet normal 0 0 1
    outer loop
      vertex -62.367 -6.56704 2.61
      vertex -67.8787 -16.0314 2.61
      vertex -67.4999 -16.2584 2.61
    endloop
  endfacet
  facet normal -0 0 1
    outer loop
      vertex -69.1221 15.5865 2.61
      vertex -62.367 6.56704 2.61
      vertex -68.6937 15.6938 2.61
    endloop
  endfacet
  facet normal 0 0 1
    outer loop
      vertex -62.367 -6.56704 2.61
      vertex -68.2779 -15.8425 2.61
      vertex -67.8787 -16.0314 2.61
    endloop
  endfacet
  facet normal -0 0 1
    outer loop
      vertex -69.5589 15.5217 2.61
      vertex -62.367 6.56704 2.61
      vertex -69.1221 15.5865 2.61
    endloop
  endfacet
  facet normal 0 0 1
    outer loop
      vertex -62.367 -6.56704 2.61
      vertex -68.6937 -15.6938 2.61
      vertex -68.2779 -15.8425 2.61
    endloop
  endfacet
  facet normal -0 0 1
    outer loop
      vertex -70 15.5 2.61
      vertex -62.367 6.56704 2.61
      vertex -69.5589 15.5217 2.61
    endloop
  endfacet
  facet normal 0 0 1
    outer loop
      vertex -62.367 -6.56704 2.61
      vertex -69.1221 -15.5865 2.61
      vertex -68.6937 -15.6938 2.61
    endloop
  endfacet
  facet normal 0 0 1
    outer loop
      vertex -70.4411 15.5217 2.61
      vertex -62.367 6.56704 2.61
      vertex -70 15.5 2.61
    endloop
  endfacet
  facet normal 0 0 1
    outer loop
      vertex -62.367 -6.56704 2.61
      vertex -69.5589 -15.5217 2.61
      vertex -69.1221 -15.5865 2.61
    endloop
  endfacet
  facet normal 0 0 1
    outer loop
      vertex -70.8779 15.5865 2.61
      vertex -62.367 6.56704 2.61
      vertex -70.4411 15.5217 2.61
    endloop
  endfacet
  facet normal 0 0 1
    outer loop
      vertex -62.367 -6.56704 2.61
      vertex -70 -15.5 2.61
      vertex -69.5589 -15.5217 2.61
    endloop
  endfacet
  facet normal 0 0 1
    outer loop
      vertex -71.3063 15.6938 2.61
      vertex -62.367 6.56704 2.61
      vertex -70.8779 15.5865 2.61
    endloop
  endfacet
  facet normal 0 0 1
    outer loop
      vertex -62.367 -6.56704 2.61
      vertex -70.4411 -15.5217 2.61
      vertex -70 -15.5 2.61
    endloop
  endfacet
  facet normal 0 0 1
    outer loop
      vertex -71.7221 15.8425 2.61
      vertex -62.367 6.56704 2.61
      vertex -71.3063 15.6938 2.61
    endloop
  endfacet
  facet normal 0 0 1
    outer loop
      vertex -62.367 -6.56704 2.61
      vertex -70.8779 -15.5865 2.61
      vertex -70.4411 -15.5217 2.61
    endloop
  endfacet
  facet normal 0 0 1
    outer loop
      vertex -62.367 6.56704 2.61
      vertex -71.7221 15.8425 2.61
      vertex -62.367 -6.56704 2.61
    endloop
  endfacet
  facet normal 0 0 1
    outer loop
      vertex -62.367 -6.56704 2.61
      vertex -71.3063 -15.6938 2.61
      vertex -70.8779 -15.5865 2.61
    endloop
  endfacet
  facet normal 0 0 1
    outer loop
      vertex -71.7221 -15.8425 2.61
      vertex -62.367 -6.56704 2.61
      vertex -71.7221 15.8425 2.61
    endloop
  endfacet
  facet normal 0 0 1
    outer loop
      vertex -62.367 -6.56704 2.61
      vertex -71.7221 -15.8425 2.61
      vertex -71.3063 -15.6938 2.61
    endloop
  endfacet
  facet normal 0 0 1
    outer loop
      vertex -72.1213 16.0314 2.61
      vertex -71.7221 -15.8425 2.61
      vertex -71.7221 15.8425 2.61
    endloop
  endfacet
  facet normal 0 0 1
    outer loop
      vertex -72.1213 16.0314 2.61
      vertex -72.1213 -16.0314 2.61
      vertex -71.7221 -15.8425 2.61
    endloop
  endfacet
  facet normal 0 0 1
    outer loop
      vertex -72.5001 16.2584 2.61
      vertex -72.1213 -16.0314 2.61
      vertex -72.1213 16.0314 2.61
    endloop
  endfacet
  facet normal 0 0 1
    outer loop
      vertex -72.5001 16.2584 2.61
      vertex -72.5001 -16.2584 2.61
      vertex -72.1213 -16.0314 2.61
    endloop
  endfacet
  facet normal 0 0 1
    outer loop
      vertex -72.6 16.3325 2.61
      vertex -72.5001 -16.2584 2.61
      vertex -72.5001 16.2584 2.61
    endloop
  endfacet
  facet normal 0 0 1
    outer loop
      vertex -72.5001 -16.2584 2.61
      vertex -72.6 16.3325 2.61
      vertex -72.6 -16.3325 2.61
    endloop
  endfacet
  facet normal 0 0 1
    outer loop
      vertex -24.4135 -19.1221 2.61
      vertex -38.633 -6.56704 2.61
      vertex -24.4783 -19.5589 2.61
    endloop
  endfacet
  facet normal 0 0 1
    outer loop
      vertex -24.4783 20.4411 2.61
      vertex -38.633 6.56704 2.61
      vertex -24.5 20 2.61
    endloop
  endfacet
  facet normal 0 0 1
    outer loop
      vertex -24.4135 20.8779 2.61
      vertex -38.633 6.56704 2.61
      vertex -24.4783 20.4411 2.61
    endloop
  endfacet
  facet normal 0 0 1
    outer loop
      vertex -24.3062 21.3063 2.61
      vertex -38.633 6.56704 2.61
      vertex -24.4135 20.8779 2.61
    endloop
  endfacet
  facet normal 0 0 1
    outer loop
      vertex -65.6938 21.3063 2.61
      vertex -24.3062 21.3063 2.61
      vertex -24.1575 21.7221 2.61
    endloop
  endfacet
  facet normal 0 0 1
    outer loop
      vertex -65.8425 21.7221 2.61
      vertex -24.1575 21.7221 2.61
      vertex -23.9686 22.1213 2.61
    endloop
  endfacet
  facet normal 0 0 1
    outer loop
      vertex -66.0314 22.1213 2.61
      vertex -23.9686 22.1213 2.61
      vertex -23.7416 22.5001 2.61
    endloop
  endfacet
  facet normal 0 0 1
    outer loop
      vertex -66.2584 22.5001 2.61
      vertex -23.7416 22.5001 2.61
      vertex -23.6675 22.6 2.61
    endloop
  endfacet
  facet normal 0 0 1
    outer loop
      vertex -24.3062 21.3063 2.61
      vertex -65.6938 21.3063 2.61
      vertex -38.633 6.56704 2.61
    endloop
  endfacet
  facet normal -0 0 1
    outer loop
      vertex -65.5865 19.1221 2.61
      vertex -38.633 6.56704 2.61
      vertex -65.5217 19.5589 2.61
    endloop
  endfacet
  facet normal -0 0 1
    outer loop
      vertex -65.5217 19.5589 2.61
      vertex -38.633 6.56704 2.61
      vertex -65.5 20 2.61
    endloop
  endfacet
  facet normal 0 0 1
    outer loop
      vertex -38.633 6.56704 2.61
      vertex -65.5217 20.4411 2.61
      vertex -65.5 20 2.61
    endloop
  endfacet
  facet normal 0 0 1
    outer loop
      vertex -38.633 6.56704 2.61
      vertex -65.5865 20.8779 2.61
      vertex -65.5217 20.4411 2.61
    endloop
  endfacet
  facet normal 0 0 1
    outer loop
      vertex -38.633 6.56704 2.61
      vertex -65.6938 21.3063 2.61
      vertex -65.5865 20.8779 2.61
    endloop
  endfacet
  facet normal 0 0 1
    outer loop
      vertex -24.1575 21.7221 2.61
      vertex -65.8425 21.7221 2.61
      vertex -65.6938 21.3063 2.61
    endloop
  endfacet
  facet normal 0 0 1
    outer loop
      vertex -23.9686 22.1213 2.61
      vertex -66.0314 22.1213 2.61
      vertex -65.8425 21.7221 2.61
    endloop
  endfacet
  facet normal 0 0 1
    outer loop
      vertex -23.7416 22.5001 2.61
      vertex -66.2584 22.5001 2.61
      vertex -66.0314 22.1213 2.61
    endloop
  endfacet
  facet normal 0 -0 1
    outer loop
      vertex -66.2584 22.5001 2.61
      vertex -23.6675 22.6 2.61
      vertex -66.3325 22.6 2.61
    endloop
  endfacet
  facet normal -0 0 1
    outer loop
      vertex -17.4999 16.2584 2.61
      vertex -17.4 -16.3325 2.61
      vertex -17.4 16.3325 2.61
    endloop
  endfacet
  facet normal 0 0 1
    outer loop
      vertex -17.4999 16.2584 2.61
      vertex -17.4999 -16.2584 2.61
      vertex -17.4 -16.3325 2.61
    endloop
  endfacet
  facet normal -0 0 1
    outer loop
      vertex -17.8787 16.0314 2.61
      vertex -17.4999 -16.2584 2.61
      vertex -17.4999 16.2584 2.61
    endloop
  endfacet
  facet normal 0 0 1
    outer loop
      vertex -17.8787 16.0314 2.61
      vertex -17.8787 -16.0314 2.61
      vertex -17.4999 -16.2584 2.61
    endloop
  endfacet
  facet normal -0 0 1
    outer loop
      vertex -18.2779 15.8425 2.61
      vertex -17.8787 -16.0314 2.61
      vertex -17.8787 16.0314 2.61
    endloop
  endfacet
  facet normal 0 0 1
    outer loop
      vertex -18.2779 15.8425 2.61
      vertex -18.2779 -15.8425 2.61
      vertex -17.8787 -16.0314 2.61
    endloop
  endfacet
  facet normal -0 0 1
    outer loop
      vertex -18.6937 15.6938 2.61
      vertex -18.2779 -15.8425 2.61
      vertex -18.2779 15.8425 2.61
    endloop
  endfacet
  facet normal 0 0 1
    outer loop
      vertex -18.6937 15.6938 2.61
      vertex -18.6937 -15.6938 2.61
      vertex -18.2779 -15.8425 2.61
    endloop
  endfacet
  facet normal -0 0 1
    outer loop
      vertex -19.1221 15.5865 2.61
      vertex -18.6937 -15.6938 2.61
      vertex -18.6937 15.6938 2.61
    endloop
  endfacet
  facet normal 0 0 1
    outer loop
      vertex -19.1221 15.5865 2.61
      vertex -19.1221 -15.5865 2.61
      vertex -18.6937 -15.6938 2.61
    endloop
  endfacet
  facet normal -0 0 1
    outer loop
      vertex -19.5589 15.5217 2.61
      vertex -19.1221 -15.5865 2.61
      vertex -19.1221 15.5865 2.61
    endloop
  endfacet
  facet normal 0 0 1
    outer loop
      vertex -19.5589 15.5217 2.61
      vertex -19.5589 -15.5217 2.61
      vertex -19.1221 -15.5865 2.61
    endloop
  endfacet
  facet normal -0 0 1
    outer loop
      vertex -20 15.5 2.61
      vertex -19.5589 -15.5217 2.61
      vertex -19.5589 15.5217 2.61
    endloop
  endfacet
  facet normal 0 0 1
    outer loop
      vertex -20 15.5 2.61
      vertex -20 -15.5 2.61
      vertex -19.5589 -15.5217 2.61
    endloop
  endfacet
  facet normal 0 0 1
    outer loop
      vertex -20.4411 15.5217 2.61
      vertex -20 -15.5 2.61
      vertex -20 15.5 2.61
    endloop
  endfacet
  facet normal 0 0 1
    outer loop
      vertex -20.4411 15.5217 2.61
      vertex -20.4411 -15.5217 2.61
      vertex -20 -15.5 2.61
    endloop
  endfacet
  facet normal 0 0 1
    outer loop
      vertex -20.8779 15.5865 2.61
      vertex -20.4411 -15.5217 2.61
      vertex -20.4411 15.5217 2.61
    endloop
  endfacet
  facet normal 0 0 1
    outer loop
      vertex -20.8779 15.5865 2.61
      vertex -20.8779 -15.5865 2.61
      vertex -20.4411 -15.5217 2.61
    endloop
  endfacet
  facet normal 0 0 1
    outer loop
      vertex -38.633 6.56704 2.61
      vertex -20.8779 15.5865 2.61
      vertex -21.3063 15.6938 2.61
    endloop
  endfacet
  facet normal 0 0 1
    outer loop
      vertex -20.8779 15.5865 2.61
      vertex -38.633 6.56704 2.61
      vertex -20.8779 -15.5865 2.61
    endloop
  endfacet
  facet normal 0 0 1
    outer loop
      vertex -38.633 6.56704 2.61
      vertex -21.3063 15.6938 2.61
      vertex -21.7221 15.8425 2.61
    endloop
  endfacet
  facet normal -0 0 1
    outer loop
      vertex -38.633 -6.56704 2.61
      vertex -20.8779 -15.5865 2.61
      vertex -38.633 6.56704 2.61
    endloop
  endfacet
  facet normal 0 0 1
    outer loop
      vertex -38.633 6.56704 2.61
      vertex -21.7221 15.8425 2.61
      vertex -22.1213 16.0314 2.61
    endloop
  endfacet
  facet normal 0 0 1
    outer loop
      vertex -20.8779 -15.5865 2.61
      vertex -38.633 -6.56704 2.61
      vertex -21.3063 -15.6938 2.61
    endloop
  endfacet
  facet normal 0 0 1
    outer loop
      vertex -38.633 6.56704 2.61
      vertex -22.1213 16.0314 2.61
      vertex -22.5001 16.2584 2.61
    endloop
  endfacet
  facet normal 0 0 1
    outer loop
      vertex -21.3063 -15.6938 2.61
      vertex -38.633 -6.56704 2.61
      vertex -21.7221 -15.8425 2.61
    endloop
  endfacet
  facet normal 0 0 1
    outer loop
      vertex -38.633 6.56704 2.61
      vertex -22.5001 16.2584 2.61
      vertex -22.8548 16.5215 2.61
    endloop
  endfacet
  facet normal 0 0 1
    outer loop
      vertex -21.7221 -15.8425 2.61
      vertex -38.633 -6.56704 2.61
      vertex -22.1213 -16.0314 2.61
    endloop
  endfacet
  facet normal 0 0 1
    outer loop
      vertex -38.633 6.56704 2.61
      vertex -22.8548 16.5215 2.61
      vertex -23.182 16.818 2.61
    endloop
  endfacet
  facet normal 0 0 1
    outer loop
      vertex -22.1213 -16.0314 2.61
      vertex -38.633 -6.56704 2.61
      vertex -22.5001 -16.2584 2.61
    endloop
  endfacet
  facet normal 0 0 1
    outer loop
      vertex -38.633 6.56704 2.61
      vertex -23.182 16.818 2.61
      vertex -23.4785 17.1452 2.61
    endloop
  endfacet
  facet normal 0 0 1
    outer loop
      vertex -22.5001 -16.2584 2.61
      vertex -38.633 -6.56704 2.61
      vertex -22.8548 -16.5215 2.61
    endloop
  endfacet
  facet normal 0 0 1
    outer loop
      vertex -38.633 6.56704 2.61
      vertex -23.4785 17.1452 2.61
      vertex -23.7416 17.4999 2.61
    endloop
  endfacet
  facet normal 0 0 1
    outer loop
      vertex -22.8548 -16.5215 2.61
      vertex -38.633 -6.56704 2.61
      vertex -23.182 -16.818 2.61
    endloop
  endfacet
  facet normal 0 0 1
    outer loop
      vertex -38.633 6.56704 2.61
      vertex -23.7416 17.4999 2.61
      vertex -23.9686 17.8787 2.61
    endloop
  endfacet
  facet normal 0 0 1
    outer loop
      vertex -23.182 -16.818 2.61
      vertex -38.633 -6.56704 2.61
      vertex -23.4785 -17.1452 2.61
    endloop
  endfacet
  facet normal 0 0 1
    outer loop
      vertex -38.633 6.56704 2.61
      vertex -23.9686 17.8787 2.61
      vertex -24.1575 18.2779 2.61
    endloop
  endfacet
  facet normal 0 0 1
    outer loop
      vertex -23.4785 -17.1452 2.61
      vertex -38.633 -6.56704 2.61
      vertex -23.7416 -17.4999 2.61
    endloop
  endfacet
  facet normal 0 0 1
    outer loop
      vertex -38.633 6.56704 2.61
      vertex -24.1575 18.2779 2.61
      vertex -24.3062 18.6937 2.61
    endloop
  endfacet
  facet normal 0 0 1
    outer loop
      vertex -23.7416 -17.4999 2.61
      vertex -38.633 -6.56704 2.61
      vertex -23.9686 -17.8787 2.61
    endloop
  endfacet
  facet normal 0 0 1
    outer loop
      vertex -38.633 6.56704 2.61
      vertex -24.3062 18.6937 2.61
      vertex -24.4135 19.1221 2.61
    endloop
  endfacet
  facet normal 0 0 1
    outer loop
      vertex -23.9686 -17.8787 2.61
      vertex -38.633 -6.56704 2.61
      vertex -24.1575 -18.2779 2.61
    endloop
  endfacet
  facet normal 0 0 1
    outer loop
      vertex -38.633 6.56704 2.61
      vertex -24.4135 19.1221 2.61
      vertex -24.4783 19.5589 2.61
    endloop
  endfacet
  facet normal 0 0 1
    outer loop
      vertex -24.1575 -18.2779 2.61
      vertex -38.633 -6.56704 2.61
      vertex -24.3062 -18.6937 2.61
    endloop
  endfacet
  facet normal 0 0 1
    outer loop
      vertex -38.633 6.56704 2.61
      vertex -24.4783 19.5589 2.61
      vertex -24.5 20 2.61
    endloop
  endfacet
  facet normal 0 0 1
    outer loop
      vertex -24.3062 -18.6937 2.61
      vertex -38.633 -6.56704 2.61
      vertex -24.4135 -19.1221 2.61
    endloop
  endfacet
  facet normal 0 0 1
    outer loop
      vertex -24.4783 -19.5589 2.61
      vertex -38.633 -6.56704 2.61
      vertex -24.5 -20 2.61
    endloop
  endfacet
  facet normal 0 0 1
    outer loop
      vertex -24.5 -20 2.61
      vertex -38.633 -6.56704 2.61
      vertex -24.4783 -20.4411 2.61
    endloop
  endfacet
  facet normal 0 0 1
    outer loop
      vertex -24.4783 -20.4411 2.61
      vertex -38.633 -6.56704 2.61
      vertex -24.4135 -20.8779 2.61
    endloop
  endfacet
  facet normal 0 0 1
    outer loop
      vertex -24.4135 -20.8779 2.61
      vertex -38.633 -6.56704 2.61
      vertex -24.3062 -21.3063 2.61
    endloop
  endfacet
  facet normal 0 0 1
    outer loop
      vertex -65.6938 -21.3063 2.61
      vertex -24.3062 -21.3063 2.61
      vertex -38.633 -6.56704 2.61
    endloop
  endfacet
  facet normal 0 0 1
    outer loop
      vertex -24.3062 -21.3063 2.61
      vertex -65.6938 -21.3063 2.61
      vertex -24.1575 -21.7221 2.61
    endloop
  endfacet
  facet normal 0 0 1
    outer loop
      vertex -65.8425 -21.7221 2.61
      vertex -24.1575 -21.7221 2.61
      vertex -65.6938 -21.3063 2.61
    endloop
  endfacet
  facet normal 0 0 1
    outer loop
      vertex -24.1575 -21.7221 2.61
      vertex -65.8425 -21.7221 2.61
      vertex -23.9686 -22.1213 2.61
    endloop
  endfacet
  facet normal 0 0 1
    outer loop
      vertex -65.5 -20 2.61
      vertex -38.633 -6.56704 2.61
      vertex -62.367 -6.56704 2.61
    endloop
  endfacet
  facet normal 0 0 1
    outer loop
      vertex -38.633 6.56704 2.61
      vertex -65.5865 19.1221 2.61
      vertex -62.367 6.56704 2.61
    endloop
  endfacet
  facet normal 0 0 1
    outer loop
      vertex -65.5217 -20.4411 2.61
      vertex -38.633 -6.56704 2.61
      vertex -65.5 -20 2.61
    endloop
  endfacet
  facet normal 0 0 1
    outer loop
      vertex -65.5865 -20.8779 2.61
      vertex -38.633 -6.56704 2.61
      vertex -65.5217 -20.4411 2.61
    endloop
  endfacet
  facet normal 0 0 1
    outer loop
      vertex -65.6938 -21.3063 2.61
      vertex -38.633 -6.56704 2.61
      vertex -65.5865 -20.8779 2.61
    endloop
  endfacet
  facet normal 0 0 1
    outer loop
      vertex -66.0314 -22.1213 2.61
      vertex -23.9686 -22.1213 2.61
      vertex -65.8425 -21.7221 2.61
    endloop
  endfacet
  facet normal 0 0 1
    outer loop
      vertex -23.9686 -22.1213 2.61
      vertex -66.0314 -22.1213 2.61
      vertex -23.7416 -22.5001 2.61
    endloop
  endfacet
  facet normal 0 0 1
    outer loop
      vertex -66.2584 -22.5001 2.61
      vertex -23.7416 -22.5001 2.61
      vertex -66.0314 -22.1213 2.61
    endloop
  endfacet
  facet normal 0 0 1
    outer loop
      vertex -23.7416 -22.5001 2.61
      vertex -66.2584 -22.5001 2.61
      vertex -23.6675 -22.6 2.61
    endloop
  endfacet
  facet normal 0 0 1
    outer loop
      vertex -23.6675 -22.6 2.61
      vertex -66.2584 -22.5001 2.61
      vertex -66.3325 -22.6 2.61
    endloop
  endfacet
  facet normal 0.989174 -0.146746 0
    outer loop
      vertex -65.5865 19.1221 34
      vertex -65.5217 19.5589 2.61
      vertex -65.5217 19.5589 34
    endloop
  endfacet
  facet normal 0.989174 -0.146746 0
    outer loop
      vertex -65.5217 19.5589 2.61
      vertex -65.5865 19.1221 34
      vertex -65.5865 19.1221 2.61
    endloop
  endfacet
  facet normal 0.998792 -0.0491358 0
    outer loop
      vertex -65.5217 19.5589 34
      vertex -65.5 20 2.61
      vertex -65.5 20 34
    endloop
  endfacet
  facet normal 0.998792 -0.0491358 0
    outer loop
      vertex -65.5 20 2.61
      vertex -65.5217 19.5589 34
      vertex -65.5217 19.5589 2.61
    endloop
  endfacet
  facet normal 0.970036 -0.242962 0
    outer loop
      vertex -65.6938 18.6937 34
      vertex -65.5865 19.1221 2.61
      vertex -65.5865 19.1221 34
    endloop
  endfacet
  facet normal 0.970036 -0.242962 0
    outer loop
      vertex -65.5865 19.1221 2.61
      vertex -65.6938 18.6937 34
      vertex -65.6938 18.6937 2.61
    endloop
  endfacet
  facet normal 0.242962 -0.970036 0
    outer loop
      vertex -69.1221 15.5865 2.61
      vertex -68.6937 15.6938 34
      vertex -69.1221 15.5865 34
    endloop
  endfacet
  facet normal 0.242962 -0.970036 0
    outer loop
      vertex -68.6937 15.6938 34
      vertex -69.1221 15.5865 2.61
      vertex -68.6937 15.6938 2.61
    endloop
  endfacet
  facet normal 0.941598 0.336738 0
    outer loop
      vertex -65.6938 21.3063 34
      vertex -65.8425 21.7221 2.61
      vertex -65.8425 21.7221 34
    endloop
  endfacet
  facet normal 0.941598 0.336738 0
    outer loop
      vertex -65.8425 21.7221 2.61
      vertex -65.6938 21.3063 34
      vertex -65.6938 21.3063 2.61
    endloop
  endfacet
  facet normal 0.146746 -0.989174 0
    outer loop
      vertex -69.5589 15.5217 2.61
      vertex -69.1221 15.5865 34
      vertex -69.5589 15.5217 34
    endloop
  endfacet
  facet normal 0.146746 -0.989174 0
    outer loop
      vertex -69.1221 15.5865 34
      vertex -69.5589 15.5217 2.61
      vertex -69.1221 15.5865 2.61
    endloop
  endfacet
  facet normal -0.336738 -0.941598 0
    outer loop
      vertex -71.7221 15.8425 2.61
      vertex -71.3063 15.6938 34
      vertex -71.7221 15.8425 34
    endloop
  endfacet
  facet normal -0.336738 -0.941598 -0
    outer loop
      vertex -71.3063 15.6938 34
      vertex -71.7221 15.8425 2.61
      vertex -71.3063 15.6938 2.61
    endloop
  endfacet
  facet normal -0.595747 -0.803172 0
    outer loop
      vertex -72.6 16.3325 2.61
      vertex -72.5001 16.2584 34
      vertex -72.6 16.3325 34
    endloop
  endfacet
  facet normal -0.595747 -0.803172 -0
    outer loop
      vertex -72.5001 16.2584 34
      vertex -72.6 16.3325 2.61
      vertex -72.5001 16.2584 2.61
    endloop
  endfacet
  facet normal 0.941598 -0.336738 0
    outer loop
      vertex -65.8425 18.2779 34
      vertex -65.6938 18.6937 2.61
      vertex -65.6938 18.6937 34
    endloop
  endfacet
  facet normal 0.941598 -0.336738 0
    outer loop
      vertex -65.6938 18.6937 2.61
      vertex -65.8425 18.2779 34
      vertex -65.8425 18.2779 2.61
    endloop
  endfacet
  facet normal 0.0491358 -0.998792 0
    outer loop
      vertex -70 15.5 2.61
      vertex -69.5589 15.5217 34
      vertex -70 15.5 34
    endloop
  endfacet
  facet normal 0.0491358 -0.998792 0
    outer loop
      vertex -69.5589 15.5217 34
      vertex -70 15.5 2.61
      vertex -69.5589 15.5217 2.61
    endloop
  endfacet
  facet normal -0.146746 -0.989174 0
    outer loop
      vertex -70.8779 15.5865 2.61
      vertex -70.4411 15.5217 34
      vertex -70.8779 15.5865 34
    endloop
  endfacet
  facet normal -0.146746 -0.989174 -0
    outer loop
      vertex -70.4411 15.5217 34
      vertex -70.8779 15.5865 2.61
      vertex -70.4411 15.5217 2.61
    endloop
  endfacet
  facet normal 0.903908 -0.427726 0
    outer loop
      vertex -66.0314 17.8787 34
      vertex -65.8425 18.2779 2.61
      vertex -65.8425 18.2779 34
    endloop
  endfacet
  facet normal 0.903908 -0.427726 0
    outer loop
      vertex -65.8425 18.2779 2.61
      vertex -66.0314 17.8787 34
      vertex -66.0314 17.8787 2.61
    endloop
  endfacet
  facet normal 0.970036 0.242962 0
    outer loop
      vertex -65.5865 20.8779 34
      vertex -65.6938 21.3063 2.61
      vertex -65.6938 21.3063 34
    endloop
  endfacet
  facet normal 0.970036 0.242962 0
    outer loop
      vertex -65.6938 21.3063 2.61
      vertex -65.5865 20.8779 34
      vertex -65.5865 20.8779 2.61
    endloop
  endfacet
  facet normal 0.595753 -0.803168 0
    outer loop
      vertex -67.4999 16.2584 2.61
      vertex -67.1452 16.5215 34
      vertex -67.4999 16.2584 34
    endloop
  endfacet
  facet normal 0.595753 -0.803168 0
    outer loop
      vertex -67.1452 16.5215 34
      vertex -67.4999 16.2584 2.61
      vertex -67.1452 16.5215 2.61
    endloop
  endfacet
  facet normal 0.989174 0.146746 0
    outer loop
      vertex -65.5217 20.4411 34
      vertex -65.5865 20.8779 2.61
      vertex -65.5865 20.8779 34
    endloop
  endfacet
  facet normal 0.989174 0.146746 0
    outer loop
      vertex -65.5865 20.8779 2.61
      vertex -65.5217 20.4411 34
      vertex -65.5217 20.4411 2.61
    endloop
  endfacet
  facet normal 0.803168 -0.595753 0
    outer loop
      vertex -66.5215 17.1452 34
      vertex -66.2584 17.4999 2.61
      vertex -66.2584 17.4999 34
    endloop
  endfacet
  facet normal 0.803168 -0.595753 0
    outer loop
      vertex -66.2584 17.4999 2.61
      vertex -66.5215 17.1452 34
      vertex -66.5215 17.1452 2.61
    endloop
  endfacet
  facet normal 0.514029 -0.857773 0
    outer loop
      vertex -67.8787 16.0314 2.61
      vertex -67.4999 16.2584 34
      vertex -67.8787 16.0314 34
    endloop
  endfacet
  facet normal 0.514029 -0.857773 0
    outer loop
      vertex -67.4999 16.2584 34
      vertex -67.8787 16.0314 2.61
      vertex -67.4999 16.2584 2.61
    endloop
  endfacet
  facet normal 0.998792 0.0491358 0
    outer loop
      vertex -65.5 20 34
      vertex -65.5217 20.4411 2.61
      vertex -65.5217 20.4411 34
    endloop
  endfacet
  facet normal 0.998792 0.0491358 0
    outer loop
      vertex -65.5217 20.4411 2.61
      vertex -65.5 20 34
      vertex -65.5 20 2.61
    endloop
  endfacet
  facet normal 0.857773 0.514029 0
    outer loop
      vertex -66.0314 22.1213 34
      vertex -66.2584 22.5001 2.61
      vertex -66.2584 22.5001 34
    endloop
  endfacet
  facet normal 0.857773 0.514029 0
    outer loop
      vertex -66.2584 22.5001 2.61
      vertex -66.0314 22.1213 34
      vertex -66.0314 22.1213 2.61
    endloop
  endfacet
  facet normal 0.903908 0.427726 0
    outer loop
      vertex -65.8425 21.7221 34
      vertex -66.0314 22.1213 2.61
      vertex -66.0314 22.1213 34
    endloop
  endfacet
  facet normal 0.903908 0.427726 0
    outer loop
      vertex -66.0314 22.1213 2.61
      vertex -65.8425 21.7221 34
      vertex -65.8425 21.7221 2.61
    endloop
  endfacet
  facet normal -0.514029 -0.857773 0
    outer loop
      vertex -72.5001 16.2584 2.61
      vertex -72.1213 16.0314 34
      vertex -72.5001 16.2584 34
    endloop
  endfacet
  facet normal -0.514029 -0.857773 -0
    outer loop
      vertex -72.1213 16.0314 34
      vertex -72.5001 16.2584 2.61
      vertex -72.1213 16.0314 2.61
    endloop
  endfacet
  facet normal 0.741015 -0.671488 0
    outer loop
      vertex -66.818 16.818 34
      vertex -66.5215 17.1452 2.61
      vertex -66.5215 17.1452 34
    endloop
  endfacet
  facet normal 0.741015 -0.671488 0
    outer loop
      vertex -66.5215 17.1452 2.61
      vertex -66.818 16.818 34
      vertex -66.818 16.818 2.61
    endloop
  endfacet
  facet normal 0.336738 -0.941598 0
    outer loop
      vertex -68.6937 15.6938 2.61
      vertex -68.2779 15.8425 34
      vertex -68.6937 15.6938 34
    endloop
  endfacet
  facet normal 0.336738 -0.941598 0
    outer loop
      vertex -68.2779 15.8425 34
      vertex -68.6937 15.6938 2.61
      vertex -68.2779 15.8425 2.61
    endloop
  endfacet
  facet normal 0.803172 0.595747 0
    outer loop
      vertex -66.2584 22.5001 34
      vertex -66.3325 22.6 2.61
      vertex -66.3325 22.6 34
    endloop
  endfacet
  facet normal 0.803172 0.595747 0
    outer loop
      vertex -66.3325 22.6 2.61
      vertex -66.2584 22.5001 34
      vertex -66.2584 22.5001 2.61
    endloop
  endfacet
  facet normal 0.427726 -0.903908 0
    outer loop
      vertex -68.2779 15.8425 2.61
      vertex -67.8787 16.0314 34
      vertex -68.2779 15.8425 34
    endloop
  endfacet
  facet normal 0.427726 -0.903908 0
    outer loop
      vertex -67.8787 16.0314 34
      vertex -68.2779 15.8425 2.61
      vertex -67.8787 16.0314 2.61
    endloop
  endfacet
  facet normal 0.857773 -0.514029 0
    outer loop
      vertex -66.2584 17.4999 34
      vertex -66.0314 17.8787 2.61
      vertex -66.0314 17.8787 34
    endloop
  endfacet
  facet normal 0.857773 -0.514029 0
    outer loop
      vertex -66.0314 17.8787 2.61
      vertex -66.2584 17.4999 34
      vertex -66.2584 17.4999 2.61
    endloop
  endfacet
  facet normal -0.0491358 -0.998792 0
    outer loop
      vertex -70.4411 15.5217 2.61
      vertex -70 15.5 34
      vertex -70.4411 15.5217 34
    endloop
  endfacet
  facet normal -0.0491358 -0.998792 -0
    outer loop
      vertex -70 15.5 34
      vertex -70.4411 15.5217 2.61
      vertex -70 15.5 2.61
    endloop
  endfacet
  facet normal -0.427726 -0.903908 0
    outer loop
      vertex -72.1213 16.0314 2.61
      vertex -71.7221 15.8425 34
      vertex -72.1213 16.0314 34
    endloop
  endfacet
  facet normal -0.427726 -0.903908 -0
    outer loop
      vertex -71.7221 15.8425 34
      vertex -72.1213 16.0314 2.61
      vertex -71.7221 15.8425 2.61
    endloop
  endfacet
  facet normal 0.671488 -0.741015 0
    outer loop
      vertex -67.1452 16.5215 2.61
      vertex -66.818 16.818 34
      vertex -67.1452 16.5215 34
    endloop
  endfacet
  facet normal 0.671488 -0.741015 0
    outer loop
      vertex -66.818 16.818 34
      vertex -67.1452 16.5215 2.61
      vertex -66.818 16.818 2.61
    endloop
  endfacet
  facet normal -0.242962 -0.970036 0
    outer loop
      vertex -71.3063 15.6938 2.61
      vertex -70.8779 15.5865 34
      vertex -71.3063 15.6938 34
    endloop
  endfacet
  facet normal -0.242962 -0.970036 -0
    outer loop
      vertex -70.8779 15.5865 34
      vertex -71.3063 15.6938 2.61
      vertex -70.8779 15.5865 2.61
    endloop
  endfacet
  facet normal 0.989174 -0.146746 0
    outer loop
      vertex -65.5865 -20.8779 34
      vertex -65.5217 -20.4411 2.61
      vertex -65.5217 -20.4411 34
    endloop
  endfacet
  facet normal 0.989174 -0.146746 0
    outer loop
      vertex -65.5217 -20.4411 2.61
      vertex -65.5865 -20.8779 34
      vertex -65.5865 -20.8779 2.61
    endloop
  endfacet
  facet normal 0.998792 -0.0491358 0
    outer loop
      vertex -65.5217 -20.4411 34
      vertex -65.5 -20 2.61
      vertex -65.5 -20 34
    endloop
  endfacet
  facet normal 0.998792 -0.0491358 0
    outer loop
      vertex -65.5 -20 2.61
      vertex -65.5217 -20.4411 34
      vertex -65.5217 -20.4411 2.61
    endloop
  endfacet
  facet normal 0.970036 -0.242962 0
    outer loop
      vertex -65.6938 -21.3063 34
      vertex -65.5865 -20.8779 2.61
      vertex -65.5865 -20.8779 34
    endloop
  endfacet
  facet normal 0.970036 -0.242962 0
    outer loop
      vertex -65.5865 -20.8779 2.61
      vertex -65.6938 -21.3063 34
      vertex -65.6938 -21.3063 2.61
    endloop
  endfacet
  facet normal 0.0491358 0.998792 -0
    outer loop
      vertex -69.5589 -15.5217 2.61
      vertex -70 -15.5 34
      vertex -69.5589 -15.5217 34
    endloop
  endfacet
  facet normal 0.0491358 0.998792 0
    outer loop
      vertex -70 -15.5 34
      vertex -69.5589 -15.5217 2.61
      vertex -70 -15.5 2.61
    endloop
  endfacet
  facet normal 0.941598 -0.336738 0
    outer loop
      vertex -65.8425 -21.7221 34
      vertex -65.6938 -21.3063 2.61
      vertex -65.6938 -21.3063 34
    endloop
  endfacet
  facet normal 0.941598 -0.336738 0
    outer loop
      vertex -65.6938 -21.3063 2.61
      vertex -65.8425 -21.7221 34
      vertex -65.8425 -21.7221 2.61
    endloop
  endfacet
  facet normal 0.941598 0.336738 0
    outer loop
      vertex -65.6938 -18.6937 34
      vertex -65.8425 -18.2779 2.61
      vertex -65.8425 -18.2779 34
    endloop
  endfacet
  facet normal 0.941598 0.336738 0
    outer loop
      vertex -65.8425 -18.2779 2.61
      vertex -65.6938 -18.6937 34
      vertex -65.6938 -18.6937 2.61
    endloop
  endfacet
  facet normal 0.998792 0.0491358 0
    outer loop
      vertex -65.5 -20 34
      vertex -65.5217 -19.5589 2.61
      vertex -65.5217 -19.5589 34
    endloop
  endfacet
  facet normal 0.998792 0.0491358 0
    outer loop
      vertex -65.5217 -19.5589 2.61
      vertex -65.5 -20 34
      vertex -65.5 -20 2.61
    endloop
  endfacet
  facet normal -0.514029 0.857773 0
    outer loop
      vertex -72.1213 -16.0314 2.61
      vertex -72.5001 -16.2584 34
      vertex -72.1213 -16.0314 34
    endloop
  endfacet
  facet normal -0.514029 0.857773 0
    outer loop
      vertex -72.5001 -16.2584 34
      vertex -72.1213 -16.0314 2.61
      vertex -72.5001 -16.2584 2.61
    endloop
  endfacet
  facet normal 0.989174 0.146746 0
    outer loop
      vertex -65.5217 -19.5589 34
      vertex -65.5865 -19.1221 2.61
      vertex -65.5865 -19.1221 34
    endloop
  endfacet
  facet normal 0.989174 0.146746 0
    outer loop
      vertex -65.5865 -19.1221 2.61
      vertex -65.5217 -19.5589 34
      vertex -65.5217 -19.5589 2.61
    endloop
  endfacet
  facet normal 0.903908 0.427726 0
    outer loop
      vertex -65.8425 -18.2779 34
      vertex -66.0314 -17.8787 2.61
      vertex -66.0314 -17.8787 34
    endloop
  endfacet
  facet normal 0.903908 0.427726 0
    outer loop
      vertex -66.0314 -17.8787 2.61
      vertex -65.8425 -18.2779 34
      vertex -65.8425 -18.2779 2.61
    endloop
  endfacet
  facet normal 0.970036 0.242962 0
    outer loop
      vertex -65.5865 -19.1221 34
      vertex -65.6938 -18.6937 2.61
      vertex -65.6938 -18.6937 34
    endloop
  endfacet
  facet normal 0.970036 0.242962 0
    outer loop
      vertex -65.6938 -18.6937 2.61
      vertex -65.5865 -19.1221 34
      vertex -65.5865 -19.1221 2.61
    endloop
  endfacet
  facet normal 0.803172 -0.595747 0
    outer loop
      vertex -66.3325 -22.6 34
      vertex -66.2584 -22.5001 2.61
      vertex -66.2584 -22.5001 34
    endloop
  endfacet
  facet normal 0.803172 -0.595747 0
    outer loop
      vertex -66.2584 -22.5001 2.61
      vertex -66.3325 -22.6 34
      vertex -66.3325 -22.6 2.61
    endloop
  endfacet
  facet normal -0.242962 0.970036 0
    outer loop
      vertex -70.8779 -15.5865 2.61
      vertex -71.3063 -15.6938 34
      vertex -70.8779 -15.5865 34
    endloop
  endfacet
  facet normal -0.242962 0.970036 0
    outer loop
      vertex -71.3063 -15.6938 34
      vertex -70.8779 -15.5865 2.61
      vertex -71.3063 -15.6938 2.61
    endloop
  endfacet
  facet normal 0.514029 0.857773 -0
    outer loop
      vertex -67.4999 -16.2584 2.61
      vertex -67.8787 -16.0314 34
      vertex -67.4999 -16.2584 34
    endloop
  endfacet
  facet normal 0.514029 0.857773 0
    outer loop
      vertex -67.8787 -16.0314 34
      vertex -67.4999 -16.2584 2.61
      vertex -67.8787 -16.0314 2.61
    endloop
  endfacet
  facet normal 0.903908 -0.427726 0
    outer loop
      vertex -66.0314 -22.1213 34
      vertex -65.8425 -21.7221 2.61
      vertex -65.8425 -21.7221 34
    endloop
  endfacet
  facet normal 0.903908 -0.427726 0
    outer loop
      vertex -65.8425 -21.7221 2.61
      vertex -66.0314 -22.1213 34
      vertex -66.0314 -22.1213 2.61
    endloop
  endfacet
  facet normal 0.741015 0.671488 0
    outer loop
      vertex -66.5215 -17.1452 34
      vertex -66.818 -16.818 2.61
      vertex -66.818 -16.818 34
    endloop
  endfacet
  facet normal 0.741015 0.671488 0
    outer loop
      vertex -66.818 -16.818 2.61
      vertex -66.5215 -17.1452 34
      vertex -66.5215 -17.1452 2.61
    endloop
  endfacet
  facet normal 0.857773 0.514029 0
    outer loop
      vertex -66.0314 -17.8787 34
      vertex -66.2584 -17.4999 2.61
      vertex -66.2584 -17.4999 34
    endloop
  endfacet
  facet normal 0.857773 0.514029 0
    outer loop
      vertex -66.2584 -17.4999 2.61
      vertex -66.0314 -17.8787 34
      vertex -66.0314 -17.8787 2.61
    endloop
  endfacet
  facet normal 0.427726 0.903908 -0
    outer loop
      vertex -67.8787 -16.0314 2.61
      vertex -68.2779 -15.8425 34
      vertex -67.8787 -16.0314 34
    endloop
  endfacet
  facet normal 0.427726 0.903908 0
    outer loop
      vertex -68.2779 -15.8425 34
      vertex -67.8787 -16.0314 2.61
      vertex -68.2779 -15.8425 2.61
    endloop
  endfacet
  facet normal 0.857773 -0.514029 0
    outer loop
      vertex -66.2584 -22.5001 34
      vertex -66.0314 -22.1213 2.61
      vertex -66.0314 -22.1213 34
    endloop
  endfacet
  facet normal 0.857773 -0.514029 0
    outer loop
      vertex -66.0314 -22.1213 2.61
      vertex -66.2584 -22.5001 34
      vertex -66.2584 -22.5001 2.61
    endloop
  endfacet
  facet normal 0.336738 0.941598 -0
    outer loop
      vertex -68.2779 -15.8425 2.61
      vertex -68.6937 -15.6938 34
      vertex -68.2779 -15.8425 34
    endloop
  endfacet
  facet normal 0.336738 0.941598 0
    outer loop
      vertex -68.6937 -15.6938 34
      vertex -68.2779 -15.8425 2.61
      vertex -68.6937 -15.6938 2.61
    endloop
  endfacet
  facet normal -0.336738 0.941598 0
    outer loop
      vertex -71.3063 -15.6938 2.61
      vertex -71.7221 -15.8425 34
      vertex -71.3063 -15.6938 34
    endloop
  endfacet
  facet normal -0.336738 0.941598 0
    outer loop
      vertex -71.7221 -15.8425 34
      vertex -71.3063 -15.6938 2.61
      vertex -71.7221 -15.8425 2.61
    endloop
  endfacet
  facet normal -0.595747 0.803172 0
    outer loop
      vertex -72.5001 -16.2584 2.61
      vertex -72.6 -16.3325 34
      vertex -72.5001 -16.2584 34
    endloop
  endfacet
  facet normal -0.595747 0.803172 0
    outer loop
      vertex -72.6 -16.3325 34
      vertex -72.5001 -16.2584 2.61
      vertex -72.6 -16.3325 2.61
    endloop
  endfacet
  facet normal 0.803168 0.595753 0
    outer loop
      vertex -66.2584 -17.4999 34
      vertex -66.5215 -17.1452 2.61
      vertex -66.5215 -17.1452 34
    endloop
  endfacet
  facet normal 0.803168 0.595753 0
    outer loop
      vertex -66.5215 -17.1452 2.61
      vertex -66.2584 -17.4999 34
      vertex -66.2584 -17.4999 2.61
    endloop
  endfacet
  facet normal -0.146746 0.989174 0
    outer loop
      vertex -70.4411 -15.5217 2.61
      vertex -70.8779 -15.5865 34
      vertex -70.4411 -15.5217 34
    endloop
  endfacet
  facet normal -0.146746 0.989174 0
    outer loop
      vertex -70.8779 -15.5865 34
      vertex -70.4411 -15.5217 2.61
      vertex -70.8779 -15.5865 2.61
    endloop
  endfacet
  facet normal 0.146746 0.989174 -0
    outer loop
      vertex -69.1221 -15.5865 2.61
      vertex -69.5589 -15.5217 34
      vertex -69.1221 -15.5865 34
    endloop
  endfacet
  facet normal 0.146746 0.989174 0
    outer loop
      vertex -69.5589 -15.5217 34
      vertex -69.1221 -15.5865 2.61
      vertex -69.5589 -15.5217 2.61
    endloop
  endfacet
  facet normal 0.242962 0.970036 -0
    outer loop
      vertex -68.6937 -15.6938 2.61
      vertex -69.1221 -15.5865 34
      vertex -68.6937 -15.6938 34
    endloop
  endfacet
  facet normal 0.242962 0.970036 0
    outer loop
      vertex -69.1221 -15.5865 34
      vertex -68.6937 -15.6938 2.61
      vertex -69.1221 -15.5865 2.61
    endloop
  endfacet
  facet normal 0.595753 0.803168 -0
    outer loop
      vertex -67.1452 -16.5215 2.61
      vertex -67.4999 -16.2584 34
      vertex -67.1452 -16.5215 34
    endloop
  endfacet
  facet normal 0.595753 0.803168 0
    outer loop
      vertex -67.4999 -16.2584 34
      vertex -67.1452 -16.5215 2.61
      vertex -67.4999 -16.2584 2.61
    endloop
  endfacet
  facet normal -0.0491358 0.998792 0
    outer loop
      vertex -70 -15.5 2.61
      vertex -70.4411 -15.5217 34
      vertex -70 -15.5 34
    endloop
  endfacet
  facet normal -0.0491358 0.998792 0
    outer loop
      vertex -70.4411 -15.5217 34
      vertex -70 -15.5 2.61
      vertex -70.4411 -15.5217 2.61
    endloop
  endfacet
  facet normal -0.427726 0.903908 0
    outer loop
      vertex -71.7221 -15.8425 2.61
      vertex -72.1213 -16.0314 34
      vertex -71.7221 -15.8425 34
    endloop
  endfacet
  facet normal -0.427726 0.903908 0
    outer loop
      vertex -72.1213 -16.0314 34
      vertex -71.7221 -15.8425 2.61
      vertex -72.1213 -16.0314 2.61
    endloop
  endfacet
  facet normal 0.671488 0.741015 -0
    outer loop
      vertex -66.818 -16.818 2.61
      vertex -67.1452 -16.5215 34
      vertex -66.818 -16.818 34
    endloop
  endfacet
  facet normal 0.671488 0.741015 0
    outer loop
      vertex -67.1452 -16.5215 34
      vertex -66.818 -16.818 2.61
      vertex -67.1452 -16.5215 2.61
    endloop
  endfacet
  facet normal 0.146746 -0.989174 0
    outer loop
      vertex -19.5589 15.5217 2.61
      vertex -19.1221 15.5865 34
      vertex -19.5589 15.5217 34
    endloop
  endfacet
  facet normal 0.146746 -0.989174 0
    outer loop
      vertex -19.1221 15.5865 34
      vertex -19.5589 15.5217 2.61
      vertex -19.1221 15.5865 2.61
    endloop
  endfacet
  facet normal 0.336738 -0.941598 0
    outer loop
      vertex -18.6937 15.6938 2.61
      vertex -18.2779 15.8425 34
      vertex -18.6937 15.6938 34
    endloop
  endfacet
  facet normal 0.336738 -0.941598 0
    outer loop
      vertex -18.2779 15.8425 34
      vertex -18.6937 15.6938 2.61
      vertex -18.2779 15.8425 2.61
    endloop
  endfacet
  facet normal -0.595753 -0.803168 0
    outer loop
      vertex -22.8548 16.5215 2.61
      vertex -22.5001 16.2584 34
      vertex -22.8548 16.5215 34
    endloop
  endfacet
  facet normal -0.595753 -0.803168 -0
    outer loop
      vertex -22.5001 16.2584 34
      vertex -22.8548 16.5215 2.61
      vertex -22.5001 16.2584 2.61
    endloop
  endfacet
  facet normal -0.941598 -0.336738 0
    outer loop
      vertex -24.1575 18.2779 2.61
      vertex -24.3062 18.6937 34
      vertex -24.3062 18.6937 2.61
    endloop
  endfacet
  facet normal -0.941598 -0.336738 0
    outer loop
      vertex -24.3062 18.6937 34
      vertex -24.1575 18.2779 2.61
      vertex -24.1575 18.2779 34
    endloop
  endfacet
  facet normal 0.242962 -0.970036 0
    outer loop
      vertex -19.1221 15.5865 2.61
      vertex -18.6937 15.6938 34
      vertex -19.1221 15.5865 34
    endloop
  endfacet
  facet normal 0.242962 -0.970036 0
    outer loop
      vertex -18.6937 15.6938 34
      vertex -19.1221 15.5865 2.61
      vertex -18.6937 15.6938 2.61
    endloop
  endfacet
  facet normal -0.242962 -0.970036 0
    outer loop
      vertex -21.3063 15.6938 2.61
      vertex -20.8779 15.5865 34
      vertex -21.3063 15.6938 34
    endloop
  endfacet
  facet normal -0.242962 -0.970036 -0
    outer loop
      vertex -20.8779 15.5865 34
      vertex -21.3063 15.6938 2.61
      vertex -20.8779 15.5865 2.61
    endloop
  endfacet
  facet normal 0.514029 -0.857773 0
    outer loop
      vertex -17.8787 16.0314 2.61
      vertex -17.4999 16.2584 34
      vertex -17.8787 16.0314 34
    endloop
  endfacet
  facet normal 0.514029 -0.857773 0
    outer loop
      vertex -17.4999 16.2584 34
      vertex -17.8787 16.0314 2.61
      vertex -17.4999 16.2584 2.61
    endloop
  endfacet
  facet normal 0.595747 -0.803172 0
    outer loop
      vertex -17.4999 16.2584 2.61
      vertex -17.4 16.3325 34
      vertex -17.4999 16.2584 34
    endloop
  endfacet
  facet normal 0.595747 -0.803172 0
    outer loop
      vertex -17.4 16.3325 34
      vertex -17.4999 16.2584 2.61
      vertex -17.4 16.3325 2.61
    endloop
  endfacet
  facet normal -0.903908 -0.427726 0
    outer loop
      vertex -23.9686 17.8787 2.61
      vertex -24.1575 18.2779 34
      vertex -24.1575 18.2779 2.61
    endloop
  endfacet
  facet normal -0.903908 -0.427726 0
    outer loop
      vertex -24.1575 18.2779 34
      vertex -23.9686 17.8787 2.61
      vertex -23.9686 17.8787 34
    endloop
  endfacet
  facet normal -0.514029 -0.857773 0
    outer loop
      vertex -22.5001 16.2584 2.61
      vertex -22.1213 16.0314 34
      vertex -22.5001 16.2584 34
    endloop
  endfacet
  facet normal -0.514029 -0.857773 -0
    outer loop
      vertex -22.1213 16.0314 34
      vertex -22.5001 16.2584 2.61
      vertex -22.1213 16.0314 2.61
    endloop
  endfacet
  facet normal -0.671488 -0.741015 0
    outer loop
      vertex -23.182 16.818 2.61
      vertex -22.8548 16.5215 34
      vertex -23.182 16.818 34
    endloop
  endfacet
  facet normal -0.671488 -0.741015 -0
    outer loop
      vertex -22.8548 16.5215 34
      vertex -23.182 16.818 2.61
      vertex -22.8548 16.5215 2.61
    endloop
  endfacet
  facet normal -0.970036 0.242962 0
    outer loop
      vertex -24.4135 20.8779 2.61
      vertex -24.3062 21.3063 34
      vertex -24.3062 21.3063 2.61
    endloop
  endfacet
  facet normal -0.970036 0.242962 0
    outer loop
      vertex -24.3062 21.3063 34
      vertex -24.4135 20.8779 2.61
      vertex -24.4135 20.8779 34
    endloop
  endfacet
  facet normal 0.427726 -0.903908 0
    outer loop
      vertex -18.2779 15.8425 2.61
      vertex -17.8787 16.0314 34
      vertex -18.2779 15.8425 34
    endloop
  endfacet
  facet normal 0.427726 -0.903908 0
    outer loop
      vertex -17.8787 16.0314 34
      vertex -18.2779 15.8425 2.61
      vertex -17.8787 16.0314 2.61
    endloop
  endfacet
  facet normal -0.941598 0.336738 0
    outer loop
      vertex -24.3062 21.3063 2.61
      vertex -24.1575 21.7221 34
      vertex -24.1575 21.7221 2.61
    endloop
  endfacet
  facet normal -0.941598 0.336738 0
    outer loop
      vertex -24.1575 21.7221 34
      vertex -24.3062 21.3063 2.61
      vertex -24.3062 21.3063 34
    endloop
  endfacet
  facet normal -0.989174 -0.146746 0
    outer loop
      vertex -24.4135 19.1221 2.61
      vertex -24.4783 19.5589 34
      vertex -24.4783 19.5589 2.61
    endloop
  endfacet
  facet normal -0.989174 -0.146746 0
    outer loop
      vertex -24.4783 19.5589 34
      vertex -24.4135 19.1221 2.61
      vertex -24.4135 19.1221 34
    endloop
  endfacet
  facet normal -0.336738 -0.941598 0
    outer loop
      vertex -21.7221 15.8425 2.61
      vertex -21.3063 15.6938 34
      vertex -21.7221 15.8425 34
    endloop
  endfacet
  facet normal -0.336738 -0.941598 -0
    outer loop
      vertex -21.3063 15.6938 34
      vertex -21.7221 15.8425 2.61
      vertex -21.3063 15.6938 2.61
    endloop
  endfacet
  facet normal -0.903908 0.427726 0
    outer loop
      vertex -24.1575 21.7221 2.61
      vertex -23.9686 22.1213 34
      vertex -23.9686 22.1213 2.61
    endloop
  endfacet
  facet normal -0.903908 0.427726 0
    outer loop
      vertex -23.9686 22.1213 34
      vertex -24.1575 21.7221 2.61
      vertex -24.1575 21.7221 34
    endloop
  endfacet
  facet normal -0.146746 -0.989174 0
    outer loop
      vertex -20.8779 15.5865 2.61
      vertex -20.4411 15.5217 34
      vertex -20.8779 15.5865 34
    endloop
  endfacet
  facet normal -0.146746 -0.989174 -0
    outer loop
      vertex -20.4411 15.5217 34
      vertex -20.8779 15.5865 2.61
      vertex -20.4411 15.5217 2.61
    endloop
  endfacet
  facet normal -0.427726 -0.903908 0
    outer loop
      vertex -22.1213 16.0314 2.61
      vertex -21.7221 15.8425 34
      vertex -22.1213 16.0314 34
    endloop
  endfacet
  facet normal -0.427726 -0.903908 -0
    outer loop
      vertex -21.7221 15.8425 34
      vertex -22.1213 16.0314 2.61
      vertex -21.7221 15.8425 2.61
    endloop
  endfacet
  facet normal -0.857773 -0.514029 0
    outer loop
      vertex -23.7416 17.4999 2.61
      vertex -23.9686 17.8787 34
      vertex -23.9686 17.8787 2.61
    endloop
  endfacet
  facet normal -0.857773 -0.514029 0
    outer loop
      vertex -23.9686 17.8787 34
      vertex -23.7416 17.4999 2.61
      vertex -23.7416 17.4999 34
    endloop
  endfacet
  facet normal -0.970036 -0.242962 0
    outer loop
      vertex -24.3062 18.6937 2.61
      vertex -24.4135 19.1221 34
      vertex -24.4135 19.1221 2.61
    endloop
  endfacet
  facet normal -0.970036 -0.242962 0
    outer loop
      vertex -24.4135 19.1221 34
      vertex -24.3062 18.6937 2.61
      vertex -24.3062 18.6937 34
    endloop
  endfacet
  facet normal -0.0491358 -0.998792 0
    outer loop
      vertex -20.4411 15.5217 2.61
      vertex -20 15.5 34
      vertex -20.4411 15.5217 34
    endloop
  endfacet
  facet normal -0.0491358 -0.998792 -0
    outer loop
      vertex -20 15.5 34
      vertex -20.4411 15.5217 2.61
      vertex -20 15.5 2.61
    endloop
  endfacet
  facet normal -0.803172 0.595747 0
    outer loop
      vertex -23.7416 22.5001 2.61
      vertex -23.6675 22.6 34
      vertex -23.6675 22.6 2.61
    endloop
  endfacet
  facet normal -0.803172 0.595747 0
    outer loop
      vertex -23.6675 22.6 34
      vertex -23.7416 22.5001 2.61
      vertex -23.7416 22.5001 34
    endloop
  endfacet
  facet normal -0.989174 0.146746 0
    outer loop
      vertex -24.4783 20.4411 2.61
      vertex -24.4135 20.8779 34
      vertex -24.4135 20.8779 2.61
    endloop
  endfacet
  facet normal -0.989174 0.146746 0
    outer loop
      vertex -24.4135 20.8779 34
      vertex -24.4783 20.4411 2.61
      vertex -24.4783 20.4411 34
    endloop
  endfacet
  facet normal -0.857773 0.514029 0
    outer loop
      vertex -23.9686 22.1213 2.61
      vertex -23.7416 22.5001 34
      vertex -23.7416 22.5001 2.61
    endloop
  endfacet
  facet normal -0.857773 0.514029 0
    outer loop
      vertex -23.7416 22.5001 34
      vertex -23.9686 22.1213 2.61
      vertex -23.9686 22.1213 34
    endloop
  endfacet
  facet normal -0.741015 -0.671488 0
    outer loop
      vertex -23.182 16.818 2.61
      vertex -23.4785 17.1452 34
      vertex -23.4785 17.1452 2.61
    endloop
  endfacet
  facet normal -0.741015 -0.671488 0
    outer loop
      vertex -23.4785 17.1452 34
      vertex -23.182 16.818 2.61
      vertex -23.182 16.818 34
    endloop
  endfacet
  facet normal 0.0491358 -0.998792 0
    outer loop
      vertex -20 15.5 2.61
      vertex -19.5589 15.5217 34
      vertex -20 15.5 34
    endloop
  endfacet
  facet normal 0.0491358 -0.998792 0
    outer loop
      vertex -19.5589 15.5217 34
      vertex -20 15.5 2.61
      vertex -19.5589 15.5217 2.61
    endloop
  endfacet
  facet normal -0.803168 -0.595753 0
    outer loop
      vertex -23.4785 17.1452 2.61
      vertex -23.7416 17.4999 34
      vertex -23.7416 17.4999 2.61
    endloop
  endfacet
  facet normal -0.803168 -0.595753 0
    outer loop
      vertex -23.7416 17.4999 34
      vertex -23.4785 17.1452 2.61
      vertex -23.4785 17.1452 34
    endloop
  endfacet
  facet normal -0.998792 -0.0491358 0
    outer loop
      vertex -24.4783 19.5589 2.61
      vertex -24.5 20 34
      vertex -24.5 20 2.61
    endloop
  endfacet
  facet normal -0.998792 -0.0491358 0
    outer loop
      vertex -24.5 20 34
      vertex -24.4783 19.5589 2.61
      vertex -24.4783 19.5589 34
    endloop
  endfacet
  facet normal -0.998792 0.0491358 0
    outer loop
      vertex -24.5 20 2.61
      vertex -24.4783 20.4411 34
      vertex -24.4783 20.4411 2.61
    endloop
  endfacet
  facet normal -0.998792 0.0491358 0
    outer loop
      vertex -24.4783 20.4411 34
      vertex -24.5 20 2.61
      vertex -24.5 20 34
    endloop
  endfacet
  facet normal -0.336738 0.941598 0
    outer loop
      vertex -21.3063 -15.6938 2.61
      vertex -21.7221 -15.8425 34
      vertex -21.3063 -15.6938 34
    endloop
  endfacet
  facet normal -0.336738 0.941598 0
    outer loop
      vertex -21.7221 -15.8425 34
      vertex -21.3063 -15.6938 2.61
      vertex -21.7221 -15.8425 2.61
    endloop
  endfacet
  facet normal -0.989174 -0.146746 0
    outer loop
      vertex -24.4135 -20.8779 2.61
      vertex -24.4783 -20.4411 34
      vertex -24.4783 -20.4411 2.61
    endloop
  endfacet
  facet normal -0.989174 -0.146746 0
    outer loop
      vertex -24.4783 -20.4411 34
      vertex -24.4135 -20.8779 2.61
      vertex -24.4135 -20.8779 34
    endloop
  endfacet
  facet normal -0.242962 0.970036 0
    outer loop
      vertex -20.8779 -15.5865 2.61
      vertex -21.3063 -15.6938 34
      vertex -20.8779 -15.5865 34
    endloop
  endfacet
  facet normal -0.242962 0.970036 0
    outer loop
      vertex -21.3063 -15.6938 34
      vertex -20.8779 -15.5865 2.61
      vertex -21.3063 -15.6938 2.61
    endloop
  endfacet
  facet normal -0.903908 0.427726 0
    outer loop
      vertex -24.1575 -18.2779 2.61
      vertex -23.9686 -17.8787 34
      vertex -23.9686 -17.8787 2.61
    endloop
  endfacet
  facet normal -0.903908 0.427726 0
    outer loop
      vertex -23.9686 -17.8787 34
      vertex -24.1575 -18.2779 2.61
      vertex -24.1575 -18.2779 34
    endloop
  endfacet
  facet normal -0.857773 0.514029 0
    outer loop
      vertex -23.9686 -17.8787 2.61
      vertex -23.7416 -17.4999 34
      vertex -23.7416 -17.4999 2.61
    endloop
  endfacet
  facet normal -0.857773 0.514029 0
    outer loop
      vertex -23.7416 -17.4999 34
      vertex -23.9686 -17.8787 2.61
      vertex -23.9686 -17.8787 34
    endloop
  endfacet
  facet normal 0.242962 0.970036 -0
    outer loop
      vertex -18.6937 -15.6938 2.61
      vertex -19.1221 -15.5865 34
      vertex -18.6937 -15.6938 34
    endloop
  endfacet
  facet normal 0.242962 0.970036 0
    outer loop
      vertex -19.1221 -15.5865 34
      vertex -18.6937 -15.6938 2.61
      vertex -19.1221 -15.5865 2.61
    endloop
  endfacet
  facet normal -0.595753 0.803168 0
    outer loop
      vertex -22.5001 -16.2584 2.61
      vertex -22.8548 -16.5215 34
      vertex -22.5001 -16.2584 34
    endloop
  endfacet
  facet normal -0.595753 0.803168 0
    outer loop
      vertex -22.8548 -16.5215 34
      vertex -22.5001 -16.2584 2.61
      vertex -22.8548 -16.5215 2.61
    endloop
  endfacet
  facet normal 0.514029 0.857773 -0
    outer loop
      vertex -17.4999 -16.2584 2.61
      vertex -17.8787 -16.0314 34
      vertex -17.4999 -16.2584 34
    endloop
  endfacet
  facet normal 0.514029 0.857773 0
    outer loop
      vertex -17.8787 -16.0314 34
      vertex -17.4999 -16.2584 2.61
      vertex -17.8787 -16.0314 2.61
    endloop
  endfacet
  facet normal 0.427726 0.903908 -0
    outer loop
      vertex -17.8787 -16.0314 2.61
      vertex -18.2779 -15.8425 34
      vertex -17.8787 -16.0314 34
    endloop
  endfacet
  facet normal 0.427726 0.903908 0
    outer loop
      vertex -18.2779 -15.8425 34
      vertex -17.8787 -16.0314 2.61
      vertex -18.2779 -15.8425 2.61
    endloop
  endfacet
  facet normal -0.803172 -0.595747 0
    outer loop
      vertex -23.6675 -22.6 2.61
      vertex -23.7416 -22.5001 34
      vertex -23.7416 -22.5001 2.61
    endloop
  endfacet
  facet normal -0.803172 -0.595747 0
    outer loop
      vertex -23.7416 -22.5001 34
      vertex -23.6675 -22.6 2.61
      vertex -23.6675 -22.6 34
    endloop
  endfacet
  facet normal -0.941598 -0.336738 0
    outer loop
      vertex -24.1575 -21.7221 2.61
      vertex -24.3062 -21.3063 34
      vertex -24.3062 -21.3063 2.61
    endloop
  endfacet
  facet normal -0.941598 -0.336738 0
    outer loop
      vertex -24.3062 -21.3063 34
      vertex -24.1575 -21.7221 2.61
      vertex -24.1575 -21.7221 34
    endloop
  endfacet
  facet normal -0.941598 0.336738 0
    outer loop
      vertex -24.3062 -18.6937 2.61
      vertex -24.1575 -18.2779 34
      vertex -24.1575 -18.2779 2.61
    endloop
  endfacet
  facet normal -0.941598 0.336738 0
    outer loop
      vertex -24.1575 -18.2779 34
      vertex -24.3062 -18.6937 2.61
      vertex -24.3062 -18.6937 34
    endloop
  endfacet
  facet normal 0.336738 0.941598 -0
    outer loop
      vertex -18.2779 -15.8425 2.61
      vertex -18.6937 -15.6938 34
      vertex -18.2779 -15.8425 34
    endloop
  endfacet
  facet normal 0.336738 0.941598 0
    outer loop
      vertex -18.6937 -15.6938 34
      vertex -18.2779 -15.8425 2.61
      vertex -18.6937 -15.6938 2.61
    endloop
  endfacet
  facet normal -0.857773 -0.514029 0
    outer loop
      vertex -23.7416 -22.5001 2.61
      vertex -23.9686 -22.1213 34
      vertex -23.9686 -22.1213 2.61
    endloop
  endfacet
  facet normal -0.857773 -0.514029 0
    outer loop
      vertex -23.9686 -22.1213 34
      vertex -23.7416 -22.5001 2.61
      vertex -23.7416 -22.5001 34
    endloop
  endfacet
  facet normal -0.671488 0.741015 0
    outer loop
      vertex -22.8548 -16.5215 2.61
      vertex -23.182 -16.818 34
      vertex -22.8548 -16.5215 34
    endloop
  endfacet
  facet normal -0.671488 0.741015 0
    outer loop
      vertex -23.182 -16.818 34
      vertex -22.8548 -16.5215 2.61
      vertex -23.182 -16.818 2.61
    endloop
  endfacet
  facet normal -0.514029 0.857773 0
    outer loop
      vertex -22.1213 -16.0314 2.61
      vertex -22.5001 -16.2584 34
      vertex -22.1213 -16.0314 34
    endloop
  endfacet
  facet normal -0.514029 0.857773 0
    outer loop
      vertex -22.5001 -16.2584 34
      vertex -22.1213 -16.0314 2.61
      vertex -22.5001 -16.2584 2.61
    endloop
  endfacet
  facet normal 0.146746 0.989174 -0
    outer loop
      vertex -19.1221 -15.5865 2.61
      vertex -19.5589 -15.5217 34
      vertex -19.1221 -15.5865 34
    endloop
  endfacet
  facet normal 0.146746 0.989174 0
    outer loop
      vertex -19.5589 -15.5217 34
      vertex -19.1221 -15.5865 2.61
      vertex -19.5589 -15.5217 2.61
    endloop
  endfacet
  facet normal -0.998792 0.0491358 0
    outer loop
      vertex -24.5 -20 2.61
      vertex -24.4783 -19.5589 34
      vertex -24.4783 -19.5589 2.61
    endloop
  endfacet
  facet normal -0.998792 0.0491358 0
    outer loop
      vertex -24.4783 -19.5589 34
      vertex -24.5 -20 2.61
      vertex -24.5 -20 34
    endloop
  endfacet
  facet normal -0.146746 0.989174 0
    outer loop
      vertex -20.4411 -15.5217 2.61
      vertex -20.8779 -15.5865 34
      vertex -20.4411 -15.5217 34
    endloop
  endfacet
  facet normal -0.146746 0.989174 0
    outer loop
      vertex -20.8779 -15.5865 34
      vertex -20.4411 -15.5217 2.61
      vertex -20.8779 -15.5865 2.61
    endloop
  endfacet
  facet normal -0.0491358 0.998792 0
    outer loop
      vertex -20 -15.5 2.61
      vertex -20.4411 -15.5217 34
      vertex -20 -15.5 34
    endloop
  endfacet
  facet normal -0.0491358 0.998792 0
    outer loop
      vertex -20.4411 -15.5217 34
      vertex -20 -15.5 2.61
      vertex -20.4411 -15.5217 2.61
    endloop
  endfacet
  facet normal -0.903908 -0.427726 0
    outer loop
      vertex -23.9686 -22.1213 2.61
      vertex -24.1575 -21.7221 34
      vertex -24.1575 -21.7221 2.61
    endloop
  endfacet
  facet normal -0.903908 -0.427726 0
    outer loop
      vertex -24.1575 -21.7221 34
      vertex -23.9686 -22.1213 2.61
      vertex -23.9686 -22.1213 34
    endloop
  endfacet
  facet normal -0.970036 -0.242962 0
    outer loop
      vertex -24.3062 -21.3063 2.61
      vertex -24.4135 -20.8779 34
      vertex -24.4135 -20.8779 2.61
    endloop
  endfacet
  facet normal -0.970036 -0.242962 0
    outer loop
      vertex -24.4135 -20.8779 34
      vertex -24.3062 -21.3063 2.61
      vertex -24.3062 -21.3063 34
    endloop
  endfacet
  facet normal -0.970036 0.242962 0
    outer loop
      vertex -24.4135 -19.1221 2.61
      vertex -24.3062 -18.6937 34
      vertex -24.3062 -18.6937 2.61
    endloop
  endfacet
  facet normal -0.970036 0.242962 0
    outer loop
      vertex -24.3062 -18.6937 34
      vertex -24.4135 -19.1221 2.61
      vertex -24.4135 -19.1221 34
    endloop
  endfacet
  facet normal -0.427726 0.903908 0
    outer loop
      vertex -21.7221 -15.8425 2.61
      vertex -22.1213 -16.0314 34
      vertex -21.7221 -15.8425 34
    endloop
  endfacet
  facet normal -0.427726 0.903908 0
    outer loop
      vertex -22.1213 -16.0314 34
      vertex -21.7221 -15.8425 2.61
      vertex -22.1213 -16.0314 2.61
    endloop
  endfacet
  facet normal -0.741015 0.671488 0
    outer loop
      vertex -23.4785 -17.1452 2.61
      vertex -23.182 -16.818 34
      vertex -23.182 -16.818 2.61
    endloop
  endfacet
  facet normal -0.741015 0.671488 0
    outer loop
      vertex -23.182 -16.818 34
      vertex -23.4785 -17.1452 2.61
      vertex -23.4785 -17.1452 34
    endloop
  endfacet
  facet normal 0.0491358 0.998792 -0
    outer loop
      vertex -19.5589 -15.5217 2.61
      vertex -20 -15.5 34
      vertex -19.5589 -15.5217 34
    endloop
  endfacet
  facet normal 0.0491358 0.998792 0
    outer loop
      vertex -20 -15.5 34
      vertex -19.5589 -15.5217 2.61
      vertex -20 -15.5 2.61
    endloop
  endfacet
  facet normal -0.989174 0.146746 0
    outer loop
      vertex -24.4783 -19.5589 2.61
      vertex -24.4135 -19.1221 34
      vertex -24.4135 -19.1221 2.61
    endloop
  endfacet
  facet normal -0.989174 0.146746 0
    outer loop
      vertex -24.4135 -19.1221 34
      vertex -24.4783 -19.5589 2.61
      vertex -24.4783 -19.5589 34
    endloop
  endfacet
  facet normal 0.595747 0.803172 -0
    outer loop
      vertex -17.4 -16.3325 2.61
      vertex -17.4999 -16.2584 34
      vertex -17.4 -16.3325 34
    endloop
  endfacet
  facet normal 0.595747 0.803172 0
    outer loop
      vertex -17.4999 -16.2584 34
      vertex -17.4 -16.3325 2.61
      vertex -17.4999 -16.2584 2.61
    endloop
  endfacet
  facet normal -0.803168 0.595753 0
    outer loop
      vertex -23.7416 -17.4999 2.61
      vertex -23.4785 -17.1452 34
      vertex -23.4785 -17.1452 2.61
    endloop
  endfacet
  facet normal -0.803168 0.595753 0
    outer loop
      vertex -23.4785 -17.1452 34
      vertex -23.7416 -17.4999 2.61
      vertex -23.7416 -17.4999 34
    endloop
  endfacet
  facet normal -0.998792 -0.0491358 0
    outer loop
      vertex -24.4783 -20.4411 2.61
      vertex -24.5 -20 34
      vertex -24.5 -20 2.61
    endloop
  endfacet
  facet normal -0.998792 -0.0491358 0
    outer loop
      vertex -24.5 -20 34
      vertex -24.4783 -20.4411 2.61
      vertex -24.4783 -20.4411 34
    endloop
  endfacet
  facet normal -0.989168 0.146788 0
    outer loop
      vertex -68.3327 19.6683 0
      vertex -68.3082 19.8334 34
      vertex -68.3082 19.8334 0
    endloop
  endfacet
  facet normal -0.989168 0.146788 0
    outer loop
      vertex -68.3082 19.8334 34
      vertex -68.3327 19.6683 0
      vertex -68.3327 19.6683 34
    endloop
  endfacet
  facet normal -0.998791 0.0491602 0
    outer loop
      vertex -68.3082 19.8334 0
      vertex -68.3 20 34
      vertex -68.3 20 0
    endloop
  endfacet
  facet normal -0.998791 0.0491602 0
    outer loop
      vertex -68.3 20 34
      vertex -68.3082 19.8334 0
      vertex -68.3082 19.8334 34
    endloop
  endfacet
  facet normal -0.970072 0.242818 0
    outer loop
      vertex -68.3732 19.5065 0
      vertex -68.3327 19.6683 34
      vertex -68.3327 19.6683 0
    endloop
  endfacet
  facet normal -0.970072 0.242818 0
    outer loop
      vertex -68.3327 19.6683 34
      vertex -68.3732 19.5065 0
      vertex -68.3732 19.5065 34
    endloop
  endfacet
  facet normal -0.427442 -0.904043 0
    outer loop
      vertex -69.3494 21.5706 0
      vertex -69.1986 21.4993 34
      vertex -69.3494 21.5706 34
    endloop
  endfacet
  facet normal -0.427442 -0.904043 -0
    outer loop
      vertex -69.1986 21.4993 34
      vertex -69.3494 21.5706 0
      vertex -69.1986 21.4993 0
    endloop
  endfacet
  facet normal 0.0491602 0.998791 -0
    outer loop
      vertex -70 18.3 0
      vertex -70.1666 18.3082 34
      vertex -70 18.3 34
    endloop
  endfacet
  facet normal 0.0491602 0.998791 0
    outer loop
      vertex -70.1666 18.3082 34
      vertex -70 18.3 0
      vertex -70.1666 18.3082 0
    endloop
  endfacet
  facet normal 0.427442 0.904043 -0
    outer loop
      vertex -70.6506 18.4294 0
      vertex -70.8014 18.5007 34
      vertex -70.6506 18.4294 34
    endloop
  endfacet
  facet normal 0.427442 0.904043 0
    outer loop
      vertex -70.8014 18.5007 34
      vertex -70.6506 18.4294 0
      vertex -70.8014 18.5007 0
    endloop
  endfacet
  facet normal -0.741024 0.671478 0
    outer loop
      vertex -68.7979 18.7979 0
      vertex -68.6859 18.9215 34
      vertex -68.6859 18.9215 0
    endloop
  endfacet
  facet normal -0.741024 0.671478 0
    outer loop
      vertex -68.6859 18.9215 34
      vertex -68.7979 18.7979 0
      vertex -68.7979 18.7979 34
    endloop
  endfacet
  facet normal 0.146875 -0.989155 0
    outer loop
      vertex -70.3316 21.6673 0
      vertex -70.1666 21.6918 34
      vertex -70.3316 21.6673 34
    endloop
  endfacet
  facet normal 0.146875 -0.989155 0
    outer loop
      vertex -70.1666 21.6918 34
      vertex -70.3316 21.6673 0
      vertex -70.1666 21.6918 0
    endloop
  endfacet
  facet normal -0.427442 0.904043 0
    outer loop
      vertex -69.1986 18.5007 0
      vertex -69.3494 18.4294 34
      vertex -69.1986 18.5007 34
    endloop
  endfacet
  facet normal -0.427442 0.904043 0
    outer loop
      vertex -69.3494 18.4294 34
      vertex -69.1986 18.5007 0
      vertex -69.3494 18.4294 0
    endloop
  endfacet
  facet normal 0.146875 0.989155 -0
    outer loop
      vertex -70.1666 18.3082 0
      vertex -70.3316 18.3327 34
      vertex -70.1666 18.3082 34
    endloop
  endfacet
  facet normal 0.146875 0.989155 0
    outer loop
      vertex -70.3316 18.3327 34
      vertex -70.1666 18.3082 0
      vertex -70.3316 18.3327 0
    endloop
  endfacet
  facet normal -0.242677 -0.970107 0
    outer loop
      vertex -69.6684 21.6673 0
      vertex -69.5065 21.6268 34
      vertex -69.6684 21.6673 34
    endloop
  endfacet
  facet normal -0.242677 -0.970107 -0
    outer loop
      vertex -69.5065 21.6268 34
      vertex -69.6684 21.6673 0
      vertex -69.5065 21.6268 0
    endloop
  endfacet
  facet normal 0.595772 0.803154 -0
    outer loop
      vertex -70.9445 18.5865 0
      vertex -71.0785 18.6859 34
      vertex -70.9445 18.5865 34
    endloop
  endfacet
  facet normal 0.595772 0.803154 0
    outer loop
      vertex -71.0785 18.6859 34
      vertex -70.9445 18.5865 0
      vertex -71.0785 18.6859 0
    endloop
  endfacet
  facet normal 0.904043 0.427442 0
    outer loop
      vertex -71.4993 19.1986 34
      vertex -71.5706 19.3494 0
      vertex -71.5706 19.3494 34
    endloop
  endfacet
  facet normal 0.904043 0.427442 0
    outer loop
      vertex -71.5706 19.3494 0
      vertex -71.4993 19.1986 34
      vertex -71.4993 19.1986 0
    endloop
  endfacet
  facet normal 0.427442 -0.904043 0
    outer loop
      vertex -70.8014 21.4993 0
      vertex -70.6506 21.5706 34
      vertex -70.8014 21.4993 34
    endloop
  endfacet
  facet normal 0.427442 -0.904043 0
    outer loop
      vertex -70.6506 21.5706 34
      vertex -70.8014 21.4993 0
      vertex -70.6506 21.5706 0
    endloop
  endfacet
  facet normal 0.595772 -0.803154 0
    outer loop
      vertex -71.0785 21.3141 0
      vertex -70.9445 21.4135 34
      vertex -71.0785 21.3141 34
    endloop
  endfacet
  facet normal 0.595772 -0.803154 0
    outer loop
      vertex -70.9445 21.4135 34
      vertex -71.0785 21.3141 0
      vertex -70.9445 21.4135 0
    endloop
  endfacet
  facet normal 0.904043 -0.427442 0
    outer loop
      vertex -71.5706 20.6506 34
      vertex -71.4993 20.8014 0
      vertex -71.4993 20.8014 34
    endloop
  endfacet
  facet normal 0.904043 -0.427442 0
    outer loop
      vertex -71.4993 20.8014 0
      vertex -71.5706 20.6506 34
      vertex -71.5706 20.6506 0
    endloop
  endfacet
  facet normal -0.514231 0.857652 0
    outer loop
      vertex -69.0555 18.5865 0
      vertex -69.1986 18.5007 34
      vertex -69.0555 18.5865 34
    endloop
  endfacet
  facet normal -0.514231 0.857652 0
    outer loop
      vertex -69.1986 18.5007 34
      vertex -69.0555 18.5865 0
      vertex -69.1986 18.5007 0
    endloop
  endfacet
  facet normal 0.998791 -0.0491602 0
    outer loop
      vertex -71.7 20 34
      vertex -71.6918 20.1666 0
      vertex -71.6918 20.1666 34
    endloop
  endfacet
  facet normal 0.998791 -0.0491602 0
    outer loop
      vertex -71.6918 20.1666 0
      vertex -71.7 20 34
      vertex -71.7 20 0
    endloop
  endfacet
  facet normal -0.595772 0.803154 0
    outer loop
      vertex -68.9215 18.6859 0
      vertex -69.0555 18.5865 34
      vertex -68.9215 18.6859 34
    endloop
  endfacet
  facet normal -0.595772 0.803154 0
    outer loop
      vertex -69.0555 18.5865 34
      vertex -68.9215 18.6859 0
      vertex -69.0555 18.5865 0
    endloop
  endfacet
  facet normal -0.970072 -0.242818 0
    outer loop
      vertex -68.3327 20.3317 0
      vertex -68.3732 20.4935 34
      vertex -68.3732 20.4935 0
    endloop
  endfacet
  facet normal -0.970072 -0.242818 0
    outer loop
      vertex -68.3732 20.4935 34
      vertex -68.3327 20.3317 0
      vertex -68.3327 20.3317 34
    endloop
  endfacet
  facet normal 0.941566 -0.33683 0
    outer loop
      vertex -71.6268 20.4935 34
      vertex -71.5706 20.6506 0
      vertex -71.5706 20.6506 34
    endloop
  endfacet
  facet normal 0.941566 -0.33683 0
    outer loop
      vertex -71.5706 20.6506 0
      vertex -71.6268 20.4935 34
      vertex -71.6268 20.4935 0
    endloop
  endfacet
  facet normal -0.242677 0.970107 0
    outer loop
      vertex -69.5065 18.3732 0
      vertex -69.6684 18.3327 34
      vertex -69.5065 18.3732 34
    endloop
  endfacet
  facet normal -0.242677 0.970107 0
    outer loop
      vertex -69.6684 18.3327 34
      vertex -69.5065 18.3732 0
      vertex -69.6684 18.3327 0
    endloop
  endfacet
  facet normal 0.741024 0.671478 0
    outer loop
      vertex -71.2021 18.7979 34
      vertex -71.3141 18.9215 0
      vertex -71.3141 18.9215 34
    endloop
  endfacet
  facet normal 0.741024 0.671478 0
    outer loop
      vertex -71.3141 18.9215 0
      vertex -71.2021 18.7979 34
      vertex -71.2021 18.7979 0
    endloop
  endfacet
  facet normal -0.0491602 -0.998791 0
    outer loop
      vertex -70 21.7 0
      vertex -69.8334 21.6918 34
      vertex -70 21.7 34
    endloop
  endfacet
  facet normal -0.0491602 -0.998791 -0
    outer loop
      vertex -69.8334 21.6918 34
      vertex -70 21.7 0
      vertex -69.8334 21.6918 0
    endloop
  endfacet
  facet normal -0.803154 0.595772 0
    outer loop
      vertex -68.6859 18.9215 0
      vertex -68.5865 19.0555 34
      vertex -68.5865 19.0555 0
    endloop
  endfacet
  facet normal -0.803154 0.595772 0
    outer loop
      vertex -68.5865 19.0555 34
      vertex -68.6859 18.9215 0
      vertex -68.6859 18.9215 34
    endloop
  endfacet
  facet normal 0.970072 -0.242818 0
    outer loop
      vertex -71.6673 20.3317 34
      vertex -71.6268 20.4935 0
      vertex -71.6268 20.4935 34
    endloop
  endfacet
  facet normal 0.970072 -0.242818 0
    outer loop
      vertex -71.6268 20.4935 0
      vertex -71.6673 20.3317 34
      vertex -71.6673 20.3317 0
    endloop
  endfacet
  facet normal -0.989168 -0.146788 0
    outer loop
      vertex -68.3082 20.1666 0
      vertex -68.3327 20.3317 34
      vertex -68.3327 20.3317 0
    endloop
  endfacet
  facet normal -0.989168 -0.146788 0
    outer loop
      vertex -68.3327 20.3317 34
      vertex -68.3082 20.1666 0
      vertex -68.3082 20.1666 34
    endloop
  endfacet
  facet normal -0.514231 -0.857652 0
    outer loop
      vertex -69.1986 21.4993 0
      vertex -69.0555 21.4135 34
      vertex -69.1986 21.4993 34
    endloop
  endfacet
  facet normal -0.514231 -0.857652 -0
    outer loop
      vertex -69.0555 21.4135 34
      vertex -69.1986 21.4993 0
      vertex -69.0555 21.4135 0
    endloop
  endfacet
  facet normal 0.941566 0.33683 0
    outer loop
      vertex -71.5706 19.3494 34
      vertex -71.6268 19.5065 0
      vertex -71.6268 19.5065 34
    endloop
  endfacet
  facet normal 0.941566 0.33683 0
    outer loop
      vertex -71.6268 19.5065 0
      vertex -71.5706 19.3494 34
      vertex -71.5706 19.3494 0
    endloop
  endfacet
  facet normal -0.671478 0.741024 0
    outer loop
      vertex -68.7979 18.7979 0
      vertex -68.9215 18.6859 34
      vertex -68.7979 18.7979 34
    endloop
  endfacet
  facet normal -0.671478 0.741024 0
    outer loop
      vertex -68.9215 18.6859 34
      vertex -68.7979 18.7979 0
      vertex -68.9215 18.6859 0
    endloop
  endfacet
  facet normal 0.989168 0.146788 0
    outer loop
      vertex -71.6673 19.6683 34
      vertex -71.6918 19.8334 0
      vertex -71.6918 19.8334 34
    endloop
  endfacet
  facet normal 0.989168 0.146788 0
    outer loop
      vertex -71.6918 19.8334 0
      vertex -71.6673 19.6683 34
      vertex -71.6673 19.6683 0
    endloop
  endfacet
  facet normal -0.904043 -0.427442 0
    outer loop
      vertex -68.4294 20.6506 0
      vertex -68.5007 20.8014 34
      vertex -68.5007 20.8014 0
    endloop
  endfacet
  facet normal -0.904043 -0.427442 0
    outer loop
      vertex -68.5007 20.8014 34
      vertex -68.4294 20.6506 0
      vertex -68.4294 20.6506 34
    endloop
  endfacet
  facet normal -0.33683 0.941566 0
    outer loop
      vertex -69.3494 18.4294 0
      vertex -69.5065 18.3732 34
      vertex -69.3494 18.4294 34
    endloop
  endfacet
  facet normal -0.33683 0.941566 0
    outer loop
      vertex -69.5065 18.3732 34
      vertex -69.3494 18.4294 0
      vertex -69.5065 18.3732 0
    endloop
  endfacet
  facet normal -0.998791 -0.0491602 0
    outer loop
      vertex -68.3 20 0
      vertex -68.3082 20.1666 34
      vertex -68.3082 20.1666 0
    endloop
  endfacet
  facet normal -0.998791 -0.0491602 0
    outer loop
      vertex -68.3082 20.1666 34
      vertex -68.3 20 0
      vertex -68.3 20 34
    endloop
  endfacet
  facet normal -0.146875 -0.989155 0
    outer loop
      vertex -69.8334 21.6918 0
      vertex -69.6684 21.6673 34
      vertex -69.8334 21.6918 34
    endloop
  endfacet
  facet normal -0.146875 -0.989155 -0
    outer loop
      vertex -69.6684 21.6673 34
      vertex -69.8334 21.6918 0
      vertex -69.6684 21.6673 0
    endloop
  endfacet
  facet normal -0.941566 0.33683 0
    outer loop
      vertex -68.4294 19.3494 0
      vertex -68.3732 19.5065 34
      vertex -68.3732 19.5065 0
    endloop
  endfacet
  facet normal -0.941566 0.33683 0
    outer loop
      vertex -68.3732 19.5065 34
      vertex -68.4294 19.3494 0
      vertex -68.4294 19.3494 34
    endloop
  endfacet
  facet normal -0.803154 -0.595772 0
    outer loop
      vertex -68.5865 20.9445 0
      vertex -68.6859 21.0785 34
      vertex -68.6859 21.0785 0
    endloop
  endfacet
  facet normal -0.803154 -0.595772 0
    outer loop
      vertex -68.6859 21.0785 34
      vertex -68.5865 20.9445 0
      vertex -68.5865 20.9445 34
    endloop
  endfacet
  facet normal -0.857652 -0.514231 0
    outer loop
      vertex -68.5007 20.8014 0
      vertex -68.5865 20.9445 34
      vertex -68.5865 20.9445 0
    endloop
  endfacet
  facet normal -0.857652 -0.514231 0
    outer loop
      vertex -68.5865 20.9445 34
      vertex -68.5007 20.8014 0
      vertex -68.5007 20.8014 34
    endloop
  endfacet
  facet normal 0.242677 0.970107 -0
    outer loop
      vertex -70.3316 18.3327 0
      vertex -70.4935 18.3732 34
      vertex -70.3316 18.3327 34
    endloop
  endfacet
  facet normal 0.242677 0.970107 0
    outer loop
      vertex -70.4935 18.3732 34
      vertex -70.3316 18.3327 0
      vertex -70.4935 18.3732 0
    endloop
  endfacet
  facet normal -0.941566 -0.33683 0
    outer loop
      vertex -68.3732 20.4935 0
      vertex -68.4294 20.6506 34
      vertex -68.4294 20.6506 0
    endloop
  endfacet
  facet normal -0.941566 -0.33683 0
    outer loop
      vertex -68.4294 20.6506 34
      vertex -68.3732 20.4935 0
      vertex -68.3732 20.4935 34
    endloop
  endfacet
  facet normal -0.0491602 0.998791 0
    outer loop
      vertex -69.8334 18.3082 0
      vertex -70 18.3 34
      vertex -69.8334 18.3082 34
    endloop
  endfacet
  facet normal -0.0491602 0.998791 0
    outer loop
      vertex -70 18.3 34
      vertex -69.8334 18.3082 0
      vertex -70 18.3 0
    endloop
  endfacet
  facet normal 0.514231 0.857652 -0
    outer loop
      vertex -70.8014 18.5007 0
      vertex -70.9445 18.5865 34
      vertex -70.8014 18.5007 34
    endloop
  endfacet
  facet normal 0.514231 0.857652 0
    outer loop
      vertex -70.9445 18.5865 34
      vertex -70.8014 18.5007 0
      vertex -70.9445 18.5865 0
    endloop
  endfacet
  facet normal -0.904043 0.427442 0
    outer loop
      vertex -68.5007 19.1986 0
      vertex -68.4294 19.3494 34
      vertex -68.4294 19.3494 0
    endloop
  endfacet
  facet normal -0.904043 0.427442 0
    outer loop
      vertex -68.4294 19.3494 34
      vertex -68.5007 19.1986 0
      vertex -68.5007 19.1986 34
    endloop
  endfacet
  facet normal -0.146875 0.989155 0
    outer loop
      vertex -69.6684 18.3327 0
      vertex -69.8334 18.3082 34
      vertex -69.6684 18.3327 34
    endloop
  endfacet
  facet normal -0.146875 0.989155 0
    outer loop
      vertex -69.8334 18.3082 34
      vertex -69.6684 18.3327 0
      vertex -69.8334 18.3082 0
    endloop
  endfacet
  facet normal 0.242677 -0.970107 0
    outer loop
      vertex -70.4935 21.6268 0
      vertex -70.3316 21.6673 34
      vertex -70.4935 21.6268 34
    endloop
  endfacet
  facet normal 0.242677 -0.970107 0
    outer loop
      vertex -70.3316 21.6673 34
      vertex -70.4935 21.6268 0
      vertex -70.3316 21.6673 0
    endloop
  endfacet
  facet normal 0.857652 -0.514231 0
    outer loop
      vertex -71.4993 20.8014 34
      vertex -71.4135 20.9445 0
      vertex -71.4135 20.9445 34
    endloop
  endfacet
  facet normal 0.857652 -0.514231 0
    outer loop
      vertex -71.4135 20.9445 0
      vertex -71.4993 20.8014 34
      vertex -71.4993 20.8014 0
    endloop
  endfacet
  facet normal -0.857652 0.514231 0
    outer loop
      vertex -68.5865 19.0555 0
      vertex -68.5007 19.1986 34
      vertex -68.5007 19.1986 0
    endloop
  endfacet
  facet normal -0.857652 0.514231 0
    outer loop
      vertex -68.5007 19.1986 34
      vertex -68.5865 19.0555 0
      vertex -68.5865 19.0555 34
    endloop
  endfacet
  facet normal 0.33683 0.941566 -0
    outer loop
      vertex -70.4935 18.3732 0
      vertex -70.6506 18.4294 34
      vertex -70.4935 18.3732 34
    endloop
  endfacet
  facet normal 0.33683 0.941566 0
    outer loop
      vertex -70.6506 18.4294 34
      vertex -70.4935 18.3732 0
      vertex -70.6506 18.4294 0
    endloop
  endfacet
  facet normal 0.741024 -0.671478 0
    outer loop
      vertex -71.3141 21.0785 34
      vertex -71.2021 21.2021 0
      vertex -71.2021 21.2021 34
    endloop
  endfacet
  facet normal 0.741024 -0.671478 0
    outer loop
      vertex -71.2021 21.2021 0
      vertex -71.3141 21.0785 34
      vertex -71.3141 21.0785 0
    endloop
  endfacet
  facet normal 0.671478 0.741024 -0
    outer loop
      vertex -71.0785 18.6859 0
      vertex -71.2021 18.7979 34
      vertex -71.0785 18.6859 34
    endloop
  endfacet
  facet normal 0.671478 0.741024 0
    outer loop
      vertex -71.2021 18.7979 34
      vertex -71.0785 18.6859 0
      vertex -71.2021 18.7979 0
    endloop
  endfacet
  facet normal 0.514231 -0.857652 0
    outer loop
      vertex -70.9445 21.4135 0
      vertex -70.8014 21.4993 34
      vertex -70.9445 21.4135 34
    endloop
  endfacet
  facet normal 0.514231 -0.857652 0
    outer loop
      vertex -70.8014 21.4993 34
      vertex -70.9445 21.4135 0
      vertex -70.8014 21.4993 0
    endloop
  endfacet
  facet normal 0.970072 0.242818 0
    outer loop
      vertex -71.6268 19.5065 34
      vertex -71.6673 19.6683 0
      vertex -71.6673 19.6683 34
    endloop
  endfacet
  facet normal 0.970072 0.242818 0
    outer loop
      vertex -71.6673 19.6683 0
      vertex -71.6268 19.5065 34
      vertex -71.6268 19.5065 0
    endloop
  endfacet
  facet normal -0.33683 -0.941566 0
    outer loop
      vertex -69.5065 21.6268 0
      vertex -69.3494 21.5706 34
      vertex -69.5065 21.6268 34
    endloop
  endfacet
  facet normal -0.33683 -0.941566 -0
    outer loop
      vertex -69.3494 21.5706 34
      vertex -69.5065 21.6268 0
      vertex -69.3494 21.5706 0
    endloop
  endfacet
  facet normal 0.803154 -0.595772 0
    outer loop
      vertex -71.4135 20.9445 34
      vertex -71.3141 21.0785 0
      vertex -71.3141 21.0785 34
    endloop
  endfacet
  facet normal 0.803154 -0.595772 0
    outer loop
      vertex -71.3141 21.0785 0
      vertex -71.4135 20.9445 34
      vertex -71.4135 20.9445 0
    endloop
  endfacet
  facet normal 0.989168 -0.146788 0
    outer loop
      vertex -71.6918 20.1666 34
      vertex -71.6673 20.3317 0
      vertex -71.6673 20.3317 34
    endloop
  endfacet
  facet normal 0.989168 -0.146788 0
    outer loop
      vertex -71.6673 20.3317 0
      vertex -71.6918 20.1666 34
      vertex -71.6918 20.1666 0
    endloop
  endfacet
  facet normal -0.595772 -0.803154 0
    outer loop
      vertex -69.0555 21.4135 0
      vertex -68.9215 21.3141 34
      vertex -69.0555 21.4135 34
    endloop
  endfacet
  facet normal -0.595772 -0.803154 -0
    outer loop
      vertex -68.9215 21.3141 34
      vertex -69.0555 21.4135 0
      vertex -68.9215 21.3141 0
    endloop
  endfacet
  facet normal 0.671478 -0.741024 0
    outer loop
      vertex -71.2021 21.2021 0
      vertex -71.0785 21.3141 34
      vertex -71.2021 21.2021 34
    endloop
  endfacet
  facet normal 0.671478 -0.741024 0
    outer loop
      vertex -71.0785 21.3141 34
      vertex -71.2021 21.2021 0
      vertex -71.0785 21.3141 0
    endloop
  endfacet
  facet normal 0.803154 0.595772 0
    outer loop
      vertex -71.3141 18.9215 34
      vertex -71.4135 19.0555 0
      vertex -71.4135 19.0555 34
    endloop
  endfacet
  facet normal 0.803154 0.595772 0
    outer loop
      vertex -71.4135 19.0555 0
      vertex -71.3141 18.9215 34
      vertex -71.3141 18.9215 0
    endloop
  endfacet
  facet normal 0.857652 0.514231 0
    outer loop
      vertex -71.4135 19.0555 34
      vertex -71.4993 19.1986 0
      vertex -71.4993 19.1986 34
    endloop
  endfacet
  facet normal 0.857652 0.514231 0
    outer loop
      vertex -71.4993 19.1986 0
      vertex -71.4135 19.0555 34
      vertex -71.4135 19.0555 0
    endloop
  endfacet
  facet normal 0.0491602 -0.998791 0
    outer loop
      vertex -70.1666 21.6918 0
      vertex -70 21.7 34
      vertex -70.1666 21.6918 34
    endloop
  endfacet
  facet normal 0.0491602 -0.998791 0
    outer loop
      vertex -70 21.7 34
      vertex -70.1666 21.6918 0
      vertex -70 21.7 0
    endloop
  endfacet
  facet normal 0.998791 0.0491602 0
    outer loop
      vertex -71.6918 19.8334 34
      vertex -71.7 20 0
      vertex -71.7 20 34
    endloop
  endfacet
  facet normal 0.998791 0.0491602 0
    outer loop
      vertex -71.7 20 0
      vertex -71.6918 19.8334 34
      vertex -71.6918 19.8334 0
    endloop
  endfacet
  facet normal 0.33683 -0.941566 0
    outer loop
      vertex -70.6506 21.5706 0
      vertex -70.4935 21.6268 34
      vertex -70.6506 21.5706 34
    endloop
  endfacet
  facet normal 0.33683 -0.941566 0
    outer loop
      vertex -70.4935 21.6268 34
      vertex -70.6506 21.5706 0
      vertex -70.4935 21.6268 0
    endloop
  endfacet
  facet normal -0.741024 -0.671478 0
    outer loop
      vertex -68.6859 21.0785 0
      vertex -68.7979 21.2021 34
      vertex -68.7979 21.2021 0
    endloop
  endfacet
  facet normal -0.741024 -0.671478 0
    outer loop
      vertex -68.7979 21.2021 34
      vertex -68.6859 21.0785 0
      vertex -68.6859 21.0785 34
    endloop
  endfacet
  facet normal -0.671478 -0.741024 0
    outer loop
      vertex -68.9215 21.3141 0
      vertex -68.7979 21.2021 34
      vertex -68.9215 21.3141 34
    endloop
  endfacet
  facet normal -0.671478 -0.741024 -0
    outer loop
      vertex -68.7979 21.2021 34
      vertex -68.9215 21.3141 0
      vertex -68.7979 21.2021 0
    endloop
  endfacet
  facet normal 0.904043 0.427442 0
    outer loop
      vertex -71.4993 -20.8014 34
      vertex -71.5706 -20.6506 0
      vertex -71.5706 -20.6506 34
    endloop
  endfacet
  facet normal 0.904043 0.427442 0
    outer loop
      vertex -71.5706 -20.6506 0
      vertex -71.4993 -20.8014 34
      vertex -71.4993 -20.8014 0
    endloop
  endfacet
  facet normal -0.989168 0.146788 0
    outer loop
      vertex -68.3327 -20.3317 0
      vertex -68.3082 -20.1666 34
      vertex -68.3082 -20.1666 0
    endloop
  endfacet
  facet normal -0.989168 0.146788 0
    outer loop
      vertex -68.3082 -20.1666 34
      vertex -68.3327 -20.3317 0
      vertex -68.3327 -20.3317 34
    endloop
  endfacet
  facet normal -0.998791 0.0491602 0
    outer loop
      vertex -68.3082 -20.1666 0
      vertex -68.3 -20 34
      vertex -68.3 -20 0
    endloop
  endfacet
  facet normal -0.998791 0.0491602 0
    outer loop
      vertex -68.3 -20 34
      vertex -68.3082 -20.1666 0
      vertex -68.3082 -20.1666 34
    endloop
  endfacet
  facet normal -0.970072 0.242818 0
    outer loop
      vertex -68.3732 -20.4935 0
      vertex -68.3327 -20.3317 34
      vertex -68.3327 -20.3317 0
    endloop
  endfacet
  facet normal -0.970072 0.242818 0
    outer loop
      vertex -68.3327 -20.3317 34
      vertex -68.3732 -20.4935 0
      vertex -68.3732 -20.4935 34
    endloop
  endfacet
  facet normal -0.146875 0.989155 0
    outer loop
      vertex -69.6684 -21.6673 0
      vertex -69.8334 -21.6918 34
      vertex -69.6684 -21.6673 34
    endloop
  endfacet
  facet normal -0.146875 0.989155 0
    outer loop
      vertex -69.8334 -21.6918 34
      vertex -69.6684 -21.6673 0
      vertex -69.8334 -21.6918 0
    endloop
  endfacet
  facet normal 0.146875 0.989155 -0
    outer loop
      vertex -70.1666 -21.6918 0
      vertex -70.3316 -21.6673 34
      vertex -70.1666 -21.6918 34
    endloop
  endfacet
  facet normal 0.146875 0.989155 0
    outer loop
      vertex -70.3316 -21.6673 34
      vertex -70.1666 -21.6918 0
      vertex -70.3316 -21.6673 0
    endloop
  endfacet
  facet normal -0.803154 0.595772 0
    outer loop
      vertex -68.6859 -21.0785 0
      vertex -68.5865 -20.9445 34
      vertex -68.5865 -20.9445 0
    endloop
  endfacet
  facet normal -0.803154 0.595772 0
    outer loop
      vertex -68.5865 -20.9445 34
      vertex -68.6859 -21.0785 0
      vertex -68.6859 -21.0785 34
    endloop
  endfacet
  facet normal -0.514231 -0.857652 0
    outer loop
      vertex -69.1986 -18.5007 0
      vertex -69.0555 -18.5865 34
      vertex -69.1986 -18.5007 34
    endloop
  endfacet
  facet normal -0.514231 -0.857652 -0
    outer loop
      vertex -69.0555 -18.5865 34
      vertex -69.1986 -18.5007 0
      vertex -69.0555 -18.5865 0
    endloop
  endfacet
  facet normal -0.595772 0.803154 0
    outer loop
      vertex -68.9215 -21.3141 0
      vertex -69.0555 -21.4135 34
      vertex -68.9215 -21.3141 34
    endloop
  endfacet
  facet normal -0.595772 0.803154 0
    outer loop
      vertex -69.0555 -21.4135 34
      vertex -68.9215 -21.3141 0
      vertex -69.0555 -21.4135 0
    endloop
  endfacet
  facet normal -0.998791 -0.0491602 0
    outer loop
      vertex -68.3 -20 0
      vertex -68.3082 -19.8334 34
      vertex -68.3082 -19.8334 0
    endloop
  endfacet
  facet normal -0.998791 -0.0491602 0
    outer loop
      vertex -68.3082 -19.8334 34
      vertex -68.3 -20 0
      vertex -68.3 -20 34
    endloop
  endfacet
  facet normal 0.242677 0.970107 -0
    outer loop
      vertex -70.3316 -21.6673 0
      vertex -70.4935 -21.6268 34
      vertex -70.3316 -21.6673 34
    endloop
  endfacet
  facet normal 0.242677 0.970107 0
    outer loop
      vertex -70.4935 -21.6268 34
      vertex -70.3316 -21.6673 0
      vertex -70.4935 -21.6268 0
    endloop
  endfacet
  facet normal 0.803154 0.595772 0
    outer loop
      vertex -71.3141 -21.0785 34
      vertex -71.4135 -20.9445 0
      vertex -71.4135 -20.9445 34
    endloop
  endfacet
  facet normal 0.803154 0.595772 0
    outer loop
      vertex -71.4135 -20.9445 0
      vertex -71.3141 -21.0785 34
      vertex -71.3141 -21.0785 0
    endloop
  endfacet
  facet normal 0.427442 -0.904043 0
    outer loop
      vertex -70.8014 -18.5007 0
      vertex -70.6506 -18.4294 34
      vertex -70.8014 -18.5007 34
    endloop
  endfacet
  facet normal 0.427442 -0.904043 0
    outer loop
      vertex -70.6506 -18.4294 34
      vertex -70.8014 -18.5007 0
      vertex -70.6506 -18.4294 0
    endloop
  endfacet
  facet normal -0.427442 0.904043 0
    outer loop
      vertex -69.1986 -21.4993 0
      vertex -69.3494 -21.5706 34
      vertex -69.1986 -21.4993 34
    endloop
  endfacet
  facet normal -0.427442 0.904043 0
    outer loop
      vertex -69.3494 -21.5706 34
      vertex -69.1986 -21.4993 0
      vertex -69.3494 -21.5706 0
    endloop
  endfacet
  facet normal 0.989168 -0.146788 0
    outer loop
      vertex -71.6918 -19.8334 34
      vertex -71.6673 -19.6683 0
      vertex -71.6673 -19.6683 34
    endloop
  endfacet
  facet normal 0.989168 -0.146788 0
    outer loop
      vertex -71.6673 -19.6683 0
      vertex -71.6918 -19.8334 34
      vertex -71.6918 -19.8334 0
    endloop
  endfacet
  facet normal -0.671478 -0.741024 0
    outer loop
      vertex -68.9215 -18.6859 0
      vertex -68.7979 -18.7979 34
      vertex -68.9215 -18.6859 34
    endloop
  endfacet
  facet normal -0.671478 -0.741024 -0
    outer loop
      vertex -68.7979 -18.7979 34
      vertex -68.9215 -18.6859 0
      vertex -68.7979 -18.7979 0
    endloop
  endfacet
  facet normal 0.427442 0.904043 -0
    outer loop
      vertex -70.6506 -21.5706 0
      vertex -70.8014 -21.4993 34
      vertex -70.6506 -21.5706 34
    endloop
  endfacet
  facet normal 0.427442 0.904043 0
    outer loop
      vertex -70.8014 -21.4993 34
      vertex -70.6506 -21.5706 0
      vertex -70.8014 -21.4993 0
    endloop
  endfacet
  facet normal -0.970072 -0.242818 0
    outer loop
      vertex -68.3327 -19.6683 0
      vertex -68.3732 -19.5065 34
      vertex -68.3732 -19.5065 0
    endloop
  endfacet
  facet normal -0.970072 -0.242818 0
    outer loop
      vertex -68.3732 -19.5065 34
      vertex -68.3327 -19.6683 0
      vertex -68.3327 -19.6683 34
    endloop
  endfacet
  facet normal -0.242677 -0.970107 0
    outer loop
      vertex -69.6684 -18.3327 0
      vertex -69.5065 -18.3732 34
      vertex -69.6684 -18.3327 34
    endloop
  endfacet
  facet normal -0.242677 -0.970107 -0
    outer loop
      vertex -69.5065 -18.3732 34
      vertex -69.6684 -18.3327 0
      vertex -69.5065 -18.3732 0
    endloop
  endfacet
  facet normal 0.989168 0.146788 0
    outer loop
      vertex -71.6673 -20.3317 34
      vertex -71.6918 -20.1666 0
      vertex -71.6918 -20.1666 34
    endloop
  endfacet
  facet normal 0.989168 0.146788 0
    outer loop
      vertex -71.6918 -20.1666 0
      vertex -71.6673 -20.3317 34
      vertex -71.6673 -20.3317 0
    endloop
  endfacet
  facet normal 0.514231 -0.857652 0
    outer loop
      vertex -70.9445 -18.5865 0
      vertex -70.8014 -18.5007 34
      vertex -70.9445 -18.5865 34
    endloop
  endfacet
  facet normal 0.514231 -0.857652 0
    outer loop
      vertex -70.8014 -18.5007 34
      vertex -70.9445 -18.5865 0
      vertex -70.8014 -18.5007 0
    endloop
  endfacet
  facet normal 0.970072 0.242818 0
    outer loop
      vertex -71.6268 -20.4935 34
      vertex -71.6673 -20.3317 0
      vertex -71.6673 -20.3317 34
    endloop
  endfacet
  facet normal 0.970072 0.242818 0
    outer loop
      vertex -71.6673 -20.3317 0
      vertex -71.6268 -20.4935 34
      vertex -71.6268 -20.4935 0
    endloop
  endfacet
  facet normal -0.803154 -0.595772 0
    outer loop
      vertex -68.5865 -19.0555 0
      vertex -68.6859 -18.9215 34
      vertex -68.6859 -18.9215 0
    endloop
  endfacet
  facet normal -0.803154 -0.595772 0
    outer loop
      vertex -68.6859 -18.9215 34
      vertex -68.5865 -19.0555 0
      vertex -68.5865 -19.0555 34
    endloop
  endfacet
  facet normal 0.595772 -0.803154 0
    outer loop
      vertex -71.0785 -18.6859 0
      vertex -70.9445 -18.5865 34
      vertex -71.0785 -18.6859 34
    endloop
  endfacet
  facet normal 0.595772 -0.803154 0
    outer loop
      vertex -70.9445 -18.5865 34
      vertex -71.0785 -18.6859 0
      vertex -70.9445 -18.5865 0
    endloop
  endfacet
  facet normal 0.33683 -0.941566 0
    outer loop
      vertex -70.6506 -18.4294 0
      vertex -70.4935 -18.3732 34
      vertex -70.6506 -18.4294 34
    endloop
  endfacet
  facet normal 0.33683 -0.941566 0
    outer loop
      vertex -70.4935 -18.3732 34
      vertex -70.6506 -18.4294 0
      vertex -70.4935 -18.3732 0
    endloop
  endfacet
  facet normal -0.33683 0.941566 0
    outer loop
      vertex -69.3494 -21.5706 0
      vertex -69.5065 -21.6268 34
      vertex -69.3494 -21.5706 34
    endloop
  endfacet
  facet normal -0.33683 0.941566 0
    outer loop
      vertex -69.5065 -21.6268 34
      vertex -69.3494 -21.5706 0
      vertex -69.5065 -21.6268 0
    endloop
  endfacet
  facet normal 0.741024 -0.671478 0
    outer loop
      vertex -71.3141 -18.9215 34
      vertex -71.2021 -18.7979 0
      vertex -71.2021 -18.7979 34
    endloop
  endfacet
  facet normal 0.741024 -0.671478 0
    outer loop
      vertex -71.2021 -18.7979 0
      vertex -71.3141 -18.9215 34
      vertex -71.3141 -18.9215 0
    endloop
  endfacet
  facet normal -0.514231 0.857652 0
    outer loop
      vertex -69.0555 -21.4135 0
      vertex -69.1986 -21.4993 34
      vertex -69.0555 -21.4135 34
    endloop
  endfacet
  facet normal -0.514231 0.857652 0
    outer loop
      vertex -69.1986 -21.4993 34
      vertex -69.0555 -21.4135 0
      vertex -69.1986 -21.4993 0
    endloop
  endfacet
  facet normal 0.33683 0.941566 -0
    outer loop
      vertex -70.4935 -21.6268 0
      vertex -70.6506 -21.5706 34
      vertex -70.4935 -21.6268 34
    endloop
  endfacet
  facet normal 0.33683 0.941566 0
    outer loop
      vertex -70.6506 -21.5706 34
      vertex -70.4935 -21.6268 0
      vertex -70.6506 -21.5706 0
    endloop
  endfacet
  facet normal 0.904043 -0.427442 0
    outer loop
      vertex -71.5706 -19.3494 34
      vertex -71.4993 -19.1986 0
      vertex -71.4993 -19.1986 34
    endloop
  endfacet
  facet normal 0.904043 -0.427442 0
    outer loop
      vertex -71.4993 -19.1986 0
      vertex -71.5706 -19.3494 34
      vertex -71.5706 -19.3494 0
    endloop
  endfacet
  facet normal 0.941566 -0.33683 0
    outer loop
      vertex -71.6268 -19.5065 34
      vertex -71.5706 -19.3494 0
      vertex -71.5706 -19.3494 34
    endloop
  endfacet
  facet normal 0.941566 -0.33683 0
    outer loop
      vertex -71.5706 -19.3494 0
      vertex -71.6268 -19.5065 34
      vertex -71.6268 -19.5065 0
    endloop
  endfacet
  facet normal -0.904043 0.427442 0
    outer loop
      vertex -68.5007 -20.8014 0
      vertex -68.4294 -20.6506 34
      vertex -68.4294 -20.6506 0
    endloop
  endfacet
  facet normal -0.904043 0.427442 0
    outer loop
      vertex -68.4294 -20.6506 34
      vertex -68.5007 -20.8014 0
      vertex -68.5007 -20.8014 34
    endloop
  endfacet
  facet normal 0.970072 -0.242818 0
    outer loop
      vertex -71.6673 -19.6683 34
      vertex -71.6268 -19.5065 0
      vertex -71.6268 -19.5065 34
    endloop
  endfacet
  facet normal 0.970072 -0.242818 0
    outer loop
      vertex -71.6268 -19.5065 0
      vertex -71.6673 -19.6683 34
      vertex -71.6673 -19.6683 0
    endloop
  endfacet
  facet normal 0.595772 0.803154 -0
    outer loop
      vertex -70.9445 -21.4135 0
      vertex -71.0785 -21.3141 34
      vertex -70.9445 -21.4135 34
    endloop
  endfacet
  facet normal 0.595772 0.803154 0
    outer loop
      vertex -71.0785 -21.3141 34
      vertex -70.9445 -21.4135 0
      vertex -71.0785 -21.3141 0
    endloop
  endfacet
  facet normal 0.671478 -0.741024 0
    outer loop
      vertex -71.2021 -18.7979 0
      vertex -71.0785 -18.6859 34
      vertex -71.2021 -18.7979 34
    endloop
  endfacet
  facet normal 0.671478 -0.741024 0
    outer loop
      vertex -71.0785 -18.6859 34
      vertex -71.2021 -18.7979 0
      vertex -71.0785 -18.6859 0
    endloop
  endfacet
  facet normal 0.146875 -0.989155 0
    outer loop
      vertex -70.3316 -18.3327 0
      vertex -70.1666 -18.3082 34
      vertex -70.3316 -18.3327 34
    endloop
  endfacet
  facet normal 0.146875 -0.989155 0
    outer loop
      vertex -70.1666 -18.3082 34
      vertex -70.3316 -18.3327 0
      vertex -70.1666 -18.3082 0
    endloop
  endfacet
  facet normal -0.741024 -0.671478 0
    outer loop
      vertex -68.6859 -18.9215 0
      vertex -68.7979 -18.7979 34
      vertex -68.7979 -18.7979 0
    endloop
  endfacet
  facet normal -0.741024 -0.671478 0
    outer loop
      vertex -68.7979 -18.7979 34
      vertex -68.6859 -18.9215 0
      vertex -68.6859 -18.9215 34
    endloop
  endfacet
  facet normal -0.146875 -0.989155 0
    outer loop
      vertex -69.8334 -18.3082 0
      vertex -69.6684 -18.3327 34
      vertex -69.8334 -18.3082 34
    endloop
  endfacet
  facet normal -0.146875 -0.989155 -0
    outer loop
      vertex -69.6684 -18.3327 34
      vertex -69.8334 -18.3082 0
      vertex -69.6684 -18.3327 0
    endloop
  endfacet
  facet normal 0.514231 0.857652 -0
    outer loop
      vertex -70.8014 -21.4993 0
      vertex -70.9445 -21.4135 34
      vertex -70.8014 -21.4993 34
    endloop
  endfacet
  facet normal 0.514231 0.857652 0
    outer loop
      vertex -70.9445 -21.4135 34
      vertex -70.8014 -21.4993 0
      vertex -70.9445 -21.4135 0
    endloop
  endfacet
  facet normal -0.0491602 0.998791 0
    outer loop
      vertex -69.8334 -21.6918 0
      vertex -70 -21.7 34
      vertex -69.8334 -21.6918 34
    endloop
  endfacet
  facet normal -0.0491602 0.998791 0
    outer loop
      vertex -70 -21.7 34
      vertex -69.8334 -21.6918 0
      vertex -70 -21.7 0
    endloop
  endfacet
  facet normal 0.857652 -0.514231 0
    outer loop
      vertex -71.4993 -19.1986 34
      vertex -71.4135 -19.0555 0
      vertex -71.4135 -19.0555 34
    endloop
  endfacet
  facet normal 0.857652 -0.514231 0
    outer loop
      vertex -71.4135 -19.0555 0
      vertex -71.4993 -19.1986 34
      vertex -71.4993 -19.1986 0
    endloop
  endfacet
  facet normal -0.941566 0.33683 0
    outer loop
      vertex -68.4294 -20.6506 0
      vertex -68.3732 -20.4935 34
      vertex -68.3732 -20.4935 0
    endloop
  endfacet
  facet normal -0.941566 0.33683 0
    outer loop
      vertex -68.3732 -20.4935 34
      vertex -68.4294 -20.6506 0
      vertex -68.4294 -20.6506 34
    endloop
  endfacet
  facet normal -0.242677 0.970107 0
    outer loop
      vertex -69.5065 -21.6268 0
      vertex -69.6684 -21.6673 34
      vertex -69.5065 -21.6268 34
    endloop
  endfacet
  facet normal -0.242677 0.970107 0
    outer loop
      vertex -69.6684 -21.6673 34
      vertex -69.5065 -21.6268 0
      vertex -69.6684 -21.6673 0
    endloop
  endfacet
  facet normal 0.941566 0.33683 0
    outer loop
      vertex -71.5706 -20.6506 34
      vertex -71.6268 -20.4935 0
      vertex -71.6268 -20.4935 34
    endloop
  endfacet
  facet normal 0.941566 0.33683 0
    outer loop
      vertex -71.6268 -20.4935 0
      vertex -71.5706 -20.6506 34
      vertex -71.5706 -20.6506 0
    endloop
  endfacet
  facet normal -0.671478 0.741024 0
    outer loop
      vertex -68.7979 -21.2021 0
      vertex -68.9215 -21.3141 34
      vertex -68.7979 -21.2021 34
    endloop
  endfacet
  facet normal -0.671478 0.741024 0
    outer loop
      vertex -68.9215 -21.3141 34
      vertex -68.7979 -21.2021 0
      vertex -68.9215 -21.3141 0
    endloop
  endfacet
  facet normal 0.0491602 0.998791 -0
    outer loop
      vertex -70 -21.7 0
      vertex -70.1666 -21.6918 34
      vertex -70 -21.7 34
    endloop
  endfacet
  facet normal 0.0491602 0.998791 0
    outer loop
      vertex -70.1666 -21.6918 34
      vertex -70 -21.7 0
      vertex -70.1666 -21.6918 0
    endloop
  endfacet
  facet normal -0.427442 -0.904043 0
    outer loop
      vertex -69.3494 -18.4294 0
      vertex -69.1986 -18.5007 34
      vertex -69.3494 -18.4294 34
    endloop
  endfacet
  facet normal -0.427442 -0.904043 -0
    outer loop
      vertex -69.1986 -18.5007 34
      vertex -69.3494 -18.4294 0
      vertex -69.1986 -18.5007 0
    endloop
  endfacet
  facet normal -0.989168 -0.146788 0
    outer loop
      vertex -68.3082 -19.8334 0
      vertex -68.3327 -19.6683 34
      vertex -68.3327 -19.6683 0
    endloop
  endfacet
  facet normal -0.989168 -0.146788 0
    outer loop
      vertex -68.3327 -19.6683 34
      vertex -68.3082 -19.8334 0
      vertex -68.3082 -19.8334 34
    endloop
  endfacet
  facet normal -0.857652 0.514231 0
    outer loop
      vertex -68.5865 -20.9445 0
      vertex -68.5007 -20.8014 34
      vertex -68.5007 -20.8014 0
    endloop
  endfacet
  facet normal -0.857652 0.514231 0
    outer loop
      vertex -68.5007 -20.8014 34
      vertex -68.5865 -20.9445 0
      vertex -68.5865 -20.9445 34
    endloop
  endfacet
  facet normal 0.0491602 -0.998791 0
    outer loop
      vertex -70.1666 -18.3082 0
      vertex -70 -18.3 34
      vertex -70.1666 -18.3082 34
    endloop
  endfacet
  facet normal 0.0491602 -0.998791 0
    outer loop
      vertex -70 -18.3 34
      vertex -70.1666 -18.3082 0
      vertex -70 -18.3 0
    endloop
  endfacet
  facet normal 0.671478 0.741024 -0
    outer loop
      vertex -71.0785 -21.3141 0
      vertex -71.2021 -21.2021 34
      vertex -71.0785 -21.3141 34
    endloop
  endfacet
  facet normal 0.671478 0.741024 0
    outer loop
      vertex -71.2021 -21.2021 34
      vertex -71.0785 -21.3141 0
      vertex -71.2021 -21.2021 0
    endloop
  endfacet
  facet normal 0.741024 0.671478 0
    outer loop
      vertex -71.2021 -21.2021 34
      vertex -71.3141 -21.0785 0
      vertex -71.3141 -21.0785 34
    endloop
  endfacet
  facet normal 0.741024 0.671478 0
    outer loop
      vertex -71.3141 -21.0785 0
      vertex -71.2021 -21.2021 34
      vertex -71.2021 -21.2021 0
    endloop
  endfacet
  facet normal -0.904043 -0.427442 0
    outer loop
      vertex -68.4294 -19.3494 0
      vertex -68.5007 -19.1986 34
      vertex -68.5007 -19.1986 0
    endloop
  endfacet
  facet normal -0.904043 -0.427442 0
    outer loop
      vertex -68.5007 -19.1986 34
      vertex -68.4294 -19.3494 0
      vertex -68.4294 -19.3494 34
    endloop
  endfacet
  facet normal -0.0491602 -0.998791 0
    outer loop
      vertex -70 -18.3 0
      vertex -69.8334 -18.3082 34
      vertex -70 -18.3 34
    endloop
  endfacet
  facet normal -0.0491602 -0.998791 -0
    outer loop
      vertex -69.8334 -18.3082 34
      vertex -70 -18.3 0
      vertex -69.8334 -18.3082 0
    endloop
  endfacet
  facet normal -0.941566 -0.33683 0
    outer loop
      vertex -68.3732 -19.5065 0
      vertex -68.4294 -19.3494 34
      vertex -68.4294 -19.3494 0
    endloop
  endfacet
  facet normal -0.941566 -0.33683 0
    outer loop
      vertex -68.4294 -19.3494 34
      vertex -68.3732 -19.5065 0
      vertex -68.3732 -19.5065 34
    endloop
  endfacet
  facet normal -0.741024 0.671478 0
    outer loop
      vertex -68.7979 -21.2021 0
      vertex -68.6859 -21.0785 34
      vertex -68.6859 -21.0785 0
    endloop
  endfacet
  facet normal -0.741024 0.671478 0
    outer loop
      vertex -68.6859 -21.0785 34
      vertex -68.7979 -21.2021 0
      vertex -68.7979 -21.2021 34
    endloop
  endfacet
  facet normal 0.242677 -0.970107 0
    outer loop
      vertex -70.4935 -18.3732 0
      vertex -70.3316 -18.3327 34
      vertex -70.4935 -18.3732 34
    endloop
  endfacet
  facet normal 0.242677 -0.970107 0
    outer loop
      vertex -70.3316 -18.3327 34
      vertex -70.4935 -18.3732 0
      vertex -70.3316 -18.3327 0
    endloop
  endfacet
  facet normal -0.595772 -0.803154 0
    outer loop
      vertex -69.0555 -18.5865 0
      vertex -68.9215 -18.6859 34
      vertex -69.0555 -18.5865 34
    endloop
  endfacet
  facet normal -0.595772 -0.803154 -0
    outer loop
      vertex -68.9215 -18.6859 34
      vertex -69.0555 -18.5865 0
      vertex -68.9215 -18.6859 0
    endloop
  endfacet
  facet normal -0.857652 -0.514231 0
    outer loop
      vertex -68.5007 -19.1986 0
      vertex -68.5865 -19.0555 34
      vertex -68.5865 -19.0555 0
    endloop
  endfacet
  facet normal -0.857652 -0.514231 0
    outer loop
      vertex -68.5865 -19.0555 34
      vertex -68.5007 -19.1986 0
      vertex -68.5007 -19.1986 34
    endloop
  endfacet
  facet normal 0.803154 -0.595772 0
    outer loop
      vertex -71.4135 -19.0555 34
      vertex -71.3141 -18.9215 0
      vertex -71.3141 -18.9215 34
    endloop
  endfacet
  facet normal 0.803154 -0.595772 0
    outer loop
      vertex -71.3141 -18.9215 0
      vertex -71.4135 -19.0555 34
      vertex -71.4135 -19.0555 0
    endloop
  endfacet
  facet normal 0.857652 0.514231 0
    outer loop
      vertex -71.4135 -20.9445 34
      vertex -71.4993 -20.8014 0
      vertex -71.4993 -20.8014 34
    endloop
  endfacet
  facet normal 0.857652 0.514231 0
    outer loop
      vertex -71.4993 -20.8014 0
      vertex -71.4135 -20.9445 34
      vertex -71.4135 -20.9445 0
    endloop
  endfacet
  facet normal -0.33683 -0.941566 0
    outer loop
      vertex -69.5065 -18.3732 0
      vertex -69.3494 -18.4294 34
      vertex -69.5065 -18.3732 34
    endloop
  endfacet
  facet normal -0.33683 -0.941566 -0
    outer loop
      vertex -69.3494 -18.4294 34
      vertex -69.5065 -18.3732 0
      vertex -69.3494 -18.4294 0
    endloop
  endfacet
  facet normal 0.998791 0.0491602 0
    outer loop
      vertex -71.6918 -20.1666 34
      vertex -71.7 -20 0
      vertex -71.7 -20 34
    endloop
  endfacet
  facet normal 0.998791 0.0491602 0
    outer loop
      vertex -71.7 -20 0
      vertex -71.6918 -20.1666 34
      vertex -71.6918 -20.1666 0
    endloop
  endfacet
  facet normal 0.998791 -0.0491602 0
    outer loop
      vertex -71.7 -20 34
      vertex -71.6918 -19.8334 0
      vertex -71.6918 -19.8334 34
    endloop
  endfacet
  facet normal 0.998791 -0.0491602 0
    outer loop
      vertex -71.6918 -19.8334 0
      vertex -71.7 -20 34
      vertex -71.7 -20 0
    endloop
  endfacet
  facet normal -0.989168 0.146788 0
    outer loop
      vertex -18.3327 19.6683 0
      vertex -18.3082 19.8334 34
      vertex -18.3082 19.8334 0
    endloop
  endfacet
  facet normal -0.989168 0.146788 0
    outer loop
      vertex -18.3082 19.8334 34
      vertex -18.3327 19.6683 0
      vertex -18.3327 19.6683 34
    endloop
  endfacet
  facet normal -0.998791 0.0491602 0
    outer loop
      vertex -18.3082 19.8334 0
      vertex -18.3 20 34
      vertex -18.3 20 0
    endloop
  endfacet
  facet normal -0.998791 0.0491602 0
    outer loop
      vertex -18.3 20 34
      vertex -18.3082 19.8334 0
      vertex -18.3082 19.8334 34
    endloop
  endfacet
  facet normal -0.970072 0.242818 0
    outer loop
      vertex -18.3732 19.5065 0
      vertex -18.3327 19.6683 34
      vertex -18.3327 19.6683 0
    endloop
  endfacet
  facet normal -0.970072 0.242818 0
    outer loop
      vertex -18.3327 19.6683 34
      vertex -18.3732 19.5065 0
      vertex -18.3732 19.5065 34
    endloop
  endfacet
  facet normal -0.427442 -0.904043 0
    outer loop
      vertex -19.3494 21.5706 0
      vertex -19.1986 21.4993 34
      vertex -19.3494 21.5706 34
    endloop
  endfacet
  facet normal -0.427442 -0.904043 -0
    outer loop
      vertex -19.1986 21.4993 34
      vertex -19.3494 21.5706 0
      vertex -19.1986 21.4993 0
    endloop
  endfacet
  facet normal 0.0491602 0.998791 -0
    outer loop
      vertex -20 18.3 0
      vertex -20.1666 18.3082 34
      vertex -20 18.3 34
    endloop
  endfacet
  facet normal 0.0491602 0.998791 0
    outer loop
      vertex -20.1666 18.3082 34
      vertex -20 18.3 0
      vertex -20.1666 18.3082 0
    endloop
  endfacet
  facet normal 0.427442 0.904043 -0
    outer loop
      vertex -20.6506 18.4294 0
      vertex -20.8014 18.5007 34
      vertex -20.6506 18.4294 34
    endloop
  endfacet
  facet normal 0.427442 0.904043 0
    outer loop
      vertex -20.8014 18.5007 34
      vertex -20.6506 18.4294 0
      vertex -20.8014 18.5007 0
    endloop
  endfacet
  facet normal -0.741024 0.671478 0
    outer loop
      vertex -18.7979 18.7979 0
      vertex -18.6859 18.9215 34
      vertex -18.6859 18.9215 0
    endloop
  endfacet
  facet normal -0.741024 0.671478 0
    outer loop
      vertex -18.6859 18.9215 34
      vertex -18.7979 18.7979 0
      vertex -18.7979 18.7979 34
    endloop
  endfacet
  facet normal 0.146788 -0.989168 0
    outer loop
      vertex -20.3317 21.6673 0
      vertex -20.1666 21.6918 34
      vertex -20.3317 21.6673 34
    endloop
  endfacet
  facet normal 0.146788 -0.989168 0
    outer loop
      vertex -20.1666 21.6918 34
      vertex -20.3317 21.6673 0
      vertex -20.1666 21.6918 0
    endloop
  endfacet
  facet normal -0.427442 0.904043 0
    outer loop
      vertex -19.1986 18.5007 0
      vertex -19.3494 18.4294 34
      vertex -19.1986 18.5007 34
    endloop
  endfacet
  facet normal -0.427442 0.904043 0
    outer loop
      vertex -19.3494 18.4294 34
      vertex -19.1986 18.5007 0
      vertex -19.3494 18.4294 0
    endloop
  endfacet
  facet normal 0.146788 0.989168 -0
    outer loop
      vertex -20.1666 18.3082 0
      vertex -20.3317 18.3327 34
      vertex -20.1666 18.3082 34
    endloop
  endfacet
  facet normal 0.146788 0.989168 0
    outer loop
      vertex -20.3317 18.3327 34
      vertex -20.1666 18.3082 0
      vertex -20.3317 18.3327 0
    endloop
  endfacet
  facet normal -0.242818 -0.970072 0
    outer loop
      vertex -19.6683 21.6673 0
      vertex -19.5065 21.6268 34
      vertex -19.6683 21.6673 34
    endloop
  endfacet
  facet normal -0.242818 -0.970072 -0
    outer loop
      vertex -19.5065 21.6268 34
      vertex -19.6683 21.6673 0
      vertex -19.5065 21.6268 0
    endloop
  endfacet
  facet normal 0.595772 0.803154 -0
    outer loop
      vertex -20.9445 18.5865 0
      vertex -21.0785 18.6859 34
      vertex -20.9445 18.5865 34
    endloop
  endfacet
  facet normal 0.595772 0.803154 0
    outer loop
      vertex -21.0785 18.6859 34
      vertex -20.9445 18.5865 0
      vertex -21.0785 18.6859 0
    endloop
  endfacet
  facet normal 0.904043 0.427442 0
    outer loop
      vertex -21.4993 19.1986 34
      vertex -21.5706 19.3494 0
      vertex -21.5706 19.3494 34
    endloop
  endfacet
  facet normal 0.904043 0.427442 0
    outer loop
      vertex -21.5706 19.3494 0
      vertex -21.4993 19.1986 34
      vertex -21.4993 19.1986 0
    endloop
  endfacet
  facet normal 0.427442 -0.904043 0
    outer loop
      vertex -20.8014 21.4993 0
      vertex -20.6506 21.5706 34
      vertex -20.8014 21.4993 34
    endloop
  endfacet
  facet normal 0.427442 -0.904043 0
    outer loop
      vertex -20.6506 21.5706 34
      vertex -20.8014 21.4993 0
      vertex -20.6506 21.5706 0
    endloop
  endfacet
  facet normal 0.595772 -0.803154 0
    outer loop
      vertex -21.0785 21.3141 0
      vertex -20.9445 21.4135 34
      vertex -21.0785 21.3141 34
    endloop
  endfacet
  facet normal 0.595772 -0.803154 0
    outer loop
      vertex -20.9445 21.4135 34
      vertex -21.0785 21.3141 0
      vertex -20.9445 21.4135 0
    endloop
  endfacet
  facet normal 0.904043 -0.427442 0
    outer loop
      vertex -21.5706 20.6506 34
      vertex -21.4993 20.8014 0
      vertex -21.4993 20.8014 34
    endloop
  endfacet
  facet normal 0.904043 -0.427442 0
    outer loop
      vertex -21.4993 20.8014 0
      vertex -21.5706 20.6506 34
      vertex -21.5706 20.6506 0
    endloop
  endfacet
  facet normal -0.514231 0.857652 0
    outer loop
      vertex -19.0555 18.5865 0
      vertex -19.1986 18.5007 34
      vertex -19.0555 18.5865 34
    endloop
  endfacet
  facet normal -0.514231 0.857652 0
    outer loop
      vertex -19.1986 18.5007 34
      vertex -19.0555 18.5865 0
      vertex -19.1986 18.5007 0
    endloop
  endfacet
  facet normal -0.595772 -0.803154 0
    outer loop
      vertex -19.0555 21.4135 0
      vertex -18.9215 21.3141 34
      vertex -19.0555 21.4135 34
    endloop
  endfacet
  facet normal -0.595772 -0.803154 -0
    outer loop
      vertex -18.9215 21.3141 34
      vertex -19.0555 21.4135 0
      vertex -18.9215 21.3141 0
    endloop
  endfacet
  facet normal 0.998791 -0.0491602 0
    outer loop
      vertex -21.7 20 34
      vertex -21.6918 20.1666 0
      vertex -21.6918 20.1666 34
    endloop
  endfacet
  facet normal 0.998791 -0.0491602 0
    outer loop
      vertex -21.6918 20.1666 0
      vertex -21.7 20 34
      vertex -21.7 20 0
    endloop
  endfacet
  facet normal 0.33683 -0.941566 0
    outer loop
      vertex -20.6506 21.5706 0
      vertex -20.4935 21.6268 34
      vertex -20.6506 21.5706 34
    endloop
  endfacet
  facet normal 0.33683 -0.941566 0
    outer loop
      vertex -20.4935 21.6268 34
      vertex -20.6506 21.5706 0
      vertex -20.4935 21.6268 0
    endloop
  endfacet
  facet normal -0.595772 0.803154 0
    outer loop
      vertex -18.9215 18.6859 0
      vertex -19.0555 18.5865 34
      vertex -18.9215 18.6859 34
    endloop
  endfacet
  facet normal -0.595772 0.803154 0
    outer loop
      vertex -19.0555 18.5865 34
      vertex -18.9215 18.6859 0
      vertex -19.0555 18.5865 0
    endloop
  endfacet
  facet normal -0.970072 -0.242818 0
    outer loop
      vertex -18.3327 20.3317 0
      vertex -18.3732 20.4935 34
      vertex -18.3732 20.4935 0
    endloop
  endfacet
  facet normal -0.970072 -0.242818 0
    outer loop
      vertex -18.3732 20.4935 34
      vertex -18.3327 20.3317 0
      vertex -18.3327 20.3317 34
    endloop
  endfacet
  facet normal 0.514231 0.857652 -0
    outer loop
      vertex -20.8014 18.5007 0
      vertex -20.9445 18.5865 34
      vertex -20.8014 18.5007 34
    endloop
  endfacet
  facet normal 0.514231 0.857652 0
    outer loop
      vertex -20.9445 18.5865 34
      vertex -20.8014 18.5007 0
      vertex -20.9445 18.5865 0
    endloop
  endfacet
  facet normal 0.941566 -0.33683 0
    outer loop
      vertex -21.6268 20.4935 34
      vertex -21.5706 20.6506 0
      vertex -21.5706 20.6506 34
    endloop
  endfacet
  facet normal 0.941566 -0.33683 0
    outer loop
      vertex -21.5706 20.6506 0
      vertex -21.6268 20.4935 34
      vertex -21.6268 20.4935 0
    endloop
  endfacet
  facet normal -0.242818 0.970072 0
    outer loop
      vertex -19.5065 18.3732 0
      vertex -19.6683 18.3327 34
      vertex -19.5065 18.3732 34
    endloop
  endfacet
  facet normal -0.242818 0.970072 0
    outer loop
      vertex -19.6683 18.3327 34
      vertex -19.5065 18.3732 0
      vertex -19.6683 18.3327 0
    endloop
  endfacet
  facet normal 0.741024 0.671478 0
    outer loop
      vertex -21.2021 18.7979 34
      vertex -21.3141 18.9215 0
      vertex -21.3141 18.9215 34
    endloop
  endfacet
  facet normal 0.741024 0.671478 0
    outer loop
      vertex -21.3141 18.9215 0
      vertex -21.2021 18.7979 34
      vertex -21.2021 18.7979 0
    endloop
  endfacet
  facet normal -0.0491602 -0.998791 0
    outer loop
      vertex -20 21.7 0
      vertex -19.8334 21.6918 34
      vertex -20 21.7 34
    endloop
  endfacet
  facet normal -0.0491602 -0.998791 -0
    outer loop
      vertex -19.8334 21.6918 34
      vertex -20 21.7 0
      vertex -19.8334 21.6918 0
    endloop
  endfacet
  facet normal -0.803154 0.595772 0
    outer loop
      vertex -18.6859 18.9215 0
      vertex -18.5865 19.0555 34
      vertex -18.5865 19.0555 0
    endloop
  endfacet
  facet normal -0.803154 0.595772 0
    outer loop
      vertex -18.5865 19.0555 34
      vertex -18.6859 18.9215 0
      vertex -18.6859 18.9215 34
    endloop
  endfacet
  facet normal 0.970072 -0.242818 0
    outer loop
      vertex -21.6673 20.3317 34
      vertex -21.6268 20.4935 0
      vertex -21.6268 20.4935 34
    endloop
  endfacet
  facet normal 0.970072 -0.242818 0
    outer loop
      vertex -21.6268 20.4935 0
      vertex -21.6673 20.3317 34
      vertex -21.6673 20.3317 0
    endloop
  endfacet
  facet normal -0.989168 -0.146788 0
    outer loop
      vertex -18.3082 20.1666 0
      vertex -18.3327 20.3317 34
      vertex -18.3327 20.3317 0
    endloop
  endfacet
  facet normal -0.989168 -0.146788 0
    outer loop
      vertex -18.3327 20.3317 34
      vertex -18.3082 20.1666 0
      vertex -18.3082 20.1666 34
    endloop
  endfacet
  facet normal -0.514231 -0.857652 0
    outer loop
      vertex -19.1986 21.4993 0
      vertex -19.0555 21.4135 34
      vertex -19.1986 21.4993 34
    endloop
  endfacet
  facet normal -0.514231 -0.857652 -0
    outer loop
      vertex -19.0555 21.4135 34
      vertex -19.1986 21.4993 0
      vertex -19.0555 21.4135 0
    endloop
  endfacet
  facet normal 0.941566 0.33683 0
    outer loop
      vertex -21.5706 19.3494 34
      vertex -21.6268 19.5065 0
      vertex -21.6268 19.5065 34
    endloop
  endfacet
  facet normal 0.941566 0.33683 0
    outer loop
      vertex -21.6268 19.5065 0
      vertex -21.5706 19.3494 34
      vertex -21.5706 19.3494 0
    endloop
  endfacet
  facet normal 0.989168 0.146788 0
    outer loop
      vertex -21.6673 19.6683 34
      vertex -21.6918 19.8334 0
      vertex -21.6918 19.8334 34
    endloop
  endfacet
  facet normal 0.989168 0.146788 0
    outer loop
      vertex -21.6918 19.8334 0
      vertex -21.6673 19.6683 34
      vertex -21.6673 19.6683 0
    endloop
  endfacet
  facet normal -0.904043 -0.427442 0
    outer loop
      vertex -18.4294 20.6506 0
      vertex -18.5007 20.8014 34
      vertex -18.5007 20.8014 0
    endloop
  endfacet
  facet normal -0.904043 -0.427442 0
    outer loop
      vertex -18.5007 20.8014 34
      vertex -18.4294 20.6506 0
      vertex -18.4294 20.6506 34
    endloop
  endfacet
  facet normal -0.33683 0.941566 0
    outer loop
      vertex -19.3494 18.4294 0
      vertex -19.5065 18.3732 34
      vertex -19.3494 18.4294 34
    endloop
  endfacet
  facet normal -0.33683 0.941566 0
    outer loop
      vertex -19.5065 18.3732 34
      vertex -19.3494 18.4294 0
      vertex -19.5065 18.3732 0
    endloop
  endfacet
  facet normal -0.998791 -0.0491602 0
    outer loop
      vertex -18.3 20 0
      vertex -18.3082 20.1666 34
      vertex -18.3082 20.1666 0
    endloop
  endfacet
  facet normal -0.998791 -0.0491602 0
    outer loop
      vertex -18.3082 20.1666 34
      vertex -18.3 20 0
      vertex -18.3 20 34
    endloop
  endfacet
  facet normal -0.146788 -0.989168 0
    outer loop
      vertex -19.8334 21.6918 0
      vertex -19.6683 21.6673 34
      vertex -19.8334 21.6918 34
    endloop
  endfacet
  facet normal -0.146788 -0.989168 -0
    outer loop
      vertex -19.6683 21.6673 34
      vertex -19.8334 21.6918 0
      vertex -19.6683 21.6673 0
    endloop
  endfacet
  facet normal -0.941566 0.33683 0
    outer loop
      vertex -18.4294 19.3494 0
      vertex -18.3732 19.5065 34
      vertex -18.3732 19.5065 0
    endloop
  endfacet
  facet normal -0.941566 0.33683 0
    outer loop
      vertex -18.3732 19.5065 34
      vertex -18.4294 19.3494 0
      vertex -18.4294 19.3494 34
    endloop
  endfacet
  facet normal -0.803154 -0.595772 0
    outer loop
      vertex -18.5865 20.9445 0
      vertex -18.6859 21.0785 34
      vertex -18.6859 21.0785 0
    endloop
  endfacet
  facet normal -0.803154 -0.595772 0
    outer loop
      vertex -18.6859 21.0785 34
      vertex -18.5865 20.9445 0
      vertex -18.5865 20.9445 34
    endloop
  endfacet
  facet normal -0.857652 -0.514231 0
    outer loop
      vertex -18.5007 20.8014 0
      vertex -18.5865 20.9445 34
      vertex -18.5865 20.9445 0
    endloop
  endfacet
  facet normal -0.857652 -0.514231 0
    outer loop
      vertex -18.5865 20.9445 34
      vertex -18.5007 20.8014 0
      vertex -18.5007 20.8014 34
    endloop
  endfacet
  facet normal 0.242818 0.970072 -0
    outer loop
      vertex -20.3317 18.3327 0
      vertex -20.4935 18.3732 34
      vertex -20.3317 18.3327 34
    endloop
  endfacet
  facet normal 0.242818 0.970072 0
    outer loop
      vertex -20.4935 18.3732 34
      vertex -20.3317 18.3327 0
      vertex -20.4935 18.3732 0
    endloop
  endfacet
  facet normal -0.941566 -0.33683 0
    outer loop
      vertex -18.3732 20.4935 0
      vertex -18.4294 20.6506 34
      vertex -18.4294 20.6506 0
    endloop
  endfacet
  facet normal -0.941566 -0.33683 0
    outer loop
      vertex -18.4294 20.6506 34
      vertex -18.3732 20.4935 0
      vertex -18.3732 20.4935 34
    endloop
  endfacet
  facet normal -0.0491602 0.998791 0
    outer loop
      vertex -19.8334 18.3082 0
      vertex -20 18.3 34
      vertex -19.8334 18.3082 34
    endloop
  endfacet
  facet normal -0.0491602 0.998791 0
    outer loop
      vertex -20 18.3 34
      vertex -19.8334 18.3082 0
      vertex -20 18.3 0
    endloop
  endfacet
  facet normal -0.904043 0.427442 0
    outer loop
      vertex -18.5007 19.1986 0
      vertex -18.4294 19.3494 34
      vertex -18.4294 19.3494 0
    endloop
  endfacet
  facet normal -0.904043 0.427442 0
    outer loop
      vertex -18.4294 19.3494 34
      vertex -18.5007 19.1986 0
      vertex -18.5007 19.1986 34
    endloop
  endfacet
  facet normal -0.146788 0.989168 0
    outer loop
      vertex -19.6683 18.3327 0
      vertex -19.8334 18.3082 34
      vertex -19.6683 18.3327 34
    endloop
  endfacet
  facet normal -0.146788 0.989168 0
    outer loop
      vertex -19.8334 18.3082 34
      vertex -19.6683 18.3327 0
      vertex -19.8334 18.3082 0
    endloop
  endfacet
  facet normal 0.242818 -0.970072 0
    outer loop
      vertex -20.4935 21.6268 0
      vertex -20.3317 21.6673 34
      vertex -20.4935 21.6268 34
    endloop
  endfacet
  facet normal 0.242818 -0.970072 0
    outer loop
      vertex -20.3317 21.6673 34
      vertex -20.4935 21.6268 0
      vertex -20.3317 21.6673 0
    endloop
  endfacet
  facet normal 0.857652 -0.514231 0
    outer loop
      vertex -21.4993 20.8014 34
      vertex -21.4135 20.9445 0
      vertex -21.4135 20.9445 34
    endloop
  endfacet
  facet normal 0.857652 -0.514231 0
    outer loop
      vertex -21.4135 20.9445 0
      vertex -21.4993 20.8014 34
      vertex -21.4993 20.8014 0
    endloop
  endfacet
  facet normal -0.857652 0.514231 0
    outer loop
      vertex -18.5865 19.0555 0
      vertex -18.5007 19.1986 34
      vertex -18.5007 19.1986 0
    endloop
  endfacet
  facet normal -0.857652 0.514231 0
    outer loop
      vertex -18.5007 19.1986 34
      vertex -18.5865 19.0555 0
      vertex -18.5865 19.0555 34
    endloop
  endfacet
  facet normal 0.33683 0.941566 -0
    outer loop
      vertex -20.4935 18.3732 0
      vertex -20.6506 18.4294 34
      vertex -20.4935 18.3732 34
    endloop
  endfacet
  facet normal 0.33683 0.941566 0
    outer loop
      vertex -20.6506 18.4294 34
      vertex -20.4935 18.3732 0
      vertex -20.6506 18.4294 0
    endloop
  endfacet
  facet normal 0.741024 -0.671478 0
    outer loop
      vertex -21.3141 21.0785 34
      vertex -21.2021 21.2021 0
      vertex -21.2021 21.2021 34
    endloop
  endfacet
  facet normal 0.741024 -0.671478 0
    outer loop
      vertex -21.2021 21.2021 0
      vertex -21.3141 21.0785 34
      vertex -21.3141 21.0785 0
    endloop
  endfacet
  facet normal 0.671478 0.741024 -0
    outer loop
      vertex -21.0785 18.6859 0
      vertex -21.2021 18.7979 34
      vertex -21.0785 18.6859 34
    endloop
  endfacet
  facet normal 0.671478 0.741024 0
    outer loop
      vertex -21.2021 18.7979 34
      vertex -21.0785 18.6859 0
      vertex -21.2021 18.7979 0
    endloop
  endfacet
  facet normal 0.514231 -0.857652 0
    outer loop
      vertex -20.9445 21.4135 0
      vertex -20.8014 21.4993 34
      vertex -20.9445 21.4135 34
    endloop
  endfacet
  facet normal 0.514231 -0.857652 0
    outer loop
      vertex -20.8014 21.4993 34
      vertex -20.9445 21.4135 0
      vertex -20.8014 21.4993 0
    endloop
  endfacet
  facet normal 0.970072 0.242818 0
    outer loop
      vertex -21.6268 19.5065 34
      vertex -21.6673 19.6683 0
      vertex -21.6673 19.6683 34
    endloop
  endfacet
  facet normal 0.970072 0.242818 0
    outer loop
      vertex -21.6673 19.6683 0
      vertex -21.6268 19.5065 34
      vertex -21.6268 19.5065 0
    endloop
  endfacet
  facet normal -0.671478 0.741024 0
    outer loop
      vertex -18.7979 18.7979 0
      vertex -18.9215 18.6859 34
      vertex -18.7979 18.7979 34
    endloop
  endfacet
  facet normal -0.671478 0.741024 0
    outer loop
      vertex -18.9215 18.6859 34
      vertex -18.7979 18.7979 0
      vertex -18.9215 18.6859 0
    endloop
  endfacet
  facet normal -0.33683 -0.941566 0
    outer loop
      vertex -19.5065 21.6268 0
      vertex -19.3494 21.5706 34
      vertex -19.5065 21.6268 34
    endloop
  endfacet
  facet normal -0.33683 -0.941566 -0
    outer loop
      vertex -19.3494 21.5706 34
      vertex -19.5065 21.6268 0
      vertex -19.3494 21.5706 0
    endloop
  endfacet
  facet normal 0.803154 -0.595772 0
    outer loop
      vertex -21.4135 20.9445 34
      vertex -21.3141 21.0785 0
      vertex -21.3141 21.0785 34
    endloop
  endfacet
  facet normal 0.803154 -0.595772 0
    outer loop
      vertex -21.3141 21.0785 0
      vertex -21.4135 20.9445 34
      vertex -21.4135 20.9445 0
    endloop
  endfacet
  facet normal 0.989168 -0.146788 0
    outer loop
      vertex -21.6918 20.1666 34
      vertex -21.6673 20.3317 0
      vertex -21.6673 20.3317 34
    endloop
  endfacet
  facet normal 0.989168 -0.146788 0
    outer loop
      vertex -21.6673 20.3317 0
      vertex -21.6918 20.1666 34
      vertex -21.6918 20.1666 0
    endloop
  endfacet
  facet normal 0.671478 -0.741024 0
    outer loop
      vertex -21.2021 21.2021 0
      vertex -21.0785 21.3141 34
      vertex -21.2021 21.2021 34
    endloop
  endfacet
  facet normal 0.671478 -0.741024 0
    outer loop
      vertex -21.0785 21.3141 34
      vertex -21.2021 21.2021 0
      vertex -21.0785 21.3141 0
    endloop
  endfacet
  facet normal 0.803154 0.595772 0
    outer loop
      vertex -21.3141 18.9215 34
      vertex -21.4135 19.0555 0
      vertex -21.4135 19.0555 34
    endloop
  endfacet
  facet normal 0.803154 0.595772 0
    outer loop
      vertex -21.4135 19.0555 0
      vertex -21.3141 18.9215 34
      vertex -21.3141 18.9215 0
    endloop
  endfacet
  facet normal 0.857652 0.514231 0
    outer loop
      vertex -21.4135 19.0555 34
      vertex -21.4993 19.1986 0
      vertex -21.4993 19.1986 34
    endloop
  endfacet
  facet normal 0.857652 0.514231 0
    outer loop
      vertex -21.4993 19.1986 0
      vertex -21.4135 19.0555 34
      vertex -21.4135 19.0555 0
    endloop
  endfacet
  facet normal 0.0491602 -0.998791 0
    outer loop
      vertex -20.1666 21.6918 0
      vertex -20 21.7 34
      vertex -20.1666 21.6918 34
    endloop
  endfacet
  facet normal 0.0491602 -0.998791 0
    outer loop
      vertex -20 21.7 34
      vertex -20.1666 21.6918 0
      vertex -20 21.7 0
    endloop
  endfacet
  facet normal 0.998791 0.0491602 0
    outer loop
      vertex -21.6918 19.8334 34
      vertex -21.7 20 0
      vertex -21.7 20 34
    endloop
  endfacet
  facet normal 0.998791 0.0491602 0
    outer loop
      vertex -21.7 20 0
      vertex -21.6918 19.8334 34
      vertex -21.6918 19.8334 0
    endloop
  endfacet
  facet normal -0.741024 -0.671478 0
    outer loop
      vertex -18.6859 21.0785 0
      vertex -18.7979 21.2021 34
      vertex -18.7979 21.2021 0
    endloop
  endfacet
  facet normal -0.741024 -0.671478 0
    outer loop
      vertex -18.7979 21.2021 34
      vertex -18.6859 21.0785 0
      vertex -18.6859 21.0785 34
    endloop
  endfacet
  facet normal -0.671478 -0.741024 0
    outer loop
      vertex -18.9215 21.3141 0
      vertex -18.7979 21.2021 34
      vertex -18.9215 21.3141 34
    endloop
  endfacet
  facet normal -0.671478 -0.741024 -0
    outer loop
      vertex -18.7979 21.2021 34
      vertex -18.9215 21.3141 0
      vertex -18.7979 21.2021 0
    endloop
  endfacet
  facet normal 0.904043 0.427442 0
    outer loop
      vertex -21.4993 -20.8014 34
      vertex -21.5706 -20.6506 0
      vertex -21.5706 -20.6506 34
    endloop
  endfacet
  facet normal 0.904043 0.427442 0
    outer loop
      vertex -21.5706 -20.6506 0
      vertex -21.4993 -20.8014 34
      vertex -21.4993 -20.8014 0
    endloop
  endfacet
  facet normal -0.989168 0.146788 0
    outer loop
      vertex -18.3327 -20.3317 0
      vertex -18.3082 -20.1666 34
      vertex -18.3082 -20.1666 0
    endloop
  endfacet
  facet normal -0.989168 0.146788 0
    outer loop
      vertex -18.3082 -20.1666 34
      vertex -18.3327 -20.3317 0
      vertex -18.3327 -20.3317 34
    endloop
  endfacet
  facet normal -0.998791 0.0491602 0
    outer loop
      vertex -18.3082 -20.1666 0
      vertex -18.3 -20 34
      vertex -18.3 -20 0
    endloop
  endfacet
  facet normal -0.998791 0.0491602 0
    outer loop
      vertex -18.3 -20 34
      vertex -18.3082 -20.1666 0
      vertex -18.3082 -20.1666 34
    endloop
  endfacet
  facet normal -0.970072 0.242818 0
    outer loop
      vertex -18.3732 -20.4935 0
      vertex -18.3327 -20.3317 34
      vertex -18.3327 -20.3317 0
    endloop
  endfacet
  facet normal -0.970072 0.242818 0
    outer loop
      vertex -18.3327 -20.3317 34
      vertex -18.3732 -20.4935 0
      vertex -18.3732 -20.4935 34
    endloop
  endfacet
  facet normal -0.146788 0.989168 0
    outer loop
      vertex -19.6683 -21.6673 0
      vertex -19.8334 -21.6918 34
      vertex -19.6683 -21.6673 34
    endloop
  endfacet
  facet normal -0.146788 0.989168 0
    outer loop
      vertex -19.8334 -21.6918 34
      vertex -19.6683 -21.6673 0
      vertex -19.8334 -21.6918 0
    endloop
  endfacet
  facet normal 0.146788 0.989168 -0
    outer loop
      vertex -20.1666 -21.6918 0
      vertex -20.3317 -21.6673 34
      vertex -20.1666 -21.6918 34
    endloop
  endfacet
  facet normal 0.146788 0.989168 0
    outer loop
      vertex -20.3317 -21.6673 34
      vertex -20.1666 -21.6918 0
      vertex -20.3317 -21.6673 0
    endloop
  endfacet
  facet normal -0.803154 0.595772 0
    outer loop
      vertex -18.6859 -21.0785 0
      vertex -18.5865 -20.9445 34
      vertex -18.5865 -20.9445 0
    endloop
  endfacet
  facet normal -0.803154 0.595772 0
    outer loop
      vertex -18.5865 -20.9445 34
      vertex -18.6859 -21.0785 0
      vertex -18.6859 -21.0785 34
    endloop
  endfacet
  facet normal -0.514231 -0.857652 0
    outer loop
      vertex -19.1986 -18.5007 0
      vertex -19.0555 -18.5865 34
      vertex -19.1986 -18.5007 34
    endloop
  endfacet
  facet normal -0.514231 -0.857652 -0
    outer loop
      vertex -19.0555 -18.5865 34
      vertex -19.1986 -18.5007 0
      vertex -19.0555 -18.5865 0
    endloop
  endfacet
  facet normal -0.595772 0.803154 0
    outer loop
      vertex -18.9215 -21.3141 0
      vertex -19.0555 -21.4135 34
      vertex -18.9215 -21.3141 34
    endloop
  endfacet
  facet normal -0.595772 0.803154 0
    outer loop
      vertex -19.0555 -21.4135 34
      vertex -18.9215 -21.3141 0
      vertex -19.0555 -21.4135 0
    endloop
  endfacet
  facet normal -0.998791 -0.0491602 0
    outer loop
      vertex -18.3 -20 0
      vertex -18.3082 -19.8334 34
      vertex -18.3082 -19.8334 0
    endloop
  endfacet
  facet normal -0.998791 -0.0491602 0
    outer loop
      vertex -18.3082 -19.8334 34
      vertex -18.3 -20 0
      vertex -18.3 -20 34
    endloop
  endfacet
  facet normal 0.242818 0.970072 -0
    outer loop
      vertex -20.3317 -21.6673 0
      vertex -20.4935 -21.6268 34
      vertex -20.3317 -21.6673 34
    endloop
  endfacet
  facet normal 0.242818 0.970072 0
    outer loop
      vertex -20.4935 -21.6268 34
      vertex -20.3317 -21.6673 0
      vertex -20.4935 -21.6268 0
    endloop
  endfacet
  facet normal 0.803154 0.595772 0
    outer loop
      vertex -21.3141 -21.0785 34
      vertex -21.4135 -20.9445 0
      vertex -21.4135 -20.9445 34
    endloop
  endfacet
  facet normal 0.803154 0.595772 0
    outer loop
      vertex -21.4135 -20.9445 0
      vertex -21.3141 -21.0785 34
      vertex -21.3141 -21.0785 0
    endloop
  endfacet
  facet normal 0.427442 -0.904043 0
    outer loop
      vertex -20.8014 -18.5007 0
      vertex -20.6506 -18.4294 34
      vertex -20.8014 -18.5007 34
    endloop
  endfacet
  facet normal 0.427442 -0.904043 0
    outer loop
      vertex -20.6506 -18.4294 34
      vertex -20.8014 -18.5007 0
      vertex -20.6506 -18.4294 0
    endloop
  endfacet
  facet normal -0.427442 0.904043 0
    outer loop
      vertex -19.1986 -21.4993 0
      vertex -19.3494 -21.5706 34
      vertex -19.1986 -21.4993 34
    endloop
  endfacet
  facet normal -0.427442 0.904043 0
    outer loop
      vertex -19.3494 -21.5706 34
      vertex -19.1986 -21.4993 0
      vertex -19.3494 -21.5706 0
    endloop
  endfacet
  facet normal 0.989168 -0.146788 0
    outer loop
      vertex -21.6918 -19.8334 34
      vertex -21.6673 -19.6683 0
      vertex -21.6673 -19.6683 34
    endloop
  endfacet
  facet normal 0.989168 -0.146788 0
    outer loop
      vertex -21.6673 -19.6683 0
      vertex -21.6918 -19.8334 34
      vertex -21.6918 -19.8334 0
    endloop
  endfacet
  facet normal -0.671478 -0.741024 0
    outer loop
      vertex -18.9215 -18.6859 0
      vertex -18.7979 -18.7979 34
      vertex -18.9215 -18.6859 34
    endloop
  endfacet
  facet normal -0.671478 -0.741024 -0
    outer loop
      vertex -18.7979 -18.7979 34
      vertex -18.9215 -18.6859 0
      vertex -18.7979 -18.7979 0
    endloop
  endfacet
  facet normal 0.427442 0.904043 -0
    outer loop
      vertex -20.6506 -21.5706 0
      vertex -20.8014 -21.4993 34
      vertex -20.6506 -21.5706 34
    endloop
  endfacet
  facet normal 0.427442 0.904043 0
    outer loop
      vertex -20.8014 -21.4993 34
      vertex -20.6506 -21.5706 0
      vertex -20.8014 -21.4993 0
    endloop
  endfacet
  facet normal -0.970072 -0.242818 0
    outer loop
      vertex -18.3327 -19.6683 0
      vertex -18.3732 -19.5065 34
      vertex -18.3732 -19.5065 0
    endloop
  endfacet
  facet normal -0.970072 -0.242818 0
    outer loop
      vertex -18.3732 -19.5065 34
      vertex -18.3327 -19.6683 0
      vertex -18.3327 -19.6683 34
    endloop
  endfacet
  facet normal -0.242818 -0.970072 0
    outer loop
      vertex -19.6683 -18.3327 0
      vertex -19.5065 -18.3732 34
      vertex -19.6683 -18.3327 34
    endloop
  endfacet
  facet normal -0.242818 -0.970072 -0
    outer loop
      vertex -19.5065 -18.3732 34
      vertex -19.6683 -18.3327 0
      vertex -19.5065 -18.3732 0
    endloop
  endfacet
  facet normal 0.989168 0.146788 0
    outer loop
      vertex -21.6673 -20.3317 34
      vertex -21.6918 -20.1666 0
      vertex -21.6918 -20.1666 34
    endloop
  endfacet
  facet normal 0.989168 0.146788 0
    outer loop
      vertex -21.6918 -20.1666 0
      vertex -21.6673 -20.3317 34
      vertex -21.6673 -20.3317 0
    endloop
  endfacet
  facet normal -0.941566 0.33683 0
    outer loop
      vertex -18.4294 -20.6506 0
      vertex -18.3732 -20.4935 34
      vertex -18.3732 -20.4935 0
    endloop
  endfacet
  facet normal -0.941566 0.33683 0
    outer loop
      vertex -18.3732 -20.4935 34
      vertex -18.4294 -20.6506 0
      vertex -18.4294 -20.6506 34
    endloop
  endfacet
  facet normal 0.514231 -0.857652 0
    outer loop
      vertex -20.9445 -18.5865 0
      vertex -20.8014 -18.5007 34
      vertex -20.9445 -18.5865 34
    endloop
  endfacet
  facet normal 0.514231 -0.857652 0
    outer loop
      vertex -20.8014 -18.5007 34
      vertex -20.9445 -18.5865 0
      vertex -20.8014 -18.5007 0
    endloop
  endfacet
  facet normal 0.970072 0.242818 0
    outer loop
      vertex -21.6268 -20.4935 34
      vertex -21.6673 -20.3317 0
      vertex -21.6673 -20.3317 34
    endloop
  endfacet
  facet normal 0.970072 0.242818 0
    outer loop
      vertex -21.6673 -20.3317 0
      vertex -21.6268 -20.4935 34
      vertex -21.6268 -20.4935 0
    endloop
  endfacet
  facet normal -0.803154 -0.595772 0
    outer loop
      vertex -18.5865 -19.0555 0
      vertex -18.6859 -18.9215 34
      vertex -18.6859 -18.9215 0
    endloop
  endfacet
  facet normal -0.803154 -0.595772 0
    outer loop
      vertex -18.6859 -18.9215 34
      vertex -18.5865 -19.0555 0
      vertex -18.5865 -19.0555 34
    endloop
  endfacet
  facet normal 0.595772 -0.803154 0
    outer loop
      vertex -21.0785 -18.6859 0
      vertex -20.9445 -18.5865 34
      vertex -21.0785 -18.6859 34
    endloop
  endfacet
  facet normal 0.595772 -0.803154 0
    outer loop
      vertex -20.9445 -18.5865 34
      vertex -21.0785 -18.6859 0
      vertex -20.9445 -18.5865 0
    endloop
  endfacet
  facet normal 0.33683 -0.941566 0
    outer loop
      vertex -20.6506 -18.4294 0
      vertex -20.4935 -18.3732 34
      vertex -20.6506 -18.4294 34
    endloop
  endfacet
  facet normal 0.33683 -0.941566 0
    outer loop
      vertex -20.4935 -18.3732 34
      vertex -20.6506 -18.4294 0
      vertex -20.4935 -18.3732 0
    endloop
  endfacet
  facet normal -0.33683 0.941566 0
    outer loop
      vertex -19.3494 -21.5706 0
      vertex -19.5065 -21.6268 34
      vertex -19.3494 -21.5706 34
    endloop
  endfacet
  facet normal -0.33683 0.941566 0
    outer loop
      vertex -19.5065 -21.6268 34
      vertex -19.3494 -21.5706 0
      vertex -19.5065 -21.6268 0
    endloop
  endfacet
  facet normal 0.741024 -0.671478 0
    outer loop
      vertex -21.3141 -18.9215 34
      vertex -21.2021 -18.7979 0
      vertex -21.2021 -18.7979 34
    endloop
  endfacet
  facet normal 0.741024 -0.671478 0
    outer loop
      vertex -21.2021 -18.7979 0
      vertex -21.3141 -18.9215 34
      vertex -21.3141 -18.9215 0
    endloop
  endfacet
  facet normal -0.514231 0.857652 0
    outer loop
      vertex -19.0555 -21.4135 0
      vertex -19.1986 -21.4993 34
      vertex -19.0555 -21.4135 34
    endloop
  endfacet
  facet normal -0.514231 0.857652 0
    outer loop
      vertex -19.1986 -21.4993 34
      vertex -19.0555 -21.4135 0
      vertex -19.1986 -21.4993 0
    endloop
  endfacet
  facet normal 0.33683 0.941566 -0
    outer loop
      vertex -20.4935 -21.6268 0
      vertex -20.6506 -21.5706 34
      vertex -20.4935 -21.6268 34
    endloop
  endfacet
  facet normal 0.33683 0.941566 0
    outer loop
      vertex -20.6506 -21.5706 34
      vertex -20.4935 -21.6268 0
      vertex -20.6506 -21.5706 0
    endloop
  endfacet
  facet normal 0.904043 -0.427442 0
    outer loop
      vertex -21.5706 -19.3494 34
      vertex -21.4993 -19.1986 0
      vertex -21.4993 -19.1986 34
    endloop
  endfacet
  facet normal 0.904043 -0.427442 0
    outer loop
      vertex -21.4993 -19.1986 0
      vertex -21.5706 -19.3494 34
      vertex -21.5706 -19.3494 0
    endloop
  endfacet
  facet normal 0.941566 -0.33683 0
    outer loop
      vertex -21.6268 -19.5065 34
      vertex -21.5706 -19.3494 0
      vertex -21.5706 -19.3494 34
    endloop
  endfacet
  facet normal 0.941566 -0.33683 0
    outer loop
      vertex -21.5706 -19.3494 0
      vertex -21.6268 -19.5065 34
      vertex -21.6268 -19.5065 0
    endloop
  endfacet
  facet normal -0.904043 0.427442 0
    outer loop
      vertex -18.5007 -20.8014 0
      vertex -18.4294 -20.6506 34
      vertex -18.4294 -20.6506 0
    endloop
  endfacet
  facet normal -0.904043 0.427442 0
    outer loop
      vertex -18.4294 -20.6506 34
      vertex -18.5007 -20.8014 0
      vertex -18.5007 -20.8014 34
    endloop
  endfacet
  facet normal 0.970072 -0.242818 0
    outer loop
      vertex -21.6673 -19.6683 34
      vertex -21.6268 -19.5065 0
      vertex -21.6268 -19.5065 34
    endloop
  endfacet
  facet normal 0.970072 -0.242818 0
    outer loop
      vertex -21.6268 -19.5065 0
      vertex -21.6673 -19.6683 34
      vertex -21.6673 -19.6683 0
    endloop
  endfacet
  facet normal 0.595772 0.803154 -0
    outer loop
      vertex -20.9445 -21.4135 0
      vertex -21.0785 -21.3141 34
      vertex -20.9445 -21.4135 34
    endloop
  endfacet
  facet normal 0.595772 0.803154 0
    outer loop
      vertex -21.0785 -21.3141 34
      vertex -20.9445 -21.4135 0
      vertex -21.0785 -21.3141 0
    endloop
  endfacet
  facet normal 0.146788 -0.989168 0
    outer loop
      vertex -20.3317 -18.3327 0
      vertex -20.1666 -18.3082 34
      vertex -20.3317 -18.3327 34
    endloop
  endfacet
  facet normal 0.146788 -0.989168 0
    outer loop
      vertex -20.1666 -18.3082 34
      vertex -20.3317 -18.3327 0
      vertex -20.1666 -18.3082 0
    endloop
  endfacet
  facet normal -0.741024 -0.671478 0
    outer loop
      vertex -18.6859 -18.9215 0
      vertex -18.7979 -18.7979 34
      vertex -18.7979 -18.7979 0
    endloop
  endfacet
  facet normal -0.741024 -0.671478 0
    outer loop
      vertex -18.7979 -18.7979 34
      vertex -18.6859 -18.9215 0
      vertex -18.6859 -18.9215 34
    endloop
  endfacet
  facet normal -0.146788 -0.989168 0
    outer loop
      vertex -19.8334 -18.3082 0
      vertex -19.6683 -18.3327 34
      vertex -19.8334 -18.3082 34
    endloop
  endfacet
  facet normal -0.146788 -0.989168 -0
    outer loop
      vertex -19.6683 -18.3327 34
      vertex -19.8334 -18.3082 0
      vertex -19.6683 -18.3327 0
    endloop
  endfacet
  facet normal 0.514231 0.857652 -0
    outer loop
      vertex -20.8014 -21.4993 0
      vertex -20.9445 -21.4135 34
      vertex -20.8014 -21.4993 34
    endloop
  endfacet
  facet normal 0.514231 0.857652 0
    outer loop
      vertex -20.9445 -21.4135 34
      vertex -20.8014 -21.4993 0
      vertex -20.9445 -21.4135 0
    endloop
  endfacet
  facet normal -0.0491602 0.998791 0
    outer loop
      vertex -19.8334 -21.6918 0
      vertex -20 -21.7 34
      vertex -19.8334 -21.6918 34
    endloop
  endfacet
  facet normal -0.0491602 0.998791 0
    outer loop
      vertex -20 -21.7 34
      vertex -19.8334 -21.6918 0
      vertex -20 -21.7 0
    endloop
  endfacet
  facet normal -0.242818 0.970072 0
    outer loop
      vertex -19.5065 -21.6268 0
      vertex -19.6683 -21.6673 34
      vertex -19.5065 -21.6268 34
    endloop
  endfacet
  facet normal -0.242818 0.970072 0
    outer loop
      vertex -19.6683 -21.6673 34
      vertex -19.5065 -21.6268 0
      vertex -19.6683 -21.6673 0
    endloop
  endfacet
  facet normal 0.941566 0.33683 0
    outer loop
      vertex -21.5706 -20.6506 34
      vertex -21.6268 -20.4935 0
      vertex -21.6268 -20.4935 34
    endloop
  endfacet
  facet normal 0.941566 0.33683 0
    outer loop
      vertex -21.6268 -20.4935 0
      vertex -21.5706 -20.6506 34
      vertex -21.5706 -20.6506 0
    endloop
  endfacet
  facet normal -0.671478 0.741024 0
    outer loop
      vertex -18.7979 -21.2021 0
      vertex -18.9215 -21.3141 34
      vertex -18.7979 -21.2021 34
    endloop
  endfacet
  facet normal -0.671478 0.741024 0
    outer loop
      vertex -18.9215 -21.3141 34
      vertex -18.7979 -21.2021 0
      vertex -18.9215 -21.3141 0
    endloop
  endfacet
  facet normal 0.0491602 0.998791 -0
    outer loop
      vertex -20 -21.7 0
      vertex -20.1666 -21.6918 34
      vertex -20 -21.7 34
    endloop
  endfacet
  facet normal 0.0491602 0.998791 0
    outer loop
      vertex -20.1666 -21.6918 34
      vertex -20 -21.7 0
      vertex -20.1666 -21.6918 0
    endloop
  endfacet
  facet normal -0.427442 -0.904043 0
    outer loop
      vertex -19.3494 -18.4294 0
      vertex -19.1986 -18.5007 34
      vertex -19.3494 -18.4294 34
    endloop
  endfacet
  facet normal -0.427442 -0.904043 -0
    outer loop
      vertex -19.1986 -18.5007 34
      vertex -19.3494 -18.4294 0
      vertex -19.1986 -18.5007 0
    endloop
  endfacet
  facet normal -0.989168 -0.146788 0
    outer loop
      vertex -18.3082 -19.8334 0
      vertex -18.3327 -19.6683 34
      vertex -18.3327 -19.6683 0
    endloop
  endfacet
  facet normal -0.989168 -0.146788 0
    outer loop
      vertex -18.3327 -19.6683 34
      vertex -18.3082 -19.8334 0
      vertex -18.3082 -19.8334 34
    endloop
  endfacet
  facet normal -0.857652 0.514231 0
    outer loop
      vertex -18.5865 -20.9445 0
      vertex -18.5007 -20.8014 34
      vertex -18.5007 -20.8014 0
    endloop
  endfacet
  facet normal -0.857652 0.514231 0
    outer loop
      vertex -18.5007 -20.8014 34
      vertex -18.5865 -20.9445 0
      vertex -18.5865 -20.9445 34
    endloop
  endfacet
  facet normal 0.0491602 -0.998791 0
    outer loop
      vertex -20.1666 -18.3082 0
      vertex -20 -18.3 34
      vertex -20.1666 -18.3082 34
    endloop
  endfacet
  facet normal 0.0491602 -0.998791 0
    outer loop
      vertex -20 -18.3 34
      vertex -20.1666 -18.3082 0
      vertex -20 -18.3 0
    endloop
  endfacet
  facet normal 0.671478 0.741024 -0
    outer loop
      vertex -21.0785 -21.3141 0
      vertex -21.2021 -21.2021 34
      vertex -21.0785 -21.3141 34
    endloop
  endfacet
  facet normal 0.671478 0.741024 0
    outer loop
      vertex -21.2021 -21.2021 34
      vertex -21.0785 -21.3141 0
      vertex -21.2021 -21.2021 0
    endloop
  endfacet
  facet normal 0.741024 0.671478 0
    outer loop
      vertex -21.2021 -21.2021 34
      vertex -21.3141 -21.0785 0
      vertex -21.3141 -21.0785 34
    endloop
  endfacet
  facet normal 0.741024 0.671478 0
    outer loop
      vertex -21.3141 -21.0785 0
      vertex -21.2021 -21.2021 34
      vertex -21.2021 -21.2021 0
    endloop
  endfacet
  facet normal -0.904043 -0.427442 0
    outer loop
      vertex -18.4294 -19.3494 0
      vertex -18.5007 -19.1986 34
      vertex -18.5007 -19.1986 0
    endloop
  endfacet
  facet normal -0.904043 -0.427442 0
    outer loop
      vertex -18.5007 -19.1986 34
      vertex -18.4294 -19.3494 0
      vertex -18.4294 -19.3494 34
    endloop
  endfacet
  facet normal -0.0491602 -0.998791 0
    outer loop
      vertex -20 -18.3 0
      vertex -19.8334 -18.3082 34
      vertex -20 -18.3 34
    endloop
  endfacet
  facet normal -0.0491602 -0.998791 -0
    outer loop
      vertex -19.8334 -18.3082 34
      vertex -20 -18.3 0
      vertex -19.8334 -18.3082 0
    endloop
  endfacet
  facet normal 0.671478 -0.741024 0
    outer loop
      vertex -21.2021 -18.7979 0
      vertex -21.0785 -18.6859 34
      vertex -21.2021 -18.7979 34
    endloop
  endfacet
  facet normal 0.671478 -0.741024 0
    outer loop
      vertex -21.0785 -18.6859 34
      vertex -21.2021 -18.7979 0
      vertex -21.0785 -18.6859 0
    endloop
  endfacet
  facet normal -0.941566 -0.33683 0
    outer loop
      vertex -18.3732 -19.5065 0
      vertex -18.4294 -19.3494 34
      vertex -18.4294 -19.3494 0
    endloop
  endfacet
  facet normal -0.941566 -0.33683 0
    outer loop
      vertex -18.4294 -19.3494 34
      vertex -18.3732 -19.5065 0
      vertex -18.3732 -19.5065 34
    endloop
  endfacet
  facet normal -0.741024 0.671478 0
    outer loop
      vertex -18.7979 -21.2021 0
      vertex -18.6859 -21.0785 34
      vertex -18.6859 -21.0785 0
    endloop
  endfacet
  facet normal -0.741024 0.671478 0
    outer loop
      vertex -18.6859 -21.0785 34
      vertex -18.7979 -21.2021 0
      vertex -18.7979 -21.2021 34
    endloop
  endfacet
  facet normal 0.242818 -0.970072 0
    outer loop
      vertex -20.4935 -18.3732 0
      vertex -20.3317 -18.3327 34
      vertex -20.4935 -18.3732 34
    endloop
  endfacet
  facet normal 0.242818 -0.970072 0
    outer loop
      vertex -20.3317 -18.3327 34
      vertex -20.4935 -18.3732 0
      vertex -20.3317 -18.3327 0
    endloop
  endfacet
  facet normal -0.595772 -0.803154 0
    outer loop
      vertex -19.0555 -18.5865 0
      vertex -18.9215 -18.6859 34
      vertex -19.0555 -18.5865 34
    endloop
  endfacet
  facet normal -0.595772 -0.803154 -0
    outer loop
      vertex -18.9215 -18.6859 34
      vertex -19.0555 -18.5865 0
      vertex -18.9215 -18.6859 0
    endloop
  endfacet
  facet normal -0.857652 -0.514231 0
    outer loop
      vertex -18.5007 -19.1986 0
      vertex -18.5865 -19.0555 34
      vertex -18.5865 -19.0555 0
    endloop
  endfacet
  facet normal -0.857652 -0.514231 0
    outer loop
      vertex -18.5865 -19.0555 34
      vertex -18.5007 -19.1986 0
      vertex -18.5007 -19.1986 34
    endloop
  endfacet
  facet normal 0.803154 -0.595772 0
    outer loop
      vertex -21.4135 -19.0555 34
      vertex -21.3141 -18.9215 0
      vertex -21.3141 -18.9215 34
    endloop
  endfacet
  facet normal 0.803154 -0.595772 0
    outer loop
      vertex -21.3141 -18.9215 0
      vertex -21.4135 -19.0555 34
      vertex -21.4135 -19.0555 0
    endloop
  endfacet
  facet normal 0.857652 0.514231 0
    outer loop
      vertex -21.4135 -20.9445 34
      vertex -21.4993 -20.8014 0
      vertex -21.4993 -20.8014 34
    endloop
  endfacet
  facet normal 0.857652 0.514231 0
    outer loop
      vertex -21.4993 -20.8014 0
      vertex -21.4135 -20.9445 34
      vertex -21.4135 -20.9445 0
    endloop
  endfacet
  facet normal -0.33683 -0.941566 0
    outer loop
      vertex -19.5065 -18.3732 0
      vertex -19.3494 -18.4294 34
      vertex -19.5065 -18.3732 34
    endloop
  endfacet
  facet normal -0.33683 -0.941566 -0
    outer loop
      vertex -19.3494 -18.4294 34
      vertex -19.5065 -18.3732 0
      vertex -19.3494 -18.4294 0
    endloop
  endfacet
  facet normal 0.857652 -0.514231 0
    outer loop
      vertex -21.4993 -19.1986 34
      vertex -21.4135 -19.0555 0
      vertex -21.4135 -19.0555 34
    endloop
  endfacet
  facet normal 0.857652 -0.514231 0
    outer loop
      vertex -21.4135 -19.0555 0
      vertex -21.4993 -19.1986 34
      vertex -21.4993 -19.1986 0
    endloop
  endfacet
  facet normal 0.998791 0.0491602 0
    outer loop
      vertex -21.6918 -20.1666 34
      vertex -21.7 -20 0
      vertex -21.7 -20 34
    endloop
  endfacet
  facet normal 0.998791 0.0491602 0
    outer loop
      vertex -21.7 -20 0
      vertex -21.6918 -20.1666 34
      vertex -21.6918 -20.1666 0
    endloop
  endfacet
  facet normal 0.998791 -0.0491602 0
    outer loop
      vertex -21.7 -20 34
      vertex -21.6918 -19.8334 0
      vertex -21.6918 -19.8334 34
    endloop
  endfacet
  facet normal 0.998791 -0.0491602 0
    outer loop
      vertex -21.6918 -19.8334 0
      vertex -21.7 -20 34
      vertex -21.7 -20 0
    endloop
  endfacet
  facet normal -1 0 0
    outer loop
      vertex -39.1 -6.1 0
      vertex -39.1 6.1 1.085
      vertex -39.1 6.1 0
    endloop
  endfacet
  facet normal -1 -0 0
    outer loop
      vertex -39.1 6.1 1.085
      vertex -39.1 -6.1 0
      vertex -39.1 -6.1 1.085
    endloop
  endfacet
  facet normal 1 -0 0
    outer loop
      vertex -61.9 -6.1 1.085
      vertex -61.9 6.1 0
      vertex -61.9 6.1 1.085
    endloop
  endfacet
  facet normal 1 0 0
    outer loop
      vertex -61.9 6.1 0
      vertex -61.9 -6.1 1.085
      vertex -61.9 -6.1 0
    endloop
  endfacet
  facet normal 0 1 -0
    outer loop
      vertex -39.1 -6.1 0
      vertex -61.9 -6.1 1.085
      vertex -39.1 -6.1 1.085
    endloop
  endfacet
  facet normal 0 1 0
    outer loop
      vertex -61.9 -6.1 1.085
      vertex -39.1 -6.1 0
      vertex -61.9 -6.1 0
    endloop
  endfacet
  facet normal 0 -1 0
    outer loop
      vertex -61.9 6.1 0
      vertex -39.1 6.1 1.085
      vertex -61.9 6.1 1.085
    endloop
  endfacet
  facet normal 0 -1 -0
    outer loop
      vertex -39.1 6.1 1.085
      vertex -61.9 6.1 0
      vertex -39.1 6.1 0
    endloop
  endfacet
  facet normal -0.826216 0 -0.563354
    outer loop
      vertex -37.6 7.6 1.095
      vertex -38.633 -6.56704 2.61
      vertex -38.633 6.56704 2.61
    endloop
  endfacet
  facet normal -0.826216 0 -0.563354
    outer loop
      vertex -38.633 -6.56704 2.61
      vertex -37.6 7.6 1.095
      vertex -37.6 -7.6 1.095
    endloop
  endfacet
  facet normal 0 0 1
    outer loop
      vertex -37.6 7.6 1.085
      vertex -39.1 6.1 1.085
      vertex -37.6 -7.6 1.085
    endloop
  endfacet
  facet normal 0 0 1
    outer loop
      vertex -37.6 7.6 1.085
      vertex -61.9 6.1 1.085
      vertex -39.1 6.1 1.085
    endloop
  endfacet
  facet normal 0 0 1
    outer loop
      vertex -61.9 6.1 1.085
      vertex -63.4 7.6 1.085
      vertex -61.9 -6.1 1.085
    endloop
  endfacet
  facet normal -0 0 1
    outer loop
      vertex -63.4 7.6 1.085
      vertex -61.9 6.1 1.085
      vertex -37.6 7.6 1.085
    endloop
  endfacet
  facet normal -0 0 1
    outer loop
      vertex -39.1 -6.1 1.085
      vertex -37.6 -7.6 1.085
      vertex -39.1 6.1 1.085
    endloop
  endfacet
  facet normal -0 0 1
    outer loop
      vertex -61.9 -6.1 1.085
      vertex -37.6 -7.6 1.085
      vertex -39.1 -6.1 1.085
    endloop
  endfacet
  facet normal 0 0 1
    outer loop
      vertex -61.9 -6.1 1.085
      vertex -63.4 -7.6 1.085
      vertex -37.6 -7.6 1.085
    endloop
  endfacet
  facet normal 0 0 1
    outer loop
      vertex -63.4 -7.6 1.085
      vertex -61.9 -6.1 1.085
      vertex -63.4 7.6 1.085
    endloop
  endfacet
  facet normal 1 -0 0
    outer loop
      vertex -63.4 -7.6 1.095
      vertex -63.4 7.6 1.085
      vertex -63.4 7.6 1.095
    endloop
  endfacet
  facet normal 1 0 0
    outer loop
      vertex -63.4 7.6 1.085
      vertex -63.4 -7.6 1.095
      vertex -63.4 -7.6 1.085
    endloop
  endfacet
  facet normal 0 -0.826226 -0.563339
    outer loop
      vertex -63.4 7.6 1.095
      vertex -38.633 6.56704 2.61
      vertex -62.367 6.56704 2.61
    endloop
  endfacet
  facet normal 0 -0.826226 -0.563339
    outer loop
      vertex -38.633 6.56704 2.61
      vertex -63.4 7.6 1.095
      vertex -37.6 7.6 1.095
    endloop
  endfacet
  facet normal 0 0.826226 -0.563339
    outer loop
      vertex -37.6 -7.6 1.095
      vertex -62.367 -6.56704 2.61
      vertex -38.633 -6.56704 2.61
    endloop
  endfacet
  facet normal 0 0.826226 -0.563339
    outer loop
      vertex -62.367 -6.56704 2.61
      vertex -37.6 -7.6 1.095
      vertex -63.4 -7.6 1.095
    endloop
  endfacet
  facet normal 0.826216 0 -0.563354
    outer loop
      vertex -62.367 -6.56704 2.61
      vertex -63.4 7.6 1.095
      vertex -62.367 6.56704 2.61
    endloop
  endfacet
  facet normal 0.826216 0 -0.563354
    outer loop
      vertex -63.4 7.6 1.095
      vertex -62.367 -6.56704 2.61
      vertex -63.4 -7.6 1.095
    endloop
  endfacet
  facet normal 0 -1 0
    outer loop
      vertex -63.4 7.6 1.085
      vertex -37.6 7.6 1.095
      vertex -63.4 7.6 1.095
    endloop
  endfacet
  facet normal 0 -1 -0
    outer loop
      vertex -37.6 7.6 1.095
      vertex -63.4 7.6 1.085
      vertex -37.6 7.6 1.085
    endloop
  endfacet
  facet normal 0 1 -0
    outer loop
      vertex -37.6 -7.6 1.085
      vertex -63.4 -7.6 1.095
      vertex -37.6 -7.6 1.095
    endloop
  endfacet
  facet normal 0 1 0
    outer loop
      vertex -63.4 -7.6 1.095
      vertex -37.6 -7.6 1.085
      vertex -63.4 -7.6 1.085
    endloop
  endfacet
  facet normal -1 0 0
    outer loop
      vertex -37.6 -7.6 1.085
      vertex -37.6 7.6 1.095
      vertex -37.6 7.6 1.085
    endloop
  endfacet
  facet normal -1 -0 0
    outer loop
      vertex -37.6 7.6 1.095
      vertex -37.6 -7.6 1.085
      vertex -37.6 -7.6 1.095
    endloop
  endfacet
  facet normal -0 0 1
    outer loop
      vertex -75 7 26
      vertex -72.6 -7 26
      vertex -72.6 7 26
    endloop
  endfacet
  facet normal 0 0 1
    outer loop
      vertex -72.6 -7 26
      vertex -75 7 26
      vertex -75 -7 26
    endloop
  endfacet
  facet normal 0 1 -0
    outer loop
      vertex -72.6 -7 26
      vertex -75 -7 34
      vertex -72.6 -7 34
    endloop
  endfacet
  facet normal 0 1 0
    outer loop
      vertex -75 -7 34
      vertex -72.6 -7 26
      vertex -75 -7 26
    endloop
  endfacet
  facet normal 0 -1 0
    outer loop
      vertex -75 7 26
      vertex -72.6 7 34
      vertex -75 7 34
    endloop
  endfacet
  facet normal 0 -1 -0
    outer loop
      vertex -72.6 7 34
      vertex -75 7 26
      vertex -72.6 7 26
    endloop
  endfacet
  facet normal -0 0 1
    outer loop
      vertex -17.4 7 26
      vertex -15 -7 26
      vertex -15 7 26
    endloop
  endfacet
  facet normal 0 0 1
    outer loop
      vertex -15 -7 26
      vertex -17.4 7 26
      vertex -17.4 -7 26
    endloop
  endfacet
  facet normal 0 1 -0
    outer loop
      vertex -15 -7 26
      vertex -17.4 -7 34
      vertex -15 -7 34
    endloop
  endfacet
  facet normal 0 1 0
    outer loop
      vertex -17.4 -7 34
      vertex -15 -7 26
      vertex -17.4 -7 26
    endloop
  endfacet
  facet normal 0 -1 0
    outer loop
      vertex -17.4 7 26
      vertex -15 7 34
      vertex -17.4 7 34
    endloop
  endfacet
  facet normal 0 -1 -0
    outer loop
      vertex -15 7 34
      vertex -17.4 7 26
      vertex -15 7 26
    endloop
  endfacet
  facet normal 0.336336 -0.941742 0
    outer loop
      vertex -45.3827 -18.0761 0
      vertex -45.2903 -18.0431 0.6
      vertex -45.3827 -18.0761 0.6
    endloop
  endfacet
  facet normal 0.336336 -0.941742 0
    outer loop
      vertex -45.2903 -18.0431 0.6
      vertex -45.3827 -18.0761 0
      vertex -45.2903 -18.0431 0
    endloop
  endfacet
  facet normal -0.989182 0.146696 0
    outer loop
      vertex -44.0192 -19.1951 0
      vertex -44.0048 -19.098 0.6
      vertex -44.0048 -19.098 0
    endloop
  endfacet
  facet normal -0.989182 0.146696 0
    outer loop
      vertex -44.0048 -19.098 0.6
      vertex -44.0192 -19.1951 0
      vertex -44.0192 -19.1951 0.6
    endloop
  endfacet
  facet normal -0.998803 0.0489209 0
    outer loop
      vertex -44.0048 -19.098 0
      vertex -44 -19 0.6
      vertex -44 -19 0
    endloop
  endfacet
  facet normal -0.998803 0.0489209 0
    outer loop
      vertex -44 -19 0.6
      vertex -44.0048 -19.098 0
      vertex -44.0048 -19.098 0.6
    endloop
  endfacet
  facet normal -0.969902 0.243494 0
    outer loop
      vertex -44.0431 -19.2903 0
      vertex -44.0192 -19.1951 0.6
      vertex -44.0192 -19.1951 0
    endloop
  endfacet
  facet normal -0.969902 0.243494 0
    outer loop
      vertex -44.0192 -19.1951 0.6
      vertex -44.0431 -19.2903 0
      vertex -44.0431 -19.2903 0.6
    endloop
  endfacet
  facet normal 0.989182 0.146696 0
    outer loop
      vertex -45.9808 -19.1951 0.6
      vertex -45.9952 -19.098 0
      vertex -45.9952 -19.098 0.6
    endloop
  endfacet
  facet normal 0.989182 0.146696 0
    outer loop
      vertex -45.9952 -19.098 0
      vertex -45.9808 -19.1951 0.6
      vertex -45.9808 -19.1951 0
    endloop
  endfacet
  facet normal 0.243494 -0.969902 0
    outer loop
      vertex -45.2903 -18.0431 0
      vertex -45.1951 -18.0192 0.6
      vertex -45.2903 -18.0431 0.6
    endloop
  endfacet
  facet normal 0.243494 -0.969902 0
    outer loop
      vertex -45.1951 -18.0192 0.6
      vertex -45.2903 -18.0431 0
      vertex -45.1951 -18.0192 0
    endloop
  endfacet
  facet normal -0.336336 0.941742 0
    outer loop
      vertex -44.6173 -19.9239 0
      vertex -44.7097 -19.9569 0.6
      vertex -44.6173 -19.9239 0.6
    endloop
  endfacet
  facet normal -0.336336 0.941742 0
    outer loop
      vertex -44.7097 -19.9569 0.6
      vertex -44.6173 -19.9239 0
      vertex -44.7097 -19.9569 0
    endloop
  endfacet
  facet normal 0.513596 0.858032 -0
    outer loop
      vertex -45.4714 -19.8819 0
      vertex -45.5556 -19.8315 0.6
      vertex -45.4714 -19.8819 0.6
    endloop
  endfacet
  facet normal 0.513596 0.858032 0
    outer loop
      vertex -45.5556 -19.8315 0.6
      vertex -45.4714 -19.8819 0
      vertex -45.5556 -19.8315 0
    endloop
  endfacet
  facet normal 0.9038 -0.427955 0
    outer loop
      vertex -45.9239 -18.6173 0.6
      vertex -45.8819 -18.5286 0
      vertex -45.8819 -18.5286 0.6
    endloop
  endfacet
  facet normal 0.9038 -0.427955 0
    outer loop
      vertex -45.8819 -18.5286 0
      vertex -45.9239 -18.6173 0.6
      vertex -45.9239 -18.6173 0
    endloop
  endfacet
  facet normal 0.243494 0.969902 -0
    outer loop
      vertex -45.1951 -19.9808 0
      vertex -45.2903 -19.9569 0.6
      vertex -45.1951 -19.9808 0.6
    endloop
  endfacet
  facet normal 0.243494 0.969902 0
    outer loop
      vertex -45.2903 -19.9569 0.6
      vertex -45.1951 -19.9808 0
      vertex -45.2903 -19.9569 0
    endloop
  endfacet
  facet normal 0.858032 -0.513596 0
    outer loop
      vertex -45.8819 -18.5286 0.6
      vertex -45.8315 -18.4444 0
      vertex -45.8315 -18.4444 0.6
    endloop
  endfacet
  facet normal 0.858032 -0.513596 0
    outer loop
      vertex -45.8315 -18.4444 0
      vertex -45.8819 -18.5286 0.6
      vertex -45.8819 -18.5286 0
    endloop
  endfacet
  facet normal -0.243494 -0.969902 0
    outer loop
      vertex -44.8049 -18.0192 0
      vertex -44.7097 -18.0431 0.6
      vertex -44.8049 -18.0192 0.6
    endloop
  endfacet
  facet normal -0.243494 -0.969902 -0
    outer loop
      vertex -44.7097 -18.0431 0.6
      vertex -44.8049 -18.0192 0
      vertex -44.7097 -18.0431 0
    endloop
  endfacet
  facet normal 0.59608 -0.802925 0
    outer loop
      vertex -45.6344 -18.227 0
      vertex -45.5556 -18.1685 0.6
      vertex -45.6344 -18.227 0.6
    endloop
  endfacet
  facet normal 0.59608 -0.802925 0
    outer loop
      vertex -45.5556 -18.1685 0.6
      vertex -45.6344 -18.227 0
      vertex -45.5556 -18.1685 0
    endloop
  endfacet
  facet normal -0.513596 -0.858032 0
    outer loop
      vertex -44.5286 -18.1181 0
      vertex -44.4444 -18.1685 0.6
      vertex -44.5286 -18.1181 0.6
    endloop
  endfacet
  facet normal -0.513596 -0.858032 -0
    outer loop
      vertex -44.4444 -18.1685 0.6
      vertex -44.5286 -18.1181 0
      vertex -44.4444 -18.1685 0
    endloop
  endfacet
  facet normal -0.802925 -0.59608 0
    outer loop
      vertex -44.1685 -18.4444 0
      vertex -44.227 -18.3656 0.6
      vertex -44.227 -18.3656 0
    endloop
  endfacet
  facet normal -0.802925 -0.59608 0
    outer loop
      vertex -44.227 -18.3656 0.6
      vertex -44.1685 -18.4444 0
      vertex -44.1685 -18.4444 0.6
    endloop
  endfacet
  facet normal -0.146696 0.989182 0
    outer loop
      vertex -44.8049 -19.9808 0
      vertex -44.902 -19.9952 0.6
      vertex -44.8049 -19.9808 0.6
    endloop
  endfacet
  facet normal -0.146696 0.989182 0
    outer loop
      vertex -44.902 -19.9952 0.6
      vertex -44.8049 -19.9808 0
      vertex -44.902 -19.9952 0
    endloop
  endfacet
  facet normal 0.59608 0.802925 -0
    outer loop
      vertex -45.5556 -19.8315 0
      vertex -45.6344 -19.773 0.6
      vertex -45.5556 -19.8315 0.6
    endloop
  endfacet
  facet normal 0.59608 0.802925 0
    outer loop
      vertex -45.6344 -19.773 0.6
      vertex -45.5556 -19.8315 0
      vertex -45.6344 -19.773 0
    endloop
  endfacet
  facet normal 0.802925 0.59608 0
    outer loop
      vertex -45.773 -19.6344 0.6
      vertex -45.8315 -19.5556 0
      vertex -45.8315 -19.5556 0.6
    endloop
  endfacet
  facet normal 0.802925 0.59608 0
    outer loop
      vertex -45.8315 -19.5556 0
      vertex -45.773 -19.6344 0.6
      vertex -45.773 -19.6344 0
    endloop
  endfacet
  facet normal -0.989182 -0.146696 0
    outer loop
      vertex -44.0048 -18.902 0
      vertex -44.0192 -18.8049 0.6
      vertex -44.0192 -18.8049 0
    endloop
  endfacet
  facet normal -0.989182 -0.146696 0
    outer loop
      vertex -44.0192 -18.8049 0.6
      vertex -44.0048 -18.902 0
      vertex -44.0048 -18.902 0.6
    endloop
  endfacet
  facet normal 0.941742 0.336336 0
    outer loop
      vertex -45.9239 -19.3827 0.6
      vertex -45.9569 -19.2903 0
      vertex -45.9569 -19.2903 0.6
    endloop
  endfacet
  facet normal 0.941742 0.336336 0
    outer loop
      vertex -45.9569 -19.2903 0
      vertex -45.9239 -19.3827 0.6
      vertex -45.9239 -19.3827 0
    endloop
  endfacet
  facet normal -0.427955 0.9038 0
    outer loop
      vertex -44.5286 -19.8819 0
      vertex -44.6173 -19.9239 0.6
      vertex -44.5286 -19.8819 0.6
    endloop
  endfacet
  facet normal -0.427955 0.9038 0
    outer loop
      vertex -44.6173 -19.9239 0.6
      vertex -44.5286 -19.8819 0
      vertex -44.6173 -19.9239 0
    endloop
  endfacet
  facet normal 0.941742 -0.336336 0
    outer loop
      vertex -45.9569 -18.7097 0.6
      vertex -45.9239 -18.6173 0
      vertex -45.9239 -18.6173 0.6
    endloop
  endfacet
  facet normal 0.941742 -0.336336 0
    outer loop
      vertex -45.9239 -18.6173 0
      vertex -45.9569 -18.7097 0.6
      vertex -45.9569 -18.7097 0
    endloop
  endfacet
  facet normal -0.969902 -0.243494 0
    outer loop
      vertex -44.0192 -18.8049 0
      vertex -44.0431 -18.7097 0.6
      vertex -44.0431 -18.7097 0
    endloop
  endfacet
  facet normal -0.969902 -0.243494 0
    outer loop
      vertex -44.0431 -18.7097 0.6
      vertex -44.0192 -18.8049 0
      vertex -44.0192 -18.8049 0.6
    endloop
  endfacet
  facet normal 0.0489209 0.998803 -0
    outer loop
      vertex -45 -20 0
      vertex -45.098 -19.9952 0.6
      vertex -45 -20 0.6
    endloop
  endfacet
  facet normal 0.0489209 0.998803 0
    outer loop
      vertex -45.098 -19.9952 0.6
      vertex -45 -20 0
      vertex -45.098 -19.9952 0
    endloop
  endfacet
  facet normal -0.671607 0.740908 0
    outer loop
      vertex -44.2929 -19.7071 0
      vertex -44.3656 -19.773 0.6
      vertex -44.2929 -19.7071 0.6
    endloop
  endfacet
  facet normal -0.671607 0.740908 0
    outer loop
      vertex -44.3656 -19.773 0.6
      vertex -44.2929 -19.7071 0
      vertex -44.3656 -19.773 0
    endloop
  endfacet
  facet normal 0.427955 0.9038 -0
    outer loop
      vertex -45.3827 -19.9239 0
      vertex -45.4714 -19.8819 0.6
      vertex -45.3827 -19.9239 0.6
    endloop
  endfacet
  facet normal 0.427955 0.9038 0
    outer loop
      vertex -45.4714 -19.8819 0.6
      vertex -45.3827 -19.9239 0
      vertex -45.4714 -19.8819 0
    endloop
  endfacet
  facet normal 0.671607 0.740908 -0
    outer loop
      vertex -45.6344 -19.773 0
      vertex -45.7071 -19.7071 0.6
      vertex -45.6344 -19.773 0.6
    endloop
  endfacet
  facet normal 0.671607 0.740908 0
    outer loop
      vertex -45.7071 -19.7071 0.6
      vertex -45.6344 -19.773 0
      vertex -45.7071 -19.7071 0
    endloop
  endfacet
  facet normal -0.336336 -0.941742 0
    outer loop
      vertex -44.7097 -18.0431 0
      vertex -44.6173 -18.0761 0.6
      vertex -44.7097 -18.0431 0.6
    endloop
  endfacet
  facet normal -0.336336 -0.941742 -0
    outer loop
      vertex -44.6173 -18.0761 0.6
      vertex -44.7097 -18.0431 0
      vertex -44.6173 -18.0761 0
    endloop
  endfacet
  facet normal 0.336336 0.941742 -0
    outer loop
      vertex -45.2903 -19.9569 0
      vertex -45.3827 -19.9239 0.6
      vertex -45.2903 -19.9569 0.6
    endloop
  endfacet
  facet normal 0.336336 0.941742 0
    outer loop
      vertex -45.3827 -19.9239 0.6
      vertex -45.2903 -19.9569 0
      vertex -45.3827 -19.9239 0
    endloop
  endfacet
  facet normal -0.802925 0.59608 0
    outer loop
      vertex -44.227 -19.6344 0
      vertex -44.1685 -19.5556 0.6
      vertex -44.1685 -19.5556 0
    endloop
  endfacet
  facet normal -0.802925 0.59608 0
    outer loop
      vertex -44.1685 -19.5556 0.6
      vertex -44.227 -19.6344 0
      vertex -44.227 -19.6344 0.6
    endloop
  endfacet
  facet normal 0.858032 0.513596 0
    outer loop
      vertex -45.8315 -19.5556 0.6
      vertex -45.8819 -19.4714 0
      vertex -45.8819 -19.4714 0.6
    endloop
  endfacet
  facet normal 0.858032 0.513596 0
    outer loop
      vertex -45.8819 -19.4714 0
      vertex -45.8315 -19.5556 0.6
      vertex -45.8315 -19.5556 0
    endloop
  endfacet
  facet normal -0.998803 -0.0489209 0
    outer loop
      vertex -44 -19 0
      vertex -44.0048 -18.902 0.6
      vertex -44.0048 -18.902 0
    endloop
  endfacet
  facet normal -0.998803 -0.0489209 0
    outer loop
      vertex -44.0048 -18.902 0.6
      vertex -44 -19 0
      vertex -44 -19 0.6
    endloop
  endfacet
  facet normal -0.9038 -0.427955 0
    outer loop
      vertex -44.0761 -18.6173 0
      vertex -44.1181 -18.5286 0.6
      vertex -44.1181 -18.5286 0
    endloop
  endfacet
  facet normal -0.9038 -0.427955 0
    outer loop
      vertex -44.1181 -18.5286 0.6
      vertex -44.0761 -18.6173 0
      vertex -44.0761 -18.6173 0.6
    endloop
  endfacet
  facet normal -0.858032 0.513596 0
    outer loop
      vertex -44.1685 -19.5556 0
      vertex -44.1181 -19.4714 0.6
      vertex -44.1181 -19.4714 0
    endloop
  endfacet
  facet normal -0.858032 0.513596 0
    outer loop
      vertex -44.1181 -19.4714 0.6
      vertex -44.1685 -19.5556 0
      vertex -44.1685 -19.5556 0.6
    endloop
  endfacet
  facet normal -0.59608 0.802925 0
    outer loop
      vertex -44.3656 -19.773 0
      vertex -44.4444 -19.8315 0.6
      vertex -44.3656 -19.773 0.6
    endloop
  endfacet
  facet normal -0.59608 0.802925 0
    outer loop
      vertex -44.4444 -19.8315 0.6
      vertex -44.3656 -19.773 0
      vertex -44.4444 -19.8315 0
    endloop
  endfacet
  facet normal 0.513596 -0.858032 0
    outer loop
      vertex -45.5556 -18.1685 0
      vertex -45.4714 -18.1181 0.6
      vertex -45.5556 -18.1685 0.6
    endloop
  endfacet
  facet normal 0.513596 -0.858032 0
    outer loop
      vertex -45.4714 -18.1181 0.6
      vertex -45.5556 -18.1685 0
      vertex -45.4714 -18.1181 0
    endloop
  endfacet
  facet normal -0.513596 0.858032 0
    outer loop
      vertex -44.4444 -19.8315 0
      vertex -44.5286 -19.8819 0.6
      vertex -44.4444 -19.8315 0.6
    endloop
  endfacet
  facet normal -0.513596 0.858032 0
    outer loop
      vertex -44.5286 -19.8819 0.6
      vertex -44.4444 -19.8315 0
      vertex -44.5286 -19.8819 0
    endloop
  endfacet
  facet normal -0.146696 -0.989182 0
    outer loop
      vertex -44.902 -18.0048 0
      vertex -44.8049 -18.0192 0.6
      vertex -44.902 -18.0048 0.6
    endloop
  endfacet
  facet normal -0.146696 -0.989182 -0
    outer loop
      vertex -44.8049 -18.0192 0.6
      vertex -44.902 -18.0048 0
      vertex -44.8049 -18.0192 0
    endloop
  endfacet
  facet normal -0.941742 0.336336 0
    outer loop
      vertex -44.0761 -19.3827 0
      vertex -44.0431 -19.2903 0.6
      vertex -44.0431 -19.2903 0
    endloop
  endfacet
  facet normal -0.941742 0.336336 0
    outer loop
      vertex -44.0431 -19.2903 0.6
      vertex -44.0761 -19.3827 0
      vertex -44.0761 -19.3827 0.6
    endloop
  endfacet
  facet normal -0.858032 -0.513596 0
    outer loop
      vertex -44.1181 -18.5286 0
      vertex -44.1685 -18.4444 0.6
      vertex -44.1685 -18.4444 0
    endloop
  endfacet
  facet normal -0.858032 -0.513596 0
    outer loop
      vertex -44.1685 -18.4444 0.6
      vertex -44.1181 -18.5286 0
      vertex -44.1181 -18.5286 0.6
    endloop
  endfacet
  facet normal 0.998803 -0.0489209 0
    outer loop
      vertex -46 -19 0.6
      vertex -45.9952 -18.902 0
      vertex -45.9952 -18.902 0.6
    endloop
  endfacet
  facet normal 0.998803 -0.0489209 0
    outer loop
      vertex -45.9952 -18.902 0
      vertex -46 -19 0.6
      vertex -46 -19 0
    endloop
  endfacet
  facet normal -0.941742 -0.336336 0
    outer loop
      vertex -44.0431 -18.7097 0
      vertex -44.0761 -18.6173 0.6
      vertex -44.0761 -18.6173 0
    endloop
  endfacet
  facet normal -0.941742 -0.336336 0
    outer loop
      vertex -44.0761 -18.6173 0.6
      vertex -44.0431 -18.7097 0
      vertex -44.0431 -18.7097 0.6
    endloop
  endfacet
  facet normal -0.740908 0.671607 0
    outer loop
      vertex -44.2929 -19.7071 0
      vertex -44.227 -19.6344 0.6
      vertex -44.227 -19.6344 0
    endloop
  endfacet
  facet normal -0.740908 0.671607 0
    outer loop
      vertex -44.227 -19.6344 0.6
      vertex -44.2929 -19.7071 0
      vertex -44.2929 -19.7071 0.6
    endloop
  endfacet
  facet normal -0.0489209 0.998803 0
    outer loop
      vertex -44.902 -19.9952 0
      vertex -45 -20 0.6
      vertex -44.902 -19.9952 0.6
    endloop
  endfacet
  facet normal -0.0489209 0.998803 0
    outer loop
      vertex -45 -20 0.6
      vertex -44.902 -19.9952 0
      vertex -45 -20 0
    endloop
  endfacet
  facet normal -0.9038 0.427955 0
    outer loop
      vertex -44.1181 -19.4714 0
      vertex -44.0761 -19.3827 0.6
      vertex -44.0761 -19.3827 0
    endloop
  endfacet
  facet normal -0.9038 0.427955 0
    outer loop
      vertex -44.0761 -19.3827 0.6
      vertex -44.1181 -19.4714 0
      vertex -44.1181 -19.4714 0.6
    endloop
  endfacet
  facet normal 0.146696 -0.989182 0
    outer loop
      vertex -45.1951 -18.0192 0
      vertex -45.098 -18.0048 0.6
      vertex -45.1951 -18.0192 0.6
    endloop
  endfacet
  facet normal 0.146696 -0.989182 0
    outer loop
      vertex -45.098 -18.0048 0.6
      vertex -45.1951 -18.0192 0
      vertex -45.098 -18.0048 0
    endloop
  endfacet
  facet normal -0.671607 -0.740908 0
    outer loop
      vertex -44.3656 -18.227 0
      vertex -44.2929 -18.2929 0.6
      vertex -44.3656 -18.227 0.6
    endloop
  endfacet
  facet normal -0.671607 -0.740908 -0
    outer loop
      vertex -44.2929 -18.2929 0.6
      vertex -44.3656 -18.227 0
      vertex -44.2929 -18.2929 0
    endloop
  endfacet
  facet normal 0.0489209 -0.998803 0
    outer loop
      vertex -45.098 -18.0048 0
      vertex -45 -18 0.6
      vertex -45.098 -18.0048 0.6
    endloop
  endfacet
  facet normal 0.0489209 -0.998803 0
    outer loop
      vertex -45 -18 0.6
      vertex -45.098 -18.0048 0
      vertex -45 -18 0
    endloop
  endfacet
  facet normal 0.740908 0.671607 0
    outer loop
      vertex -45.7071 -19.7071 0.6
      vertex -45.773 -19.6344 0
      vertex -45.773 -19.6344 0.6
    endloop
  endfacet
  facet normal 0.740908 0.671607 0
    outer loop
      vertex -45.773 -19.6344 0
      vertex -45.7071 -19.7071 0.6
      vertex -45.7071 -19.7071 0
    endloop
  endfacet
  facet normal 0.146696 0.989182 -0
    outer loop
      vertex -45.098 -19.9952 0
      vertex -45.1951 -19.9808 0.6
      vertex -45.098 -19.9952 0.6
    endloop
  endfacet
  facet normal 0.146696 0.989182 0
    outer loop
      vertex -45.1951 -19.9808 0.6
      vertex -45.098 -19.9952 0
      vertex -45.1951 -19.9808 0
    endloop
  endfacet
  facet normal 0.9038 0.427955 0
    outer loop
      vertex -45.8819 -19.4714 0.6
      vertex -45.9239 -19.3827 0
      vertex -45.9239 -19.3827 0.6
    endloop
  endfacet
  facet normal 0.9038 0.427955 0
    outer loop
      vertex -45.9239 -19.3827 0
      vertex -45.8819 -19.4714 0.6
      vertex -45.8819 -19.4714 0
    endloop
  endfacet
  facet normal 0.671607 -0.740908 0
    outer loop
      vertex -45.7071 -18.2929 0
      vertex -45.6344 -18.227 0.6
      vertex -45.7071 -18.2929 0.6
    endloop
  endfacet
  facet normal 0.671607 -0.740908 0
    outer loop
      vertex -45.6344 -18.227 0.6
      vertex -45.7071 -18.2929 0
      vertex -45.6344 -18.227 0
    endloop
  endfacet
  facet normal 0.969902 0.243494 0
    outer loop
      vertex -45.9569 -19.2903 0.6
      vertex -45.9808 -19.1951 0
      vertex -45.9808 -19.1951 0.6
    endloop
  endfacet
  facet normal 0.969902 0.243494 0
    outer loop
      vertex -45.9808 -19.1951 0
      vertex -45.9569 -19.2903 0.6
      vertex -45.9569 -19.2903 0
    endloop
  endfacet
  facet normal -0.243494 0.969902 0
    outer loop
      vertex -44.7097 -19.9569 0
      vertex -44.8049 -19.9808 0.6
      vertex -44.7097 -19.9569 0.6
    endloop
  endfacet
  facet normal -0.243494 0.969902 0
    outer loop
      vertex -44.8049 -19.9808 0.6
      vertex -44.7097 -19.9569 0
      vertex -44.8049 -19.9808 0
    endloop
  endfacet
  facet normal 0.969902 -0.243494 0
    outer loop
      vertex -45.9808 -18.8049 0.6
      vertex -45.9569 -18.7097 0
      vertex -45.9569 -18.7097 0.6
    endloop
  endfacet
  facet normal 0.969902 -0.243494 0
    outer loop
      vertex -45.9569 -18.7097 0
      vertex -45.9808 -18.8049 0.6
      vertex -45.9808 -18.8049 0
    endloop
  endfacet
  facet normal 0.427955 -0.9038 0
    outer loop
      vertex -45.4714 -18.1181 0
      vertex -45.3827 -18.0761 0.6
      vertex -45.4714 -18.1181 0.6
    endloop
  endfacet
  facet normal 0.427955 -0.9038 0
    outer loop
      vertex -45.3827 -18.0761 0.6
      vertex -45.4714 -18.1181 0
      vertex -45.3827 -18.0761 0
    endloop
  endfacet
  facet normal 0.740908 -0.671607 0
    outer loop
      vertex -45.773 -18.3656 0.6
      vertex -45.7071 -18.2929 0
      vertex -45.7071 -18.2929 0.6
    endloop
  endfacet
  facet normal 0.740908 -0.671607 0
    outer loop
      vertex -45.7071 -18.2929 0
      vertex -45.773 -18.3656 0.6
      vertex -45.773 -18.3656 0
    endloop
  endfacet
  facet normal -0.427955 -0.9038 0
    outer loop
      vertex -44.6173 -18.0761 0
      vertex -44.5286 -18.1181 0.6
      vertex -44.6173 -18.0761 0.6
    endloop
  endfacet
  facet normal -0.427955 -0.9038 -0
    outer loop
      vertex -44.5286 -18.1181 0.6
      vertex -44.6173 -18.0761 0
      vertex -44.5286 -18.1181 0
    endloop
  endfacet
  facet normal -0.0489209 -0.998803 0
    outer loop
      vertex -45 -18 0
      vertex -44.902 -18.0048 0.6
      vertex -45 -18 0.6
    endloop
  endfacet
  facet normal -0.0489209 -0.998803 -0
    outer loop
      vertex -44.902 -18.0048 0.6
      vertex -45 -18 0
      vertex -44.902 -18.0048 0
    endloop
  endfacet
  facet normal 0.989182 -0.146696 0
    outer loop
      vertex -45.9952 -18.902 0.6
      vertex -45.9808 -18.8049 0
      vertex -45.9808 -18.8049 0.6
    endloop
  endfacet
  facet normal 0.989182 -0.146696 0
    outer loop
      vertex -45.9808 -18.8049 0
      vertex -45.9952 -18.902 0.6
      vertex -45.9952 -18.902 0
    endloop
  endfacet
  facet normal -0.59608 -0.802925 0
    outer loop
      vertex -44.4444 -18.1685 0
      vertex -44.3656 -18.227 0.6
      vertex -44.4444 -18.1685 0.6
    endloop
  endfacet
  facet normal -0.59608 -0.802925 -0
    outer loop
      vertex -44.3656 -18.227 0.6
      vertex -44.4444 -18.1685 0
      vertex -44.3656 -18.227 0
    endloop
  endfacet
  facet normal 0 0 -1
    outer loop
      vertex -44.0048 -19.098 0.6
      vertex -44.0048 -18.902 0.6
      vertex -44 -19 0.6
    endloop
  endfacet
  facet normal 0 0 -1
    outer loop
      vertex -44.0192 -19.1951 0.6
      vertex -44.0048 -18.902 0.6
      vertex -44.0048 -19.098 0.6
    endloop
  endfacet
  facet normal 0 0 -1
    outer loop
      vertex -44.0192 -19.1951 0.6
      vertex -44.0192 -18.8049 0.6
      vertex -44.0048 -18.902 0.6
    endloop
  endfacet
  facet normal 0 0 -1
    outer loop
      vertex -44.0431 -19.2903 0.6
      vertex -44.0192 -18.8049 0.6
      vertex -44.0192 -19.1951 0.6
    endloop
  endfacet
  facet normal 0 0 -1
    outer loop
      vertex -44.0431 -19.2903 0.6
      vertex -44.0431 -18.7097 0.6
      vertex -44.0192 -18.8049 0.6
    endloop
  endfacet
  facet normal 0 0 -1
    outer loop
      vertex -44.0761 -19.3827 0.6
      vertex -44.0431 -18.7097 0.6
      vertex -44.0431 -19.2903 0.6
    endloop
  endfacet
  facet normal 0 0 -1
    outer loop
      vertex -44.0761 -19.3827 0.6
      vertex -44.0761 -18.6173 0.6
      vertex -44.0431 -18.7097 0.6
    endloop
  endfacet
  facet normal 0 0 -1
    outer loop
      vertex -44.1181 -19.4714 0.6
      vertex -44.0761 -18.6173 0.6
      vertex -44.0761 -19.3827 0.6
    endloop
  endfacet
  facet normal 0 0 -1
    outer loop
      vertex -44.1181 -19.4714 0.6
      vertex -44.1181 -18.5286 0.6
      vertex -44.0761 -18.6173 0.6
    endloop
  endfacet
  facet normal 0 0 -1
    outer loop
      vertex -44.1685 -19.5556 0.6
      vertex -44.1181 -18.5286 0.6
      vertex -44.1181 -19.4714 0.6
    endloop
  endfacet
  facet normal 0 0 -1
    outer loop
      vertex -44.1685 -19.5556 0.6
      vertex -44.1685 -18.4444 0.6
      vertex -44.1181 -18.5286 0.6
    endloop
  endfacet
  facet normal 0 0 -1
    outer loop
      vertex -44.227 -19.6344 0.6
      vertex -44.1685 -18.4444 0.6
      vertex -44.1685 -19.5556 0.6
    endloop
  endfacet
  facet normal 0 0 -1
    outer loop
      vertex -44.227 -19.6344 0.6
      vertex -44.227 -18.3656 0.6
      vertex -44.1685 -18.4444 0.6
    endloop
  endfacet
  facet normal 0 0 -1
    outer loop
      vertex -44.2929 -19.7071 0.6
      vertex -44.227 -18.3656 0.6
      vertex -44.227 -19.6344 0.6
    endloop
  endfacet
  facet normal 0 0 -1
    outer loop
      vertex -44.2929 -19.7071 0.6
      vertex -44.2929 -18.2929 0.6
      vertex -44.227 -18.3656 0.6
    endloop
  endfacet
  facet normal 0 0 -1
    outer loop
      vertex -44.3656 -19.773 0.6
      vertex -44.2929 -18.2929 0.6
      vertex -44.2929 -19.7071 0.6
    endloop
  endfacet
  facet normal 0 0 -1
    outer loop
      vertex -44.3656 -19.773 0.6
      vertex -44.3656 -18.227 0.6
      vertex -44.2929 -18.2929 0.6
    endloop
  endfacet
  facet normal 0 0 -1
    outer loop
      vertex -44.4444 -19.8315 0.6
      vertex -44.3656 -18.227 0.6
      vertex -44.3656 -19.773 0.6
    endloop
  endfacet
  facet normal 0 0 -1
    outer loop
      vertex -44.4444 -19.8315 0.6
      vertex -44.4444 -18.1685 0.6
      vertex -44.3656 -18.227 0.6
    endloop
  endfacet
  facet normal 0 0 -1
    outer loop
      vertex -44.5286 -19.8819 0.6
      vertex -44.4444 -18.1685 0.6
      vertex -44.4444 -19.8315 0.6
    endloop
  endfacet
  facet normal 0 0 -1
    outer loop
      vertex -44.5286 -19.8819 0.6
      vertex -44.5286 -18.1181 0.6
      vertex -44.4444 -18.1685 0.6
    endloop
  endfacet
  facet normal 0 0 -1
    outer loop
      vertex -44.6173 -19.9239 0.6
      vertex -44.5286 -18.1181 0.6
      vertex -44.5286 -19.8819 0.6
    endloop
  endfacet
  facet normal 0 0 -1
    outer loop
      vertex -44.6173 -19.9239 0.6
      vertex -44.6173 -18.0761 0.6
      vertex -44.5286 -18.1181 0.6
    endloop
  endfacet
  facet normal 0 0 -1
    outer loop
      vertex -44.7097 -19.9569 0.6
      vertex -44.6173 -18.0761 0.6
      vertex -44.6173 -19.9239 0.6
    endloop
  endfacet
  facet normal 0 0 -1
    outer loop
      vertex -44.7097 -19.9569 0.6
      vertex -44.7097 -18.0431 0.6
      vertex -44.6173 -18.0761 0.6
    endloop
  endfacet
  facet normal 0 0 -1
    outer loop
      vertex -44.8049 -19.9808 0.6
      vertex -44.7097 -18.0431 0.6
      vertex -44.7097 -19.9569 0.6
    endloop
  endfacet
  facet normal 0 0 -1
    outer loop
      vertex -44.8049 -19.9808 0.6
      vertex -44.8049 -18.0192 0.6
      vertex -44.7097 -18.0431 0.6
    endloop
  endfacet
  facet normal 0 0 -1
    outer loop
      vertex -44.902 -19.9952 0.6
      vertex -44.8049 -18.0192 0.6
      vertex -44.8049 -19.9808 0.6
    endloop
  endfacet
  facet normal 0 0 -1
    outer loop
      vertex -44.902 -19.9952 0.6
      vertex -44.902 -18.0048 0.6
      vertex -44.8049 -18.0192 0.6
    endloop
  endfacet
  facet normal 0 0 -1
    outer loop
      vertex -45 -20 0.6
      vertex -44.902 -18.0048 0.6
      vertex -44.902 -19.9952 0.6
    endloop
  endfacet
  facet normal 0 0 -1
    outer loop
      vertex -45 -20 0.6
      vertex -45 -18 0.6
      vertex -44.902 -18.0048 0.6
    endloop
  endfacet
  facet normal 0 0 -1
    outer loop
      vertex -45.098 -19.9952 0.6
      vertex -45 -18 0.6
      vertex -45 -20 0.6
    endloop
  endfacet
  facet normal 0 0 -1
    outer loop
      vertex -45.098 -19.9952 0.6
      vertex -45.098 -18.0048 0.6
      vertex -45 -18 0.6
    endloop
  endfacet
  facet normal 0 0 -1
    outer loop
      vertex -45.1951 -19.9808 0.6
      vertex -45.098 -18.0048 0.6
      vertex -45.098 -19.9952 0.6
    endloop
  endfacet
  facet normal 0 0 -1
    outer loop
      vertex -45.1951 -19.9808 0.6
      vertex -45.1951 -18.0192 0.6
      vertex -45.098 -18.0048 0.6
    endloop
  endfacet
  facet normal 0 0 -1
    outer loop
      vertex -45.2903 -19.9569 0.6
      vertex -45.1951 -18.0192 0.6
      vertex -45.1951 -19.9808 0.6
    endloop
  endfacet
  facet normal 0 0 -1
    outer loop
      vertex -45.2903 -19.9569 0.6
      vertex -45.2903 -18.0431 0.6
      vertex -45.1951 -18.0192 0.6
    endloop
  endfacet
  facet normal 0 0 -1
    outer loop
      vertex -45.3827 -19.9239 0.6
      vertex -45.2903 -18.0431 0.6
      vertex -45.2903 -19.9569 0.6
    endloop
  endfacet
  facet normal 0 0 -1
    outer loop
      vertex -45.3827 -19.9239 0.6
      vertex -45.3827 -18.0761 0.6
      vertex -45.2903 -18.0431 0.6
    endloop
  endfacet
  facet normal 0 0 -1
    outer loop
      vertex -45.4714 -19.8819 0.6
      vertex -45.3827 -18.0761 0.6
      vertex -45.3827 -19.9239 0.6
    endloop
  endfacet
  facet normal 0 0 -1
    outer loop
      vertex -45.4714 -19.8819 0.6
      vertex -45.4714 -18.1181 0.6
      vertex -45.3827 -18.0761 0.6
    endloop
  endfacet
  facet normal 0 0 -1
    outer loop
      vertex -45.5556 -19.8315 0.6
      vertex -45.4714 -18.1181 0.6
      vertex -45.4714 -19.8819 0.6
    endloop
  endfacet
  facet normal 0 0 -1
    outer loop
      vertex -45.5556 -19.8315 0.6
      vertex -45.5556 -18.1685 0.6
      vertex -45.4714 -18.1181 0.6
    endloop
  endfacet
  facet normal 0 0 -1
    outer loop
      vertex -45.6344 -19.773 0.6
      vertex -45.5556 -18.1685 0.6
      vertex -45.5556 -19.8315 0.6
    endloop
  endfacet
  facet normal 0 0 -1
    outer loop
      vertex -45.6344 -19.773 0.6
      vertex -45.6344 -18.227 0.6
      vertex -45.5556 -18.1685 0.6
    endloop
  endfacet
  facet normal 0 0 -1
    outer loop
      vertex -45.7071 -19.7071 0.6
      vertex -45.6344 -18.227 0.6
      vertex -45.6344 -19.773 0.6
    endloop
  endfacet
  facet normal 0 0 -1
    outer loop
      vertex -45.7071 -19.7071 0.6
      vertex -45.7071 -18.2929 0.6
      vertex -45.6344 -18.227 0.6
    endloop
  endfacet
  facet normal 0 0 -1
    outer loop
      vertex -45.773 -19.6344 0.6
      vertex -45.7071 -18.2929 0.6
      vertex -45.7071 -19.7071 0.6
    endloop
  endfacet
  facet normal 0 0 -1
    outer loop
      vertex -45.773 -19.6344 0.6
      vertex -45.773 -18.3656 0.6
      vertex -45.7071 -18.2929 0.6
    endloop
  endfacet
  facet normal 0 0 -1
    outer loop
      vertex -45.8315 -19.5556 0.6
      vertex -45.773 -18.3656 0.6
      vertex -45.773 -19.6344 0.6
    endloop
  endfacet
  facet normal 0 0 -1
    outer loop
      vertex -45.8315 -19.5556 0.6
      vertex -45.8315 -18.4444 0.6
      vertex -45.773 -18.3656 0.6
    endloop
  endfacet
  facet normal 0 0 -1
    outer loop
      vertex -45.8819 -19.4714 0.6
      vertex -45.8315 -18.4444 0.6
      vertex -45.8315 -19.5556 0.6
    endloop
  endfacet
  facet normal 0 0 -1
    outer loop
      vertex -45.8819 -19.4714 0.6
      vertex -45.8819 -18.5286 0.6
      vertex -45.8315 -18.4444 0.6
    endloop
  endfacet
  facet normal 0 0 -1
    outer loop
      vertex -45.9239 -19.3827 0.6
      vertex -45.8819 -18.5286 0.6
      vertex -45.8819 -19.4714 0.6
    endloop
  endfacet
  facet normal 0 0 -1
    outer loop
      vertex -45.9239 -19.3827 0.6
      vertex -45.9239 -18.6173 0.6
      vertex -45.8819 -18.5286 0.6
    endloop
  endfacet
  facet normal 0 0 -1
    outer loop
      vertex -45.9569 -19.2903 0.6
      vertex -45.9239 -18.6173 0.6
      vertex -45.9239 -19.3827 0.6
    endloop
  endfacet
  facet normal 0 0 -1
    outer loop
      vertex -45.9569 -19.2903 0.6
      vertex -45.9569 -18.7097 0.6
      vertex -45.9239 -18.6173 0.6
    endloop
  endfacet
  facet normal 0 0 -1
    outer loop
      vertex -45.9808 -19.1951 0.6
      vertex -45.9569 -18.7097 0.6
      vertex -45.9569 -19.2903 0.6
    endloop
  endfacet
  facet normal 0 0 -1
    outer loop
      vertex -45.9808 -19.1951 0.6
      vertex -45.9808 -18.8049 0.6
      vertex -45.9569 -18.7097 0.6
    endloop
  endfacet
  facet normal 0 0 -1
    outer loop
      vertex -45.9952 -19.098 0.6
      vertex -45.9808 -18.8049 0.6
      vertex -45.9808 -19.1951 0.6
    endloop
  endfacet
  facet normal 0 0 -1
    outer loop
      vertex -45.9952 -19.098 0.6
      vertex -45.9952 -18.902 0.6
      vertex -45.9808 -18.8049 0.6
    endloop
  endfacet
  facet normal 0 -0 -1
    outer loop
      vertex -45.9952 -18.902 0.6
      vertex -45.9952 -19.098 0.6
      vertex -46 -19 0.6
    endloop
  endfacet
  facet normal 0.802925 -0.59608 0
    outer loop
      vertex -45.8315 -18.4444 0.6
      vertex -45.773 -18.3656 0
      vertex -45.773 -18.3656 0.6
    endloop
  endfacet
  facet normal 0.802925 -0.59608 0
    outer loop
      vertex -45.773 -18.3656 0
      vertex -45.8315 -18.4444 0.6
      vertex -45.8315 -18.4444 0
    endloop
  endfacet
  facet normal 0.998803 0.0489209 0
    outer loop
      vertex -45.9952 -19.098 0.6
      vertex -46 -19 0
      vertex -46 -19 0.6
    endloop
  endfacet
  facet normal 0.998803 0.0489209 0
    outer loop
      vertex -46 -19 0
      vertex -45.9952 -19.098 0.6
      vertex -45.9952 -19.098 0
    endloop
  endfacet
  facet normal -0.740908 -0.671607 0
    outer loop
      vertex -44.227 -18.3656 0
      vertex -44.2929 -18.2929 0.6
      vertex -44.2929 -18.2929 0
    endloop
  endfacet
  facet normal -0.740908 -0.671607 0
    outer loop
      vertex -44.2929 -18.2929 0.6
      vertex -44.227 -18.3656 0
      vertex -44.227 -18.3656 0.6
    endloop
  endfacet
  facet normal 0.5957 -0.803207 0
    outer loop
      vertex 37.2225 11.7077 0
      vertex 38.9566 12.9938 4
      vertex 37.2225 11.7077 4
    endloop
  endfacet
  facet normal 0.5957 -0.803207 0
    outer loop
      vertex 38.9566 12.9938 4
      vertex 37.2225 11.7077 0
      vertex 38.9566 12.9938 0
    endloop
  endfacet
  facet normal 0.427542 -0.903996 0
    outer loop
      vertex 33.419 9.67465 0
      vertex 35.3707 10.5977 4
      vertex 33.419 9.67465 4
    endloop
  endfacet
  facet normal 0.427542 -0.903996 0
    outer loop
      vertex 35.3707 10.5977 4
      vertex 33.419 9.67465 0
      vertex 35.3707 10.5977 0
    endloop
  endfacet
  facet normal -0.671575 -0.740937 0
    outer loop
      vertex 9.44365 14.4437 0
      vertex 11.0433 12.9938 4
      vertex 9.44365 14.4437 4
    endloop
  endfacet
  facet normal -0.671575 -0.740937 -0
    outer loop
      vertex 11.0433 12.9938 4
      vertex 9.44365 14.4437 0
      vertex 11.0433 12.9938 0
    endloop
  endfacet
  facet normal 0.514128 0.857714 -0
    outer loop
      vertex 37.2225 48.2923 0
      vertex 35.3707 49.4023 4
      vertex 37.2225 48.2923 4
    endloop
  endfacet
  facet normal 0.514128 0.857714 0
    outer loop
      vertex 35.3707 49.4023 4
      vertex 37.2225 48.2923 0
      vertex 35.3707 49.4023 0
    endloop
  endfacet
  facet normal -0.146728 -0.989177 0
    outer loop
      vertex 20.708 8.42272 0
      vertex 22.8436 8.10594 4
      vertex 20.708 8.42272 4
    endloop
  endfacet
  facet normal -0.146728 -0.989177 -0
    outer loop
      vertex 22.8436 8.10594 4
      vertex 20.708 8.42272 0
      vertex 22.8436 8.10594 0
    endloop
  endfacet
  facet normal -0.242982 0.970031 0
    outer loop
      vertex 20.708 51.5773 0
      vertex 18.6137 51.0527 4
      vertex 20.708 51.5773 4
    endloop
  endfacet
  facet normal -0.242982 0.970031 0
    outer loop
      vertex 18.6137 51.0527 4
      vertex 20.708 51.5773 0
      vertex 18.6137 51.0527 0
    endloop
  endfacet
  facet normal 0.740991 0.671515 0
    outer loop
      vertex 42.0062 43.9566 4
      vertex 40.5564 45.5564 0
      vertex 40.5564 45.5564 4
    endloop
  endfacet
  facet normal 0.740991 0.671515 0
    outer loop
      vertex 40.5564 45.5564 0
      vertex 42.0062 43.9566 4
      vertex 42.0062 43.9566 0
    endloop
  endfacet
  facet normal -0.970032 -0.242978 0
    outer loop
      vertex 3.94731 23.6137 0
      vertex 3.42272 25.708 4
      vertex 3.42272 25.708 0
    endloop
  endfacet
  facet normal -0.970032 -0.242978 0
    outer loop
      vertex 3.42272 25.708 4
      vertex 3.94731 23.6137 0
      vertex 3.94731 23.6137 4
    endloop
  endfacet
  facet normal 0.857704 0.514143 0
    outer loop
      vertex 44 41.0419 4
      vertex 43.2923 42.2225 0
      vertex 43.2923 42.2225 4
    endloop
  endfacet
  facet normal 0.857704 0.514143 0
    outer loop
      vertex 43.2923 42.2225 0
      vertex 44 41.0419 4
      vertex 44 41.0419 0
    endloop
  endfacet
  facet normal 0.671515 0.740991 -0
    outer loop
      vertex 40.5564 45.5564 0
      vertex 38.9566 47.0062 4
      vertex 40.5564 45.5564 4
    endloop
  endfacet
  facet normal 0.671515 0.740991 0
    outer loop
      vertex 38.9566 47.0062 4
      vertex 40.5564 45.5564 0
      vertex 38.9566 47.0062 0
    endloop
  endfacet
  facet normal -0.94154 -0.336901 0
    outer loop
      vertex 4.67465 21.581 0
      vertex 3.94731 23.6137 4
      vertex 3.94731 23.6137 0
    endloop
  endfacet
  facet normal -0.94154 -0.336901 0
    outer loop
      vertex 3.94731 23.6137 4
      vertex 4.67465 21.581 0
      vertex 4.67465 21.581 4
    endloop
  endfacet
  facet normal 0.336901 -0.94154 0
    outer loop
      vertex 31.3863 8.94731 0
      vertex 33.419 9.67465 4
      vertex 31.3863 8.94731 4
    endloop
  endfacet
  facet normal 0.336901 -0.94154 0
    outer loop
      vertex 33.419 9.67465 4
      vertex 31.3863 8.94731 0
      vertex 33.419 9.67465 0
    endloop
  endfacet
  facet normal -0.998795 -0.049069 0
    outer loop
      vertex 3.10594 27.8436 0
      vertex 3 30 4
      vertex 3 30 0
    endloop
  endfacet
  facet normal -0.998795 -0.049069 0
    outer loop
      vertex 3 30 4
      vertex 3.10594 27.8436 0
      vertex 3.10594 27.8436 4
    endloop
  endfacet
  facet normal -0.0490505 0.998796 0
    outer loop
      vertex 25 52 0
      vertex 22.8436 51.8941 4
      vertex 25 52 4
    endloop
  endfacet
  facet normal -0.0490505 0.998796 0
    outer loop
      vertex 22.8436 51.8941 4
      vertex 25 52 0
      vertex 22.8436 51.8941 0
    endloop
  endfacet
  facet normal 0.5957 0.803207 -0
    outer loop
      vertex 38.9566 47.0062 0
      vertex 37.2225 48.2923 4
      vertex 38.9566 47.0062 4
    endloop
  endfacet
  facet normal 0.5957 0.803207 0
    outer loop
      vertex 37.2225 48.2923 4
      vertex 38.9566 47.0062 0
      vertex 37.2225 48.2923 0
    endloop
  endfacet
  facet normal -0.336901 -0.94154 0
    outer loop
      vertex 16.581 9.67465 0
      vertex 18.6137 8.94731 4
      vertex 16.581 9.67465 4
    endloop
  endfacet
  facet normal -0.336901 -0.94154 -0
    outer loop
      vertex 18.6137 8.94731 4
      vertex 16.581 9.67465 0
      vertex 18.6137 8.94731 0
    endloop
  endfacet
  facet normal -0.049069 -0.998795 0
    outer loop
      vertex 22.8436 8.10594 0
      vertex 25 8 4
      vertex 22.8436 8.10594 4
    endloop
  endfacet
  facet normal -0.049069 -0.998795 -0
    outer loop
      vertex 25 8 4
      vertex 22.8436 8.10594 0
      vertex 25 8 0
    endloop
  endfacet
  facet normal 0.049069 -0.998795 0
    outer loop
      vertex 25 8 0
      vertex 27.1564 8.10594 4
      vertex 25 8 4
    endloop
  endfacet
  facet normal 0.049069 -0.998795 0
    outer loop
      vertex 27.1564 8.10594 4
      vertex 25 8 0
      vertex 27.1564 8.10594 0
    endloop
  endfacet
  facet normal 0.803207 0.5957 0
    outer loop
      vertex 43.2923 42.2225 4
      vertex 42.0062 43.9566 0
      vertex 42.0062 43.9566 4
    endloop
  endfacet
  facet normal 0.803207 0.5957 0
    outer loop
      vertex 42.0062 43.9566 0
      vertex 43.2923 42.2225 4
      vertex 43.2923 42.2225 0
    endloop
  endfacet
  facet normal -0.671549 0.74096 0
    outer loop
      vertex 11.0433 47.0062 0
      vertex 9.44365 45.5564 4
      vertex 11.0433 47.0062 4
    endloop
  endfacet
  facet normal -0.671549 0.74096 0
    outer loop
      vertex 9.44365 45.5564 4
      vertex 11.0433 47.0062 0
      vertex 9.44365 45.5564 0
    endloop
  endfacet
  facet normal 0.146737 0.989176 -0
    outer loop
      vertex 29.292 51.5773 0
      vertex 27.1564 51.8941 4
      vertex 29.292 51.5773 4
    endloop
  endfacet
  facet normal 0.146737 0.989176 0
    outer loop
      vertex 27.1564 51.8941 4
      vertex 29.292 51.5773 0
      vertex 27.1564 51.8941 0
    endloop
  endfacet
  facet normal 0.146728 -0.989177 0
    outer loop
      vertex 27.1564 8.10594 0
      vertex 29.292 8.42272 4
      vertex 27.1564 8.10594 4
    endloop
  endfacet
  facet normal 0.146728 -0.989177 0
    outer loop
      vertex 29.292 8.42272 4
      vertex 27.1564 8.10594 0
      vertex 29.292 8.42272 0
    endloop
  endfacet
  facet normal 0.427523 0.904005 -0
    outer loop
      vertex 35.3707 49.4023 0
      vertex 33.419 50.3253 4
      vertex 35.3707 49.4023 4
    endloop
  endfacet
  facet normal 0.427523 0.904005 0
    outer loop
      vertex 33.419 50.3253 4
      vertex 35.3707 49.4023 0
      vertex 33.419 50.3253 0
    endloop
  endfacet
  facet normal 0.740949 -0.671561 0
    outer loop
      vertex 40.5564 14.4437 4
      vertex 42.0062 16.0433 0
      vertex 42.0062 16.0433 4
    endloop
  endfacet
  facet normal 0.740949 -0.671561 0
    outer loop
      vertex 42.0062 16.0433 0
      vertex 40.5564 14.4437 4
      vertex 40.5564 14.4437 0
    endloop
  endfacet
  facet normal -0.740973 0.671535 0
    outer loop
      vertex 7.99377 43.9566 0
      vertex 9.44365 45.5564 4
      vertex 9.44365 45.5564 0
    endloop
  endfacet
  facet normal -0.740973 0.671535 0
    outer loop
      vertex 9.44365 45.5564 4
      vertex 7.99377 43.9566 0
      vertex 7.99377 43.9566 4
    endloop
  endfacet
  facet normal -0.857726 0.514107 0
    outer loop
      vertex 5.59773 40.3707 0
      vertex 6.70767 42.2225 4
      vertex 6.70767 42.2225 0
    endloop
  endfacet
  facet normal -0.857726 0.514107 0
    outer loop
      vertex 6.70767 42.2225 4
      vertex 5.59773 40.3707 0
      vertex 5.59773 40.3707 4
    endloop
  endfacet
  facet normal -0.514128 0.857714 0
    outer loop
      vertex 14.6293 49.4023 0
      vertex 12.7775 48.2923 4
      vertex 14.6293 49.4023 4
    endloop
  endfacet
  facet normal -0.514128 0.857714 0
    outer loop
      vertex 12.7775 48.2923 4
      vertex 14.6293 49.4023 0
      vertex 12.7775 48.2923 0
    endloop
  endfacet
  facet normal 0.514128 -0.857714 0
    outer loop
      vertex 35.3707 10.5977 0
      vertex 37.2225 11.7077 4
      vertex 35.3707 10.5977 4
    endloop
  endfacet
  facet normal 0.514128 -0.857714 0
    outer loop
      vertex 37.2225 11.7077 4
      vertex 35.3707 10.5977 0
      vertex 37.2225 11.7077 0
    endloop
  endfacet
  facet normal -0.94154 0.336901 0
    outer loop
      vertex 3.94731 36.3863 0
      vertex 4.67465 38.419 4
      vertex 4.67465 38.419 0
    endloop
  endfacet
  facet normal -0.94154 0.336901 0
    outer loop
      vertex 4.67465 38.419 4
      vertex 3.94731 36.3863 0
      vertex 3.94731 36.3863 4
    endloop
  endfacet
  facet normal 0.336926 0.941531 -0
    outer loop
      vertex 33.419 50.3253 0
      vertex 31.3863 51.0527 4
      vertex 33.419 50.3253 4
    endloop
  endfacet
  facet normal 0.336926 0.941531 0
    outer loop
      vertex 31.3863 51.0527 4
      vertex 33.419 50.3253 0
      vertex 31.3863 51.0527 0
    endloop
  endfacet
  facet normal 0.242982 0.970031 -0
    outer loop
      vertex 31.3863 51.0527 0
      vertex 29.292 51.5773 4
      vertex 31.3863 51.0527 4
    endloop
  endfacet
  facet normal 0.242982 0.970031 0
    outer loop
      vertex 29.292 51.5773 4
      vertex 31.3863 51.0527 0
      vertex 29.292 51.5773 0
    endloop
  endfacet
  facet normal -0.427523 0.904005 0
    outer loop
      vertex 16.581 50.3253 0
      vertex 14.6293 49.4023 4
      vertex 16.581 50.3253 4
    endloop
  endfacet
  facet normal -0.427523 0.904005 0
    outer loop
      vertex 14.6293 49.4023 4
      vertex 16.581 50.3253 0
      vertex 14.6293 49.4023 0
    endloop
  endfacet
  facet normal -0.595678 0.803223 0
    outer loop
      vertex 12.7775 48.2923 0
      vertex 11.0433 47.0062 4
      vertex 12.7775 48.2923 4
    endloop
  endfacet
  facet normal -0.595678 0.803223 0
    outer loop
      vertex 11.0433 47.0062 4
      vertex 12.7775 48.2923 0
      vertex 11.0433 47.0062 0
    endloop
  endfacet
  facet normal -0.146737 0.989176 0
    outer loop
      vertex 22.8436 51.8941 0
      vertex 20.708 51.5773 4
      vertex 22.8436 51.8941 4
    endloop
  endfacet
  facet normal -0.146737 0.989176 0
    outer loop
      vertex 20.708 51.5773 4
      vertex 22.8436 51.8941 0
      vertex 20.708 51.5773 0
    endloop
  endfacet
  facet normal 0.242978 -0.970032 0
    outer loop
      vertex 29.292 8.42272 0
      vertex 31.3863 8.94731 4
      vertex 29.292 8.42272 4
    endloop
  endfacet
  facet normal 0.242978 -0.970032 0
    outer loop
      vertex 31.3863 8.94731 4
      vertex 29.292 8.42272 0
      vertex 31.3863 8.94731 0
    endloop
  endfacet
  facet normal -0.90399 -0.427553 0
    outer loop
      vertex 5.59773 19.6293 0
      vertex 4.67465 21.581 4
      vertex 4.67465 21.581 0
    endloop
  endfacet
  facet normal -0.90399 -0.427553 0
    outer loop
      vertex 4.67465 21.581 4
      vertex 5.59773 19.6293 0
      vertex 5.59773 19.6293 4
    endloop
  endfacet
  facet normal -0.970032 0.242978 0
    outer loop
      vertex 3.42272 34.292 0
      vertex 3.94731 36.3863 4
      vertex 3.94731 36.3863 0
    endloop
  endfacet
  facet normal -0.970032 0.242978 0
    outer loop
      vertex 3.94731 36.3863 4
      vertex 3.42272 34.292 0
      vertex 3.42272 34.292 4
    endloop
  endfacet
  facet normal -0.740931 -0.671581 0
    outer loop
      vertex 9.44365 14.4437 0
      vertex 7.99377 16.0433 4
      vertex 7.99377 16.0433 0
    endloop
  endfacet
  facet normal -0.740931 -0.671581 0
    outer loop
      vertex 7.99377 16.0433 4
      vertex 9.44365 14.4437 0
      vertex 9.44365 14.4437 4
    endloop
  endfacet
  facet normal -0.336926 0.941531 0
    outer loop
      vertex 18.6137 51.0527 0
      vertex 16.581 50.3253 4
      vertex 18.6137 51.0527 4
    endloop
  endfacet
  facet normal -0.336926 0.941531 0
    outer loop
      vertex 16.581 50.3253 4
      vertex 18.6137 51.0527 0
      vertex 16.581 50.3253 0
    endloop
  endfacet
  facet normal -0.989177 0.146728 0
    outer loop
      vertex 3.10594 32.1564 0
      vertex 3.42272 34.292 4
      vertex 3.42272 34.292 0
    endloop
  endfacet
  facet normal -0.989177 0.146728 0
    outer loop
      vertex 3.42272 34.292 4
      vertex 3.10594 32.1564 0
      vertex 3.10594 32.1564 4
    endloop
  endfacet
  facet normal -0.998795 0.049069 0
    outer loop
      vertex 3 30 0
      vertex 3.10594 32.1564 4
      vertex 3.10594 32.1564 0
    endloop
  endfacet
  facet normal -0.998795 0.049069 0
    outer loop
      vertex 3.10594 32.1564 4
      vertex 3 30 0
      vertex 3 30 4
    endloop
  endfacet
  facet normal -0.803207 0.5957 0
    outer loop
      vertex 6.70767 42.2225 0
      vertex 7.99377 43.9566 4
      vertex 7.99377 43.9566 0
    endloop
  endfacet
  facet normal -0.803207 0.5957 0
    outer loop
      vertex 7.99377 43.9566 4
      vertex 6.70767 42.2225 0
      vertex 6.70767 42.2225 4
    endloop
  endfacet
  facet normal -0.803223 -0.595678 0
    outer loop
      vertex 7.99377 16.0433 0
      vertex 6.70767 17.7775 4
      vertex 6.70767 17.7775 0
    endloop
  endfacet
  facet normal -0.803223 -0.595678 0
    outer loop
      vertex 6.70767 17.7775 4
      vertex 7.99377 16.0433 0
      vertex 7.99377 16.0433 4
    endloop
  endfacet
  facet normal -0.989177 -0.146728 0
    outer loop
      vertex 3.42272 25.708 0
      vertex 3.10594 27.8436 4
      vertex 3.10594 27.8436 0
    endloop
  endfacet
  facet normal -0.989177 -0.146728 0
    outer loop
      vertex 3.10594 27.8436 4
      vertex 3.42272 25.708 0
      vertex 3.42272 25.708 4
    endloop
  endfacet
  facet normal 0.0490505 0.998796 -0
    outer loop
      vertex 27.1564 51.8941 0
      vertex 25 52 4
      vertex 27.1564 51.8941 4
    endloop
  endfacet
  facet normal 0.0490505 0.998796 0
    outer loop
      vertex 25 52 4
      vertex 27.1564 51.8941 0
      vertex 25 52 0
    endloop
  endfacet
  facet normal 0.857704 -0.514143 0
    outer loop
      vertex 43.2923 17.7775 4
      vertex 44 18.9581 0
      vertex 44 18.9581 4
    endloop
  endfacet
  facet normal 0.857704 -0.514143 0
    outer loop
      vertex 44 18.9581 0
      vertex 43.2923 17.7775 4
      vertex 43.2923 17.7775 0
    endloop
  endfacet
  facet normal -0.514128 -0.857714 0
    outer loop
      vertex 12.7775 11.7077 0
      vertex 14.6293 10.5977 4
      vertex 12.7775 11.7077 4
    endloop
  endfacet
  facet normal -0.514128 -0.857714 -0
    outer loop
      vertex 14.6293 10.5977 4
      vertex 12.7775 11.7077 0
      vertex 14.6293 10.5977 0
    endloop
  endfacet
  facet normal -0.595678 -0.803223 0
    outer loop
      vertex 11.0433 12.9938 0
      vertex 12.7775 11.7077 4
      vertex 11.0433 12.9938 4
    endloop
  endfacet
  facet normal -0.595678 -0.803223 -0
    outer loop
      vertex 12.7775 11.7077 4
      vertex 11.0433 12.9938 0
      vertex 12.7775 11.7077 0
    endloop
  endfacet
  facet normal -0.427542 -0.903996 0
    outer loop
      vertex 14.6293 10.5977 0
      vertex 16.581 9.67465 4
      vertex 14.6293 10.5977 4
    endloop
  endfacet
  facet normal -0.427542 -0.903996 -0
    outer loop
      vertex 16.581 9.67465 4
      vertex 14.6293 10.5977 0
      vertex 16.581 9.67465 0
    endloop
  endfacet
  facet normal 0.803223 -0.595678 0
    outer loop
      vertex 42.0062 16.0433 4
      vertex 43.2923 17.7775 0
      vertex 43.2923 17.7775 4
    endloop
  endfacet
  facet normal 0.803223 -0.595678 0
    outer loop
      vertex 43.2923 17.7775 0
      vertex 42.0062 16.0433 4
      vertex 42.0062 16.0433 0
    endloop
  endfacet
  facet normal -0.242978 -0.970032 0
    outer loop
      vertex 18.6137 8.94731 0
      vertex 20.708 8.42272 4
      vertex 18.6137 8.94731 4
    endloop
  endfacet
  facet normal -0.242978 -0.970032 -0
    outer loop
      vertex 20.708 8.42272 4
      vertex 18.6137 8.94731 0
      vertex 20.708 8.42272 0
    endloop
  endfacet
  facet normal -0.857726 -0.514107 0
    outer loop
      vertex 6.70767 17.7775 0
      vertex 5.59773 19.6293 4
      vertex 5.59773 19.6293 0
    endloop
  endfacet
  facet normal -0.857726 -0.514107 0
    outer loop
      vertex 5.59773 19.6293 4
      vertex 6.70767 17.7775 0
      vertex 6.70767 17.7775 4
    endloop
  endfacet
  facet normal -0.90399 0.427553 0
    outer loop
      vertex 4.67465 38.419 0
      vertex 5.59773 40.3707 4
      vertex 5.59773 40.3707 0
    endloop
  endfacet
  facet normal -0.90399 0.427553 0
    outer loop
      vertex 5.59773 40.3707 4
      vertex 4.67465 38.419 0
      vertex 4.67465 38.419 4
    endloop
  endfacet
  facet normal 0.67154 -0.740968 0
    outer loop
      vertex 38.9566 12.9938 0
      vertex 40.5564 14.4437 4
      vertex 38.9566 12.9938 4
    endloop
  endfacet
  facet normal 0.67154 -0.740968 0
    outer loop
      vertex 40.5564 14.4437 4
      vertex 38.9566 12.9938 0
      vertex 40.5564 14.4437 0
    endloop
  endfacet
  facet normal 0 0 -1
    outer loop
      vertex 40.3442 19.8884 0
      vertex 30.2326 30 0
      vertex 40.3442 40.1116 0
    endloop
  endfacet
  facet normal 0 0 -1
    outer loop
      vertex 40.3442 19.8884 0
      vertex 44 18.9581 0
      vertex 43.2923 17.7775 0
    endloop
  endfacet
  facet normal 0 0 -1
    outer loop
      vertex 44 18.9581 0
      vertex 40.3442 19.8884 0
      vertex 44 41.0419 0
    endloop
  endfacet
  facet normal 0 0 -1
    outer loop
      vertex 40.3442 19.8884 0
      vertex 43.2923 17.7775 0
      vertex 42.0062 16.0433 0
    endloop
  endfacet
  facet normal 0 0 -1
    outer loop
      vertex 40.3442 40.1116 0
      vertex 44 41.0419 0
      vertex 40.3442 19.8884 0
    endloop
  endfacet
  facet normal 0 0 -1
    outer loop
      vertex 40.3442 19.8884 0
      vertex 42.0062 16.0433 0
      vertex 40.5564 14.4437 0
    endloop
  endfacet
  facet normal -0 0 -1
    outer loop
      vertex 44 41.0419 0
      vertex 40.3442 40.1116 0
      vertex 43.2923 42.2225 0
    endloop
  endfacet
  facet normal -0 0 -1
    outer loop
      vertex 43.2923 42.2225 0
      vertex 40.3442 40.1116 0
      vertex 42.0062 43.9566 0
    endloop
  endfacet
  facet normal 0 0 -1
    outer loop
      vertex 35.1116 14.6558 0
      vertex 40.5564 14.4437 0
      vertex 38.9566 12.9938 0
    endloop
  endfacet
  facet normal 0 0 -1
    outer loop
      vertex 35.1116 14.6558 0
      vertex 38.9566 12.9938 0
      vertex 37.2225 11.7077 0
    endloop
  endfacet
  facet normal 0 0 -1
    outer loop
      vertex 35.1116 14.6558 0
      vertex 37.2225 11.7077 0
      vertex 35.3707 10.5977 0
    endloop
  endfacet
  facet normal 0 0 -1
    outer loop
      vertex 40.5564 14.4437 0
      vertex 35.1116 14.6558 0
      vertex 40.3442 19.8884 0
    endloop
  endfacet
  facet normal 0 0 -1
    outer loop
      vertex 33.419 9.67465 0
      vertex 35.1116 14.6558 0
      vertex 35.3707 10.5977 0
    endloop
  endfacet
  facet normal 0 0 -1
    outer loop
      vertex 31.3863 8.94731 0
      vertex 35.1116 14.6558 0
      vertex 33.419 9.67465 0
    endloop
  endfacet
  facet normal 0 0 -1
    outer loop
      vertex 29.292 8.42272 0
      vertex 35.1116 14.6558 0
      vertex 31.3863 8.94731 0
    endloop
  endfacet
  facet normal 0 0 -1
    outer loop
      vertex 27.1564 8.10594 0
      vertex 35.1116 14.6558 0
      vertex 29.292 8.42272 0
    endloop
  endfacet
  facet normal 0 0 -1
    outer loop
      vertex 25 24.7674 0
      vertex 27.1564 8.10594 0
      vertex 25 8 0
    endloop
  endfacet
  facet normal 0 0 -1
    outer loop
      vertex 27.1564 8.10594 0
      vertex 25 24.7674 0
      vertex 35.1116 14.6558 0
    endloop
  endfacet
  facet normal 0 0 -1
    outer loop
      vertex 22.8436 8.10594 0
      vertex 25 24.7674 0
      vertex 25 8 0
    endloop
  endfacet
  facet normal 0 0 -1
    outer loop
      vertex 14.8884 14.6558 0
      vertex 22.8436 8.10594 0
      vertex 20.708 8.42272 0
    endloop
  endfacet
  facet normal 0 0 -1
    outer loop
      vertex 14.8884 14.6558 0
      vertex 20.708 8.42272 0
      vertex 18.6137 8.94731 0
    endloop
  endfacet
  facet normal 0 0 -1
    outer loop
      vertex 14.8884 14.6558 0
      vertex 18.6137 8.94731 0
      vertex 16.581 9.67465 0
    endloop
  endfacet
  facet normal 0 0 -1
    outer loop
      vertex 22.8436 8.10594 0
      vertex 14.8884 14.6558 0
      vertex 25 24.7674 0
    endloop
  endfacet
  facet normal 0 0 -1
    outer loop
      vertex 14.6293 10.5977 0
      vertex 14.8884 14.6558 0
      vertex 16.581 9.67465 0
    endloop
  endfacet
  facet normal 0 0 -1
    outer loop
      vertex 12.7775 11.7077 0
      vertex 14.8884 14.6558 0
      vertex 14.6293 10.5977 0
    endloop
  endfacet
  facet normal 0 0 -1
    outer loop
      vertex 11.0433 12.9938 0
      vertex 14.8884 14.6558 0
      vertex 12.7775 11.7077 0
    endloop
  endfacet
  facet normal 0 0 -1
    outer loop
      vertex 9.44365 14.4437 0
      vertex 14.8884 14.6558 0
      vertex 11.0433 12.9938 0
    endloop
  endfacet
  facet normal 0 0 -1
    outer loop
      vertex 7.99377 16.0433 0
      vertex 9.65578 19.8884 0
      vertex 9.44365 14.4437 0
    endloop
  endfacet
  facet normal -0 0 -1
    outer loop
      vertex 14.8884 14.6558 0
      vertex 9.44365 14.4437 0
      vertex 9.65578 19.8884 0
    endloop
  endfacet
  facet normal -0 0 -1
    outer loop
      vertex 42.0062 43.9566 0
      vertex 40.3442 40.1116 0
      vertex 40.5564 45.5564 0
    endloop
  endfacet
  facet normal 0 0 -1
    outer loop
      vertex 35.1116 45.3442 0
      vertex 40.5564 45.5564 0
      vertex 40.3442 40.1116 0
    endloop
  endfacet
  facet normal -0 0 -1
    outer loop
      vertex 40.5564 45.5564 0
      vertex 35.1116 45.3442 0
      vertex 38.9566 47.0062 0
    endloop
  endfacet
  facet normal -0 0 -1
    outer loop
      vertex 38.9566 47.0062 0
      vertex 35.1116 45.3442 0
      vertex 37.2225 48.2923 0
    endloop
  endfacet
  facet normal -0 0 -1
    outer loop
      vertex 37.2225 48.2923 0
      vertex 35.1116 45.3442 0
      vertex 35.3707 49.4023 0
    endloop
  endfacet
  facet normal 0 0 -1
    outer loop
      vertex 35.1116 45.3442 0
      vertex 33.419 50.3253 0
      vertex 35.3707 49.4023 0
    endloop
  endfacet
  facet normal 0 0 -1
    outer loop
      vertex 35.1116 45.3442 0
      vertex 31.3863 51.0527 0
      vertex 33.419 50.3253 0
    endloop
  endfacet
  facet normal 0 0 -1
    outer loop
      vertex 35.1116 45.3442 0
      vertex 29.292 51.5773 0
      vertex 31.3863 51.0527 0
    endloop
  endfacet
  facet normal 0 0 -1
    outer loop
      vertex 35.1116 45.3442 0
      vertex 27.1564 51.8941 0
      vertex 29.292 51.5773 0
    endloop
  endfacet
  facet normal 0 0 -1
    outer loop
      vertex 25 35.2326 0
      vertex 27.1564 51.8941 0
      vertex 35.1116 45.3442 0
    endloop
  endfacet
  facet normal 0 0 -1
    outer loop
      vertex 25 35.2326 0
      vertex 25 52 0
      vertex 27.1564 51.8941 0
    endloop
  endfacet
  facet normal 0 0 -1
    outer loop
      vertex 25 35.2326 0
      vertex 22.8436 51.8941 0
      vertex 25 52 0
    endloop
  endfacet
  facet normal 0 0 -1
    outer loop
      vertex 14.8884 45.3442 0
      vertex 22.8436 51.8941 0
      vertex 25 35.2326 0
    endloop
  endfacet
  facet normal 0 0 -1
    outer loop
      vertex 22.8436 51.8941 0
      vertex 14.8884 45.3442 0
      vertex 20.708 51.5773 0
    endloop
  endfacet
  facet normal 0 0 -1
    outer loop
      vertex 20.708 51.5773 0
      vertex 14.8884 45.3442 0
      vertex 18.6137 51.0527 0
    endloop
  endfacet
  facet normal 0 0 -1
    outer loop
      vertex 18.6137 51.0527 0
      vertex 14.8884 45.3442 0
      vertex 16.581 50.3253 0
    endloop
  endfacet
  facet normal 0 0 -1
    outer loop
      vertex 14.8884 45.3442 0
      vertex 14.6293 49.4023 0
      vertex 16.581 50.3253 0
    endloop
  endfacet
  facet normal 0 0 -1
    outer loop
      vertex 14.8884 45.3442 0
      vertex 12.7775 48.2923 0
      vertex 14.6293 49.4023 0
    endloop
  endfacet
  facet normal 0 0 -1
    outer loop
      vertex 14.8884 45.3442 0
      vertex 11.0433 47.0062 0
      vertex 12.7775 48.2923 0
    endloop
  endfacet
  facet normal 0 0 -1
    outer loop
      vertex 9.44365 45.5564 0
      vertex 14.8884 45.3442 0
      vertex 9.65578 40.1116 0
    endloop
  endfacet
  facet normal 0 0 -1
    outer loop
      vertex 14.8884 45.3442 0
      vertex 9.44365 45.5564 0
      vertex 11.0433 47.0062 0
    endloop
  endfacet
  facet normal 0 0 -1
    outer loop
      vertex 6.70767 17.7775 0
      vertex 9.65578 19.8884 0
      vertex 7.99377 16.0433 0
    endloop
  endfacet
  facet normal 0 0 -1
    outer loop
      vertex 5.59773 19.6293 0
      vertex 9.65578 19.8884 0
      vertex 6.70767 17.7775 0
    endloop
  endfacet
  facet normal 0 0 -1
    outer loop
      vertex 9.65578 40.1116 0
      vertex 7.99377 43.9566 0
      vertex 9.44365 45.5564 0
    endloop
  endfacet
  facet normal 0 0 -1
    outer loop
      vertex 4.67465 21.581 0
      vertex 9.65578 19.8884 0
      vertex 5.59773 19.6293 0
    endloop
  endfacet
  facet normal 0 0 -1
    outer loop
      vertex 9.65578 40.1116 0
      vertex 6.70767 42.2225 0
      vertex 7.99377 43.9566 0
    endloop
  endfacet
  facet normal 0 0 -1
    outer loop
      vertex 3.94731 23.6137 0
      vertex 9.65578 19.8884 0
      vertex 4.67465 21.581 0
    endloop
  endfacet
  facet normal 0 0 -1
    outer loop
      vertex 9.65578 40.1116 0
      vertex 5.59773 40.3707 0
      vertex 6.70767 42.2225 0
    endloop
  endfacet
  facet normal 0 0 -1
    outer loop
      vertex 3.42272 25.708 0
      vertex 9.65578 19.8884 0
      vertex 3.94731 23.6137 0
    endloop
  endfacet
  facet normal -0 0 -1
    outer loop
      vertex 9.65578 40.1116 0
      vertex 4.67465 38.419 0
      vertex 5.59773 40.3707 0
    endloop
  endfacet
  facet normal 0 0 -1
    outer loop
      vertex 3.10594 27.8436 0
      vertex 9.65578 19.8884 0
      vertex 3.42272 25.708 0
    endloop
  endfacet
  facet normal 0 0 -1
    outer loop
      vertex 9.65578 40.1116 0
      vertex 3.94731 36.3863 0
      vertex 4.67465 38.419 0
    endloop
  endfacet
  facet normal 0 0 -1
    outer loop
      vertex 3 30 0
      vertex 9.65578 19.8884 0
      vertex 3.10594 27.8436 0
    endloop
  endfacet
  facet normal 0 0 -1
    outer loop
      vertex 9.65578 40.1116 0
      vertex 3.42272 34.292 0
      vertex 3.94731 36.3863 0
    endloop
  endfacet
  facet normal 0 0 -1
    outer loop
      vertex 9.65578 19.8884 0
      vertex 3 30 0
      vertex 9.65578 40.1116 0
    endloop
  endfacet
  facet normal 0 0 -1
    outer loop
      vertex 9.65578 40.1116 0
      vertex 3.10594 32.1564 0
      vertex 3.42272 34.292 0
    endloop
  endfacet
  facet normal 0 0 -1
    outer loop
      vertex 9.65578 40.1116 0
      vertex 3 30 0
      vertex 3.10594 32.1564 0
    endloop
  endfacet
  facet normal -0 0 -1
    outer loop
      vertex 19.7674 30 0
      vertex 9.65578 19.8884 0
      vertex 9.65578 40.1116 0
    endloop
  endfacet
  facet normal -0 0 1
    outer loop
      vertex 43 42 4
      vertex 44 41.0419 4
      vertex 43.2923 42.2225 4
    endloop
  endfacet
  facet normal 0 0 1
    outer loop
      vertex 44 41.0419 4
      vertex 43 42 4
      vertex 44 18.9581 4
    endloop
  endfacet
  facet normal 0 0 1
    outer loop
      vertex 43 18 4
      vertex 44 18.9581 4
      vertex 43 42 4
    endloop
  endfacet
  facet normal 0 0 1
    outer loop
      vertex 42.0062 43.9566 4
      vertex 43 42 4
      vertex 43.2923 42.2225 4
    endloop
  endfacet
  facet normal 0 0 1
    outer loop
      vertex 40.5564 45.5564 4
      vertex 43 42 4
      vertex 42.0062 43.9566 4
    endloop
  endfacet
  facet normal 0 0 1
    outer loop
      vertex 28 42 4
      vertex 40.5564 45.5564 4
      vertex 38.9566 47.0062 4
    endloop
  endfacet
  facet normal 0 0 1
    outer loop
      vertex 28 42 4
      vertex 38.9566 47.0062 4
      vertex 37.2225 48.2923 4
    endloop
  endfacet
  facet normal 0 0 1
    outer loop
      vertex 28 42 4
      vertex 37.2225 48.2923 4
      vertex 35.3707 49.4023 4
    endloop
  endfacet
  facet normal 0 0 1
    outer loop
      vertex 28 42 4
      vertex 35.3707 49.4023 4
      vertex 33.419 50.3253 4
    endloop
  endfacet
  facet normal 0 0 1
    outer loop
      vertex 28 42 4
      vertex 33.419 50.3253 4
      vertex 31.3863 51.0527 4
    endloop
  endfacet
  facet normal 0 0 1
    outer loop
      vertex 28 42 4
      vertex 31.3863 51.0527 4
      vertex 29.292 51.5773 4
    endloop
  endfacet
  facet normal 0 0 1
    outer loop
      vertex 40.5564 45.5564 4
      vertex 28 42 4
      vertex 43 42 4
    endloop
  endfacet
  facet normal 0 0 1
    outer loop
      vertex 14.6293 49.4023 4
      vertex 28 40 4
      vertex 28 42 4
    endloop
  endfacet
  facet normal 0 0 1
    outer loop
      vertex 28 40 4
      vertex 27.3 30 4
      vertex 28 20 4
    endloop
  endfacet
  facet normal -0 0 1
    outer loop
      vertex 27.2889 29.7746 4
      vertex 28 20 4
      vertex 27.3 30 4
    endloop
  endfacet
  facet normal 0 0 1
    outer loop
      vertex 28 40 4
      vertex 27.2889 30.2254 4
      vertex 27.3 30 4
    endloop
  endfacet
  facet normal 0 0 1
    outer loop
      vertex 28 40 4
      vertex 27.2558 30.4487 4
      vertex 27.2889 30.2254 4
    endloop
  endfacet
  facet normal 0 0 1
    outer loop
      vertex 28 40 4
      vertex 27.201 30.6677 4
      vertex 27.2558 30.4487 4
    endloop
  endfacet
  facet normal 0 0 1
    outer loop
      vertex 27.1564 51.8941 4
      vertex 28 42 4
      vertex 29.292 51.5773 4
    endloop
  endfacet
  facet normal 0 0 1
    outer loop
      vertex 25 52 4
      vertex 28 42 4
      vertex 27.1564 51.8941 4
    endloop
  endfacet
  facet normal 0 0 1
    outer loop
      vertex 28 40 4
      vertex 27.1249 30.8802 4
      vertex 27.201 30.6677 4
    endloop
  endfacet
  facet normal 0 0 1
    outer loop
      vertex 28 40 4
      vertex 27.0284 31.0842 4
      vertex 27.1249 30.8802 4
    endloop
  endfacet
  facet normal 0 0 1
    outer loop
      vertex 28 40 4
      vertex 26.9124 31.2778 4
      vertex 27.0284 31.0842 4
    endloop
  endfacet
  facet normal 0 0 1
    outer loop
      vertex 28 40 4
      vertex 26.7779 31.4591 4
      vertex 26.9124 31.2778 4
    endloop
  endfacet
  facet normal 0 0 1
    outer loop
      vertex 28 40 4
      vertex 26.6263 31.6263 4
      vertex 26.7779 31.4591 4
    endloop
  endfacet
  facet normal 0 0 1
    outer loop
      vertex 28 40 4
      vertex 26.4591 31.7779 4
      vertex 26.6263 31.6263 4
    endloop
  endfacet
  facet normal 0 0 1
    outer loop
      vertex 28 40 4
      vertex 26.2778 31.9124 4
      vertex 26.4591 31.7779 4
    endloop
  endfacet
  facet normal 0 0 1
    outer loop
      vertex 28 40 4
      vertex 26.0842 32.0284 4
      vertex 26.2778 31.9124 4
    endloop
  endfacet
  facet normal 0 0 1
    outer loop
      vertex 28 40 4
      vertex 25.8802 32.1249 4
      vertex 26.0842 32.0284 4
    endloop
  endfacet
  facet normal 0 0 1
    outer loop
      vertex 28 40 4
      vertex 25.6677 32.201 4
      vertex 25.8802 32.1249 4
    endloop
  endfacet
  facet normal 0 0 1
    outer loop
      vertex 28 40 4
      vertex 25.4487 32.2558 4
      vertex 25.6677 32.201 4
    endloop
  endfacet
  facet normal 0 0 1
    outer loop
      vertex 28 40 4
      vertex 25.2254 32.2889 4
      vertex 25.4487 32.2558 4
    endloop
  endfacet
  facet normal -0 0 1
    outer loop
      vertex 22.8436 51.8941 4
      vertex 28 42 4
      vertex 25 52 4
    endloop
  endfacet
  facet normal 0 0 1
    outer loop
      vertex 28 40 4
      vertex 25 32.3 4
      vertex 25.2254 32.2889 4
    endloop
  endfacet
  facet normal 0 0 1
    outer loop
      vertex 28 40 4
      vertex 24.7746 32.2889 4
      vertex 25 32.3 4
    endloop
  endfacet
  facet normal -0 0 1
    outer loop
      vertex 20.708 51.5773 4
      vertex 28 42 4
      vertex 22.8436 51.8941 4
    endloop
  endfacet
  facet normal 0 0 1
    outer loop
      vertex 28 40 4
      vertex 24.5513 32.2558 4
      vertex 24.7746 32.2889 4
    endloop
  endfacet
  facet normal -0 0 1
    outer loop
      vertex 18.6137 51.0527 4
      vertex 28 42 4
      vertex 20.708 51.5773 4
    endloop
  endfacet
  facet normal 0 0 1
    outer loop
      vertex 28 40 4
      vertex 24.3323 32.201 4
      vertex 24.5513 32.2558 4
    endloop
  endfacet
  facet normal -0 0 1
    outer loop
      vertex 16.581 50.3253 4
      vertex 28 42 4
      vertex 18.6137 51.0527 4
    endloop
  endfacet
  facet normal 0 0 1
    outer loop
      vertex 28 40 4
      vertex 24.1198 32.1249 4
      vertex 24.3323 32.201 4
    endloop
  endfacet
  facet normal -0 0 1
    outer loop
      vertex 14.6293 49.4023 4
      vertex 28 42 4
      vertex 16.581 50.3253 4
    endloop
  endfacet
  facet normal 0 0 1
    outer loop
      vertex 28 40 4
      vertex 23.9158 32.0284 4
      vertex 24.1198 32.1249 4
    endloop
  endfacet
  facet normal 0 0 1
    outer loop
      vertex 28 40 4
      vertex 14.6293 49.4023 4
      vertex 12.7775 48.2923 4
    endloop
  endfacet
  facet normal 0 0 1
    outer loop
      vertex 28 40 4
      vertex 23.7222 31.9124 4
      vertex 23.9158 32.0284 4
    endloop
  endfacet
  facet normal 0 0 1
    outer loop
      vertex 28 40 4
      vertex 12.7775 48.2923 4
      vertex 23.7222 31.9124 4
    endloop
  endfacet
  facet normal 0 0 1
    outer loop
      vertex 23.7222 31.9124 4
      vertex 12.7775 48.2923 4
      vertex 23.5409 31.7779 4
    endloop
  endfacet
  facet normal -0 0 1
    outer loop
      vertex 11.0433 47.0062 4
      vertex 23.5409 31.7779 4
      vertex 12.7775 48.2923 4
    endloop
  endfacet
  facet normal 0 0 1
    outer loop
      vertex 23.5409 31.7779 4
      vertex 11.0433 47.0062 4
      vertex 23.3737 31.6263 4
    endloop
  endfacet
  facet normal -0 0 1
    outer loop
      vertex 9.44365 45.5564 4
      vertex 23.3737 31.6263 4
      vertex 11.0433 47.0062 4
    endloop
  endfacet
  facet normal 0 0 1
    outer loop
      vertex 23.3737 31.6263 4
      vertex 9.44365 45.5564 4
      vertex 23.2221 31.4591 4
    endloop
  endfacet
  facet normal -0 0 1
    outer loop
      vertex 7.99377 43.9566 4
      vertex 23.2221 31.4591 4
      vertex 9.44365 45.5564 4
    endloop
  endfacet
  facet normal 0 0 1
    outer loop
      vertex 44 18.9581 4
      vertex 43 18 4
      vertex 43.2923 17.7775 4
    endloop
  endfacet
  facet normal 0 0 1
    outer loop
      vertex 43 18 4
      vertex 42.0062 16.0433 4
      vertex 43.2923 17.7775 4
    endloop
  endfacet
  facet normal 0 0 1
    outer loop
      vertex 43 18 4
      vertex 40.5564 14.4437 4
      vertex 42.0062 16.0433 4
    endloop
  endfacet
  facet normal -0 0 1
    outer loop
      vertex 28 18 4
      vertex 40.5564 14.4437 4
      vertex 43 18 4
    endloop
  endfacet
  facet normal 0 0 1
    outer loop
      vertex 40.5564 14.4437 4
      vertex 28 18 4
      vertex 38.9566 12.9938 4
    endloop
  endfacet
  facet normal 0 0 1
    outer loop
      vertex 38.9566 12.9938 4
      vertex 28 18 4
      vertex 37.2225 11.7077 4
    endloop
  endfacet
  facet normal 0 0 1
    outer loop
      vertex 37.2225 11.7077 4
      vertex 28 18 4
      vertex 35.3707 10.5977 4
    endloop
  endfacet
  facet normal 0 0 1
    outer loop
      vertex 35.3707 10.5977 4
      vertex 28 18 4
      vertex 33.419 9.67465 4
    endloop
  endfacet
  facet normal 0 0 1
    outer loop
      vertex 33.419 9.67465 4
      vertex 28 18 4
      vertex 31.3863 8.94731 4
    endloop
  endfacet
  facet normal 0 0 1
    outer loop
      vertex 31.3863 8.94731 4
      vertex 28 18 4
      vertex 29.292 8.42272 4
    endloop
  endfacet
  facet normal -0 0 1
    outer loop
      vertex 27.2558 29.5513 4
      vertex 28 20 4
      vertex 27.2889 29.7746 4
    endloop
  endfacet
  facet normal -0 0 1
    outer loop
      vertex 27.201 29.3323 4
      vertex 28 20 4
      vertex 27.2558 29.5513 4
    endloop
  endfacet
  facet normal -0 0 1
    outer loop
      vertex 27.1249 29.1198 4
      vertex 28 20 4
      vertex 27.201 29.3323 4
    endloop
  endfacet
  facet normal 0 0 1
    outer loop
      vertex 28 18 4
      vertex 27.1564 8.10594 4
      vertex 29.292 8.42272 4
    endloop
  endfacet
  facet normal -0 0 1
    outer loop
      vertex 27.0284 28.9158 4
      vertex 28 20 4
      vertex 27.1249 29.1198 4
    endloop
  endfacet
  facet normal -0 0 1
    outer loop
      vertex 26.9124 28.7222 4
      vertex 28 20 4
      vertex 27.0284 28.9158 4
    endloop
  endfacet
  facet normal -0 0 1
    outer loop
      vertex 26.7779 28.5409 4
      vertex 28 20 4
      vertex 26.9124 28.7222 4
    endloop
  endfacet
  facet normal -0 0 1
    outer loop
      vertex 26.6263 28.3737 4
      vertex 28 20 4
      vertex 26.7779 28.5409 4
    endloop
  endfacet
  facet normal -0 0 1
    outer loop
      vertex 26.4591 28.2221 4
      vertex 28 20 4
      vertex 26.6263 28.3737 4
    endloop
  endfacet
  facet normal -0 0 1
    outer loop
      vertex 26.2778 28.0876 4
      vertex 28 20 4
      vertex 26.4591 28.2221 4
    endloop
  endfacet
  facet normal -0 0 1
    outer loop
      vertex 26.0842 27.9716 4
      vertex 28 20 4
      vertex 26.2778 28.0876 4
    endloop
  endfacet
  facet normal -0 0 1
    outer loop
      vertex 25.8802 27.8751 4
      vertex 28 20 4
      vertex 26.0842 27.9716 4
    endloop
  endfacet
  facet normal -0 0 1
    outer loop
      vertex 25.6677 27.799 4
      vertex 28 20 4
      vertex 25.8802 27.8751 4
    endloop
  endfacet
  facet normal -0 0 1
    outer loop
      vertex 25.4487 27.7442 4
      vertex 28 20 4
      vertex 25.6677 27.799 4
    endloop
  endfacet
  facet normal -0 0 1
    outer loop
      vertex 25.2254 27.7111 4
      vertex 28 20 4
      vertex 25.4487 27.7442 4
    endloop
  endfacet
  facet normal -0 0 1
    outer loop
      vertex 25 27.7 4
      vertex 28 20 4
      vertex 25.2254 27.7111 4
    endloop
  endfacet
  facet normal 0 0 1
    outer loop
      vertex 24.7746 27.7111 4
      vertex 28 20 4
      vertex 25 27.7 4
    endloop
  endfacet
  facet normal 0 0 1
    outer loop
      vertex 24.5513 27.7442 4
      vertex 28 20 4
      vertex 24.7746 27.7111 4
    endloop
  endfacet
  facet normal 0 0 1
    outer loop
      vertex 28 18 4
      vertex 25 8 4
      vertex 27.1564 8.10594 4
    endloop
  endfacet
  facet normal 0 0 1
    outer loop
      vertex 24.3323 27.799 4
      vertex 28 20 4
      vertex 24.5513 27.7442 4
    endloop
  endfacet
  facet normal 0 0 1
    outer loop
      vertex 24.1198 27.8751 4
      vertex 28 20 4
      vertex 24.3323 27.799 4
    endloop
  endfacet
  facet normal 0 0 1
    outer loop
      vertex 23.9158 27.9716 4
      vertex 28 20 4
      vertex 24.1198 27.8751 4
    endloop
  endfacet
  facet normal 0 0 1
    outer loop
      vertex 23.7222 28.0876 4
      vertex 28 20 4
      vertex 23.9158 27.9716 4
    endloop
  endfacet
  facet normal 0 0 1
    outer loop
      vertex 12.7775 11.7077 4
      vertex 28 20 4
      vertex 23.7222 28.0876 4
    endloop
  endfacet
  facet normal 0 -0 1
    outer loop
      vertex 14.6293 10.5977 4
      vertex 28 20 4
      vertex 12.7775 11.7077 4
    endloop
  endfacet
  facet normal 0 0 1
    outer loop
      vertex 12.7775 11.7077 4
      vertex 23.7222 28.0876 4
      vertex 23.5409 28.2221 4
    endloop
  endfacet
  facet normal 0 0 1
    outer loop
      vertex 11.0433 12.9938 4
      vertex 23.5409 28.2221 4
      vertex 23.3737 28.3737 4
    endloop
  endfacet
  facet normal 0 0 1
    outer loop
      vertex 9.44365 14.4437 4
      vertex 23.3737 28.3737 4
      vertex 23.2221 28.5409 4
    endloop
  endfacet
  facet normal 0 0 1
    outer loop
      vertex 7.99377 16.0433 4
      vertex 23.2221 28.5409 4
      vertex 23.0876 28.7222 4
    endloop
  endfacet
  facet normal 0 0 1
    outer loop
      vertex 6.70767 17.7775 4
      vertex 23.0876 28.7222 4
      vertex 22.9716 28.9158 4
    endloop
  endfacet
  facet normal 0 0 1
    outer loop
      vertex 5.59773 19.6293 4
      vertex 22.9716 28.9158 4
      vertex 22.8751 29.1198 4
    endloop
  endfacet
  facet normal 0 0 1
    outer loop
      vertex 28 18 4
      vertex 22.8436 8.10594 4
      vertex 25 8 4
    endloop
  endfacet
  facet normal 0 0 1
    outer loop
      vertex 4.67465 21.581 4
      vertex 22.8751 29.1198 4
      vertex 22.799 29.3323 4
    endloop
  endfacet
  facet normal 0 0 1
    outer loop
      vertex 3.94731 23.6137 4
      vertex 22.799 29.3323 4
      vertex 22.7442 29.5513 4
    endloop
  endfacet
  facet normal 0 0 1
    outer loop
      vertex 3.42272 25.708 4
      vertex 22.7442 29.5513 4
      vertex 22.7111 29.7746 4
    endloop
  endfacet
  facet normal 0 0 1
    outer loop
      vertex 3.10594 27.8436 4
      vertex 22.7111 29.7746 4
      vertex 22.7 30 4
    endloop
  endfacet
  facet normal 0 0 1
    outer loop
      vertex 23.2221 31.4591 4
      vertex 7.99377 43.9566 4
      vertex 23.0876 31.2778 4
    endloop
  endfacet
  facet normal 0 0 1
    outer loop
      vertex 28 18 4
      vertex 20.708 8.42272 4
      vertex 22.8436 8.10594 4
    endloop
  endfacet
  facet normal -0 0 1
    outer loop
      vertex 6.70767 42.2225 4
      vertex 23.0876 31.2778 4
      vertex 7.99377 43.9566 4
    endloop
  endfacet
  facet normal 0 0 1
    outer loop
      vertex 28 18 4
      vertex 18.6137 8.94731 4
      vertex 20.708 8.42272 4
    endloop
  endfacet
  facet normal 0 0 1
    outer loop
      vertex 23.0876 31.2778 4
      vertex 6.70767 42.2225 4
      vertex 22.9716 31.0842 4
    endloop
  endfacet
  facet normal 0 0 1
    outer loop
      vertex 28 18 4
      vertex 16.581 9.67465 4
      vertex 18.6137 8.94731 4
    endloop
  endfacet
  facet normal -0 0 1
    outer loop
      vertex 5.59773 40.3707 4
      vertex 22.9716 31.0842 4
      vertex 6.70767 42.2225 4
    endloop
  endfacet
  facet normal 0 0 1
    outer loop
      vertex 28 18 4
      vertex 14.6293 10.5977 4
      vertex 16.581 9.67465 4
    endloop
  endfacet
  facet normal 0 0 1
    outer loop
      vertex 22.9716 31.0842 4
      vertex 5.59773 40.3707 4
      vertex 22.8751 30.8802 4
    endloop
  endfacet
  facet normal 0 0 1
    outer loop
      vertex 28 20 4
      vertex 14.6293 10.5977 4
      vertex 28 18 4
    endloop
  endfacet
  facet normal -0 0 1
    outer loop
      vertex 4.67465 38.419 4
      vertex 22.8751 30.8802 4
      vertex 5.59773 40.3707 4
    endloop
  endfacet
  facet normal 0 0 1
    outer loop
      vertex 23.5409 28.2221 4
      vertex 11.0433 12.9938 4
      vertex 12.7775 11.7077 4
    endloop
  endfacet
  facet normal 0 0 1
    outer loop
      vertex 22.8751 30.8802 4
      vertex 4.67465 38.419 4
      vertex 22.799 30.6677 4
    endloop
  endfacet
  facet normal 0 0 1
    outer loop
      vertex 23.3737 28.3737 4
      vertex 9.44365 14.4437 4
      vertex 11.0433 12.9938 4
    endloop
  endfacet
  facet normal -0 0 1
    outer loop
      vertex 3.94731 36.3863 4
      vertex 22.799 30.6677 4
      vertex 4.67465 38.419 4
    endloop
  endfacet
  facet normal 0 0 1
    outer loop
      vertex 23.2221 28.5409 4
      vertex 7.99377 16.0433 4
      vertex 9.44365 14.4437 4
    endloop
  endfacet
  facet normal 0 0 1
    outer loop
      vertex 22.799 30.6677 4
      vertex 3.94731 36.3863 4
      vertex 22.7442 30.4487 4
    endloop
  endfacet
  facet normal 0 0 1
    outer loop
      vertex 23.0876 28.7222 4
      vertex 6.70767 17.7775 4
      vertex 7.99377 16.0433 4
    endloop
  endfacet
  facet normal -0 0 1
    outer loop
      vertex 3.42272 34.292 4
      vertex 22.7442 30.4487 4
      vertex 3.94731 36.3863 4
    endloop
  endfacet
  facet normal 0 0 1
    outer loop
      vertex 22.9716 28.9158 4
      vertex 5.59773 19.6293 4
      vertex 6.70767 17.7775 4
    endloop
  endfacet
  facet normal 0 0 1
    outer loop
      vertex 22.7442 30.4487 4
      vertex 3.42272 34.292 4
      vertex 22.7111 30.2254 4
    endloop
  endfacet
  facet normal 0 0 1
    outer loop
      vertex 22.8751 29.1198 4
      vertex 4.67465 21.581 4
      vertex 5.59773 19.6293 4
    endloop
  endfacet
  facet normal -0 0 1
    outer loop
      vertex 3.10594 32.1564 4
      vertex 22.7111 30.2254 4
      vertex 3.42272 34.292 4
    endloop
  endfacet
  facet normal 0 0 1
    outer loop
      vertex 22.799 29.3323 4
      vertex 3.94731 23.6137 4
      vertex 4.67465 21.581 4
    endloop
  endfacet
  facet normal 0 0 1
    outer loop
      vertex 22.7111 30.2254 4
      vertex 3.10594 32.1564 4
      vertex 22.7 30 4
    endloop
  endfacet
  facet normal 0 0 1
    outer loop
      vertex 22.7442 29.5513 4
      vertex 3.42272 25.708 4
      vertex 3.94731 23.6137 4
    endloop
  endfacet
  facet normal 0 0 1
    outer loop
      vertex 3 30 4
      vertex 22.7 30 4
      vertex 3.10594 32.1564 4
    endloop
  endfacet
  facet normal 0 0 1
    outer loop
      vertex 22.7111 29.7746 4
      vertex 3.10594 27.8436 4
      vertex 3.42272 25.708 4
    endloop
  endfacet
  facet normal 0 0 1
    outer loop
      vertex 22.7 30 4
      vertex 3 30 4
      vertex 3.10594 27.8436 4
    endloop
  endfacet
  facet normal -0 0 1
    outer loop
      vertex 28 40 4
      vertex 39 20 4
      vertex 39 40 4
    endloop
  endfacet
  facet normal 0 0 1
    outer loop
      vertex 39 20 4
      vertex 28 40 4
      vertex 28 20 4
    endloop
  endfacet
  facet normal 1 -0 0
    outer loop
      vertex 44 18.9581 4
      vertex 44 41.0419 0
      vertex 44 41.0419 4
    endloop
  endfacet
  facet normal 1 0 0
    outer loop
      vertex 44 41.0419 0
      vertex 44 18.9581 4
      vertex 44 18.9581 0
    endloop
  endfacet
  facet normal -0.945149 0 0.326641
    outer loop
      vertex 28 18 4
      vertex 38.99 20 35.8
      vertex 28 20 4
    endloop
  endfacet
  facet normal -0.945149 0 0.326641
    outer loop
      vertex 38.99 20 35.8
      vertex 28 18 4
      vertex 38.99 18 35.8
    endloop
  endfacet
  facet normal 0 1 -0
    outer loop
      vertex 39 20 4
      vertex 38.99 20 35.8
      vertex 39 20 35.8
    endloop
  endfacet
  facet normal 0 1 0
    outer loop
      vertex 38.99 20 35.8
      vertex 39 20 4
      vertex 28 20 4
    endloop
  endfacet
  facet normal -0 0 1
    outer loop
      vertex 38.99 20 35.8
      vertex 39 18 35.8
      vertex 39 20 35.8
    endloop
  endfacet
  facet normal 0 0 1
    outer loop
      vertex 39 18 35.8
      vertex 38.99 20 35.8
      vertex 38.99 18 35.8
    endloop
  endfacet
  facet normal -1 0 0
    outer loop
      vertex 39 40 4
      vertex 39 36.9148 9.18523
      vertex 39 40 35.8
    endloop
  endfacet
  facet normal -1 0 0
    outer loop
      vertex 39 40 4
      vertex 39 23.0852 9.18523
      vertex 39 36.9148 9.18523
    endloop
  endfacet
  facet normal -1 0 0
    outer loop
      vertex 39 20 35.8
      vertex 39 23.0852 9.18523
      vertex 39 20 4
    endloop
  endfacet
  facet normal -1 0 0
    outer loop
      vertex 39 20 4
      vertex 39 23.0852 9.18523
      vertex 39 40 4
    endloop
  endfacet
  facet normal -1 0 0
    outer loop
      vertex 39 40 35.8
      vertex 39 42 39.8
      vertex 39 42 35.8
    endloop
  endfacet
  facet normal -1 0 0
    outer loop
      vertex 39 36.9148 33.6148
      vertex 39 40 35.8
      vertex 39 36.9148 9.18523
    endloop
  endfacet
  facet normal -1 0 0
    outer loop
      vertex 39 36.9148 33.6148
      vertex 39 42 39.8
      vertex 39 40 35.8
    endloop
  endfacet
  facet normal -1 0 0
    outer loop
      vertex 39 23.0852 33.6148
      vertex 39 42 39.8
      vertex 39 36.9148 33.6148
    endloop
  endfacet
  facet normal -1 0 0
    outer loop
      vertex 39 23.0852 9.18523
      vertex 39 20 35.8
      vertex 39 23.0852 33.6148
    endloop
  endfacet
  facet normal -1 0 0
    outer loop
      vertex 39 18 39.8
      vertex 39 23.0852 33.6148
      vertex 39 20 35.8
    endloop
  endfacet
  facet normal -1 0 0
    outer loop
      vertex 39 18 39.8
      vertex 39 20 35.8
      vertex 39 18 35.8
    endloop
  endfacet
  facet normal -1 0 0
    outer loop
      vertex 39 23.0852 33.6148
      vertex 39 18 39.8
      vertex 39 42 39.8
    endloop
  endfacet
  facet normal 0 -1 0
    outer loop
      vertex 43 18 4
      vertex 38.99 18 35.8
      vertex 28 18 4
    endloop
  endfacet
  facet normal 0 -1 0
    outer loop
      vertex 39 18 35.8
      vertex 43 18 39.8
      vertex 39 18 39.8
    endloop
  endfacet
  facet normal 0 -1 0
    outer loop
      vertex 38.99 18 35.8
      vertex 43 18 4
      vertex 39 18 35.8
    endloop
  endfacet
  facet normal 0 -1 0
    outer loop
      vertex 39 18 35.8
      vertex 43 18 4
      vertex 43 18 39.8
    endloop
  endfacet
  facet normal -0.945149 0 0.326641
    outer loop
      vertex 28 40 4
      vertex 38.99 42 35.8
      vertex 28 42 4
    endloop
  endfacet
  facet normal -0.945149 0 0.326641
    outer loop
      vertex 38.99 42 35.8
      vertex 28 40 4
      vertex 38.99 40 35.8
    endloop
  endfacet
  facet normal 0 1 0
    outer loop
      vertex 43 42 39.8
      vertex 39 42 35.8
      vertex 39 42 39.8
    endloop
  endfacet
  facet normal 0 1 -0
    outer loop
      vertex 43 42 4
      vertex 39 42 35.8
      vertex 43 42 39.8
    endloop
  endfacet
  facet normal 0 1 0
    outer loop
      vertex 43 42 4
      vertex 38.99 42 35.8
      vertex 39 42 35.8
    endloop
  endfacet
  facet normal 0 1 0
    outer loop
      vertex 38.99 42 35.8
      vertex 43 42 4
      vertex 28 42 4
    endloop
  endfacet
  facet normal 0 -1 0
    outer loop
      vertex 39 40 4
      vertex 38.99 40 35.8
      vertex 28 40 4
    endloop
  endfacet
  facet normal 0 -1 0
    outer loop
      vertex 38.99 40 35.8
      vertex 39 40 4
      vertex 39 40 35.8
    endloop
  endfacet
  facet normal -0 0 1
    outer loop
      vertex 38.99 42 35.8
      vertex 39 40 35.8
      vertex 39 42 35.8
    endloop
  endfacet
  facet normal 0 0 1
    outer loop
      vertex 39 40 35.8
      vertex 38.99 42 35.8
      vertex 38.99 40 35.8
    endloop
  endfacet
  facet normal 1 0 0
    outer loop
      vertex 43 42 39.8
      vertex 43 36.1 32.8
      vertex 43 42 4
    endloop
  endfacet
  facet normal 1 0 0
    outer loop
      vertex 43 42 39.8
      vertex 43 23.9 32.8
      vertex 43 36.1 32.8
    endloop
  endfacet
  facet normal 1 0 0
    outer loop
      vertex 43 18 4
      vertex 43 23.9 32.8
      vertex 43 18 39.8
    endloop
  endfacet
  facet normal 1 -0 0
    outer loop
      vertex 43 18 39.8
      vertex 43 23.9 32.8
      vertex 43 42 39.8
    endloop
  endfacet
  facet normal 1 -0 0
    outer loop
      vertex 43 36.1 10
      vertex 43 42 4
      vertex 43 36.1 32.8
    endloop
  endfacet
  facet normal 1 -0 0
    outer loop
      vertex 43 23.9 10
      vertex 43 42 4
      vertex 43 36.1 10
    endloop
  endfacet
  facet normal 1 0 0
    outer loop
      vertex 43 23.9 10
      vertex 43 18 4
      vertex 43 42 4
    endloop
  endfacet
  facet normal 1 0 0
    outer loop
      vertex 43 23.9 32.8
      vertex 43 18 4
      vertex 43 23.9 10
    endloop
  endfacet
  facet normal -0 0 1
    outer loop
      vertex 39 42 39.8
      vertex 43 18 39.8
      vertex 43 42 39.8
    endloop
  endfacet
  facet normal 0 0 1
    outer loop
      vertex 43 18 39.8
      vertex 39 42 39.8
      vertex 39 18 39.8
    endloop
  endfacet
  facet normal 0 0 -1
    outer loop
      vertex 35.1116 14.6558 1.79
      vertex 30.2326 30 1.79
      vertex 40.3442 19.8884 1.79
    endloop
  endfacet
  facet normal 0 0 -1
    outer loop
      vertex 25 24.7674 1.79
      vertex 30.2326 30 1.79
      vertex 35.1116 14.6558 1.79
    endloop
  endfacet
  facet normal -0 0 -1
    outer loop
      vertex 30.2326 30 1.79
      vertex 27.2889 29.7746 1.79
      vertex 27.3 30 1.79
    endloop
  endfacet
  facet normal 0 0 -1
    outer loop
      vertex 30.2326 30 1.79
      vertex 27.2558 29.5513 1.79
      vertex 27.2889 29.7746 1.79
    endloop
  endfacet
  facet normal 0 0 -1
    outer loop
      vertex 30.2326 30 1.79
      vertex 27.201 29.3323 1.79
      vertex 27.2558 29.5513 1.79
    endloop
  endfacet
  facet normal 0 0 -1
    outer loop
      vertex 30.2326 30 1.79
      vertex 27.1249 29.1198 1.79
      vertex 27.201 29.3323 1.79
    endloop
  endfacet
  facet normal 0 0 -1
    outer loop
      vertex 30.2326 30 1.79
      vertex 27.0284 28.9158 1.79
      vertex 27.1249 29.1198 1.79
    endloop
  endfacet
  facet normal 0 0 -1
    outer loop
      vertex 30.2326 30 1.79
      vertex 26.9124 28.7222 1.79
      vertex 27.0284 28.9158 1.79
    endloop
  endfacet
  facet normal 0 0 -1
    outer loop
      vertex 30.2326 30 1.79
      vertex 26.7779 28.5409 1.79
      vertex 26.9124 28.7222 1.79
    endloop
  endfacet
  facet normal 0 -0 -1
    outer loop
      vertex 26.6263 28.3737 1.79
      vertex 30.2326 30 1.79
      vertex 25 24.7674 1.79
    endloop
  endfacet
  facet normal 0 0 -1
    outer loop
      vertex 30.2326 30 1.79
      vertex 26.6263 28.3737 1.79
      vertex 26.7779 28.5409 1.79
    endloop
  endfacet
  facet normal 0 0 -1
    outer loop
      vertex 26.6263 28.3737 1.79
      vertex 25 24.7674 1.79
      vertex 26.4591 28.2221 1.79
    endloop
  endfacet
  facet normal 0 0 -1
    outer loop
      vertex 26.4591 28.2221 1.79
      vertex 25 24.7674 1.79
      vertex 26.2778 28.0876 1.79
    endloop
  endfacet
  facet normal 0 0 -1
    outer loop
      vertex 26.2778 28.0876 1.79
      vertex 25 24.7674 1.79
      vertex 26.0842 27.9716 1.79
    endloop
  endfacet
  facet normal 0 0 -1
    outer loop
      vertex 26.0842 27.9716 1.79
      vertex 25 24.7674 1.79
      vertex 25.8802 27.8751 1.79
    endloop
  endfacet
  facet normal 0 0 -1
    outer loop
      vertex 25.8802 27.8751 1.79
      vertex 25 24.7674 1.79
      vertex 25.6677 27.799 1.79
    endloop
  endfacet
  facet normal 0 0 -1
    outer loop
      vertex 25.6677 27.799 1.79
      vertex 25 24.7674 1.79
      vertex 25.4487 27.7442 1.79
    endloop
  endfacet
  facet normal 0 0 -1
    outer loop
      vertex 25.4487 27.7442 1.79
      vertex 25 24.7674 1.79
      vertex 25.2254 27.7111 1.79
    endloop
  endfacet
  facet normal 0 0 -1
    outer loop
      vertex 25 24.7674 1.79
      vertex 25 27.7 1.79
      vertex 25.2254 27.7111 1.79
    endloop
  endfacet
  facet normal 0 0 -1
    outer loop
      vertex 25 24.7674 1.79
      vertex 24.7746 27.7111 1.79
      vertex 25 27.7 1.79
    endloop
  endfacet
  facet normal 0 0 -1
    outer loop
      vertex 25 24.7674 1.79
      vertex 24.5513 27.7442 1.79
      vertex 24.7746 27.7111 1.79
    endloop
  endfacet
  facet normal 0 0 -1
    outer loop
      vertex 25 24.7674 1.79
      vertex 24.3323 27.799 1.79
      vertex 24.5513 27.7442 1.79
    endloop
  endfacet
  facet normal 0 0 -1
    outer loop
      vertex 25 24.7674 1.79
      vertex 24.1198 27.8751 1.79
      vertex 24.3323 27.799 1.79
    endloop
  endfacet
  facet normal 0 0 -1
    outer loop
      vertex 25 24.7674 1.79
      vertex 23.9158 27.9716 1.79
      vertex 24.1198 27.8751 1.79
    endloop
  endfacet
  facet normal 0 0 -1
    outer loop
      vertex 25 24.7674 1.79
      vertex 23.7222 28.0876 1.79
      vertex 23.9158 27.9716 1.79
    endloop
  endfacet
  facet normal 0 0 -1
    outer loop
      vertex 25 24.7674 1.79
      vertex 23.5409 28.2221 1.79
      vertex 23.7222 28.0876 1.79
    endloop
  endfacet
  facet normal 0 0 -1
    outer loop
      vertex 25 24.7674 1.79
      vertex 23.3737 28.3737 1.79
      vertex 23.5409 28.2221 1.79
    endloop
  endfacet
  facet normal 0 0 -1
    outer loop
      vertex 19.7674 30 1.79
      vertex 23.3737 28.3737 1.79
      vertex 25 24.7674 1.79
    endloop
  endfacet
  facet normal 0 0 -1
    outer loop
      vertex 23.3737 28.3737 1.79
      vertex 19.7674 30 1.79
      vertex 23.2221 28.5409 1.79
    endloop
  endfacet
  facet normal 0 0 -1
    outer loop
      vertex 23.2221 28.5409 1.79
      vertex 19.7674 30 1.79
      vertex 23.0876 28.7222 1.79
    endloop
  endfacet
  facet normal 0 0 -1
    outer loop
      vertex 22.7111 29.7746 1.79
      vertex 19.7674 30 1.79
      vertex 22.7 30 1.79
    endloop
  endfacet
  facet normal 0 0 -1
    outer loop
      vertex 22.7442 29.5513 1.79
      vertex 19.7674 30 1.79
      vertex 22.7111 29.7746 1.79
    endloop
  endfacet
  facet normal 0 0 -1
    outer loop
      vertex 22.799 29.3323 1.79
      vertex 19.7674 30 1.79
      vertex 22.7442 29.5513 1.79
    endloop
  endfacet
  facet normal 0 0 -1
    outer loop
      vertex 22.8751 29.1198 1.79
      vertex 19.7674 30 1.79
      vertex 22.799 29.3323 1.79
    endloop
  endfacet
  facet normal 0 0 -1
    outer loop
      vertex 22.9716 28.9158 1.79
      vertex 19.7674 30 1.79
      vertex 22.8751 29.1198 1.79
    endloop
  endfacet
  facet normal 0 0 -1
    outer loop
      vertex 23.0876 28.7222 1.79
      vertex 19.7674 30 1.79
      vertex 22.9716 28.9158 1.79
    endloop
  endfacet
  facet normal 0 0 -1
    outer loop
      vertex 14.8884 14.6558 1.79
      vertex 19.7674 30 1.79
      vertex 25 24.7674 1.79
    endloop
  endfacet
  facet normal 0 0 -1
    outer loop
      vertex 19.7674 30 1.79
      vertex 14.8884 14.6558 1.79
      vertex 9.65578 19.8884 1.79
    endloop
  endfacet
  facet normal 0 0 -1
    outer loop
      vertex 30.2326 30 1.79
      vertex 35.1116 45.3442 1.79
      vertex 40.3442 40.1116 1.79
    endloop
  endfacet
  facet normal 0 0 -1
    outer loop
      vertex 27.2889 30.2254 1.79
      vertex 30.2326 30 1.79
      vertex 27.3 30 1.79
    endloop
  endfacet
  facet normal 0 0 -1
    outer loop
      vertex 27.2558 30.4487 1.79
      vertex 30.2326 30 1.79
      vertex 27.2889 30.2254 1.79
    endloop
  endfacet
  facet normal 0 0 -1
    outer loop
      vertex 27.201 30.6677 1.79
      vertex 30.2326 30 1.79
      vertex 27.2558 30.4487 1.79
    endloop
  endfacet
  facet normal 0 0 -1
    outer loop
      vertex 27.1249 30.8802 1.79
      vertex 30.2326 30 1.79
      vertex 27.201 30.6677 1.79
    endloop
  endfacet
  facet normal 0 0 -1
    outer loop
      vertex 27.0284 31.0842 1.79
      vertex 30.2326 30 1.79
      vertex 27.1249 30.8802 1.79
    endloop
  endfacet
  facet normal 0 0 -1
    outer loop
      vertex 26.9124 31.2778 1.79
      vertex 30.2326 30 1.79
      vertex 27.0284 31.0842 1.79
    endloop
  endfacet
  facet normal 0 0 -1
    outer loop
      vertex 26.7779 31.4591 1.79
      vertex 30.2326 30 1.79
      vertex 26.9124 31.2778 1.79
    endloop
  endfacet
  facet normal 0 0 -1
    outer loop
      vertex 26.6263 31.6263 1.79
      vertex 30.2326 30 1.79
      vertex 26.7779 31.4591 1.79
    endloop
  endfacet
  facet normal 0 0 -1
    outer loop
      vertex 30.2326 30 1.79
      vertex 26.6263 31.6263 1.79
      vertex 25 35.2326 1.79
    endloop
  endfacet
  facet normal 0 0 -1
    outer loop
      vertex 25 35.2326 1.79
      vertex 26.6263 31.6263 1.79
      vertex 26.4591 31.7779 1.79
    endloop
  endfacet
  facet normal 0 0 -1
    outer loop
      vertex 25 35.2326 1.79
      vertex 26.4591 31.7779 1.79
      vertex 26.2778 31.9124 1.79
    endloop
  endfacet
  facet normal 0 0 -1
    outer loop
      vertex 25 35.2326 1.79
      vertex 26.2778 31.9124 1.79
      vertex 26.0842 32.0284 1.79
    endloop
  endfacet
  facet normal 0 0 -1
    outer loop
      vertex 25 35.2326 1.79
      vertex 26.0842 32.0284 1.79
      vertex 25.8802 32.1249 1.79
    endloop
  endfacet
  facet normal 0 0 -1
    outer loop
      vertex 25 35.2326 1.79
      vertex 25.8802 32.1249 1.79
      vertex 25.6677 32.201 1.79
    endloop
  endfacet
  facet normal 0 0 -1
    outer loop
      vertex 25 35.2326 1.79
      vertex 25.6677 32.201 1.79
      vertex 25.4487 32.2558 1.79
    endloop
  endfacet
  facet normal 0 0 -1
    outer loop
      vertex 25 35.2326 1.79
      vertex 25.4487 32.2558 1.79
      vertex 25.2254 32.2889 1.79
    endloop
  endfacet
  facet normal 0 0 -1
    outer loop
      vertex 25 35.2326 1.79
      vertex 25.2254 32.2889 1.79
      vertex 25 32.3 1.79
    endloop
  endfacet
  facet normal 0 0 -1
    outer loop
      vertex 30.2326 30 1.79
      vertex 25 35.2326 1.79
      vertex 35.1116 45.3442 1.79
    endloop
  endfacet
  facet normal 0 0 -1
    outer loop
      vertex 24.7746 32.2889 1.79
      vertex 25 35.2326 1.79
      vertex 25 32.3 1.79
    endloop
  endfacet
  facet normal 0 0 -1
    outer loop
      vertex 24.5513 32.2558 1.79
      vertex 25 35.2326 1.79
      vertex 24.7746 32.2889 1.79
    endloop
  endfacet
  facet normal 0 0 -1
    outer loop
      vertex 24.3323 32.201 1.79
      vertex 25 35.2326 1.79
      vertex 24.5513 32.2558 1.79
    endloop
  endfacet
  facet normal 0 0 -1
    outer loop
      vertex 24.1198 32.1249 1.79
      vertex 25 35.2326 1.79
      vertex 24.3323 32.201 1.79
    endloop
  endfacet
  facet normal 0 0 -1
    outer loop
      vertex 23.9158 32.0284 1.79
      vertex 25 35.2326 1.79
      vertex 24.1198 32.1249 1.79
    endloop
  endfacet
  facet normal 0 0 -1
    outer loop
      vertex 23.7222 31.9124 1.79
      vertex 25 35.2326 1.79
      vertex 23.9158 32.0284 1.79
    endloop
  endfacet
  facet normal 0 0 -1
    outer loop
      vertex 23.5409 31.7779 1.79
      vertex 25 35.2326 1.79
      vertex 23.7222 31.9124 1.79
    endloop
  endfacet
  facet normal 0 0 -1
    outer loop
      vertex 23.3737 31.6263 1.79
      vertex 25 35.2326 1.79
      vertex 23.5409 31.7779 1.79
    endloop
  endfacet
  facet normal 0 0 -1
    outer loop
      vertex 19.7674 30 1.79
      vertex 23.3737 31.6263 1.79
      vertex 23.2221 31.4591 1.79
    endloop
  endfacet
  facet normal 0 0 -1
    outer loop
      vertex 19.7674 30 1.79
      vertex 23.2221 31.4591 1.79
      vertex 23.0876 31.2778 1.79
    endloop
  endfacet
  facet normal 0 0 -1
    outer loop
      vertex 19.7674 30 1.79
      vertex 23.0876 31.2778 1.79
      vertex 22.9716 31.0842 1.79
    endloop
  endfacet
  facet normal 0 0 -1
    outer loop
      vertex 19.7674 30 1.79
      vertex 22.7111 30.2254 1.79
      vertex 22.7 30 1.79
    endloop
  endfacet
  facet normal 0 0 -1
    outer loop
      vertex 19.7674 30 1.79
      vertex 22.7442 30.4487 1.79
      vertex 22.7111 30.2254 1.79
    endloop
  endfacet
  facet normal 0 0 -1
    outer loop
      vertex 19.7674 30 1.79
      vertex 22.799 30.6677 1.79
      vertex 22.7442 30.4487 1.79
    endloop
  endfacet
  facet normal 0 0 -1
    outer loop
      vertex 19.7674 30 1.79
      vertex 22.8751 30.8802 1.79
      vertex 22.799 30.6677 1.79
    endloop
  endfacet
  facet normal 0 0 -1
    outer loop
      vertex 19.7674 30 1.79
      vertex 22.9716 31.0842 1.79
      vertex 22.8751 30.8802 1.79
    endloop
  endfacet
  facet normal -0 0 -1
    outer loop
      vertex 23.3737 31.6263 1.79
      vertex 19.7674 30 1.79
      vertex 25 35.2326 1.79
    endloop
  endfacet
  facet normal 0 0 -1
    outer loop
      vertex 19.7674 30 1.79
      vertex 14.8884 45.3442 1.79
      vertex 25 35.2326 1.79
    endloop
  endfacet
  facet normal 0 -0 -1
    outer loop
      vertex 14.8884 45.3442 1.79
      vertex 19.7674 30 1.79
      vertex 9.65578 40.1116 1.79
    endloop
  endfacet
  facet normal -0.707107 0.707107 0
    outer loop
      vertex 30.2326 30 0
      vertex 40.3442 40.1116 1.79
      vertex 40.3442 40.1116 0
    endloop
  endfacet
  facet normal -0.707107 0.707107 0
    outer loop
      vertex 40.3442 40.1116 1.79
      vertex 30.2326 30 0
      vertex 30.2326 30 1.79
    endloop
  endfacet
  facet normal -0.707107 -0.707107 0
    outer loop
      vertex 40.3442 40.1116 0
      vertex 35.1116 45.3442 1.79
      vertex 35.1116 45.3442 0
    endloop
  endfacet
  facet normal -0.707107 -0.707107 0
    outer loop
      vertex 35.1116 45.3442 1.79
      vertex 40.3442 40.1116 0
      vertex 40.3442 40.1116 1.79
    endloop
  endfacet
  facet normal 0.707107 -0.707107 0
    outer loop
      vertex 25 35.2326 1.79
      vertex 35.1116 45.3442 0
      vertex 35.1116 45.3442 1.79
    endloop
  endfacet
  facet normal 0.707107 -0.707107 0
    outer loop
      vertex 35.1116 45.3442 0
      vertex 25 35.2326 1.79
      vertex 25 35.2326 0
    endloop
  endfacet
  facet normal -0.707107 -0.707107 0
    outer loop
      vertex 25 35.2326 0
      vertex 14.8884 45.3442 1.79
      vertex 14.8884 45.3442 0
    endloop
  endfacet
  facet normal -0.707107 -0.707107 0
    outer loop
      vertex 14.8884 45.3442 1.79
      vertex 25 35.2326 0
      vertex 25 35.2326 1.79
    endloop
  endfacet
  facet normal 0.707105 -0.707108 0
    outer loop
      vertex 9.65578 40.1116 1.79
      vertex 14.8884 45.3442 0
      vertex 14.8884 45.3442 1.79
    endloop
  endfacet
  facet normal 0.707105 -0.707108 0
    outer loop
      vertex 14.8884 45.3442 0
      vertex 9.65578 40.1116 1.79
      vertex 9.65578 40.1116 0
    endloop
  endfacet
  facet normal 0.707106 0.707107 0
    outer loop
      vertex 19.7674 30 1.79
      vertex 9.65578 40.1116 0
      vertex 9.65578 40.1116 1.79
    endloop
  endfacet
  facet normal 0.707106 0.707107 0
    outer loop
      vertex 9.65578 40.1116 0
      vertex 19.7674 30 1.79
      vertex 19.7674 30 0
    endloop
  endfacet
  facet normal 0.707106 -0.707107 0
    outer loop
      vertex 9.65578 19.8884 1.79
      vertex 19.7674 30 0
      vertex 19.7674 30 1.79
    endloop
  endfacet
  facet normal 0.707106 -0.707107 0
    outer loop
      vertex 19.7674 30 0
      vertex 9.65578 19.8884 1.79
      vertex 9.65578 19.8884 0
    endloop
  endfacet
  facet normal 0.707105 0.707108 0
    outer loop
      vertex 14.8884 14.6558 1.79
      vertex 9.65578 19.8884 0
      vertex 9.65578 19.8884 1.79
    endloop
  endfacet
  facet normal 0.707105 0.707108 0
    outer loop
      vertex 9.65578 19.8884 0
      vertex 14.8884 14.6558 1.79
      vertex 14.8884 14.6558 0
    endloop
  endfacet
  facet normal -0.707107 0.707107 0
    outer loop
      vertex 14.8884 14.6558 0
      vertex 25 24.7674 1.79
      vertex 25 24.7674 0
    endloop
  endfacet
  facet normal -0.707107 0.707107 0
    outer loop
      vertex 25 24.7674 1.79
      vertex 14.8884 14.6558 0
      vertex 14.8884 14.6558 1.79
    endloop
  endfacet
  facet normal 0.707107 0.707107 0
    outer loop
      vertex 35.1116 14.6558 1.79
      vertex 25 24.7674 0
      vertex 25 24.7674 1.79
    endloop
  endfacet
  facet normal 0.707107 0.707107 0
    outer loop
      vertex 25 24.7674 0
      vertex 35.1116 14.6558 1.79
      vertex 35.1116 14.6558 0
    endloop
  endfacet
  facet normal -0.707107 0.707107 0
    outer loop
      vertex 35.1116 14.6558 0
      vertex 40.3442 19.8884 1.79
      vertex 40.3442 19.8884 0
    endloop
  endfacet
  facet normal -0.707107 0.707107 0
    outer loop
      vertex 40.3442 19.8884 1.79
      vertex 35.1116 14.6558 0
      vertex 35.1116 14.6558 1.79
    endloop
  endfacet
  facet normal -0.707107 -0.707107 0
    outer loop
      vertex 40.3442 19.8884 0
      vertex 30.2326 30 1.79
      vertex 30.2326 30 0
    endloop
  endfacet
  facet normal -0.707107 -0.707107 0
    outer loop
      vertex 30.2326 30 1.79
      vertex 40.3442 19.8884 0
      vertex 40.3442 19.8884 1.79
    endloop
  endfacet
  facet normal 0.803125 -0.59581 0
    outer loop
      vertex 23.0876 31.2778 4
      vertex 23.2221 31.4591 1.79
      vertex 23.2221 31.4591 4
    endloop
  endfacet
  facet normal 0.803125 -0.59581 0
    outer loop
      vertex 23.2221 31.4591 1.79
      vertex 23.0876 31.2778 4
      vertex 23.0876 31.2778 1.79
    endloop
  endfacet
  facet normal -0.59581 -0.803125 0
    outer loop
      vertex 26.2778 31.9124 1.79
      vertex 26.4591 31.7779 4
      vertex 26.2778 31.9124 4
    endloop
  endfacet
  facet normal -0.59581 -0.803125 -0
    outer loop
      vertex 26.4591 31.7779 4
      vertex 26.2778 31.9124 1.79
      vertex 26.4591 31.7779 1.79
    endloop
  endfacet
  facet normal -0.671702 -0.740822 0
    outer loop
      vertex 26.4591 31.7779 1.79
      vertex 26.6263 31.6263 4
      vertex 26.4591 31.7779 4
    endloop
  endfacet
  facet normal -0.671702 -0.740822 -0
    outer loop
      vertex 26.6263 31.6263 4
      vertex 26.4591 31.7779 1.79
      vertex 26.6263 31.6263 1.79
    endloop
  endfacet
  facet normal -0.513974 -0.857806 0
    outer loop
      vertex 26.0842 32.0284 1.79
      vertex 26.2778 31.9124 4
      vertex 26.0842 32.0284 4
    endloop
  endfacet
  facet normal -0.513974 -0.857806 -0
    outer loop
      vertex 26.2778 31.9124 4
      vertex 26.0842 32.0284 1.79
      vertex 26.2778 31.9124 1.79
    endloop
  endfacet
  facet normal -0.740822 -0.671702 0
    outer loop
      vertex 26.7779 31.4591 1.79
      vertex 26.6263 31.6263 4
      vertex 26.6263 31.6263 1.79
    endloop
  endfacet
  facet normal -0.740822 -0.671702 0
    outer loop
      vertex 26.6263 31.6263 4
      vertex 26.7779 31.4591 1.79
      vertex 26.7779 31.4591 4
    endloop
  endfacet
  facet normal 0.903963 -0.42761 0
    outer loop
      vertex 22.8751 30.8802 4
      vertex 22.9716 31.0842 1.79
      vertex 22.9716 31.0842 4
    endloop
  endfacet
  facet normal 0.903963 -0.42761 0
    outer loop
      vertex 22.9716 31.0842 1.79
      vertex 22.8751 30.8802 4
      vertex 22.8751 30.8802 1.79
    endloop
  endfacet
  facet normal -0.903963 -0.42761 0
    outer loop
      vertex 27.1249 30.8802 1.79
      vertex 27.0284 31.0842 4
      vertex 27.0284 31.0842 1.79
    endloop
  endfacet
  facet normal -0.903963 -0.42761 0
    outer loop
      vertex 27.0284 31.0842 4
      vertex 27.1249 30.8802 1.79
      vertex 27.1249 30.8802 4
    endloop
  endfacet
  facet normal -0.99879 0.0491862 0
    outer loop
      vertex 27.2889 29.7746 1.79
      vertex 27.3 30 4
      vertex 27.3 30 1.79
    endloop
  endfacet
  facet normal -0.99879 0.0491862 0
    outer loop
      vertex 27.3 30 4
      vertex 27.2889 29.7746 1.79
      vertex 27.2889 29.7746 4
    endloop
  endfacet
  facet normal 0.42761 -0.903963 0
    outer loop
      vertex 23.9158 32.0284 1.79
      vertex 24.1198 32.1249 4
      vertex 23.9158 32.0284 4
    endloop
  endfacet
  facet normal 0.42761 -0.903963 0
    outer loop
      vertex 24.1198 32.1249 4
      vertex 23.9158 32.0284 1.79
      vertex 24.1198 32.1249 1.79
    endloop
  endfacet
  facet normal -0.146629 -0.989192 0
    outer loop
      vertex 25.2254 32.2889 1.79
      vertex 25.4487 32.2558 4
      vertex 25.2254 32.2889 4
    endloop
  endfacet
  facet normal -0.146629 -0.989192 -0
    outer loop
      vertex 25.4487 32.2558 4
      vertex 25.2254 32.2889 1.79
      vertex 25.4487 32.2558 1.79
    endloop
  endfacet
  facet normal 0.242744 -0.97009 0
    outer loop
      vertex 24.3323 32.201 1.79
      vertex 24.5513 32.2558 4
      vertex 24.3323 32.201 4
    endloop
  endfacet
  facet normal 0.242744 -0.97009 0
    outer loop
      vertex 24.5513 32.2558 4
      vertex 24.3323 32.201 1.79
      vertex 24.5513 32.2558 1.79
    endloop
  endfacet
  facet normal -0.59581 0.803125 0
    outer loop
      vertex 26.4591 28.2221 1.79
      vertex 26.2778 28.0876 4
      vertex 26.4591 28.2221 4
    endloop
  endfacet
  facet normal -0.59581 0.803125 0
    outer loop
      vertex 26.2778 28.0876 4
      vertex 26.4591 28.2221 1.79
      vertex 26.2778 28.0876 1.79
    endloop
  endfacet
  facet normal -0.99879 -0.0491862 0
    outer loop
      vertex 27.3 30 1.79
      vertex 27.2889 30.2254 4
      vertex 27.2889 30.2254 1.79
    endloop
  endfacet
  facet normal -0.99879 -0.0491862 0
    outer loop
      vertex 27.2889 30.2254 4
      vertex 27.3 30 1.79
      vertex 27.3 30 4
    endloop
  endfacet
  facet normal 0.857806 -0.513974 0
    outer loop
      vertex 22.9716 31.0842 4
      vertex 23.0876 31.2778 1.79
      vertex 23.0876 31.2778 4
    endloop
  endfacet
  facet normal 0.857806 -0.513974 0
    outer loop
      vertex 23.0876 31.2778 1.79
      vertex 22.9716 31.0842 4
      vertex 22.9716 31.0842 1.79
    endloop
  endfacet
  facet normal 0.941451 -0.33715 0
    outer loop
      vertex 22.799 30.6677 4
      vertex 22.8751 30.8802 1.79
      vertex 22.8751 30.8802 4
    endloop
  endfacet
  facet normal 0.941451 -0.33715 0
    outer loop
      vertex 22.8751 30.8802 1.79
      vertex 22.799 30.6677 4
      vertex 22.799 30.6677 1.79
    endloop
  endfacet
  facet normal -0.941451 -0.33715 0
    outer loop
      vertex 27.201 30.6677 1.79
      vertex 27.1249 30.8802 4
      vertex 27.1249 30.8802 1.79
    endloop
  endfacet
  facet normal -0.941451 -0.33715 0
    outer loop
      vertex 27.1249 30.8802 4
      vertex 27.201 30.6677 1.79
      vertex 27.201 30.6677 4
    endloop
  endfacet
  facet normal 0.146629 0.989192 -0
    outer loop
      vertex 24.7746 27.7111 1.79
      vertex 24.5513 27.7442 4
      vertex 24.7746 27.7111 4
    endloop
  endfacet
  facet normal 0.146629 0.989192 0
    outer loop
      vertex 24.5513 27.7442 4
      vertex 24.7746 27.7111 1.79
      vertex 24.5513 27.7442 1.79
    endloop
  endfacet
  facet normal -0.803125 -0.59581 0
    outer loop
      vertex 26.9124 31.2778 1.79
      vertex 26.7779 31.4591 4
      vertex 26.7779 31.4591 1.79
    endloop
  endfacet
  facet normal -0.803125 -0.59581 0
    outer loop
      vertex 26.7779 31.4591 4
      vertex 26.9124 31.2778 1.79
      vertex 26.9124 31.2778 4
    endloop
  endfacet
  facet normal -0.242744 0.97009 0
    outer loop
      vertex 25.6677 27.799 1.79
      vertex 25.4487 27.7442 4
      vertex 25.6677 27.799 4
    endloop
  endfacet
  facet normal -0.242744 0.97009 0
    outer loop
      vertex 25.4487 27.7442 4
      vertex 25.6677 27.799 1.79
      vertex 25.4487 27.7442 1.79
    endloop
  endfacet
  facet normal 0.671702 -0.740822 0
    outer loop
      vertex 23.3737 31.6263 1.79
      vertex 23.5409 31.7779 4
      vertex 23.3737 31.6263 4
    endloop
  endfacet
  facet normal 0.671702 -0.740822 0
    outer loop
      vertex 23.5409 31.7779 4
      vertex 23.3737 31.6263 1.79
      vertex 23.5409 31.7779 1.79
    endloop
  endfacet
  facet normal 0.740822 -0.671702 0
    outer loop
      vertex 23.2221 31.4591 4
      vertex 23.3737 31.6263 1.79
      vertex 23.3737 31.6263 4
    endloop
  endfacet
  facet normal 0.740822 -0.671702 0
    outer loop
      vertex 23.3737 31.6263 1.79
      vertex 23.2221 31.4591 4
      vertex 23.2221 31.4591 1.79
    endloop
  endfacet
  facet normal 0.0491862 -0.99879 0
    outer loop
      vertex 24.7746 32.2889 1.79
      vertex 25 32.3 4
      vertex 24.7746 32.2889 4
    endloop
  endfacet
  facet normal 0.0491862 -0.99879 0
    outer loop
      vertex 25 32.3 4
      vertex 24.7746 32.2889 1.79
      vertex 25 32.3 1.79
    endloop
  endfacet
  facet normal -0.803125 0.59581 0
    outer loop
      vertex 26.7779 28.5409 1.79
      vertex 26.9124 28.7222 4
      vertex 26.9124 28.7222 1.79
    endloop
  endfacet
  facet normal -0.803125 0.59581 0
    outer loop
      vertex 26.9124 28.7222 4
      vertex 26.7779 28.5409 1.79
      vertex 26.7779 28.5409 4
    endloop
  endfacet
  facet normal -0.989192 -0.146629 0
    outer loop
      vertex 27.2889 30.2254 1.79
      vertex 27.2558 30.4487 4
      vertex 27.2558 30.4487 1.79
    endloop
  endfacet
  facet normal -0.989192 -0.146629 0
    outer loop
      vertex 27.2558 30.4487 4
      vertex 27.2889 30.2254 1.79
      vertex 27.2889 30.2254 4
    endloop
  endfacet
  facet normal 0.33715 -0.941451 0
    outer loop
      vertex 24.1198 32.1249 1.79
      vertex 24.3323 32.201 4
      vertex 24.1198 32.1249 4
    endloop
  endfacet
  facet normal 0.33715 -0.941451 0
    outer loop
      vertex 24.3323 32.201 4
      vertex 24.1198 32.1249 1.79
      vertex 24.3323 32.201 1.79
    endloop
  endfacet
  facet normal -0.989192 0.146629 0
    outer loop
      vertex 27.2558 29.5513 1.79
      vertex 27.2889 29.7746 4
      vertex 27.2889 29.7746 1.79
    endloop
  endfacet
  facet normal -0.989192 0.146629 0
    outer loop
      vertex 27.2889 29.7746 4
      vertex 27.2558 29.5513 1.79
      vertex 27.2558 29.5513 4
    endloop
  endfacet
  facet normal -0.97009 -0.242744 0
    outer loop
      vertex 27.2558 30.4487 1.79
      vertex 27.201 30.6677 4
      vertex 27.201 30.6677 1.79
    endloop
  endfacet
  facet normal -0.97009 -0.242744 0
    outer loop
      vertex 27.201 30.6677 4
      vertex 27.2558 30.4487 1.79
      vertex 27.2558 30.4487 4
    endloop
  endfacet
  facet normal 0.989192 0.146629 0
    outer loop
      vertex 22.7442 29.5513 4
      vertex 22.7111 29.7746 1.79
      vertex 22.7111 29.7746 4
    endloop
  endfacet
  facet normal 0.989192 0.146629 0
    outer loop
      vertex 22.7111 29.7746 1.79
      vertex 22.7442 29.5513 4
      vertex 22.7442 29.5513 1.79
    endloop
  endfacet
  facet normal -0.671702 0.740822 0
    outer loop
      vertex 26.6263 28.3737 1.79
      vertex 26.4591 28.2221 4
      vertex 26.6263 28.3737 4
    endloop
  endfacet
  facet normal -0.671702 0.740822 0
    outer loop
      vertex 26.4591 28.2221 4
      vertex 26.6263 28.3737 1.79
      vertex 26.4591 28.2221 1.79
    endloop
  endfacet
  facet normal 0.59581 -0.803125 0
    outer loop
      vertex 23.5409 31.7779 1.79
      vertex 23.7222 31.9124 4
      vertex 23.5409 31.7779 4
    endloop
  endfacet
  facet normal 0.59581 -0.803125 0
    outer loop
      vertex 23.7222 31.9124 4
      vertex 23.5409 31.7779 1.79
      vertex 23.7222 31.9124 1.79
    endloop
  endfacet
  facet normal 0.513974 0.857806 -0
    outer loop
      vertex 23.9158 27.9716 1.79
      vertex 23.7222 28.0876 4
      vertex 23.9158 27.9716 4
    endloop
  endfacet
  facet normal 0.513974 0.857806 0
    outer loop
      vertex 23.7222 28.0876 4
      vertex 23.9158 27.9716 1.79
      vertex 23.7222 28.0876 1.79
    endloop
  endfacet
  facet normal 0.242744 0.97009 -0
    outer loop
      vertex 24.5513 27.7442 1.79
      vertex 24.3323 27.799 4
      vertex 24.5513 27.7442 4
    endloop
  endfacet
  facet normal 0.242744 0.97009 0
    outer loop
      vertex 24.3323 27.799 4
      vertex 24.5513 27.7442 1.79
      vertex 24.3323 27.799 1.79
    endloop
  endfacet
  facet normal -0.0491862 -0.99879 0
    outer loop
      vertex 25 32.3 1.79
      vertex 25.2254 32.2889 4
      vertex 25 32.3 4
    endloop
  endfacet
  facet normal -0.0491862 -0.99879 -0
    outer loop
      vertex 25.2254 32.2889 4
      vertex 25 32.3 1.79
      vertex 25.2254 32.2889 1.79
    endloop
  endfacet
  facet normal 0.857806 0.513974 0
    outer loop
      vertex 23.0876 28.7222 4
      vertex 22.9716 28.9158 1.79
      vertex 22.9716 28.9158 4
    endloop
  endfacet
  facet normal 0.857806 0.513974 0
    outer loop
      vertex 22.9716 28.9158 1.79
      vertex 23.0876 28.7222 4
      vertex 23.0876 28.7222 1.79
    endloop
  endfacet
  facet normal 0.989192 -0.146629 0
    outer loop
      vertex 22.7111 30.2254 4
      vertex 22.7442 30.4487 1.79
      vertex 22.7442 30.4487 4
    endloop
  endfacet
  facet normal 0.989192 -0.146629 0
    outer loop
      vertex 22.7442 30.4487 1.79
      vertex 22.7111 30.2254 4
      vertex 22.7111 30.2254 1.79
    endloop
  endfacet
  facet normal 0.903963 0.42761 0
    outer loop
      vertex 22.9716 28.9158 4
      vertex 22.8751 29.1198 1.79
      vertex 22.8751 29.1198 4
    endloop
  endfacet
  facet normal 0.903963 0.42761 0
    outer loop
      vertex 22.8751 29.1198 1.79
      vertex 22.9716 28.9158 4
      vertex 22.9716 28.9158 1.79
    endloop
  endfacet
  facet normal 0.146629 -0.989192 0
    outer loop
      vertex 24.5513 32.2558 1.79
      vertex 24.7746 32.2889 4
      vertex 24.5513 32.2558 4
    endloop
  endfacet
  facet normal 0.146629 -0.989192 0
    outer loop
      vertex 24.7746 32.2889 4
      vertex 24.5513 32.2558 1.79
      vertex 24.7746 32.2889 1.79
    endloop
  endfacet
  facet normal -0.941451 0.33715 0
    outer loop
      vertex 27.1249 29.1198 1.79
      vertex 27.201 29.3323 4
      vertex 27.201 29.3323 1.79
    endloop
  endfacet
  facet normal -0.941451 0.33715 0
    outer loop
      vertex 27.201 29.3323 4
      vertex 27.1249 29.1198 1.79
      vertex 27.1249 29.1198 4
    endloop
  endfacet
  facet normal -0.42761 -0.903963 0
    outer loop
      vertex 25.8802 32.1249 1.79
      vertex 26.0842 32.0284 4
      vertex 25.8802 32.1249 4
    endloop
  endfacet
  facet normal -0.42761 -0.903963 -0
    outer loop
      vertex 26.0842 32.0284 4
      vertex 25.8802 32.1249 1.79
      vertex 26.0842 32.0284 1.79
    endloop
  endfacet
  facet normal 0.99879 -0.0491862 0
    outer loop
      vertex 22.7 30 4
      vertex 22.7111 30.2254 1.79
      vertex 22.7111 30.2254 4
    endloop
  endfacet
  facet normal 0.99879 -0.0491862 0
    outer loop
      vertex 22.7111 30.2254 1.79
      vertex 22.7 30 4
      vertex 22.7 30 1.79
    endloop
  endfacet
  facet normal 0.97009 -0.242744 0
    outer loop
      vertex 22.7442 30.4487 4
      vertex 22.799 30.6677 1.79
      vertex 22.799 30.6677 4
    endloop
  endfacet
  facet normal 0.97009 -0.242744 0
    outer loop
      vertex 22.799 30.6677 1.79
      vertex 22.7442 30.4487 4
      vertex 22.7442 30.4487 1.79
    endloop
  endfacet
  facet normal -0.33715 -0.941451 0
    outer loop
      vertex 25.6677 32.201 1.79
      vertex 25.8802 32.1249 4
      vertex 25.6677 32.201 4
    endloop
  endfacet
  facet normal -0.33715 -0.941451 -0
    outer loop
      vertex 25.8802 32.1249 4
      vertex 25.6677 32.201 1.79
      vertex 25.8802 32.1249 1.79
    endloop
  endfacet
  facet normal -0.857806 -0.513974 0
    outer loop
      vertex 27.0284 31.0842 1.79
      vertex 26.9124 31.2778 4
      vertex 26.9124 31.2778 1.79
    endloop
  endfacet
  facet normal -0.857806 -0.513974 0
    outer loop
      vertex 26.9124 31.2778 4
      vertex 27.0284 31.0842 1.79
      vertex 27.0284 31.0842 4
    endloop
  endfacet
  facet normal -0.242744 -0.97009 0
    outer loop
      vertex 25.4487 32.2558 1.79
      vertex 25.6677 32.201 4
      vertex 25.4487 32.2558 4
    endloop
  endfacet
  facet normal -0.242744 -0.97009 -0
    outer loop
      vertex 25.6677 32.201 4
      vertex 25.4487 32.2558 1.79
      vertex 25.6677 32.201 1.79
    endloop
  endfacet
  facet normal 0.42761 0.903963 -0
    outer loop
      vertex 24.1198 27.8751 1.79
      vertex 23.9158 27.9716 4
      vertex 24.1198 27.8751 4
    endloop
  endfacet
  facet normal 0.42761 0.903963 0
    outer loop
      vertex 23.9158 27.9716 4
      vertex 24.1198 27.8751 1.79
      vertex 23.9158 27.9716 1.79
    endloop
  endfacet
  facet normal 0.941451 0.33715 0
    outer loop
      vertex 22.8751 29.1198 4
      vertex 22.799 29.3323 1.79
      vertex 22.799 29.3323 4
    endloop
  endfacet
  facet normal 0.941451 0.33715 0
    outer loop
      vertex 22.799 29.3323 1.79
      vertex 22.8751 29.1198 4
      vertex 22.8751 29.1198 1.79
    endloop
  endfacet
  facet normal 0.513974 -0.857806 0
    outer loop
      vertex 23.7222 31.9124 1.79
      vertex 23.9158 32.0284 4
      vertex 23.7222 31.9124 4
    endloop
  endfacet
  facet normal 0.513974 -0.857806 0
    outer loop
      vertex 23.9158 32.0284 4
      vertex 23.7222 31.9124 1.79
      vertex 23.9158 32.0284 1.79
    endloop
  endfacet
  facet normal 0.0491862 0.99879 -0
    outer loop
      vertex 25 27.7 1.79
      vertex 24.7746 27.7111 4
      vertex 25 27.7 4
    endloop
  endfacet
  facet normal 0.0491862 0.99879 0
    outer loop
      vertex 24.7746 27.7111 4
      vertex 25 27.7 1.79
      vertex 24.7746 27.7111 1.79
    endloop
  endfacet
  facet normal -0.146629 0.989192 0
    outer loop
      vertex 25.4487 27.7442 1.79
      vertex 25.2254 27.7111 4
      vertex 25.4487 27.7442 4
    endloop
  endfacet
  facet normal -0.146629 0.989192 0
    outer loop
      vertex 25.2254 27.7111 4
      vertex 25.4487 27.7442 1.79
      vertex 25.2254 27.7111 1.79
    endloop
  endfacet
  facet normal -0.903963 0.42761 0
    outer loop
      vertex 27.0284 28.9158 1.79
      vertex 27.1249 29.1198 4
      vertex 27.1249 29.1198 1.79
    endloop
  endfacet
  facet normal -0.903963 0.42761 0
    outer loop
      vertex 27.1249 29.1198 4
      vertex 27.0284 28.9158 1.79
      vertex 27.0284 28.9158 4
    endloop
  endfacet
  facet normal -0.0491862 0.99879 0
    outer loop
      vertex 25.2254 27.7111 1.79
      vertex 25 27.7 4
      vertex 25.2254 27.7111 4
    endloop
  endfacet
  facet normal -0.0491862 0.99879 0
    outer loop
      vertex 25 27.7 4
      vertex 25.2254 27.7111 1.79
      vertex 25 27.7 1.79
    endloop
  endfacet
  facet normal 0.740822 0.671702 0
    outer loop
      vertex 23.3737 28.3737 4
      vertex 23.2221 28.5409 1.79
      vertex 23.2221 28.5409 4
    endloop
  endfacet
  facet normal 0.740822 0.671702 0
    outer loop
      vertex 23.2221 28.5409 1.79
      vertex 23.3737 28.3737 4
      vertex 23.3737 28.3737 1.79
    endloop
  endfacet
  facet normal 0.99879 0.0491862 0
    outer loop
      vertex 22.7111 29.7746 4
      vertex 22.7 30 1.79
      vertex 22.7 30 4
    endloop
  endfacet
  facet normal 0.99879 0.0491862 0
    outer loop
      vertex 22.7 30 1.79
      vertex 22.7111 29.7746 4
      vertex 22.7111 29.7746 1.79
    endloop
  endfacet
  facet normal -0.42761 0.903963 0
    outer loop
      vertex 26.0842 27.9716 1.79
      vertex 25.8802 27.8751 4
      vertex 26.0842 27.9716 4
    endloop
  endfacet
  facet normal -0.42761 0.903963 0
    outer loop
      vertex 25.8802 27.8751 4
      vertex 26.0842 27.9716 1.79
      vertex 25.8802 27.8751 1.79
    endloop
  endfacet
  facet normal 0.671702 0.740822 -0
    outer loop
      vertex 23.5409 28.2221 1.79
      vertex 23.3737 28.3737 4
      vertex 23.5409 28.2221 4
    endloop
  endfacet
  facet normal 0.671702 0.740822 0
    outer loop
      vertex 23.3737 28.3737 4
      vertex 23.5409 28.2221 1.79
      vertex 23.3737 28.3737 1.79
    endloop
  endfacet
  facet normal 0.59581 0.803125 -0
    outer loop
      vertex 23.7222 28.0876 1.79
      vertex 23.5409 28.2221 4
      vertex 23.7222 28.0876 4
    endloop
  endfacet
  facet normal 0.59581 0.803125 0
    outer loop
      vertex 23.5409 28.2221 4
      vertex 23.7222 28.0876 1.79
      vertex 23.5409 28.2221 1.79
    endloop
  endfacet
  facet normal -0.740822 0.671702 0
    outer loop
      vertex 26.6263 28.3737 1.79
      vertex 26.7779 28.5409 4
      vertex 26.7779 28.5409 1.79
    endloop
  endfacet
  facet normal -0.740822 0.671702 0
    outer loop
      vertex 26.7779 28.5409 4
      vertex 26.6263 28.3737 1.79
      vertex 26.6263 28.3737 4
    endloop
  endfacet
  facet normal -0.513974 0.857806 0
    outer loop
      vertex 26.2778 28.0876 1.79
      vertex 26.0842 27.9716 4
      vertex 26.2778 28.0876 4
    endloop
  endfacet
  facet normal -0.513974 0.857806 0
    outer loop
      vertex 26.0842 27.9716 4
      vertex 26.2778 28.0876 1.79
      vertex 26.0842 27.9716 1.79
    endloop
  endfacet
  facet normal -0.857806 0.513974 0
    outer loop
      vertex 26.9124 28.7222 1.79
      vertex 27.0284 28.9158 4
      vertex 27.0284 28.9158 1.79
    endloop
  endfacet
  facet normal -0.857806 0.513974 0
    outer loop
      vertex 27.0284 28.9158 4
      vertex 26.9124 28.7222 1.79
      vertex 26.9124 28.7222 4
    endloop
  endfacet
  facet normal -0.97009 0.242744 0
    outer loop
      vertex 27.201 29.3323 1.79
      vertex 27.2558 29.5513 4
      vertex 27.2558 29.5513 1.79
    endloop
  endfacet
  facet normal -0.97009 0.242744 0
    outer loop
      vertex 27.2558 29.5513 4
      vertex 27.201 29.3323 1.79
      vertex 27.201 29.3323 4
    endloop
  endfacet
  facet normal 0.803125 0.59581 0
    outer loop
      vertex 23.2221 28.5409 4
      vertex 23.0876 28.7222 1.79
      vertex 23.0876 28.7222 4
    endloop
  endfacet
  facet normal 0.803125 0.59581 0
    outer loop
      vertex 23.0876 28.7222 1.79
      vertex 23.2221 28.5409 4
      vertex 23.2221 28.5409 1.79
    endloop
  endfacet
  facet normal -0.33715 0.941451 0
    outer loop
      vertex 25.8802 27.8751 1.79
      vertex 25.6677 27.799 4
      vertex 25.8802 27.8751 4
    endloop
  endfacet
  facet normal -0.33715 0.941451 0
    outer loop
      vertex 25.6677 27.799 4
      vertex 25.8802 27.8751 1.79
      vertex 25.6677 27.799 1.79
    endloop
  endfacet
  facet normal 0.33715 0.941451 -0
    outer loop
      vertex 24.3323 27.799 1.79
      vertex 24.1198 27.8751 4
      vertex 24.3323 27.799 4
    endloop
  endfacet
  facet normal 0.33715 0.941451 0
    outer loop
      vertex 24.1198 27.8751 4
      vertex 24.3323 27.799 1.79
      vertex 24.1198 27.8751 1.79
    endloop
  endfacet
  facet normal 0.97009 0.242744 0
    outer loop
      vertex 22.799 29.3323 4
      vertex 22.7442 29.5513 1.79
      vertex 22.7442 29.5513 4
    endloop
  endfacet
  facet normal 0.97009 0.242744 0
    outer loop
      vertex 22.7442 29.5513 1.79
      vertex 22.799 29.3323 4
      vertex 22.799 29.3323 1.79
    endloop
  endfacet
  facet normal 0 0 -1
    outer loop
      vertex 40.195 23.9 32.8
      vertex 43 36.1 32.8
      vertex 43 23.9 32.8
    endloop
  endfacet
  facet normal -0 0 -1
    outer loop
      vertex 43 36.1 32.8
      vertex 40.195 23.9 32.8
      vertex 40.195 36.1 32.8
    endloop
  endfacet
  facet normal -0 0 1
    outer loop
      vertex 40.195 36.1 10
      vertex 43 23.9 10
      vertex 43 36.1 10
    endloop
  endfacet
  facet normal 0 0 1
    outer loop
      vertex 43 23.9 10
      vertex 40.195 36.1 10
      vertex 40.195 23.9 10
    endloop
  endfacet
  facet normal 0 -1 0
    outer loop
      vertex 40.195 36.1 10
      vertex 43 36.1 32.8
      vertex 40.195 36.1 32.8
    endloop
  endfacet
  facet normal 0 -1 -0
    outer loop
      vertex 43 36.1 32.8
      vertex 40.195 36.1 10
      vertex 43 36.1 10
    endloop
  endfacet
  facet normal 0 1 -0
    outer loop
      vertex 43 23.9 10
      vertex 40.195 23.9 32.8
      vertex 43 23.9 32.8
    endloop
  endfacet
  facet normal 0 1 0
    outer loop
      vertex 40.195 23.9 32.8
      vertex 43 23.9 10
      vertex 40.195 23.9 10
    endloop
  endfacet
  facet normal -0.56335 -0.826219 0
    outer loop
      vertex 39 36.9148 33.6148
      vertex 40.195 36.1 10
      vertex 40.195 36.1 32.8
    endloop
  endfacet
  facet normal -0.56335 -0.826219 0
    outer loop
      vertex 39 36.9148 9.18523
      vertex 40.195 36.1 10
      vertex 39 36.9148 33.6148
    endloop
  endfacet
  facet normal -0.56335 0 -0.826219
    outer loop
      vertex 39 23.0852 33.6148
      vertex 40.195 36.1 32.8
      vertex 40.195 23.9 32.8
    endloop
  endfacet
  facet normal -0.56335 0 -0.826219
    outer loop
      vertex 40.195 36.1 32.8
      vertex 39 23.0852 33.6148
      vertex 39 36.9148 33.6148
    endloop
  endfacet
  facet normal -0.563336 0 0.826228
    outer loop
      vertex 39 36.9148 9.18523
      vertex 40.195 23.9 10
      vertex 40.195 36.1 10
    endloop
  endfacet
  facet normal -0.563336 0 0.826228
    outer loop
      vertex 40.195 23.9 10
      vertex 39 36.9148 9.18523
      vertex 39 23.0852 9.18523
    endloop
  endfacet
  facet normal -0.56335 0.826219 0
    outer loop
      vertex 40.195 23.9 10
      vertex 39 23.0852 33.6148
      vertex 40.195 23.9 32.8
    endloop
  endfacet
  facet normal -0.56335 0.826219 0
    outer loop
      vertex 40.195 23.9 10
      vertex 39 23.0852 9.18523
      vertex 39 23.0852 33.6148
    endloop
  endfacet
  facet normal 0.514246 -0.857643 0
    outer loop
      vertex 49.4142 -33.6458 0
      vertex 49.6667 -33.4944 4
      vertex 49.4142 -33.6458 4
    endloop
  endfacet
  facet normal 0.514246 -0.857643 0
    outer loop
      vertex 49.6667 -33.4944 4
      vertex 49.4142 -33.6458 0
      vertex 49.6667 -33.4944 0
    endloop
  endfacet
  facet normal -0.970018 0.243031 0
    outer loop
      vertex 9.05765 -10.4147 0
      vertex 9.12918 -10.1292 4
      vertex 9.12918 -10.1292 0
    endloop
  endfacet
  facet normal -0.970018 0.243031 0
    outer loop
      vertex 9.12918 -10.1292 4
      vertex 9.05765 -10.4147 0
      vertex 9.05765 -10.4147 4
    endloop
  endfacet
  facet normal 0.427594 0.903971 -0
    outer loop
      vertex 49.4142 -8.35423 0
      vertex 49.1481 -8.22836 4
      vertex 49.4142 -8.35423 4
    endloop
  endfacet
  facet normal 0.427594 0.903971 0
    outer loop
      vertex 49.1481 -8.22836 4
      vertex 49.4142 -8.35423 0
      vertex 49.1481 -8.22836 0
    endloop
  endfacet
  facet normal -0.740952 0.671558 0
    outer loop
      vertex 9.68097 -9.09682 0
      vertex 9.87868 -8.87868 4
      vertex 9.87868 -8.87868 0
    endloop
  endfacet
  facet normal -0.740952 0.671558 0
    outer loop
      vertex 9.87868 -8.87868 4
      vertex 9.68097 -9.09682 0
      vertex 9.68097 -9.09682 4
    endloop
  endfacet
  facet normal -0.595699 -0.803208 0
    outer loop
      vertex 10.0968 -33.319 0
      vertex 10.3333 -33.4944 4
      vertex 10.0968 -33.319 4
    endloop
  endfacet
  facet normal -0.595699 -0.803208 -0
    outer loop
      vertex 10.3333 -33.4944 4
      vertex 10.0968 -33.319 0
      vertex 10.3333 -33.4944 0
    endloop
  endfacet
  facet normal -0.243255 -0.969962 0
    outer loop
      vertex 11.1292 -33.8708 0
      vertex 11.4147 -33.9424 4
      vertex 11.1292 -33.8708 4
    endloop
  endfacet
  facet normal -0.243255 -0.969962 -0
    outer loop
      vertex 11.4147 -33.9424 4
      vertex 11.1292 -33.8708 0
      vertex 11.4147 -33.9424 0
    endloop
  endfacet
  facet normal 0.336831 -0.941565 0
    outer loop
      vertex 48.8708 -33.8708 0
      vertex 49.1481 -33.7716 4
      vertex 48.8708 -33.8708 4
    endloop
  endfacet
  facet normal 0.336831 -0.941565 0
    outer loop
      vertex 49.1481 -33.7716 4
      vertex 48.8708 -33.8708 0
      vertex 49.1481 -33.7716 0
    endloop
  endfacet
  facet normal 0.4274 -0.904063 0
    outer loop
      vertex 49.1481 -33.7716 0
      vertex 49.4142 -33.6458 4
      vertex 49.1481 -33.7716 4
    endloop
  endfacet
  facet normal 0.4274 -0.904063 0
    outer loop
      vertex 49.4142 -33.6458 4
      vertex 49.1481 -33.7716 0
      vertex 49.4142 -33.6458 0
    endloop
  endfacet
  facet normal -0.336831 -0.941565 0
    outer loop
      vertex 10.8519 -33.7716 0
      vertex 11.1292 -33.8708 4
      vertex 10.8519 -33.7716 4
    endloop
  endfacet
  facet normal -0.336831 -0.941565 -0
    outer loop
      vertex 11.1292 -33.8708 4
      vertex 10.8519 -33.7716 0
      vertex 11.1292 -33.8708 0
    endloop
  endfacet
  facet normal -0.857718 -0.514121 0
    outer loop
      vertex 9.50558 -32.6667 0
      vertex 9.35423 -32.4142 4
      vertex 9.35423 -32.4142 0
    endloop
  endfacet
  facet normal -0.857718 -0.514121 0
    outer loop
      vertex 9.35423 -32.4142 4
      vertex 9.50558 -32.6667 0
      vertex 9.50558 -32.6667 4
    endloop
  endfacet
  facet normal -0.243031 0.970018 0
    outer loop
      vertex 11.4147 -8.05765 0
      vertex 11.1292 -8.12918 4
      vertex 11.4147 -8.05765 4
    endloop
  endfacet
  facet normal -0.243031 0.970018 0
    outer loop
      vertex 11.1292 -8.12918 4
      vertex 11.4147 -8.05765 0
      vertex 11.1292 -8.12918 0
    endloop
  endfacet
  facet normal 0.595677 0.803224 -0
    outer loop
      vertex 49.9032 -8.68097 0
      vertex 49.6667 -8.50558 4
      vertex 49.9032 -8.68097 4
    endloop
  endfacet
  facet normal 0.595677 0.803224 0
    outer loop
      vertex 49.6667 -8.50558 4
      vertex 49.9032 -8.68097 0
      vertex 49.6667 -8.50558 0
    endloop
  endfacet
  facet normal -0.857754 0.514061 0
    outer loop
      vertex 9.35423 -9.58582 0
      vertex 9.50558 -9.33328 4
      vertex 9.50558 -9.33328 0
    endloop
  endfacet
  facet normal -0.857754 0.514061 0
    outer loop
      vertex 9.50558 -9.33328 4
      vertex 9.35423 -9.58582 0
      vertex 9.35423 -9.58582 4
    endloop
  endfacet
  facet normal 0.904063 -0.4274 0
    outer loop
      vertex 50.6458 -32.4142 4
      vertex 50.7716 -32.1481 0
      vertex 50.7716 -32.1481 4
    endloop
  endfacet
  facet normal 0.904063 -0.4274 0
    outer loop
      vertex 50.7716 -32.1481 0
      vertex 50.6458 -32.4142 4
      vertex 50.6458 -32.4142 0
    endloop
  endfacet
  facet normal -0.4274 -0.904063 0
    outer loop
      vertex 10.5858 -33.6458 0
      vertex 10.8519 -33.7716 4
      vertex 10.5858 -33.6458 4
    endloop
  endfacet
  facet normal -0.4274 -0.904063 -0
    outer loop
      vertex 10.8519 -33.7716 4
      vertex 10.5858 -33.6458 0
      vertex 10.8519 -33.7716 0
    endloop
  endfacet
  facet normal -0.998795 0.0490738 0
    outer loop
      vertex 9 -11 0
      vertex 9.01445 -10.7059 4
      vertex 9.01445 -10.7059 0
    endloop
  endfacet
  facet normal -0.998795 0.0490738 0
    outer loop
      vertex 9.01445 -10.7059 4
      vertex 9 -11 0
      vertex 9 -11 4
    endloop
  endfacet
  facet normal -0.0490738 0.998795 0
    outer loop
      vertex 12 -8 0
      vertex 11.7059 -8.01445 4
      vertex 12 -8 4
    endloop
  endfacet
  facet normal -0.0490738 0.998795 0
    outer loop
      vertex 11.7059 -8.01445 4
      vertex 12 -8 0
      vertex 11.7059 -8.01445 0
    endloop
  endfacet
  facet normal 0.146746 0.989174 -0
    outer loop
      vertex 48.5853 -8.05765 0
      vertex 48.2941 -8.01445 4
      vertex 48.5853 -8.05765 4
    endloop
  endfacet
  facet normal 0.146746 0.989174 0
    outer loop
      vertex 48.2941 -8.01445 4
      vertex 48.5853 -8.05765 0
      vertex 48.2941 -8.01445 0
    endloop
  endfacet
  facet normal 0.0492431 -0.998787 0
    outer loop
      vertex 48 -34 0
      vertex 48.2941 -33.9855 4
      vertex 48 -34 4
    endloop
  endfacet
  facet normal 0.0492431 -0.998787 0
    outer loop
      vertex 48.2941 -33.9855 4
      vertex 48 -34 0
      vertex 48.2941 -33.9855 0
    endloop
  endfacet
  facet normal -0.671592 0.740921 0
    outer loop
      vertex 10.0968 -8.68097 0
      vertex 9.87868 -8.87868 4
      vertex 10.0968 -8.68097 4
    endloop
  endfacet
  facet normal -0.671592 0.740921 0
    outer loop
      vertex 9.87868 -8.87868 4
      vertex 10.0968 -8.68097 0
      vertex 9.87868 -8.87868 0
    endloop
  endfacet
  facet normal -0.740891 -0.671625 0
    outer loop
      vertex 9.87868 -33.1213 0
      vertex 9.68097 -32.9032 4
      vertex 9.68097 -32.9032 0
    endloop
  endfacet
  facet normal -0.740891 -0.671625 0
    outer loop
      vertex 9.68097 -32.9032 4
      vertex 9.87868 -33.1213 0
      vertex 9.87868 -33.1213 4
    endloop
  endfacet
  facet normal 0.243031 0.970018 -0
    outer loop
      vertex 48.8708 -8.12918 0
      vertex 48.5853 -8.05765 4
      vertex 48.8708 -8.12918 4
    endloop
  endfacet
  facet normal 0.243031 0.970018 0
    outer loop
      vertex 48.5853 -8.05765 4
      vertex 48.8708 -8.12918 0
      vertex 48.5853 -8.05765 0
    endloop
  endfacet
  facet normal -0.998795 -0.0490738 0
    outer loop
      vertex 9.01445 -31.2941 0
      vertex 9 -31 4
      vertex 9 -31 0
    endloop
  endfacet
  facet normal -0.998795 -0.0490738 0
    outer loop
      vertex 9 -31 4
      vertex 9.01445 -31.2941 0
      vertex 9.01445 -31.2941 4
    endloop
  endfacet
  facet normal 0.998787 0.0492431 0
    outer loop
      vertex 51 -11 4
      vertex 50.9855 -10.7059 0
      vertex 50.9855 -10.7059 4
    endloop
  endfacet
  facet normal 0.998787 0.0492431 0
    outer loop
      vertex 50.9855 -10.7059 0
      vertex 51 -11 4
      vertex 51 -11 0
    endloop
  endfacet
  facet normal -0.903971 -0.427594 0
    outer loop
      vertex 9.35423 -32.4142 0
      vertex 9.22836 -32.1481 4
      vertex 9.22836 -32.1481 0
    endloop
  endfacet
  facet normal -0.903971 -0.427594 0
    outer loop
      vertex 9.22836 -32.1481 4
      vertex 9.35423 -32.4142 0
      vertex 9.35423 -32.4142 4
    endloop
  endfacet
  facet normal 0.969962 0.243255 0
    outer loop
      vertex 50.9424 -10.4147 4
      vertex 50.8708 -10.1292 0
      vertex 50.8708 -10.1292 4
    endloop
  endfacet
  facet normal 0.969962 0.243255 0
    outer loop
      vertex 50.8708 -10.1292 0
      vertex 50.9424 -10.4147 4
      vertex 50.9424 -10.4147 0
    endloop
  endfacet
  facet normal 0.740969 0.671539 0
    outer loop
      vertex 50.319 -9.09682 4
      vertex 50.1213 -8.87868 0
      vertex 50.1213 -8.87868 4
    endloop
  endfacet
  facet normal 0.740969 0.671539 0
    outer loop
      vertex 50.1213 -8.87868 0
      vertex 50.319 -9.09682 4
      vertex 50.319 -9.09682 0
    endloop
  endfacet
  facet normal -1 0 0
    outer loop
      vertex 9 -31 0
      vertex 9 -11 4
      vertex 9 -11 0
    endloop
  endfacet
  facet normal -1 -0 0
    outer loop
      vertex 9 -11 4
      vertex 9 -31 0
      vertex 9 -31 4
    endloop
  endfacet
  facet normal 0.146413 -0.989224 0
    outer loop
      vertex 48.2941 -33.9855 0
      vertex 48.5853 -33.9424 4
      vertex 48.2941 -33.9855 4
    endloop
  endfacet
  facet normal 0.146413 -0.989224 0
    outer loop
      vertex 48.5853 -33.9424 4
      vertex 48.2941 -33.9855 0
      vertex 48.5853 -33.9424 0
    endloop
  endfacet
  facet normal 0 -1 0
    outer loop
      vertex 12 -34 0
      vertex 48 -34 4
      vertex 12 -34 4
    endloop
  endfacet
  facet normal 0 -1 -0
    outer loop
      vertex 48 -34 4
      vertex 12 -34 0
      vertex 48 -34 0
    endloop
  endfacet
  facet normal -0.903983 0.427568 0
    outer loop
      vertex 9.22836 -9.85194 0
      vertex 9.35423 -9.58582 4
      vertex 9.35423 -9.58582 0
    endloop
  endfacet
  facet normal -0.903983 0.427568 0
    outer loop
      vertex 9.35423 -9.58582 4
      vertex 9.22836 -9.85194 0
      vertex 9.22836 -9.85194 4
    endloop
  endfacet
  facet normal 0.243255 -0.969962 0
    outer loop
      vertex 48.5853 -33.9424 0
      vertex 48.8708 -33.8708 4
      vertex 48.5853 -33.9424 4
    endloop
  endfacet
  facet normal 0.243255 -0.969962 0
    outer loop
      vertex 48.8708 -33.8708 4
      vertex 48.5853 -33.9424 0
      vertex 48.8708 -33.8708 0
    endloop
  endfacet
  facet normal -0.595677 0.803224 0
    outer loop
      vertex 10.3333 -8.50558 0
      vertex 10.0968 -8.68097 4
      vertex 10.3333 -8.50558 4
    endloop
  endfacet
  facet normal -0.595677 0.803224 0
    outer loop
      vertex 10.0968 -8.68097 4
      vertex 10.3333 -8.50558 0
      vertex 10.0968 -8.68097 0
    endloop
  endfacet
  facet normal -0.427594 0.903971 0
    outer loop
      vertex 10.8519 -8.22836 0
      vertex 10.5858 -8.35423 4
      vertex 10.8519 -8.22836 4
    endloop
  endfacet
  facet normal -0.427594 0.903971 0
    outer loop
      vertex 10.5858 -8.35423 4
      vertex 10.8519 -8.22836 0
      vertex 10.5858 -8.35423 0
    endloop
  endfacet
  facet normal -0.514246 -0.857643 0
    outer loop
      vertex 10.3333 -33.4944 0
      vertex 10.5858 -33.6458 4
      vertex 10.3333 -33.4944 4
    endloop
  endfacet
  facet normal -0.514246 -0.857643 -0
    outer loop
      vertex 10.5858 -33.6458 4
      vertex 10.3333 -33.4944 0
      vertex 10.5858 -33.6458 0
    endloop
  endfacet
  facet normal 0.336771 0.941587 -0
    outer loop
      vertex 49.1481 -8.22836 0
      vertex 48.8708 -8.12918 4
      vertex 49.1481 -8.22836 4
    endloop
  endfacet
  facet normal 0.336771 0.941587 0
    outer loop
      vertex 48.8708 -8.12918 4
      vertex 49.1481 -8.22836 0
      vertex 48.8708 -8.12918 0
    endloop
  endfacet
  facet normal -0.514121 0.857718 0
    outer loop
      vertex 10.5858 -8.35423 0
      vertex 10.3333 -8.50558 4
      vertex 10.5858 -8.35423 4
    endloop
  endfacet
  facet normal -0.514121 0.857718 0
    outer loop
      vertex 10.3333 -8.50558 4
      vertex 10.5858 -8.35423 0
      vertex 10.3333 -8.50558 0
    endloop
  endfacet
  facet normal -0.803176 0.595742 0
    outer loop
      vertex 9.50558 -9.33328 0
      vertex 9.68097 -9.09682 4
      vertex 9.68097 -9.09682 0
    endloop
  endfacet
  facet normal -0.803176 0.595742 0
    outer loop
      vertex 9.68097 -9.09682 4
      vertex 9.50558 -9.33328 0
      vertex 9.50558 -9.33328 4
    endloop
  endfacet
  facet normal -0.0492431 -0.998787 0
    outer loop
      vertex 11.7059 -33.9855 0
      vertex 12 -34 4
      vertex 11.7059 -33.9855 4
    endloop
  endfacet
  facet normal -0.0492431 -0.998787 -0
    outer loop
      vertex 12 -34 4
      vertex 11.7059 -33.9855 0
      vertex 12 -34 0
    endloop
  endfacet
  facet normal -0.803224 -0.595677 0
    outer loop
      vertex 9.68097 -32.9032 0
      vertex 9.50558 -32.6667 4
      vertex 9.50558 -32.6667 0
    endloop
  endfacet
  facet normal -0.803224 -0.595677 0
    outer loop
      vertex 9.50558 -32.6667 4
      vertex 9.68097 -32.9032 0
      vertex 9.68097 -32.9032 4
    endloop
  endfacet
  facet normal 0 0 1
    outer loop
      vertex 9 -11 4
      vertex 13 -8 4
      vertex 12 -8 4
    endloop
  endfacet
  facet normal 0 0 1
    outer loop
      vertex 47 -20 4
      vertex 32.2889 -24.7746 4
      vertex 32.3 -25 4
    endloop
  endfacet
  facet normal 0 0 1
    outer loop
      vertex 47 -20 4
      vertex 32.2558 -24.5513 4
      vertex 32.2889 -24.7746 4
    endloop
  endfacet
  facet normal 0 0 1
    outer loop
      vertex 47 -20 4
      vertex 32.201 -24.3323 4
      vertex 32.2558 -24.5513 4
    endloop
  endfacet
  facet normal 0 0 1
    outer loop
      vertex 47 -20 4
      vertex 32.1249 -24.1198 4
      vertex 32.201 -24.3323 4
    endloop
  endfacet
  facet normal 0 0 1
    outer loop
      vertex 47 -20 4
      vertex 32.0284 -23.9158 4
      vertex 32.1249 -24.1198 4
    endloop
  endfacet
  facet normal 0 0 1
    outer loop
      vertex 47 -20 4
      vertex 31.9124 -23.7222 4
      vertex 32.0284 -23.9158 4
    endloop
  endfacet
  facet normal 0 0 1
    outer loop
      vertex 47 -20 4
      vertex 31.7779 -23.5409 4
      vertex 31.9124 -23.7222 4
    endloop
  endfacet
  facet normal 0 0 1
    outer loop
      vertex 47 -20 4
      vertex 31.6263 -23.3737 4
      vertex 31.7779 -23.5409 4
    endloop
  endfacet
  facet normal 0 0 1
    outer loop
      vertex 47 -20 4
      vertex 31.4591 -23.2221 4
      vertex 31.6263 -23.3737 4
    endloop
  endfacet
  facet normal 0 0 1
    outer loop
      vertex 47 -20 4
      vertex 31.2778 -23.0876 4
      vertex 31.4591 -23.2221 4
    endloop
  endfacet
  facet normal 0 0 1
    outer loop
      vertex 47 -20 4
      vertex 31.0842 -22.9716 4
      vertex 31.2778 -23.0876 4
    endloop
  endfacet
  facet normal 0 0 1
    outer loop
      vertex 47 -20 4
      vertex 30.8802 -22.8751 4
      vertex 31.0842 -22.9716 4
    endloop
  endfacet
  facet normal 0 0 1
    outer loop
      vertex 47 -20 4
      vertex 30.6677 -22.799 4
      vertex 30.8802 -22.8751 4
    endloop
  endfacet
  facet normal 0 0 1
    outer loop
      vertex 47 -20 4
      vertex 30.4487 -22.7442 4
      vertex 30.6677 -22.799 4
    endloop
  endfacet
  facet normal 0 0 1
    outer loop
      vertex 47 -20 4
      vertex 30.2254 -22.7111 4
      vertex 30.4487 -22.7442 4
    endloop
  endfacet
  facet normal 0 0 1
    outer loop
      vertex 47 -20 4
      vertex 30 -22.7 4
      vertex 30.2254 -22.7111 4
    endloop
  endfacet
  facet normal -0 0 1
    outer loop
      vertex 13 -20 4
      vertex 30 -22.7 4
      vertex 47 -20 4
    endloop
  endfacet
  facet normal 0 0 1
    outer loop
      vertex 30 -22.7 4
      vertex 13 -20 4
      vertex 29.7746 -22.7111 4
    endloop
  endfacet
  facet normal 0 0 1
    outer loop
      vertex 27.7111 -24.7746 4
      vertex 13 -20 4
      vertex 27.7 -25 4
    endloop
  endfacet
  facet normal 0 0 1
    outer loop
      vertex 27.7442 -24.5513 4
      vertex 13 -20 4
      vertex 27.7111 -24.7746 4
    endloop
  endfacet
  facet normal 0 0 1
    outer loop
      vertex 27.799 -24.3323 4
      vertex 13 -20 4
      vertex 27.7442 -24.5513 4
    endloop
  endfacet
  facet normal 0 0 1
    outer loop
      vertex 27.8751 -24.1198 4
      vertex 13 -20 4
      vertex 27.799 -24.3323 4
    endloop
  endfacet
  facet normal 0 0 1
    outer loop
      vertex 27.9716 -23.9158 4
      vertex 13 -20 4
      vertex 27.8751 -24.1198 4
    endloop
  endfacet
  facet normal 0 0 1
    outer loop
      vertex 28.0876 -23.7222 4
      vertex 13 -20 4
      vertex 27.9716 -23.9158 4
    endloop
  endfacet
  facet normal 0 0 1
    outer loop
      vertex 28.2221 -23.5409 4
      vertex 13 -20 4
      vertex 28.0876 -23.7222 4
    endloop
  endfacet
  facet normal 0 0 1
    outer loop
      vertex 28.3737 -23.3737 4
      vertex 13 -20 4
      vertex 28.2221 -23.5409 4
    endloop
  endfacet
  facet normal 0 0 1
    outer loop
      vertex 28.5409 -23.2221 4
      vertex 13 -20 4
      vertex 28.3737 -23.3737 4
    endloop
  endfacet
  facet normal 0 0 1
    outer loop
      vertex 28.7222 -23.0876 4
      vertex 13 -20 4
      vertex 28.5409 -23.2221 4
    endloop
  endfacet
  facet normal 0 0 1
    outer loop
      vertex 28.9158 -22.9716 4
      vertex 13 -20 4
      vertex 28.7222 -23.0876 4
    endloop
  endfacet
  facet normal 0 0 1
    outer loop
      vertex 29.1198 -22.8751 4
      vertex 13 -20 4
      vertex 28.9158 -22.9716 4
    endloop
  endfacet
  facet normal 0 0 1
    outer loop
      vertex 29.3323 -22.799 4
      vertex 13 -20 4
      vertex 29.1198 -22.8751 4
    endloop
  endfacet
  facet normal 0 0 1
    outer loop
      vertex 29.5513 -22.7442 4
      vertex 13 -20 4
      vertex 29.3323 -22.799 4
    endloop
  endfacet
  facet normal 0 0 1
    outer loop
      vertex 29.7746 -22.7111 4
      vertex 13 -20 4
      vertex 29.5513 -22.7442 4
    endloop
  endfacet
  facet normal 0 0 1
    outer loop
      vertex 48 -8 4
      vertex 51 -11 4
      vertex 50.9855 -10.7059 4
    endloop
  endfacet
  facet normal 0 0 1
    outer loop
      vertex 51 -11 4
      vertex 47 -20 4
      vertex 51 -31 4
    endloop
  endfacet
  facet normal 0 0 1
    outer loop
      vertex 48 -8 4
      vertex 50.9855 -10.7059 4
      vertex 50.9424 -10.4147 4
    endloop
  endfacet
  facet normal 0 -0 1
    outer loop
      vertex 48 -34 4
      vertex 51 -31 4
      vertex 47 -20 4
    endloop
  endfacet
  facet normal 0 0 1
    outer loop
      vertex 48 -8 4
      vertex 50.9424 -10.4147 4
      vertex 50.8708 -10.1292 4
    endloop
  endfacet
  facet normal 0 0 1
    outer loop
      vertex 51 -31 4
      vertex 48 -34 4
      vertex 50.9855 -31.2941 4
    endloop
  endfacet
  facet normal 0 0 1
    outer loop
      vertex 48 -8 4
      vertex 50.8708 -10.1292 4
      vertex 50.7716 -9.85194 4
    endloop
  endfacet
  facet normal 0 0 1
    outer loop
      vertex 50.9855 -31.2941 4
      vertex 48 -34 4
      vertex 50.9424 -31.5853 4
    endloop
  endfacet
  facet normal 0 0 1
    outer loop
      vertex 48 -8 4
      vertex 50.7716 -9.85194 4
      vertex 50.6458 -9.58582 4
    endloop
  endfacet
  facet normal 0 0 1
    outer loop
      vertex 50.9424 -31.5853 4
      vertex 48 -34 4
      vertex 50.8708 -31.8708 4
    endloop
  endfacet
  facet normal 0 0 1
    outer loop
      vertex 48 -8 4
      vertex 50.6458 -9.58582 4
      vertex 50.4944 -9.33328 4
    endloop
  endfacet
  facet normal 0 0 1
    outer loop
      vertex 50.8708 -31.8708 4
      vertex 48 -34 4
      vertex 50.7716 -32.1481 4
    endloop
  endfacet
  facet normal 0 0 1
    outer loop
      vertex 48 -8 4
      vertex 50.4944 -9.33328 4
      vertex 50.319 -9.09682 4
    endloop
  endfacet
  facet normal 0 0 1
    outer loop
      vertex 50.7716 -32.1481 4
      vertex 48 -34 4
      vertex 50.6458 -32.4142 4
    endloop
  endfacet
  facet normal 0 0 1
    outer loop
      vertex 48 -8 4
      vertex 50.319 -9.09682 4
      vertex 50.1213 -8.87868 4
    endloop
  endfacet
  facet normal 0 0 1
    outer loop
      vertex 50.6458 -32.4142 4
      vertex 48 -34 4
      vertex 50.4944 -32.6667 4
    endloop
  endfacet
  facet normal 0 0 1
    outer loop
      vertex 48 -8 4
      vertex 50.1213 -8.87868 4
      vertex 49.9032 -8.68097 4
    endloop
  endfacet
  facet normal 0 0 1
    outer loop
      vertex 50.4944 -32.6667 4
      vertex 48 -34 4
      vertex 50.319 -32.9032 4
    endloop
  endfacet
  facet normal 0 0 1
    outer loop
      vertex 48 -8 4
      vertex 49.9032 -8.68097 4
      vertex 49.6667 -8.50558 4
    endloop
  endfacet
  facet normal 0 0 1
    outer loop
      vertex 50.319 -32.9032 4
      vertex 48 -34 4
      vertex 50.1213 -33.1213 4
    endloop
  endfacet
  facet normal 0 0 1
    outer loop
      vertex 48 -8 4
      vertex 49.6667 -8.50558 4
      vertex 49.4142 -8.35423 4
    endloop
  endfacet
  facet normal 0 0 1
    outer loop
      vertex 50.1213 -33.1213 4
      vertex 48 -34 4
      vertex 49.9032 -33.319 4
    endloop
  endfacet
  facet normal 0 0 1
    outer loop
      vertex 48 -8 4
      vertex 49.4142 -8.35423 4
      vertex 49.1481 -8.22836 4
    endloop
  endfacet
  facet normal 0 0 1
    outer loop
      vertex 49.9032 -33.319 4
      vertex 48 -34 4
      vertex 49.6667 -33.4944 4
    endloop
  endfacet
  facet normal 0 0 1
    outer loop
      vertex 48 -8 4
      vertex 49.1481 -8.22836 4
      vertex 48.8708 -8.12918 4
    endloop
  endfacet
  facet normal 0 0 1
    outer loop
      vertex 49.6667 -33.4944 4
      vertex 48 -34 4
      vertex 49.4142 -33.6458 4
    endloop
  endfacet
  facet normal 0 0 1
    outer loop
      vertex 48 -8 4
      vertex 48.8708 -8.12918 4
      vertex 48.5853 -8.05765 4
    endloop
  endfacet
  facet normal 0 0 1
    outer loop
      vertex 49.4142 -33.6458 4
      vertex 48 -34 4
      vertex 49.1481 -33.7716 4
    endloop
  endfacet
  facet normal 0 0 1
    outer loop
      vertex 48 -8 4
      vertex 48.5853 -8.05765 4
      vertex 48.2941 -8.01445 4
    endloop
  endfacet
  facet normal 0 0 1
    outer loop
      vertex 49.1481 -33.7716 4
      vertex 48 -34 4
      vertex 48.8708 -33.8708 4
    endloop
  endfacet
  facet normal 0 0 1
    outer loop
      vertex 51 -11 4
      vertex 48 -8 4
      vertex 47 -8 4
    endloop
  endfacet
  facet normal 0 0 1
    outer loop
      vertex 48.8708 -33.8708 4
      vertex 48 -34 4
      vertex 48.5853 -33.9424 4
    endloop
  endfacet
  facet normal 0 0 1
    outer loop
      vertex 51 -11 4
      vertex 47 -8 4
      vertex 47 -20 4
    endloop
  endfacet
  facet normal 0 0 1
    outer loop
      vertex 48.5853 -33.9424 4
      vertex 48 -34 4
      vertex 48.2941 -33.9855 4
    endloop
  endfacet
  facet normal 0 0 1
    outer loop
      vertex 32.2889 -25.2254 4
      vertex 47 -20 4
      vertex 32.3 -25 4
    endloop
  endfacet
  facet normal 0 0 1
    outer loop
      vertex 32.2558 -25.4487 4
      vertex 47 -20 4
      vertex 32.2889 -25.2254 4
    endloop
  endfacet
  facet normal 0 0 1
    outer loop
      vertex 47 -20 4
      vertex 32.2558 -25.4487 4
      vertex 48 -34 4
    endloop
  endfacet
  facet normal -0 0 1
    outer loop
      vertex 32.201 -25.6677 4
      vertex 48 -34 4
      vertex 32.2558 -25.4487 4
    endloop
  endfacet
  facet normal -0 0 1
    outer loop
      vertex 32.1249 -25.8802 4
      vertex 48 -34 4
      vertex 32.201 -25.6677 4
    endloop
  endfacet
  facet normal -0 0 1
    outer loop
      vertex 32.0284 -26.0842 4
      vertex 48 -34 4
      vertex 32.1249 -25.8802 4
    endloop
  endfacet
  facet normal -0 0 1
    outer loop
      vertex 31.9124 -26.2778 4
      vertex 48 -34 4
      vertex 32.0284 -26.0842 4
    endloop
  endfacet
  facet normal -0 0 1
    outer loop
      vertex 31.7779 -26.4591 4
      vertex 48 -34 4
      vertex 31.9124 -26.2778 4
    endloop
  endfacet
  facet normal -0 0 1
    outer loop
      vertex 31.6263 -26.6263 4
      vertex 48 -34 4
      vertex 31.7779 -26.4591 4
    endloop
  endfacet
  facet normal -0 0 1
    outer loop
      vertex 31.4591 -26.7779 4
      vertex 48 -34 4
      vertex 31.6263 -26.6263 4
    endloop
  endfacet
  facet normal -0 0 1
    outer loop
      vertex 31.2778 -26.9124 4
      vertex 48 -34 4
      vertex 31.4591 -26.7779 4
    endloop
  endfacet
  facet normal -0 0 1
    outer loop
      vertex 31.0842 -27.0284 4
      vertex 48 -34 4
      vertex 31.2778 -26.9124 4
    endloop
  endfacet
  facet normal -0 0 1
    outer loop
      vertex 30.8802 -27.1249 4
      vertex 48 -34 4
      vertex 31.0842 -27.0284 4
    endloop
  endfacet
  facet normal -0 0 1
    outer loop
      vertex 30.6677 -27.201 4
      vertex 48 -34 4
      vertex 30.8802 -27.1249 4
    endloop
  endfacet
  facet normal -0 0 1
    outer loop
      vertex 30.4487 -27.2558 4
      vertex 48 -34 4
      vertex 30.6677 -27.201 4
    endloop
  endfacet
  facet normal -0 0 1
    outer loop
      vertex 30.2254 -27.2889 4
      vertex 48 -34 4
      vertex 30.4487 -27.2558 4
    endloop
  endfacet
  facet normal -0 0 1
    outer loop
      vertex 30 -27.3 4
      vertex 48 -34 4
      vertex 30.2254 -27.2889 4
    endloop
  endfacet
  facet normal 0 0 1
    outer loop
      vertex 12 -34 4
      vertex 30 -27.3 4
      vertex 29.7746 -27.2889 4
    endloop
  endfacet
  facet normal 0 0 1
    outer loop
      vertex 12 -34 4
      vertex 29.7746 -27.2889 4
      vertex 29.5513 -27.2558 4
    endloop
  endfacet
  facet normal 0 0 1
    outer loop
      vertex 12 -34 4
      vertex 29.5513 -27.2558 4
      vertex 29.3323 -27.201 4
    endloop
  endfacet
  facet normal 0 0 1
    outer loop
      vertex 12 -34 4
      vertex 29.3323 -27.201 4
      vertex 29.1198 -27.1249 4
    endloop
  endfacet
  facet normal 0 0 1
    outer loop
      vertex 13 -20 4
      vertex 27.7111 -25.2254 4
      vertex 27.7 -25 4
    endloop
  endfacet
  facet normal 0 0 1
    outer loop
      vertex 13 -20 4
      vertex 27.7442 -25.4487 4
      vertex 27.7111 -25.2254 4
    endloop
  endfacet
  facet normal 0 0 1
    outer loop
      vertex 12 -34 4
      vertex 27.7442 -25.4487 4
      vertex 13 -20 4
    endloop
  endfacet
  facet normal 0 0 1
    outer loop
      vertex 27.7442 -25.4487 4
      vertex 12 -34 4
      vertex 27.799 -25.6677 4
    endloop
  endfacet
  facet normal 0 0 1
    outer loop
      vertex 27.799 -25.6677 4
      vertex 12 -34 4
      vertex 27.8751 -25.8802 4
    endloop
  endfacet
  facet normal 0 0 1
    outer loop
      vertex 27.8751 -25.8802 4
      vertex 12 -34 4
      vertex 27.9716 -26.0842 4
    endloop
  endfacet
  facet normal 0 0 1
    outer loop
      vertex 27.9716 -26.0842 4
      vertex 12 -34 4
      vertex 28.0876 -26.2778 4
    endloop
  endfacet
  facet normal 0 0 1
    outer loop
      vertex 28.0876 -26.2778 4
      vertex 12 -34 4
      vertex 28.2221 -26.4591 4
    endloop
  endfacet
  facet normal 0 0 1
    outer loop
      vertex 28.2221 -26.4591 4
      vertex 12 -34 4
      vertex 28.3737 -26.6263 4
    endloop
  endfacet
  facet normal 0 0 1
    outer loop
      vertex 28.3737 -26.6263 4
      vertex 12 -34 4
      vertex 28.5409 -26.7779 4
    endloop
  endfacet
  facet normal 0 0 1
    outer loop
      vertex 28.5409 -26.7779 4
      vertex 12 -34 4
      vertex 28.7222 -26.9124 4
    endloop
  endfacet
  facet normal 0 0 1
    outer loop
      vertex 28.7222 -26.9124 4
      vertex 12 -34 4
      vertex 28.9158 -27.0284 4
    endloop
  endfacet
  facet normal 0 0 1
    outer loop
      vertex 30 -27.3 4
      vertex 12 -34 4
      vertex 48 -34 4
    endloop
  endfacet
  facet normal 0 0 1
    outer loop
      vertex 28.9158 -27.0284 4
      vertex 12 -34 4
      vertex 29.1198 -27.1249 4
    endloop
  endfacet
  facet normal 0 0 1
    outer loop
      vertex 13 -8 4
      vertex 9 -11 4
      vertex 13 -20 4
    endloop
  endfacet
  facet normal 0 0 1
    outer loop
      vertex 9 -11 4
      vertex 12 -8 4
      vertex 11.7059 -8.01445 4
    endloop
  endfacet
  facet normal 0 0 1
    outer loop
      vertex 9 -31 4
      vertex 13 -20 4
      vertex 9 -11 4
    endloop
  endfacet
  facet normal 0 0 1
    outer loop
      vertex 9 -11 4
      vertex 11.7059 -8.01445 4
      vertex 11.4147 -8.05765 4
    endloop
  endfacet
  facet normal 0 0 1
    outer loop
      vertex 13 -20 4
      vertex 9 -31 4
      vertex 12 -34 4
    endloop
  endfacet
  facet normal 0 0 1
    outer loop
      vertex 9 -11 4
      vertex 11.4147 -8.05765 4
      vertex 11.1292 -8.12918 4
    endloop
  endfacet
  facet normal 0 0 1
    outer loop
      vertex 12 -34 4
      vertex 9 -31 4
      vertex 11.7059 -33.9855 4
    endloop
  endfacet
  facet normal 0 0 1
    outer loop
      vertex 9 -11 4
      vertex 11.1292 -8.12918 4
      vertex 10.8519 -8.22836 4
    endloop
  endfacet
  facet normal 0 0 1
    outer loop
      vertex 11.7059 -33.9855 4
      vertex 9 -31 4
      vertex 11.4147 -33.9424 4
    endloop
  endfacet
  facet normal 0 0 1
    outer loop
      vertex 9 -11 4
      vertex 10.8519 -8.22836 4
      vertex 10.5858 -8.35423 4
    endloop
  endfacet
  facet normal 0 0 1
    outer loop
      vertex 11.4147 -33.9424 4
      vertex 9 -31 4
      vertex 11.1292 -33.8708 4
    endloop
  endfacet
  facet normal 0 0 1
    outer loop
      vertex 9 -11 4
      vertex 10.5858 -8.35423 4
      vertex 10.3333 -8.50558 4
    endloop
  endfacet
  facet normal 0 0 1
    outer loop
      vertex 11.1292 -33.8708 4
      vertex 9 -31 4
      vertex 10.8519 -33.7716 4
    endloop
  endfacet
  facet normal 0 0 1
    outer loop
      vertex 9 -11 4
      vertex 10.3333 -8.50558 4
      vertex 10.0968 -8.68097 4
    endloop
  endfacet
  facet normal 0 0 1
    outer loop
      vertex 10.8519 -33.7716 4
      vertex 9 -31 4
      vertex 10.5858 -33.6458 4
    endloop
  endfacet
  facet normal 0 0 1
    outer loop
      vertex 9 -11 4
      vertex 10.0968 -8.68097 4
      vertex 9.87868 -8.87868 4
    endloop
  endfacet
  facet normal 0 0 1
    outer loop
      vertex 10.5858 -33.6458 4
      vertex 9 -31 4
      vertex 10.3333 -33.4944 4
    endloop
  endfacet
  facet normal 0 0 1
    outer loop
      vertex 9 -11 4
      vertex 9.87868 -8.87868 4
      vertex 9.68097 -9.09682 4
    endloop
  endfacet
  facet normal 0 0 1
    outer loop
      vertex 10.3333 -33.4944 4
      vertex 9 -31 4
      vertex 10.0968 -33.319 4
    endloop
  endfacet
  facet normal 0 0 1
    outer loop
      vertex 9 -11 4
      vertex 9.68097 -9.09682 4
      vertex 9.50558 -9.33328 4
    endloop
  endfacet
  facet normal 0 0 1
    outer loop
      vertex 10.0968 -33.319 4
      vertex 9 -31 4
      vertex 9.87868 -33.1213 4
    endloop
  endfacet
  facet normal 0 0 1
    outer loop
      vertex 9 -11 4
      vertex 9.50558 -9.33328 4
      vertex 9.35423 -9.58582 4
    endloop
  endfacet
  facet normal 0 0 1
    outer loop
      vertex 9.87868 -33.1213 4
      vertex 9 -31 4
      vertex 9.68097 -32.9032 4
    endloop
  endfacet
  facet normal 0 0 1
    outer loop
      vertex 9 -11 4
      vertex 9.35423 -9.58582 4
      vertex 9.22836 -9.85194 4
    endloop
  endfacet
  facet normal 0 0 1
    outer loop
      vertex 9.68097 -32.9032 4
      vertex 9 -31 4
      vertex 9.50558 -32.6667 4
    endloop
  endfacet
  facet normal 0 0 1
    outer loop
      vertex 9 -11 4
      vertex 9.22836 -9.85194 4
      vertex 9.12918 -10.1292 4
    endloop
  endfacet
  facet normal 0 0 1
    outer loop
      vertex 9.50558 -32.6667 4
      vertex 9 -31 4
      vertex 9.35423 -32.4142 4
    endloop
  endfacet
  facet normal 0 0 1
    outer loop
      vertex 9 -11 4
      vertex 9.12918 -10.1292 4
      vertex 9.05765 -10.4147 4
    endloop
  endfacet
  facet normal 0 0 1
    outer loop
      vertex 9.35423 -32.4142 4
      vertex 9 -31 4
      vertex 9.22836 -32.1481 4
    endloop
  endfacet
  facet normal 0 0 1
    outer loop
      vertex 9 -11 4
      vertex 9.05765 -10.4147 4
      vertex 9.01445 -10.7059 4
    endloop
  endfacet
  facet normal 0 0 1
    outer loop
      vertex 9.22836 -32.1481 4
      vertex 9 -31 4
      vertex 9.12918 -31.8708 4
    endloop
  endfacet
  facet normal 0 0 1
    outer loop
      vertex 9.12918 -31.8708 4
      vertex 9 -31 4
      vertex 9.05765 -31.5853 4
    endloop
  endfacet
  facet normal 0 0 1
    outer loop
      vertex 9.05765 -31.5853 4
      vertex 9 -31 4
      vertex 9.01445 -31.2941 4
    endloop
  endfacet
  facet normal 0.740908 -0.671607 0
    outer loop
      vertex 50.1213 -33.1213 4
      vertex 50.319 -32.9032 0
      vertex 50.319 -32.9032 4
    endloop
  endfacet
  facet normal 0.740908 -0.671607 0
    outer loop
      vertex 50.319 -32.9032 0
      vertex 50.1213 -33.1213 4
      vertex 50.1213 -33.1213 0
    endloop
  endfacet
  facet normal -0.146746 0.989174 0
    outer loop
      vertex 11.7059 -8.01445 0
      vertex 11.4147 -8.05765 4
      vertex 11.7059 -8.01445 4
    endloop
  endfacet
  facet normal -0.146746 0.989174 0
    outer loop
      vertex 11.4147 -8.05765 4
      vertex 11.7059 -8.01445 0
      vertex 11.4147 -8.05765 0
    endloop
  endfacet
  facet normal 0 1 -0
    outer loop
      vertex 48 -8 0
      vertex 47 -8 4
      vertex 48 -8 4
    endloop
  endfacet
  facet normal 0 1 0
    outer loop
      vertex 47 -8 4
      vertex 48 -8 0
      vertex 13 -8 4
    endloop
  endfacet
  facet normal 0 1 0
    outer loop
      vertex 12 -8 0
      vertex 13 -8 4
      vertex 48 -8 0
    endloop
  endfacet
  facet normal 0 1 0
    outer loop
      vertex 13 -8 4
      vertex 12 -8 0
      vertex 12 -8 4
    endloop
  endfacet
  facet normal 0 1 -0
    outer loop
      vertex 47 -8 4
      vertex 13 -8 15
      vertex 47 -8 15
    endloop
  endfacet
  facet normal 0 1 0
    outer loop
      vertex 13 -8 15
      vertex 47 -8 4
      vertex 13 -8 4
    endloop
  endfacet
  facet normal 0.0490738 0.998795 -0
    outer loop
      vertex 48.2941 -8.01445 0
      vertex 48 -8 4
      vertex 48.2941 -8.01445 4
    endloop
  endfacet
  facet normal 0.0490738 0.998795 0
    outer loop
      vertex 48 -8 4
      vertex 48.2941 -8.01445 0
      vertex 48 -8 0
    endloop
  endfacet
  facet normal -0.336771 0.941587 0
    outer loop
      vertex 11.1292 -8.12918 0
      vertex 10.8519 -8.22836 4
      vertex 11.1292 -8.12918 4
    endloop
  endfacet
  facet normal -0.336771 0.941587 0
    outer loop
      vertex 10.8519 -8.22836 4
      vertex 11.1292 -8.12918 0
      vertex 10.8519 -8.22836 0
    endloop
  endfacet
  facet normal -0.989174 0.146746 0
    outer loop
      vertex 9.01445 -10.7059 0
      vertex 9.05765 -10.4147 4
      vertex 9.05765 -10.4147 0
    endloop
  endfacet
  facet normal -0.989174 0.146746 0
    outer loop
      vertex 9.05765 -10.4147 4
      vertex 9.01445 -10.7059 0
      vertex 9.01445 -10.7059 4
    endloop
  endfacet
  facet normal 0.989224 -0.146413 0
    outer loop
      vertex 50.9424 -31.5853 4
      vertex 50.9855 -31.2941 0
      vertex 50.9855 -31.2941 4
    endloop
  endfacet
  facet normal 0.989224 -0.146413 0
    outer loop
      vertex 50.9855 -31.2941 0
      vertex 50.9424 -31.5853 4
      vertex 50.9424 -31.5853 0
    endloop
  endfacet
  facet normal 0.514121 0.857718 -0
    outer loop
      vertex 49.6667 -8.50558 0
      vertex 49.4142 -8.35423 4
      vertex 49.6667 -8.50558 4
    endloop
  endfacet
  facet normal 0.514121 0.857718 0
    outer loop
      vertex 49.4142 -8.35423 4
      vertex 49.6667 -8.50558 0
      vertex 49.4142 -8.35423 0
    endloop
  endfacet
  facet normal 0.857643 -0.514246 0
    outer loop
      vertex 50.4944 -32.6667 4
      vertex 50.6458 -32.4142 0
      vertex 50.6458 -32.4142 4
    endloop
  endfacet
  facet normal 0.857643 -0.514246 0
    outer loop
      vertex 50.6458 -32.4142 0
      vertex 50.4944 -32.6667 4
      vertex 50.4944 -32.6667 0
    endloop
  endfacet
  facet normal -0.989174 -0.146746 0
    outer loop
      vertex 9.05765 -31.5853 0
      vertex 9.01445 -31.2941 4
      vertex 9.01445 -31.2941 0
    endloop
  endfacet
  facet normal -0.989174 -0.146746 0
    outer loop
      vertex 9.01445 -31.2941 4
      vertex 9.05765 -31.5853 0
      vertex 9.05765 -31.5853 4
    endloop
  endfacet
  facet normal -0.941587 -0.336771 0
    outer loop
      vertex 9.22836 -32.1481 0
      vertex 9.12918 -31.8708 4
      vertex 9.12918 -31.8708 0
    endloop
  endfacet
  facet normal -0.941587 -0.336771 0
    outer loop
      vertex 9.12918 -31.8708 4
      vertex 9.22836 -32.1481 0
      vertex 9.22836 -32.1481 4
    endloop
  endfacet
  facet normal 0.998787 -0.0492431 0
    outer loop
      vertex 50.9855 -31.2941 4
      vertex 51 -31 0
      vertex 51 -31 4
    endloop
  endfacet
  facet normal 0.998787 -0.0492431 0
    outer loop
      vertex 51 -31 0
      vertex 50.9855 -31.2941 4
      vertex 50.9855 -31.2941 0
    endloop
  endfacet
  facet normal -0.146413 -0.989224 0
    outer loop
      vertex 11.4147 -33.9424 0
      vertex 11.7059 -33.9855 4
      vertex 11.4147 -33.9424 4
    endloop
  endfacet
  facet normal -0.146413 -0.989224 -0
    outer loop
      vertex 11.7059 -33.9855 4
      vertex 11.4147 -33.9424 0
      vertex 11.7059 -33.9855 0
    endloop
  endfacet
  facet normal -0.671573 -0.740938 0
    outer loop
      vertex 9.87868 -33.1213 0
      vertex 10.0968 -33.319 4
      vertex 9.87868 -33.1213 4
    endloop
  endfacet
  facet normal -0.671573 -0.740938 -0
    outer loop
      vertex 10.0968 -33.319 4
      vertex 9.87868 -33.1213 0
      vertex 10.0968 -33.319 0
    endloop
  endfacet
  facet normal 1 -0 0
    outer loop
      vertex 51 -31 4
      vertex 51 -11 0
      vertex 51 -11 4
    endloop
  endfacet
  facet normal 1 0 0
    outer loop
      vertex 51 -11 0
      vertex 51 -31 4
      vertex 51 -31 0
    endloop
  endfacet
  facet normal -0.941571 0.336814 0
    outer loop
      vertex 9.12918 -10.1292 0
      vertex 9.22836 -9.85194 4
      vertex 9.22836 -9.85194 0
    endloop
  endfacet
  facet normal -0.941571 0.336814 0
    outer loop
      vertex 9.22836 -9.85194 4
      vertex 9.12918 -10.1292 0
      vertex 9.12918 -10.1292 4
    endloop
  endfacet
  facet normal 0.80316 0.595764 0
    outer loop
      vertex 50.4944 -9.33328 4
      vertex 50.319 -9.09682 0
      vertex 50.319 -9.09682 4
    endloop
  endfacet
  facet normal 0.80316 0.595764 0
    outer loop
      vertex 50.319 -9.09682 0
      vertex 50.4944 -9.33328 4
      vertex 50.4944 -9.33328 0
    endloop
  endfacet
  facet normal -0.970018 -0.243031 0
    outer loop
      vertex 9.12918 -31.8708 0
      vertex 9.05765 -31.5853 4
      vertex 9.05765 -31.5853 0
    endloop
  endfacet
  facet normal -0.970018 -0.243031 0
    outer loop
      vertex 9.05765 -31.5853 4
      vertex 9.12918 -31.8708 0
      vertex 9.12918 -31.8708 4
    endloop
  endfacet
  facet normal 0.803208 -0.595699 0
    outer loop
      vertex 50.319 -32.9032 4
      vertex 50.4944 -32.6667 0
      vertex 50.4944 -32.6667 4
    endloop
  endfacet
  facet normal 0.803208 -0.595699 0
    outer loop
      vertex 50.4944 -32.6667 0
      vertex 50.319 -32.9032 4
      vertex 50.319 -32.9032 0
    endloop
  endfacet
  facet normal 0.595699 -0.803208 0
    outer loop
      vertex 49.6667 -33.4944 0
      vertex 49.9032 -33.319 4
      vertex 49.6667 -33.4944 4
    endloop
  endfacet
  facet normal 0.595699 -0.803208 0
    outer loop
      vertex 49.9032 -33.319 4
      vertex 49.6667 -33.4944 0
      vertex 49.9032 -33.319 0
    endloop
  endfacet
  facet normal 0.671625 0.740891 -0
    outer loop
      vertex 50.1213 -8.87868 0
      vertex 49.9032 -8.68097 4
      vertex 50.1213 -8.87868 4
    endloop
  endfacet
  facet normal 0.671625 0.740891 0
    outer loop
      vertex 49.9032 -8.68097 4
      vertex 50.1213 -8.87868 0
      vertex 49.9032 -8.68097 0
    endloop
  endfacet
  facet normal 0.857679 0.514186 0
    outer loop
      vertex 50.6458 -9.58582 4
      vertex 50.4944 -9.33328 0
      vertex 50.4944 -9.33328 4
    endloop
  endfacet
  facet normal 0.857679 0.514186 0
    outer loop
      vertex 50.4944 -9.33328 0
      vertex 50.6458 -9.58582 4
      vertex 50.6458 -9.58582 0
    endloop
  endfacet
  facet normal 0.94155 0.336874 0
    outer loop
      vertex 50.8708 -10.1292 4
      vertex 50.7716 -9.85194 0
      vertex 50.7716 -9.85194 4
    endloop
  endfacet
  facet normal 0.94155 0.336874 0
    outer loop
      vertex 50.7716 -9.85194 0
      vertex 50.8708 -10.1292 4
      vertex 50.8708 -10.1292 0
    endloop
  endfacet
  facet normal 0.969962 -0.243255 0
    outer loop
      vertex 50.8708 -31.8708 4
      vertex 50.9424 -31.5853 0
      vertex 50.9424 -31.5853 4
    endloop
  endfacet
  facet normal 0.969962 -0.243255 0
    outer loop
      vertex 50.9424 -31.5853 0
      vertex 50.8708 -31.8708 4
      vertex 50.8708 -31.8708 0
    endloop
  endfacet
  facet normal 0.671607 -0.740908 0
    outer loop
      vertex 49.9032 -33.319 0
      vertex 50.1213 -33.1213 4
      vertex 49.9032 -33.319 4
    endloop
  endfacet
  facet normal 0.671607 -0.740908 0
    outer loop
      vertex 50.1213 -33.1213 4
      vertex 49.9032 -33.319 0
      vertex 50.1213 -33.1213 0
    endloop
  endfacet
  facet normal 0 0 -1
    outer loop
      vertex 48 -34 0
      vertex 32.1809 -28.7 0
      vertex 48 -28.7 0
    endloop
  endfacet
  facet normal 0 0 -1
    outer loop
      vertex 48 -34 0
      vertex 32.027 -28.7923 0
      vertex 32.1809 -28.7 0
    endloop
  endfacet
  facet normal 0 0 -1
    outer loop
      vertex 48 -34 0
      vertex 31.6455 -28.9727 0
      vertex 32.027 -28.7923 0
    endloop
  endfacet
  facet normal 0 0 -1
    outer loop
      vertex 48 -34 0
      vertex 31.2482 -29.1148 0
      vertex 31.6455 -28.9727 0
    endloop
  endfacet
  facet normal 0 0 -1
    outer loop
      vertex 48 -34 0
      vertex 30.8389 -29.2174 0
      vertex 31.2482 -29.1148 0
    endloop
  endfacet
  facet normal 0 0 -1
    outer loop
      vertex 48 -34 0
      vertex 30.4215 -29.2793 0
      vertex 30.8389 -29.2174 0
    endloop
  endfacet
  facet normal 0 0 -1
    outer loop
      vertex 48 -34 0
      vertex 30 -29.3 0
      vertex 30.4215 -29.2793 0
    endloop
  endfacet
  facet normal 0 0 -1
    outer loop
      vertex 12 -34 0
      vertex 30 -29.3 0
      vertex 48 -34 0
    endloop
  endfacet
  facet normal -0 0 -1
    outer loop
      vertex 30 -29.3 0
      vertex 12 -34 0
      vertex 29.5785 -29.2793 0
    endloop
  endfacet
  facet normal -0 0 -1
    outer loop
      vertex 29.5785 -29.2793 0
      vertex 12 -34 0
      vertex 29.1611 -29.2174 0
    endloop
  endfacet
  facet normal -0 0 -1
    outer loop
      vertex 29.1611 -29.2174 0
      vertex 12 -34 0
      vertex 28.7518 -29.1148 0
    endloop
  endfacet
  facet normal 0 0 -1
    outer loop
      vertex 12 -34 0
      vertex 28.3545 -28.9727 0
      vertex 28.7518 -29.1148 0
    endloop
  endfacet
  facet normal 0 0 -1
    outer loop
      vertex 12 -34 0
      vertex 27.973 -28.7923 0
      vertex 28.3545 -28.9727 0
    endloop
  endfacet
  facet normal 0 0 -1
    outer loop
      vertex 12 -34 0
      vertex 27.8191 -28.7 0
      vertex 27.973 -28.7923 0
    endloop
  endfacet
  facet normal 0 0 -1
    outer loop
      vertex 12 -34 0
      vertex 12 -28.7 0
      vertex 27.8191 -28.7 0
    endloop
  endfacet
  facet normal 0 0 -1
    outer loop
      vertex 11.7059 -33.9855 0
      vertex 12 -28.7 0
      vertex 12 -34 0
    endloop
  endfacet
  facet normal -0 0 -1
    outer loop
      vertex 12 -28.7 0
      vertex 9 -31 0
      vertex 12 -21.3 0
    endloop
  endfacet
  facet normal 0 0 -1
    outer loop
      vertex 11.4147 -33.9424 0
      vertex 12 -28.7 0
      vertex 11.7059 -33.9855 0
    endloop
  endfacet
  facet normal 0 0 -1
    outer loop
      vertex 9 -11 0
      vertex 12 -21.3 0
      vertex 9 -31 0
    endloop
  endfacet
  facet normal 0 0 -1
    outer loop
      vertex 11.1292 -33.8708 0
      vertex 12 -28.7 0
      vertex 11.4147 -33.9424 0
    endloop
  endfacet
  facet normal 0 0 -1
    outer loop
      vertex 12 -21.3 0
      vertex 9 -11 0
      vertex 12 -8 0
    endloop
  endfacet
  facet normal 0 0 -1
    outer loop
      vertex 10.8519 -33.7716 0
      vertex 12 -28.7 0
      vertex 11.1292 -33.8708 0
    endloop
  endfacet
  facet normal 0 0 -1
    outer loop
      vertex 12 -8 0
      vertex 9 -11 0
      vertex 11.7059 -8.01445 0
    endloop
  endfacet
  facet normal 0 0 -1
    outer loop
      vertex 10.5858 -33.6458 0
      vertex 12 -28.7 0
      vertex 10.8519 -33.7716 0
    endloop
  endfacet
  facet normal 0 0 -1
    outer loop
      vertex 11.7059 -8.01445 0
      vertex 9 -11 0
      vertex 11.4147 -8.05765 0
    endloop
  endfacet
  facet normal 0 0 -1
    outer loop
      vertex 10.3333 -33.4944 0
      vertex 12 -28.7 0
      vertex 10.5858 -33.6458 0
    endloop
  endfacet
  facet normal 0 0 -1
    outer loop
      vertex 11.4147 -8.05765 0
      vertex 9 -11 0
      vertex 11.1292 -8.12918 0
    endloop
  endfacet
  facet normal 0 0 -1
    outer loop
      vertex 10.0968 -33.319 0
      vertex 12 -28.7 0
      vertex 10.3333 -33.4944 0
    endloop
  endfacet
  facet normal 0 0 -1
    outer loop
      vertex 11.1292 -8.12918 0
      vertex 9 -11 0
      vertex 10.8519 -8.22836 0
    endloop
  endfacet
  facet normal 0 0 -1
    outer loop
      vertex 9.87868 -33.1213 0
      vertex 12 -28.7 0
      vertex 10.0968 -33.319 0
    endloop
  endfacet
  facet normal 0 0 -1
    outer loop
      vertex 10.8519 -8.22836 0
      vertex 9 -11 0
      vertex 10.5858 -8.35423 0
    endloop
  endfacet
  facet normal 0 0 -1
    outer loop
      vertex 9.68097 -32.9032 0
      vertex 12 -28.7 0
      vertex 9.87868 -33.1213 0
    endloop
  endfacet
  facet normal 0 0 -1
    outer loop
      vertex 10.5858 -8.35423 0
      vertex 9 -11 0
      vertex 10.3333 -8.50558 0
    endloop
  endfacet
  facet normal 0 0 -1
    outer loop
      vertex 9.50558 -32.6667 0
      vertex 12 -28.7 0
      vertex 9.68097 -32.9032 0
    endloop
  endfacet
  facet normal 0 0 -1
    outer loop
      vertex 10.3333 -8.50558 0
      vertex 9 -11 0
      vertex 10.0968 -8.68097 0
    endloop
  endfacet
  facet normal 0 0 -1
    outer loop
      vertex 9.35423 -32.4142 0
      vertex 12 -28.7 0
      vertex 9.50558 -32.6667 0
    endloop
  endfacet
  facet normal 0 0 -1
    outer loop
      vertex 10.0968 -8.68097 0
      vertex 9 -11 0
      vertex 9.87868 -8.87868 0
    endloop
  endfacet
  facet normal 0 0 -1
    outer loop
      vertex 9.22836 -32.1481 0
      vertex 12 -28.7 0
      vertex 9.35423 -32.4142 0
    endloop
  endfacet
  facet normal 0 0 -1
    outer loop
      vertex 9.87868 -8.87868 0
      vertex 9 -11 0
      vertex 9.68097 -9.09682 0
    endloop
  endfacet
  facet normal 0 0 -1
    outer loop
      vertex 9.12918 -31.8708 0
      vertex 12 -28.7 0
      vertex 9.22836 -32.1481 0
    endloop
  endfacet
  facet normal 0 0 -1
    outer loop
      vertex 9.68097 -9.09682 0
      vertex 9 -11 0
      vertex 9.50558 -9.33328 0
    endloop
  endfacet
  facet normal 0 0 -1
    outer loop
      vertex 9.05765 -31.5853 0
      vertex 12 -28.7 0
      vertex 9.12918 -31.8708 0
    endloop
  endfacet
  facet normal 0 0 -1
    outer loop
      vertex 9.50558 -9.33328 0
      vertex 9 -11 0
      vertex 9.35423 -9.58582 0
    endloop
  endfacet
  facet normal 0 0 -1
    outer loop
      vertex 9.01445 -31.2941 0
      vertex 12 -28.7 0
      vertex 9.05765 -31.5853 0
    endloop
  endfacet
  facet normal 0 0 -1
    outer loop
      vertex 9.35423 -9.58582 0
      vertex 9 -11 0
      vertex 9.22836 -9.85194 0
    endloop
  endfacet
  facet normal 0 0 -1
    outer loop
      vertex 12 -28.7 0
      vertex 9.01445 -31.2941 0
      vertex 9 -31 0
    endloop
  endfacet
  facet normal 0 0 -1
    outer loop
      vertex 9.22836 -9.85194 0
      vertex 9 -11 0
      vertex 9.12918 -10.1292 0
    endloop
  endfacet
  facet normal 0 0 -1
    outer loop
      vertex 9.12918 -10.1292 0
      vertex 9 -11 0
      vertex 9.05765 -10.4147 0
    endloop
  endfacet
  facet normal 0 0 -1
    outer loop
      vertex 9.05765 -10.4147 0
      vertex 9 -11 0
      vertex 9.01445 -10.7059 0
    endloop
  endfacet
  facet normal 0 0 -1
    outer loop
      vertex 48 -28.7 0
      vertex 51 -31 0
      vertex 50.9855 -31.2941 0
    endloop
  endfacet
  facet normal 0 0 -1
    outer loop
      vertex 51 -31 0
      vertex 48 -21.3 0
      vertex 51 -11 0
    endloop
  endfacet
  facet normal 0 0 -1
    outer loop
      vertex 48 -28.7 0
      vertex 50.9855 -31.2941 0
      vertex 50.9424 -31.5853 0
    endloop
  endfacet
  facet normal 0 0 -1
    outer loop
      vertex 48 -8 0
      vertex 51 -11 0
      vertex 48 -21.3 0
    endloop
  endfacet
  facet normal 0 0 -1
    outer loop
      vertex 48 -28.7 0
      vertex 50.9424 -31.5853 0
      vertex 50.8708 -31.8708 0
    endloop
  endfacet
  facet normal 0 0 -1
    outer loop
      vertex 51 -11 0
      vertex 48 -8 0
      vertex 50.9855 -10.7059 0
    endloop
  endfacet
  facet normal 0 0 -1
    outer loop
      vertex 48 -28.7 0
      vertex 50.8708 -31.8708 0
      vertex 50.7716 -32.1481 0
    endloop
  endfacet
  facet normal 0 0 -1
    outer loop
      vertex 50.9855 -10.7059 0
      vertex 48 -8 0
      vertex 50.9424 -10.4147 0
    endloop
  endfacet
  facet normal 0 0 -1
    outer loop
      vertex 48 -28.7 0
      vertex 50.7716 -32.1481 0
      vertex 50.6458 -32.4142 0
    endloop
  endfacet
  facet normal 0 0 -1
    outer loop
      vertex 50.9424 -10.4147 0
      vertex 48 -8 0
      vertex 50.8708 -10.1292 0
    endloop
  endfacet
  facet normal 0 0 -1
    outer loop
      vertex 48 -28.7 0
      vertex 50.6458 -32.4142 0
      vertex 50.4944 -32.6667 0
    endloop
  endfacet
  facet normal 0 0 -1
    outer loop
      vertex 50.8708 -10.1292 0
      vertex 48 -8 0
      vertex 50.7716 -9.85194 0
    endloop
  endfacet
  facet normal 0 0 -1
    outer loop
      vertex 48 -28.7 0
      vertex 50.4944 -32.6667 0
      vertex 50.319 -32.9032 0
    endloop
  endfacet
  facet normal 0 0 -1
    outer loop
      vertex 50.7716 -9.85194 0
      vertex 48 -8 0
      vertex 50.6458 -9.58582 0
    endloop
  endfacet
  facet normal 0 0 -1
    outer loop
      vertex 48 -28.7 0
      vertex 50.319 -32.9032 0
      vertex 50.1213 -33.1213 0
    endloop
  endfacet
  facet normal 0 0 -1
    outer loop
      vertex 50.6458 -9.58582 0
      vertex 48 -8 0
      vertex 50.4944 -9.33328 0
    endloop
  endfacet
  facet normal 0 0 -1
    outer loop
      vertex 48 -28.7 0
      vertex 50.1213 -33.1213 0
      vertex 49.9032 -33.319 0
    endloop
  endfacet
  facet normal 0 0 -1
    outer loop
      vertex 50.4944 -9.33328 0
      vertex 48 -8 0
      vertex 50.319 -9.09682 0
    endloop
  endfacet
  facet normal 0 0 -1
    outer loop
      vertex 48 -28.7 0
      vertex 49.9032 -33.319 0
      vertex 49.6667 -33.4944 0
    endloop
  endfacet
  facet normal 0 0 -1
    outer loop
      vertex 50.319 -9.09682 0
      vertex 48 -8 0
      vertex 50.1213 -8.87868 0
    endloop
  endfacet
  facet normal 0 0 -1
    outer loop
      vertex 48 -28.7 0
      vertex 49.6667 -33.4944 0
      vertex 49.4142 -33.6458 0
    endloop
  endfacet
  facet normal 0 0 -1
    outer loop
      vertex 50.1213 -8.87868 0
      vertex 48 -8 0
      vertex 49.9032 -8.68097 0
    endloop
  endfacet
  facet normal 0 0 -1
    outer loop
      vertex 48 -28.7 0
      vertex 49.4142 -33.6458 0
      vertex 49.1481 -33.7716 0
    endloop
  endfacet
  facet normal 0 0 -1
    outer loop
      vertex 49.9032 -8.68097 0
      vertex 48 -8 0
      vertex 49.6667 -8.50558 0
    endloop
  endfacet
  facet normal 0 0 -1
    outer loop
      vertex 48 -28.7 0
      vertex 49.1481 -33.7716 0
      vertex 48.8708 -33.8708 0
    endloop
  endfacet
  facet normal 0 0 -1
    outer loop
      vertex 49.6667 -8.50558 0
      vertex 48 -8 0
      vertex 49.4142 -8.35423 0
    endloop
  endfacet
  facet normal 0 0 -1
    outer loop
      vertex 48 -28.7 0
      vertex 48.8708 -33.8708 0
      vertex 48.5853 -33.9424 0
    endloop
  endfacet
  facet normal 0 0 -1
    outer loop
      vertex 49.4142 -8.35423 0
      vertex 48 -8 0
      vertex 49.1481 -8.22836 0
    endloop
  endfacet
  facet normal 0 0 -1
    outer loop
      vertex 48 -28.7 0
      vertex 48.5853 -33.9424 0
      vertex 48.2941 -33.9855 0
    endloop
  endfacet
  facet normal 0 0 -1
    outer loop
      vertex 49.1481 -8.22836 0
      vertex 48 -8 0
      vertex 48.8708 -8.12918 0
    endloop
  endfacet
  facet normal 0 0 -1
    outer loop
      vertex 48 -28.7 0
      vertex 48.2941 -33.9855 0
      vertex 48 -34 0
    endloop
  endfacet
  facet normal 0 0 -1
    outer loop
      vertex 51 -31 0
      vertex 48 -28.7 0
      vertex 48 -21.3 0
    endloop
  endfacet
  facet normal 0 0 -1
    outer loop
      vertex 48.8708 -8.12918 0
      vertex 48 -8 0
      vertex 48.5853 -8.05765 0
    endloop
  endfacet
  facet normal 0 0 -1
    outer loop
      vertex 48.5853 -8.05765 0
      vertex 48 -8 0
      vertex 48.2941 -8.01445 0
    endloop
  endfacet
  facet normal 0 0 -1
    outer loop
      vertex 32.1809 -21.3 0
      vertex 48 -8 0
      vertex 48 -21.3 0
    endloop
  endfacet
  facet normal 0 0 -1
    outer loop
      vertex 32.027 -21.2077 0
      vertex 48 -8 0
      vertex 32.1809 -21.3 0
    endloop
  endfacet
  facet normal 0 0 -1
    outer loop
      vertex 31.6455 -21.0273 0
      vertex 48 -8 0
      vertex 32.027 -21.2077 0
    endloop
  endfacet
  facet normal 0 0 -1
    outer loop
      vertex 31.2482 -20.8852 0
      vertex 48 -8 0
      vertex 31.6455 -21.0273 0
    endloop
  endfacet
  facet normal 0 0 -1
    outer loop
      vertex 30.8389 -20.7826 0
      vertex 48 -8 0
      vertex 31.2482 -20.8852 0
    endloop
  endfacet
  facet normal 0 0 -1
    outer loop
      vertex 30.4215 -20.7207 0
      vertex 48 -8 0
      vertex 30.8389 -20.7826 0
    endloop
  endfacet
  facet normal 0 0 -1
    outer loop
      vertex 30 -20.7 0
      vertex 48 -8 0
      vertex 30.4215 -20.7207 0
    endloop
  endfacet
  facet normal 0 0 -1
    outer loop
      vertex 12 -8 0
      vertex 30 -20.7 0
      vertex 29.5785 -20.7207 0
    endloop
  endfacet
  facet normal 0 0 -1
    outer loop
      vertex 12 -8 0
      vertex 29.5785 -20.7207 0
      vertex 29.1611 -20.7826 0
    endloop
  endfacet
  facet normal 0 0 -1
    outer loop
      vertex 12 -8 0
      vertex 29.1611 -20.7826 0
      vertex 28.7518 -20.8852 0
    endloop
  endfacet
  facet normal 0 0 -1
    outer loop
      vertex 12 -8 0
      vertex 28.7518 -20.8852 0
      vertex 28.3545 -21.0273 0
    endloop
  endfacet
  facet normal 0 0 -1
    outer loop
      vertex 12 -8 0
      vertex 28.3545 -21.0273 0
      vertex 27.973 -21.2077 0
    endloop
  endfacet
  facet normal 0 0 -1
    outer loop
      vertex 12 -8 0
      vertex 27.973 -21.2077 0
      vertex 27.8191 -21.3 0
    endloop
  endfacet
  facet normal 0 0 -1
    outer loop
      vertex 12 -8 0
      vertex 27.8191 -21.3 0
      vertex 12 -21.3 0
    endloop
  endfacet
  facet normal 0 0 -1
    outer loop
      vertex 30 -20.7 0
      vertex 12 -8 0
      vertex 48 -8 0
    endloop
  endfacet
  facet normal 0.941565 -0.336831 0
    outer loop
      vertex 50.7716 -32.1481 4
      vertex 50.8708 -31.8708 0
      vertex 50.8708 -31.8708 4
    endloop
  endfacet
  facet normal 0.941565 -0.336831 0
    outer loop
      vertex 50.8708 -31.8708 0
      vertex 50.7716 -32.1481 4
      vertex 50.7716 -32.1481 0
    endloop
  endfacet
  facet normal 0.989224 0.146413 0
    outer loop
      vertex 50.9855 -10.7059 4
      vertex 50.9424 -10.4147 0
      vertex 50.9424 -10.4147 4
    endloop
  endfacet
  facet normal 0.989224 0.146413 0
    outer loop
      vertex 50.9424 -10.4147 0
      vertex 50.9855 -10.7059 4
      vertex 50.9855 -10.7059 0
    endloop
  endfacet
  facet normal 0.904075 0.427374 0
    outer loop
      vertex 50.7716 -9.85194 4
      vertex 50.6458 -9.58582 0
      vertex 50.6458 -9.58582 4
    endloop
  endfacet
  facet normal 0.904075 0.427374 0
    outer loop
      vertex 50.6458 -9.58582 0
      vertex 50.7716 -9.85194 4
      vertex 50.7716 -9.85194 0
    endloop
  endfacet
  facet normal 1 0 0
    outer loop
      vertex 47 -8 15
      vertex 47 -9.54524 9.5
      vertex 47 -8 4
    endloop
  endfacet
  facet normal 1 0 0
    outer loop
      vertex 47 -8 15
      vertex 47 -11.7726 11.7274
      vertex 47 -9.54524 9.5
    endloop
  endfacet
  facet normal 1 0 0
    outer loop
      vertex 47 -8 15
      vertex 47 -12.0017 11.935
      vertex 47 -11.7726 11.7274
    endloop
  endfacet
  facet normal 1 0 0
    outer loop
      vertex 47 -8 15
      vertex 47 -12.25 12.1191
      vertex 47 -12.0017 11.935
    endloop
  endfacet
  facet normal 1 0 0
    outer loop
      vertex 47 -8 15
      vertex 47 -12.5151 12.278
      vertex 47 -12.25 12.1191
    endloop
  endfacet
  facet normal 1 0 0
    outer loop
      vertex 47 -8 15
      vertex 47 -12.7946 12.4102
      vertex 47 -12.5151 12.278
    endloop
  endfacet
  facet normal 1 0 0
    outer loop
      vertex 47 -8 15
      vertex 47 -13.0856 12.5144
      vertex 47 -12.7946 12.4102
    endloop
  endfacet
  facet normal 1 0 0
    outer loop
      vertex 47 -8 15
      vertex 47 -13.3855 12.5895
      vertex 47 -13.0856 12.5144
    endloop
  endfacet
  facet normal 1 0 0
    outer loop
      vertex 47 -8 15
      vertex 47 -13.6913 12.6348
      vertex 47 -13.3855 12.5895
    endloop
  endfacet
  facet normal 1 0 0
    outer loop
      vertex 47 -8 15
      vertex 47 -14 12.65
      vertex 47 -13.6913 12.6348
    endloop
  endfacet
  facet normal 1 -0 0
    outer loop
      vertex 47 -20 15
      vertex 47 -14 12.65
      vertex 47 -8 15
    endloop
  endfacet
  facet normal 1 0 0
    outer loop
      vertex 47 -14 12.65
      vertex 47 -20 15
      vertex 47 -14.3087 12.6348
    endloop
  endfacet
  facet normal 1 0 0
    outer loop
      vertex 47 -14.3087 12.6348
      vertex 47 -20 15
      vertex 47 -14.6145 12.5895
    endloop
  endfacet
  facet normal 1 0 0
    outer loop
      vertex 47 -14.6145 12.5895
      vertex 47 -20 15
      vertex 47 -14.9144 12.5144
    endloop
  endfacet
  facet normal 1 0 0
    outer loop
      vertex 47 -17.1348 9.80875
      vertex 47 -20 15
      vertex 47 -17.15 9.5
    endloop
  endfacet
  facet normal 1 0 0
    outer loop
      vertex 47 -17.0895 10.1145
      vertex 47 -20 15
      vertex 47 -17.1348 9.80875
    endloop
  endfacet
  facet normal 1 0 0
    outer loop
      vertex 47 -17.0144 10.4144
      vertex 47 -20 15
      vertex 47 -17.0895 10.1145
    endloop
  endfacet
  facet normal 1 0 0
    outer loop
      vertex 47 -16.9102 10.7054
      vertex 47 -20 15
      vertex 47 -17.0144 10.4144
    endloop
  endfacet
  facet normal 1 0 0
    outer loop
      vertex 47 -16.778 10.9849
      vertex 47 -20 15
      vertex 47 -16.9102 10.7054
    endloop
  endfacet
  facet normal 1 0 0
    outer loop
      vertex 47 -16.6191 11.25
      vertex 47 -20 15
      vertex 47 -16.778 10.9849
    endloop
  endfacet
  facet normal 1 0 0
    outer loop
      vertex 47 -16.435 11.4983
      vertex 47 -20 15
      vertex 47 -16.6191 11.25
    endloop
  endfacet
  facet normal 1 0 0
    outer loop
      vertex 47 -16.2274 11.7274
      vertex 47 -20 15
      vertex 47 -16.435 11.4983
    endloop
  endfacet
  facet normal 1 0 0
    outer loop
      vertex 47 -15.9983 11.935
      vertex 47 -20 15
      vertex 47 -16.2274 11.7274
    endloop
  endfacet
  facet normal 1 0 0
    outer loop
      vertex 47 -15.75 12.1191
      vertex 47 -20 15
      vertex 47 -15.9983 11.935
    endloop
  endfacet
  facet normal 1 0 0
    outer loop
      vertex 47 -15.4849 12.278
      vertex 47 -20 15
      vertex 47 -15.75 12.1191
    endloop
  endfacet
  facet normal 1 0 0
    outer loop
      vertex 47 -15.2054 12.4102
      vertex 47 -20 15
      vertex 47 -15.4849 12.278
    endloop
  endfacet
  facet normal 1 0 0
    outer loop
      vertex 47 -14.9144 12.5144
      vertex 47 -20 15
      vertex 47 -15.2054 12.4102
    endloop
  endfacet
  facet normal 1 -0 0
    outer loop
      vertex 47 -11.7726 7.27263
      vertex 47 -8 4
      vertex 47 -9.54524 9.5
    endloop
  endfacet
  facet normal 1 -0 0
    outer loop
      vertex 47 -12.0017 7.06502
      vertex 47 -8 4
      vertex 47 -11.7726 7.27263
    endloop
  endfacet
  facet normal 1 -0 0
    outer loop
      vertex 47 -12.25 6.88087
      vertex 47 -8 4
      vertex 47 -12.0017 7.06502
    endloop
  endfacet
  facet normal 1 -0 0
    outer loop
      vertex 47 -12.5151 6.72195
      vertex 47 -8 4
      vertex 47 -12.25 6.88087
    endloop
  endfacet
  facet normal 1 -0 0
    outer loop
      vertex 47 -12.7946 6.58978
      vertex 47 -8 4
      vertex 47 -12.5151 6.72195
    endloop
  endfacet
  facet normal 1 -0 0
    outer loop
      vertex 47 -13.0856 6.48564
      vertex 47 -8 4
      vertex 47 -12.7946 6.58978
    endloop
  endfacet
  facet normal 1 -0 0
    outer loop
      vertex 47 -13.3855 6.41054
      vertex 47 -8 4
      vertex 47 -13.0856 6.48564
    endloop
  endfacet
  facet normal 1 -0 0
    outer loop
      vertex 47 -13.6913 6.36517
      vertex 47 -8 4
      vertex 47 -13.3855 6.41054
    endloop
  endfacet
  facet normal 1 -0 0
    outer loop
      vertex 47 -14 6.35001
      vertex 47 -8 4
      vertex 47 -13.6913 6.36517
    endloop
  endfacet
  facet normal 1 0 0
    outer loop
      vertex 47 -20 4
      vertex 47 -14 6.35001
      vertex 47 -14.3087 6.36517
    endloop
  endfacet
  facet normal 1 0 0
    outer loop
      vertex 47 -20 4
      vertex 47 -14.3087 6.36517
      vertex 47 -14.6145 6.41054
    endloop
  endfacet
  facet normal 1 0 0
    outer loop
      vertex 47 -20 4
      vertex 47 -14.6145 6.41054
      vertex 47 -14.9144 6.48564
    endloop
  endfacet
  facet normal 1 0 0
    outer loop
      vertex 47 -20 4
      vertex 47 -14.9144 6.48564
      vertex 47 -15.2054 6.58978
    endloop
  endfacet
  facet normal 1 0 0
    outer loop
      vertex 47 -20 4
      vertex 47 -17.15 9.5
      vertex 47 -20 15
    endloop
  endfacet
  facet normal 1 0 0
    outer loop
      vertex 47 -17.15 9.5
      vertex 47 -20 4
      vertex 47 -17.1348 9.19125
    endloop
  endfacet
  facet normal 1 0 0
    outer loop
      vertex 47 -17.1348 9.19125
      vertex 47 -20 4
      vertex 47 -17.0895 8.88547
    endloop
  endfacet
  facet normal 1 0 0
    outer loop
      vertex 47 -17.0895 8.88547
      vertex 47 -20 4
      vertex 47 -17.0144 8.58562
    endloop
  endfacet
  facet normal 1 0 0
    outer loop
      vertex 47 -14 6.35001
      vertex 47 -20 4
      vertex 47 -8 4
    endloop
  endfacet
  facet normal 1 0 0
    outer loop
      vertex 47 -15.4849 6.72195
      vertex 47 -20 4
      vertex 47 -15.2054 6.58978
    endloop
  endfacet
  facet normal 1 0 0
    outer loop
      vertex 47 -15.75 6.88087
      vertex 47 -20 4
      vertex 47 -15.4849 6.72195
    endloop
  endfacet
  facet normal 1 0 0
    outer loop
      vertex 47 -15.9983 7.06502
      vertex 47 -20 4
      vertex 47 -15.75 6.88087
    endloop
  endfacet
  facet normal 1 0 0
    outer loop
      vertex 47 -16.2274 7.27263
      vertex 47 -20 4
      vertex 47 -15.9983 7.06502
    endloop
  endfacet
  facet normal 1 0 0
    outer loop
      vertex 47 -16.435 7.50166
      vertex 47 -20 4
      vertex 47 -16.2274 7.27263
    endloop
  endfacet
  facet normal 1 0 0
    outer loop
      vertex 47 -16.6191 7.74995
      vertex 47 -20 4
      vertex 47 -16.435 7.50166
    endloop
  endfacet
  facet normal 1 0 0
    outer loop
      vertex 47 -16.778 8.01511
      vertex 47 -20 4
      vertex 47 -16.6191 7.74995
    endloop
  endfacet
  facet normal 1 0 0
    outer loop
      vertex 47 -16.9102 8.29456
      vertex 47 -20 4
      vertex 47 -16.778 8.01511
    endloop
  endfacet
  facet normal 1 0 0
    outer loop
      vertex 47 -17.0144 8.58562
      vertex 47 -20 4
      vertex 47 -16.9102 8.29456
    endloop
  endfacet
  facet normal 0 0 1
    outer loop
      vertex 47 -8 15
      vertex 41.25 -14 15
      vertex 47 -20 15
    endloop
  endfacet
  facet normal 0 0 1
    outer loop
      vertex 47 -8 15
      vertex 41.244 -13.8775 15
      vertex 41.25 -14 15
    endloop
  endfacet
  facet normal 0 0 1
    outer loop
      vertex 47 -8 15
      vertex 41.226 -13.7561 15
      vertex 41.244 -13.8775 15
    endloop
  endfacet
  facet normal 0 0 1
    outer loop
      vertex 47 -8 15
      vertex 41.1962 -13.6371 15
      vertex 41.226 -13.7561 15
    endloop
  endfacet
  facet normal 0 0 1
    outer loop
      vertex 47 -8 15
      vertex 41.1549 -13.5216 15
      vertex 41.1962 -13.6371 15
    endloop
  endfacet
  facet normal 0 0 1
    outer loop
      vertex 47 -8 15
      vertex 41.1024 -13.4108 15
      vertex 41.1549 -13.5216 15
    endloop
  endfacet
  facet normal 0 0 1
    outer loop
      vertex 47 -8 15
      vertex 41.0393 -13.3055 15
      vertex 41.1024 -13.4108 15
    endloop
  endfacet
  facet normal 0 0 1
    outer loop
      vertex 47 -8 15
      vertex 40.9663 -13.207 15
      vertex 41.0393 -13.3055 15
    endloop
  endfacet
  facet normal 0 0 1
    outer loop
      vertex 47 -8 15
      vertex 40.8839 -13.1161 15
      vertex 40.9663 -13.207 15
    endloop
  endfacet
  facet normal 0 0 1
    outer loop
      vertex 47 -8 15
      vertex 40.793 -13.0337 15
      vertex 40.8839 -13.1161 15
    endloop
  endfacet
  facet normal 0 0 1
    outer loop
      vertex 47 -8 15
      vertex 40.6945 -12.9607 15
      vertex 40.793 -13.0337 15
    endloop
  endfacet
  facet normal 0 0 1
    outer loop
      vertex 47 -8 15
      vertex 40.5892 -12.8976 15
      vertex 40.6945 -12.9607 15
    endloop
  endfacet
  facet normal 0 0 1
    outer loop
      vertex 47 -8 15
      vertex 40.4784 -12.8452 15
      vertex 40.5892 -12.8976 15
    endloop
  endfacet
  facet normal 0 0 1
    outer loop
      vertex 47 -8 15
      vertex 40.3629 -12.8038 15
      vertex 40.4784 -12.8452 15
    endloop
  endfacet
  facet normal 0 0 1
    outer loop
      vertex 47 -8 15
      vertex 40.2439 -12.774 15
      vertex 40.3629 -12.8038 15
    endloop
  endfacet
  facet normal 0 0 1
    outer loop
      vertex 47 -8 15
      vertex 40.1225 -12.756 15
      vertex 40.2439 -12.774 15
    endloop
  endfacet
  facet normal 0 0 1
    outer loop
      vertex 47 -8 15
      vertex 40 -12.75 15
      vertex 40.1225 -12.756 15
    endloop
  endfacet
  facet normal 0 0 1
    outer loop
      vertex 47 -8 15
      vertex 39.8775 -12.756 15
      vertex 40 -12.75 15
    endloop
  endfacet
  facet normal 0 0 1
    outer loop
      vertex 47 -8 15
      vertex 39.7561 -12.774 15
      vertex 39.8775 -12.756 15
    endloop
  endfacet
  facet normal 0 0 1
    outer loop
      vertex 47 -8 15
      vertex 39.6371 -12.8038 15
      vertex 39.7561 -12.774 15
    endloop
  endfacet
  facet normal 0 0 1
    outer loop
      vertex 47 -8 15
      vertex 39.5216 -12.8452 15
      vertex 39.6371 -12.8038 15
    endloop
  endfacet
  facet normal -0 0 1
    outer loop
      vertex 13 -8 15
      vertex 39.5216 -12.8452 15
      vertex 47 -8 15
    endloop
  endfacet
  facet normal 0 0 1
    outer loop
      vertex 39.5216 -12.8452 15
      vertex 13 -8 15
      vertex 39.4108 -12.8976 15
    endloop
  endfacet
  facet normal 0 0 1
    outer loop
      vertex 38.756 -13.8775 15
      vertex 13 -8 15
      vertex 38.75 -14 15
    endloop
  endfacet
  facet normal 0 0 1
    outer loop
      vertex 38.774 -13.7561 15
      vertex 13 -8 15
      vertex 38.756 -13.8775 15
    endloop
  endfacet
  facet normal 0 0 1
    outer loop
      vertex 38.8038 -13.6371 15
      vertex 13 -8 15
      vertex 38.774 -13.7561 15
    endloop
  endfacet
  facet normal 0 0 1
    outer loop
      vertex 38.8451 -13.5216 15
      vertex 13 -8 15
      vertex 38.8038 -13.6371 15
    endloop
  endfacet
  facet normal 0 0 1
    outer loop
      vertex 38.8976 -13.4108 15
      vertex 13 -8 15
      vertex 38.8451 -13.5216 15
    endloop
  endfacet
  facet normal 0 0 1
    outer loop
      vertex 38.9607 -13.3055 15
      vertex 13 -8 15
      vertex 38.8976 -13.4108 15
    endloop
  endfacet
  facet normal 0 0 1
    outer loop
      vertex 39.0337 -13.207 15
      vertex 13 -8 15
      vertex 38.9607 -13.3055 15
    endloop
  endfacet
  facet normal 0 0 1
    outer loop
      vertex 39.1161 -13.1161 15
      vertex 13 -8 15
      vertex 39.0337 -13.207 15
    endloop
  endfacet
  facet normal 0 0 1
    outer loop
      vertex 39.207 -13.0337 15
      vertex 13 -8 15
      vertex 39.1161 -13.1161 15
    endloop
  endfacet
  facet normal 0 0 1
    outer loop
      vertex 39.3055 -12.9607 15
      vertex 13 -8 15
      vertex 39.207 -13.0337 15
    endloop
  endfacet
  facet normal 0 0 1
    outer loop
      vertex 39.4108 -12.8976 15
      vertex 13 -8 15
      vertex 39.3055 -12.9607 15
    endloop
  endfacet
  facet normal -0 0 1
    outer loop
      vertex 41.244 -14.1225 15
      vertex 47 -20 15
      vertex 41.25 -14 15
    endloop
  endfacet
  facet normal -0 0 1
    outer loop
      vertex 41.226 -14.2439 15
      vertex 47 -20 15
      vertex 41.244 -14.1225 15
    endloop
  endfacet
  facet normal -0 0 1
    outer loop
      vertex 41.1962 -14.3629 15
      vertex 47 -20 15
      vertex 41.226 -14.2439 15
    endloop
  endfacet
  facet normal -0 0 1
    outer loop
      vertex 41.1549 -14.4784 15
      vertex 47 -20 15
      vertex 41.1962 -14.3629 15
    endloop
  endfacet
  facet normal -0 0 1
    outer loop
      vertex 41.1024 -14.5892 15
      vertex 47 -20 15
      vertex 41.1549 -14.4784 15
    endloop
  endfacet
  facet normal -0 0 1
    outer loop
      vertex 41.0393 -14.6945 15
      vertex 47 -20 15
      vertex 41.1024 -14.5892 15
    endloop
  endfacet
  facet normal -0 0 1
    outer loop
      vertex 40.9663 -14.793 15
      vertex 47 -20 15
      vertex 41.0393 -14.6945 15
    endloop
  endfacet
  facet normal -0 0 1
    outer loop
      vertex 40.8839 -14.8839 15
      vertex 47 -20 15
      vertex 40.9663 -14.793 15
    endloop
  endfacet
  facet normal -0 0 1
    outer loop
      vertex 40.793 -14.9663 15
      vertex 47 -20 15
      vertex 40.8839 -14.8839 15
    endloop
  endfacet
  facet normal -0 0 1
    outer loop
      vertex 40.6945 -15.0393 15
      vertex 47 -20 15
      vertex 40.793 -14.9663 15
    endloop
  endfacet
  facet normal -0 0 1
    outer loop
      vertex 40.5892 -15.1024 15
      vertex 47 -20 15
      vertex 40.6945 -15.0393 15
    endloop
  endfacet
  facet normal -0 0 1
    outer loop
      vertex 40.4784 -15.1549 15
      vertex 47 -20 15
      vertex 40.5892 -15.1024 15
    endloop
  endfacet
  facet normal -0 0 1
    outer loop
      vertex 40.3629 -15.1962 15
      vertex 47 -20 15
      vertex 40.4784 -15.1549 15
    endloop
  endfacet
  facet normal -0 0 1
    outer loop
      vertex 40.2439 -15.226 15
      vertex 47 -20 15
      vertex 40.3629 -15.1962 15
    endloop
  endfacet
  facet normal -0 0 1
    outer loop
      vertex 40.1225 -15.244 15
      vertex 47 -20 15
      vertex 40.2439 -15.226 15
    endloop
  endfacet
  facet normal -0 0 1
    outer loop
      vertex 40 -15.25 15
      vertex 47 -20 15
      vertex 40.1225 -15.244 15
    endloop
  endfacet
  facet normal 0 0 1
    outer loop
      vertex 39.8775 -15.244 15
      vertex 47 -20 15
      vertex 40 -15.25 15
    endloop
  endfacet
  facet normal 0 0 1
    outer loop
      vertex 39.7561 -15.226 15
      vertex 47 -20 15
      vertex 39.8775 -15.244 15
    endloop
  endfacet
  facet normal 0 0 1
    outer loop
      vertex 39.6371 -15.1962 15
      vertex 47 -20 15
      vertex 39.7561 -15.226 15
    endloop
  endfacet
  facet normal 0 0 1
    outer loop
      vertex 39.5216 -15.1549 15
      vertex 47 -20 15
      vertex 39.6371 -15.1962 15
    endloop
  endfacet
  facet normal 0 0 1
    outer loop
      vertex 13 -20 15
      vertex 39.5216 -15.1549 15
      vertex 39.4108 -15.1024 15
    endloop
  endfacet
  facet normal 0 0 1
    outer loop
      vertex 13 -20 15
      vertex 39.4108 -15.1024 15
      vertex 39.3055 -15.0393 15
    endloop
  endfacet
  facet normal 0 0 1
    outer loop
      vertex 13 -20 15
      vertex 38.75 -14 15
      vertex 13 -8 15
    endloop
  endfacet
  facet normal 0 0 1
    outer loop
      vertex 38.75 -14 15
      vertex 13 -20 15
      vertex 38.756 -14.1225 15
    endloop
  endfacet
  facet normal 0 0 1
    outer loop
      vertex 38.756 -14.1225 15
      vertex 13 -20 15
      vertex 38.774 -14.2439 15
    endloop
  endfacet
  facet normal 0 0 1
    outer loop
      vertex 38.774 -14.2439 15
      vertex 13 -20 15
      vertex 38.8038 -14.3629 15
    endloop
  endfacet
  facet normal 0 0 1
    outer loop
      vertex 38.8038 -14.3629 15
      vertex 13 -20 15
      vertex 38.8451 -14.4784 15
    endloop
  endfacet
  facet normal 0 0 1
    outer loop
      vertex 38.8451 -14.4784 15
      vertex 13 -20 15
      vertex 38.8976 -14.5892 15
    endloop
  endfacet
  facet normal 0 0 1
    outer loop
      vertex 38.8976 -14.5892 15
      vertex 13 -20 15
      vertex 38.9607 -14.6945 15
    endloop
  endfacet
  facet normal 0 0 1
    outer loop
      vertex 38.9607 -14.6945 15
      vertex 13 -20 15
      vertex 39.0337 -14.793 15
    endloop
  endfacet
  facet normal 0 0 1
    outer loop
      vertex 39.0337 -14.793 15
      vertex 13 -20 15
      vertex 39.1161 -14.8839 15
    endloop
  endfacet
  facet normal 0 0 1
    outer loop
      vertex 39.1161 -14.8839 15
      vertex 13 -20 15
      vertex 39.207 -14.9663 15
    endloop
  endfacet
  facet normal 0 0 1
    outer loop
      vertex 39.207 -14.9663 15
      vertex 13 -20 15
      vertex 39.3055 -15.0393 15
    endloop
  endfacet
  facet normal 0 0 1
    outer loop
      vertex 39.5216 -15.1549 15
      vertex 13 -20 15
      vertex 47 -20 15
    endloop
  endfacet
  facet normal -1 0 0
    outer loop
      vertex 13 -8 4
      vertex 13 -9.54524 9.5
      vertex 13 -8 15
    endloop
  endfacet
  facet normal -1 0 0
    outer loop
      vertex 13 -8 4
      vertex 13 -11.7726 7.27263
      vertex 13 -9.54524 9.5
    endloop
  endfacet
  facet normal -1 0 0
    outer loop
      vertex 13 -8 4
      vertex 13 -12.0017 7.06502
      vertex 13 -11.7726 7.27263
    endloop
  endfacet
  facet normal -1 0 0
    outer loop
      vertex 13 -8 4
      vertex 13 -12.25 6.88087
      vertex 13 -12.0017 7.06502
    endloop
  endfacet
  facet normal -1 0 0
    outer loop
      vertex 13 -8 4
      vertex 13 -12.5151 6.72195
      vertex 13 -12.25 6.88087
    endloop
  endfacet
  facet normal -1 0 0
    outer loop
      vertex 13 -8 4
      vertex 13 -12.7946 6.58978
      vertex 13 -12.5151 6.72195
    endloop
  endfacet
  facet normal -1 0 0
    outer loop
      vertex 13 -8 4
      vertex 13 -13.0856 6.48564
      vertex 13 -12.7946 6.58978
    endloop
  endfacet
  facet normal -1 0 0
    outer loop
      vertex 13 -8 4
      vertex 13 -13.3855 6.41054
      vertex 13 -13.0856 6.48564
    endloop
  endfacet
  facet normal -1 0 0
    outer loop
      vertex 13 -8 4
      vertex 13 -13.6913 6.36517
      vertex 13 -13.3855 6.41054
    endloop
  endfacet
  facet normal -1 0 0
    outer loop
      vertex 13 -8 4
      vertex 13 -14 6.35001
      vertex 13 -13.6913 6.36517
    endloop
  endfacet
  facet normal -1 0 0
    outer loop
      vertex 13 -20 4
      vertex 13 -14 6.35001
      vertex 13 -8 4
    endloop
  endfacet
  facet normal -1 -0 0
    outer loop
      vertex 13 -14 6.35001
      vertex 13 -20 4
      vertex 13 -14.3087 6.36517
    endloop
  endfacet
  facet normal -1 -0 0
    outer loop
      vertex 13 -14.3087 6.36517
      vertex 13 -20 4
      vertex 13 -14.6145 6.41054
    endloop
  endfacet
  facet normal -1 -0 0
    outer loop
      vertex 13 -14.6145 6.41054
      vertex 13 -20 4
      vertex 13 -14.9144 6.48564
    endloop
  endfacet
  facet normal -1 -0 0
    outer loop
      vertex 13 -17.1348 9.19125
      vertex 13 -20 4
      vertex 13 -17.15 9.5
    endloop
  endfacet
  facet normal -1 -0 0
    outer loop
      vertex 13 -17.0895 8.88547
      vertex 13 -20 4
      vertex 13 -17.1348 9.19125
    endloop
  endfacet
  facet normal -1 -0 0
    outer loop
      vertex 13 -17.0144 8.58562
      vertex 13 -20 4
      vertex 13 -17.0895 8.88547
    endloop
  endfacet
  facet normal -1 -0 0
    outer loop
      vertex 13 -16.9102 8.29456
      vertex 13 -20 4
      vertex 13 -17.0144 8.58562
    endloop
  endfacet
  facet normal -1 -0 0
    outer loop
      vertex 13 -16.778 8.01511
      vertex 13 -20 4
      vertex 13 -16.9102 8.29456
    endloop
  endfacet
  facet normal -1 -0 0
    outer loop
      vertex 13 -16.6191 7.74995
      vertex 13 -20 4
      vertex 13 -16.778 8.01511
    endloop
  endfacet
  facet normal -1 -0 0
    outer loop
      vertex 13 -16.435 7.50166
      vertex 13 -20 4
      vertex 13 -16.6191 7.74995
    endloop
  endfacet
  facet normal -1 -0 0
    outer loop
      vertex 13 -16.2274 7.27263
      vertex 13 -20 4
      vertex 13 -16.435 7.50166
    endloop
  endfacet
  facet normal -1 -0 0
    outer loop
      vertex 13 -15.9983 7.06502
      vertex 13 -20 4
      vertex 13 -16.2274 7.27263
    endloop
  endfacet
  facet normal -1 -0 0
    outer loop
      vertex 13 -15.75 6.88087
      vertex 13 -20 4
      vertex 13 -15.9983 7.06502
    endloop
  endfacet
  facet normal -1 -0 0
    outer loop
      vertex 13 -15.4849 6.72195
      vertex 13 -20 4
      vertex 13 -15.75 6.88087
    endloop
  endfacet
  facet normal -1 -0 0
    outer loop
      vertex 13 -15.2054 6.58978
      vertex 13 -20 4
      vertex 13 -15.4849 6.72195
    endloop
  endfacet
  facet normal -1 -0 0
    outer loop
      vertex 13 -14.9144 6.48564
      vertex 13 -20 4
      vertex 13 -15.2054 6.58978
    endloop
  endfacet
  facet normal -1 0 0
    outer loop
      vertex 13 -11.7726 11.7274
      vertex 13 -8 15
      vertex 13 -9.54524 9.5
    endloop
  endfacet
  facet normal -1 0 0
    outer loop
      vertex 13 -12.0017 11.935
      vertex 13 -8 15
      vertex 13 -11.7726 11.7274
    endloop
  endfacet
  facet normal -1 0 0
    outer loop
      vertex 13 -12.25 12.1191
      vertex 13 -8 15
      vertex 13 -12.0017 11.935
    endloop
  endfacet
  facet normal -1 0 0
    outer loop
      vertex 13 -12.5151 12.278
      vertex 13 -8 15
      vertex 13 -12.25 12.1191
    endloop
  endfacet
  facet normal -1 0 0
    outer loop
      vertex 13 -12.7946 12.4102
      vertex 13 -8 15
      vertex 13 -12.5151 12.278
    endloop
  endfacet
  facet normal -1 0 0
    outer loop
      vertex 13 -13.0856 12.5144
      vertex 13 -8 15
      vertex 13 -12.7946 12.4102
    endloop
  endfacet
  facet normal -1 0 0
    outer loop
      vertex 13 -13.3855 12.5895
      vertex 13 -8 15
      vertex 13 -13.0856 12.5144
    endloop
  endfacet
  facet normal -1 0 0
    outer loop
      vertex 13 -13.6913 12.6348
      vertex 13 -8 15
      vertex 13 -13.3855 12.5895
    endloop
  endfacet
  facet normal -1 0 0
    outer loop
      vertex 13 -14 12.65
      vertex 13 -8 15
      vertex 13 -13.6913 12.6348
    endloop
  endfacet
  facet normal -1 0 0
    outer loop
      vertex 13 -20 15
      vertex 13 -14 12.65
      vertex 13 -14.3087 12.6348
    endloop
  endfacet
  facet normal -1 0 0
    outer loop
      vertex 13 -20 15
      vertex 13 -14.3087 12.6348
      vertex 13 -14.6145 12.5895
    endloop
  endfacet
  facet normal -1 0 0
    outer loop
      vertex 13 -20 15
      vertex 13 -14.6145 12.5895
      vertex 13 -14.9144 12.5144
    endloop
  endfacet
  facet normal -1 0 0
    outer loop
      vertex 13 -20 15
      vertex 13 -14.9144 12.5144
      vertex 13 -15.2054 12.4102
    endloop
  endfacet
  facet normal -1 0 0
    outer loop
      vertex 13 -20 15
      vertex 13 -17.15 9.5
      vertex 13 -20 4
    endloop
  endfacet
  facet normal -1 0 0
    outer loop
      vertex 13 -17.15 9.5
      vertex 13 -20 15
      vertex 13 -17.1348 9.80875
    endloop
  endfacet
  facet normal -1 0 0
    outer loop
      vertex 13 -17.1348 9.80875
      vertex 13 -20 15
      vertex 13 -17.0895 10.1145
    endloop
  endfacet
  facet normal -1 0 0
    outer loop
      vertex 13 -17.0895 10.1145
      vertex 13 -20 15
      vertex 13 -17.0144 10.4144
    endloop
  endfacet
  facet normal -1 0 0
    outer loop
      vertex 13 -14 12.65
      vertex 13 -20 15
      vertex 13 -8 15
    endloop
  endfacet
  facet normal -1 0 0
    outer loop
      vertex 13 -15.4849 12.278
      vertex 13 -20 15
      vertex 13 -15.2054 12.4102
    endloop
  endfacet
  facet normal -1 0 0
    outer loop
      vertex 13 -15.75 12.1191
      vertex 13 -20 15
      vertex 13 -15.4849 12.278
    endloop
  endfacet
  facet normal -1 0 0
    outer loop
      vertex 13 -15.9983 11.935
      vertex 13 -20 15
      vertex 13 -15.75 12.1191
    endloop
  endfacet
  facet normal -1 0 0
    outer loop
      vertex 13 -16.2274 11.7274
      vertex 13 -20 15
      vertex 13 -15.9983 11.935
    endloop
  endfacet
  facet normal -1 0 0
    outer loop
      vertex 13 -16.435 11.4983
      vertex 13 -20 15
      vertex 13 -16.2274 11.7274
    endloop
  endfacet
  facet normal -1 0 0
    outer loop
      vertex 13 -16.6191 11.25
      vertex 13 -20 15
      vertex 13 -16.435 11.4983
    endloop
  endfacet
  facet normal -1 0 0
    outer loop
      vertex 13 -16.778 10.9849
      vertex 13 -20 15
      vertex 13 -16.6191 11.25
    endloop
  endfacet
  facet normal -1 0 0
    outer loop
      vertex 13 -16.9102 10.7054
      vertex 13 -20 15
      vertex 13 -16.778 10.9849
    endloop
  endfacet
  facet normal -1 0 0
    outer loop
      vertex 13 -17.0144 10.4144
      vertex 13 -20 15
      vertex 13 -16.9102 10.7054
    endloop
  endfacet
  facet normal 0 -1 0
    outer loop
      vertex 13 -20 4
      vertex 47 -20 15
      vertex 13 -20 15
    endloop
  endfacet
  facet normal 0 -1 -0
    outer loop
      vertex 47 -20 15
      vertex 13 -20 4
      vertex 47 -20 4
    endloop
  endfacet
  facet normal 0 0 -1
    outer loop
      vertex 48 -28.7 1.79
      vertex 32.3 -25 1.79
      vertex 48 -21.3 1.79
    endloop
  endfacet
  facet normal 0 0 -1
    outer loop
      vertex 48 -28.7 1.79
      vertex 32.2889 -25.2254 1.79
      vertex 32.3 -25 1.79
    endloop
  endfacet
  facet normal 0 0 -1
    outer loop
      vertex 48 -28.7 1.79
      vertex 32.2558 -25.4487 1.79
      vertex 32.2889 -25.2254 1.79
    endloop
  endfacet
  facet normal 0 0 -1
    outer loop
      vertex 32.1809 -28.7 1.79
      vertex 32.2558 -25.4487 1.79
      vertex 48 -28.7 1.79
    endloop
  endfacet
  facet normal 0 0 -1
    outer loop
      vertex 32.2558 -25.4487 1.79
      vertex 32.1809 -28.7 1.79
      vertex 32.201 -25.6677 1.79
    endloop
  endfacet
  facet normal 0 0 -1
    outer loop
      vertex 32.1809 -28.7 1.79
      vertex 32.1249 -25.8802 1.79
      vertex 32.201 -25.6677 1.79
    endloop
  endfacet
  facet normal 0 0 -1
    outer loop
      vertex 32.1809 -28.7 1.79
      vertex 32.0284 -26.0842 1.79
      vertex 32.1249 -25.8802 1.79
    endloop
  endfacet
  facet normal 0 0 -1
    outer loop
      vertex 31.0842 -27.0284 1.79
      vertex 32.1809 -28.7 1.79
      vertex 32.027 -28.7923 1.79
    endloop
  endfacet
  facet normal 0 0 -1
    outer loop
      vertex 32.1809 -28.7 1.79
      vertex 31.9124 -26.2778 1.79
      vertex 32.0284 -26.0842 1.79
    endloop
  endfacet
  facet normal 0 0 -1
    outer loop
      vertex 32.1809 -28.7 1.79
      vertex 31.7779 -26.4591 1.79
      vertex 31.9124 -26.2778 1.79
    endloop
  endfacet
  facet normal 0 0 -1
    outer loop
      vertex 31.0842 -27.0284 1.79
      vertex 32.027 -28.7923 1.79
      vertex 31.6455 -28.9727 1.79
    endloop
  endfacet
  facet normal 0 0 -1
    outer loop
      vertex 32.1809 -28.7 1.79
      vertex 31.6263 -26.6263 1.79
      vertex 31.7779 -26.4591 1.79
    endloop
  endfacet
  facet normal 0 0 -1
    outer loop
      vertex 32.1809 -28.7 1.79
      vertex 31.4591 -26.7779 1.79
      vertex 31.6263 -26.6263 1.79
    endloop
  endfacet
  facet normal 0 0 -1
    outer loop
      vertex 32.1809 -28.7 1.79
      vertex 31.2778 -26.9124 1.79
      vertex 31.4591 -26.7779 1.79
    endloop
  endfacet
  facet normal 0 0 -1
    outer loop
      vertex 30.8802 -27.1249 1.79
      vertex 31.6455 -28.9727 1.79
      vertex 31.2482 -29.1148 1.79
    endloop
  endfacet
  facet normal 0 0 -1
    outer loop
      vertex 32.1809 -28.7 1.79
      vertex 31.0842 -27.0284 1.79
      vertex 31.2778 -26.9124 1.79
    endloop
  endfacet
  facet normal 0 0 -1
    outer loop
      vertex 31.6455 -28.9727 1.79
      vertex 30.8802 -27.1249 1.79
      vertex 31.0842 -27.0284 1.79
    endloop
  endfacet
  facet normal 0 0 -1
    outer loop
      vertex 30.6677 -27.201 1.79
      vertex 31.2482 -29.1148 1.79
      vertex 30.8389 -29.2174 1.79
    endloop
  endfacet
  facet normal 0 0 -1
    outer loop
      vertex 31.2482 -29.1148 1.79
      vertex 30.6677 -27.201 1.79
      vertex 30.8802 -27.1249 1.79
    endloop
  endfacet
  facet normal 0 0 -1
    outer loop
      vertex 30.8389 -29.2174 1.79
      vertex 30.4487 -27.2558 1.79
      vertex 30.6677 -27.201 1.79
    endloop
  endfacet
  facet normal 0 0 -1
    outer loop
      vertex 30.4215 -29.2793 1.79
      vertex 30.4487 -27.2558 1.79
      vertex 30.8389 -29.2174 1.79
    endloop
  endfacet
  facet normal 0 0 -1
    outer loop
      vertex 30.4215 -29.2793 1.79
      vertex 30.2254 -27.2889 1.79
      vertex 30.4487 -27.2558 1.79
    endloop
  endfacet
  facet normal 0 0 -1
    outer loop
      vertex 30 -29.3 1.79
      vertex 30.2254 -27.2889 1.79
      vertex 30.4215 -29.2793 1.79
    endloop
  endfacet
  facet normal 0 0 -1
    outer loop
      vertex 30 -29.3 1.79
      vertex 30 -27.3 1.79
      vertex 30.2254 -27.2889 1.79
    endloop
  endfacet
  facet normal 0 0 -1
    outer loop
      vertex 30 -29.3 1.79
      vertex 29.7746 -27.2889 1.79
      vertex 30 -27.3 1.79
    endloop
  endfacet
  facet normal 0 0 -1
    outer loop
      vertex 29.5785 -29.2793 1.79
      vertex 29.7746 -27.2889 1.79
      vertex 30 -29.3 1.79
    endloop
  endfacet
  facet normal 0 0 -1
    outer loop
      vertex 29.5785 -29.2793 1.79
      vertex 29.5513 -27.2558 1.79
      vertex 29.7746 -27.2889 1.79
    endloop
  endfacet
  facet normal 0 0 -1
    outer loop
      vertex 29.1611 -29.2174 1.79
      vertex 29.5513 -27.2558 1.79
      vertex 29.5785 -29.2793 1.79
    endloop
  endfacet
  facet normal -0 0 -1
    outer loop
      vertex 29.5513 -27.2558 1.79
      vertex 29.1611 -29.2174 1.79
      vertex 29.3323 -27.201 1.79
    endloop
  endfacet
  facet normal 0 0 -1
    outer loop
      vertex 28.7518 -29.1148 1.79
      vertex 29.3323 -27.201 1.79
      vertex 29.1611 -29.2174 1.79
    endloop
  endfacet
  facet normal -0 0 -1
    outer loop
      vertex 29.3323 -27.201 1.79
      vertex 28.7518 -29.1148 1.79
      vertex 29.1198 -27.1249 1.79
    endloop
  endfacet
  facet normal 0 0 -1
    outer loop
      vertex 28.3545 -28.9727 1.79
      vertex 29.1198 -27.1249 1.79
      vertex 28.7518 -29.1148 1.79
    endloop
  endfacet
  facet normal -0 0 -1
    outer loop
      vertex 29.1198 -27.1249 1.79
      vertex 28.3545 -28.9727 1.79
      vertex 28.9158 -27.0284 1.79
    endloop
  endfacet
  facet normal 0 0 -1
    outer loop
      vertex 27.973 -28.7923 1.79
      vertex 28.9158 -27.0284 1.79
      vertex 28.3545 -28.9727 1.79
    endloop
  endfacet
  facet normal 0 0 -1
    outer loop
      vertex 27.8191 -28.7 1.79
      vertex 28.9158 -27.0284 1.79
      vertex 27.973 -28.7923 1.79
    endloop
  endfacet
  facet normal -0 0 -1
    outer loop
      vertex 28.9158 -27.0284 1.79
      vertex 27.8191 -28.7 1.79
      vertex 28.7222 -26.9124 1.79
    endloop
  endfacet
  facet normal -0 0 -1
    outer loop
      vertex 28.7222 -26.9124 1.79
      vertex 27.8191 -28.7 1.79
      vertex 28.5409 -26.7779 1.79
    endloop
  endfacet
  facet normal -0 0 -1
    outer loop
      vertex 28.5409 -26.7779 1.79
      vertex 27.8191 -28.7 1.79
      vertex 28.3737 -26.6263 1.79
    endloop
  endfacet
  facet normal -0 0 -1
    outer loop
      vertex 28.3737 -26.6263 1.79
      vertex 27.8191 -28.7 1.79
      vertex 28.2221 -26.4591 1.79
    endloop
  endfacet
  facet normal -0 0 -1
    outer loop
      vertex 28.2221 -26.4591 1.79
      vertex 27.8191 -28.7 1.79
      vertex 28.0876 -26.2778 1.79
    endloop
  endfacet
  facet normal -0 0 -1
    outer loop
      vertex 28.0876 -26.2778 1.79
      vertex 27.8191 -28.7 1.79
      vertex 27.9716 -26.0842 1.79
    endloop
  endfacet
  facet normal -0 0 -1
    outer loop
      vertex 27.9716 -26.0842 1.79
      vertex 27.8191 -28.7 1.79
      vertex 27.8751 -25.8802 1.79
    endloop
  endfacet
  facet normal 0 0 -1
    outer loop
      vertex 27.8191 -28.7 1.79
      vertex 27.799 -25.6677 1.79
      vertex 27.8751 -25.8802 1.79
    endloop
  endfacet
  facet normal 0 0 -1
    outer loop
      vertex 27.8191 -28.7 1.79
      vertex 27.7442 -25.4487 1.79
      vertex 27.799 -25.6677 1.79
    endloop
  endfacet
  facet normal 0 0 -1
    outer loop
      vertex 12 -28.7 1.79
      vertex 27.7442 -25.4487 1.79
      vertex 27.8191 -28.7 1.79
    endloop
  endfacet
  facet normal -0 0 -1
    outer loop
      vertex 27.7442 -25.4487 1.79
      vertex 12 -28.7 1.79
      vertex 27.7111 -25.2254 1.79
    endloop
  endfacet
  facet normal -0 0 -1
    outer loop
      vertex 27.7111 -25.2254 1.79
      vertex 12 -28.7 1.79
      vertex 27.7 -25 1.79
    endloop
  endfacet
  facet normal 0 0 -1
    outer loop
      vertex 32.2889 -24.7746 1.79
      vertex 48 -21.3 1.79
      vertex 32.3 -25 1.79
    endloop
  endfacet
  facet normal 0 0 -1
    outer loop
      vertex 32.2558 -24.5513 1.79
      vertex 48 -21.3 1.79
      vertex 32.2889 -24.7746 1.79
    endloop
  endfacet
  facet normal 0 0 -1
    outer loop
      vertex 32.1809 -21.3 1.79
      vertex 32.2558 -24.5513 1.79
      vertex 32.201 -24.3323 1.79
    endloop
  endfacet
  facet normal 0 0 -1
    outer loop
      vertex 32.2558 -24.5513 1.79
      vertex 32.1809 -21.3 1.79
      vertex 48 -21.3 1.79
    endloop
  endfacet
  facet normal 0 0 -1
    outer loop
      vertex 32.1249 -24.1198 1.79
      vertex 32.1809 -21.3 1.79
      vertex 32.201 -24.3323 1.79
    endloop
  endfacet
  facet normal 0 0 -1
    outer loop
      vertex 32.0284 -23.9158 1.79
      vertex 32.1809 -21.3 1.79
      vertex 32.1249 -24.1198 1.79
    endloop
  endfacet
  facet normal 0 0 -1
    outer loop
      vertex 31.9124 -23.7222 1.79
      vertex 32.1809 -21.3 1.79
      vertex 32.0284 -23.9158 1.79
    endloop
  endfacet
  facet normal 0 0 -1
    outer loop
      vertex 31.7779 -23.5409 1.79
      vertex 32.1809 -21.3 1.79
      vertex 31.9124 -23.7222 1.79
    endloop
  endfacet
  facet normal 0 0 -1
    outer loop
      vertex 31.6263 -23.3737 1.79
      vertex 32.1809 -21.3 1.79
      vertex 31.7779 -23.5409 1.79
    endloop
  endfacet
  facet normal 0 0 -1
    outer loop
      vertex 31.4591 -23.2221 1.79
      vertex 32.1809 -21.3 1.79
      vertex 31.6263 -23.3737 1.79
    endloop
  endfacet
  facet normal 0 0 -1
    outer loop
      vertex 31.2778 -23.0876 1.79
      vertex 32.1809 -21.3 1.79
      vertex 31.4591 -23.2221 1.79
    endloop
  endfacet
  facet normal 0 0 -1
    outer loop
      vertex 31.0842 -22.9716 1.79
      vertex 32.1809 -21.3 1.79
      vertex 31.2778 -23.0876 1.79
    endloop
  endfacet
  facet normal -0 0 -1
    outer loop
      vertex 32.1809 -21.3 1.79
      vertex 31.0842 -22.9716 1.79
      vertex 32.027 -21.2077 1.79
    endloop
  endfacet
  facet normal -0 0 -1
    outer loop
      vertex 32.027 -21.2077 1.79
      vertex 31.0842 -22.9716 1.79
      vertex 31.6455 -21.0273 1.79
    endloop
  endfacet
  facet normal 0 0 -1
    outer loop
      vertex 30.8802 -22.8751 1.79
      vertex 31.6455 -21.0273 1.79
      vertex 31.0842 -22.9716 1.79
    endloop
  endfacet
  facet normal -0 0 -1
    outer loop
      vertex 31.6455 -21.0273 1.79
      vertex 30.8802 -22.8751 1.79
      vertex 31.2482 -20.8852 1.79
    endloop
  endfacet
  facet normal 0 0 -1
    outer loop
      vertex 30.6677 -22.799 1.79
      vertex 31.2482 -20.8852 1.79
      vertex 30.8802 -22.8751 1.79
    endloop
  endfacet
  facet normal -0 0 -1
    outer loop
      vertex 31.2482 -20.8852 1.79
      vertex 30.6677 -22.799 1.79
      vertex 30.8389 -20.7826 1.79
    endloop
  endfacet
  facet normal 0 0 -1
    outer loop
      vertex 30.4487 -22.7442 1.79
      vertex 30.8389 -20.7826 1.79
      vertex 30.6677 -22.799 1.79
    endloop
  endfacet
  facet normal 0 0 -1
    outer loop
      vertex 30.4487 -22.7442 1.79
      vertex 30.4215 -20.7207 1.79
      vertex 30.8389 -20.7826 1.79
    endloop
  endfacet
  facet normal 0 0 -1
    outer loop
      vertex 30.2254 -22.7111 1.79
      vertex 30.4215 -20.7207 1.79
      vertex 30.4487 -22.7442 1.79
    endloop
  endfacet
  facet normal 0 0 -1
    outer loop
      vertex 30 -22.7 1.79
      vertex 30.4215 -20.7207 1.79
      vertex 30.2254 -22.7111 1.79
    endloop
  endfacet
  facet normal 0 0 -1
    outer loop
      vertex 30 -22.7 1.79
      vertex 30 -20.7 1.79
      vertex 30.4215 -20.7207 1.79
    endloop
  endfacet
  facet normal 0 0 -1
    outer loop
      vertex 29.7746 -22.7111 1.79
      vertex 30 -20.7 1.79
      vertex 30 -22.7 1.79
    endloop
  endfacet
  facet normal 0 0 -1
    outer loop
      vertex 29.7746 -22.7111 1.79
      vertex 29.5785 -20.7207 1.79
      vertex 30 -20.7 1.79
    endloop
  endfacet
  facet normal 0 0 -1
    outer loop
      vertex 29.5513 -22.7442 1.79
      vertex 29.5785 -20.7207 1.79
      vertex 29.7746 -22.7111 1.79
    endloop
  endfacet
  facet normal 0 0 -1
    outer loop
      vertex 29.1611 -20.7826 1.79
      vertex 29.5513 -22.7442 1.79
      vertex 29.3323 -22.799 1.79
    endloop
  endfacet
  facet normal 0 0 -1
    outer loop
      vertex 29.5513 -22.7442 1.79
      vertex 29.1611 -20.7826 1.79
      vertex 29.5785 -20.7207 1.79
    endloop
  endfacet
  facet normal 0 0 -1
    outer loop
      vertex 28.7518 -20.8852 1.79
      vertex 29.3323 -22.799 1.79
      vertex 29.1198 -22.8751 1.79
    endloop
  endfacet
  facet normal 0 0 -1
    outer loop
      vertex 28.3545 -21.0273 1.79
      vertex 29.1198 -22.8751 1.79
      vertex 28.9158 -22.9716 1.79
    endloop
  endfacet
  facet normal 0 0 -1
    outer loop
      vertex 29.3323 -22.799 1.79
      vertex 28.7518 -20.8852 1.79
      vertex 29.1611 -20.7826 1.79
    endloop
  endfacet
  facet normal 0 0 -1
    outer loop
      vertex 27.8191 -21.3 1.79
      vertex 28.9158 -22.9716 1.79
      vertex 28.7222 -23.0876 1.79
    endloop
  endfacet
  facet normal 0 0 -1
    outer loop
      vertex 27.8191 -21.3 1.79
      vertex 28.7222 -23.0876 1.79
      vertex 28.5409 -23.2221 1.79
    endloop
  endfacet
  facet normal 0 0 -1
    outer loop
      vertex 27.8191 -21.3 1.79
      vertex 28.5409 -23.2221 1.79
      vertex 28.3737 -23.3737 1.79
    endloop
  endfacet
  facet normal 0 0 -1
    outer loop
      vertex 29.1198 -22.8751 1.79
      vertex 28.3545 -21.0273 1.79
      vertex 28.7518 -20.8852 1.79
    endloop
  endfacet
  facet normal 0 0 -1
    outer loop
      vertex 27.8191 -21.3 1.79
      vertex 28.3737 -23.3737 1.79
      vertex 28.2221 -23.5409 1.79
    endloop
  endfacet
  facet normal 0 0 -1
    outer loop
      vertex 27.8191 -21.3 1.79
      vertex 28.2221 -23.5409 1.79
      vertex 28.0876 -23.7222 1.79
    endloop
  endfacet
  facet normal 0 0 -1
    outer loop
      vertex 28.9158 -22.9716 1.79
      vertex 27.973 -21.2077 1.79
      vertex 28.3545 -21.0273 1.79
    endloop
  endfacet
  facet normal 0 0 -1
    outer loop
      vertex 27.8191 -21.3 1.79
      vertex 28.0876 -23.7222 1.79
      vertex 27.9716 -23.9158 1.79
    endloop
  endfacet
  facet normal 0 0 -1
    outer loop
      vertex 27.8191 -21.3 1.79
      vertex 27.9716 -23.9158 1.79
      vertex 27.8751 -24.1198 1.79
    endloop
  endfacet
  facet normal 0 0 -1
    outer loop
      vertex 28.9158 -22.9716 1.79
      vertex 27.8191 -21.3 1.79
      vertex 27.973 -21.2077 1.79
    endloop
  endfacet
  facet normal 0 0 -1
    outer loop
      vertex 27.799 -24.3323 1.79
      vertex 27.8191 -21.3 1.79
      vertex 27.8751 -24.1198 1.79
    endloop
  endfacet
  facet normal 0 0 -1
    outer loop
      vertex 27.7442 -24.5513 1.79
      vertex 27.8191 -21.3 1.79
      vertex 27.799 -24.3323 1.79
    endloop
  endfacet
  facet normal 0 0 -1
    outer loop
      vertex 12 -21.3 1.79
      vertex 27.7442 -24.5513 1.79
      vertex 27.7111 -24.7746 1.79
    endloop
  endfacet
  facet normal 0 0 -1
    outer loop
      vertex 12 -21.3 1.79
      vertex 27.7111 -24.7746 1.79
      vertex 27.7 -25 1.79
    endloop
  endfacet
  facet normal 0 0 -1
    outer loop
      vertex 12 -21.3 1.79
      vertex 27.7 -25 1.79
      vertex 12 -28.7 1.79
    endloop
  endfacet
  facet normal 0 0 -1
    outer loop
      vertex 27.7442 -24.5513 1.79
      vertex 12 -21.3 1.79
      vertex 27.8191 -21.3 1.79
    endloop
  endfacet
  facet normal -0.146695 0.989182 0
    outer loop
      vertex 30.8389 -29.2174 0
      vertex 30.4215 -29.2793 1.79
      vertex 30.8389 -29.2174 1.79
    endloop
  endfacet
  facet normal -0.146695 0.989182 0
    outer loop
      vertex 30.4215 -29.2793 1.79
      vertex 30.8389 -29.2174 0
      vertex 30.4215 -29.2793 0
    endloop
  endfacet
  facet normal -0.243149 0.969989 0
    outer loop
      vertex 31.2482 -29.1148 0
      vertex 30.8389 -29.2174 1.79
      vertex 31.2482 -29.1148 1.79
    endloop
  endfacet
  facet normal -0.243149 0.969989 0
    outer loop
      vertex 30.8389 -29.2174 1.79
      vertex 31.2482 -29.1148 0
      vertex 30.8389 -29.2174 0
    endloop
  endfacet
  facet normal -0.336772 0.941586 0
    outer loop
      vertex 31.6455 -28.9727 0
      vertex 31.2482 -29.1148 1.79
      vertex 31.6455 -28.9727 1.79
    endloop
  endfacet
  facet normal -0.336772 0.941586 0
    outer loop
      vertex 31.2482 -29.1148 1.79
      vertex 31.6455 -28.9727 0
      vertex 31.2482 -29.1148 0
    endloop
  endfacet
  facet normal -0.427485 0.904022 0
    outer loop
      vertex 32.027 -28.7923 0
      vertex 31.6455 -28.9727 1.79
      vertex 32.027 -28.7923 1.79
    endloop
  endfacet
  facet normal -0.427485 0.904022 0
    outer loop
      vertex 31.6455 -28.9727 1.79
      vertex 32.027 -28.7923 0
      vertex 31.6455 -28.9727 0
    endloop
  endfacet
  facet normal -0.514332 0.857591 0
    outer loop
      vertex 32.1809 -28.7 0
      vertex 32.027 -28.7923 1.79
      vertex 32.1809 -28.7 1.79
    endloop
  endfacet
  facet normal -0.514332 0.857591 0
    outer loop
      vertex 32.027 -28.7923 1.79
      vertex 32.1809 -28.7 0
      vertex 32.027 -28.7923 0
    endloop
  endfacet
  facet normal 0 1 -0
    outer loop
      vertex 48 -28.7 0
      vertex 32.1809 -28.7 1.79
      vertex 48 -28.7 1.79
    endloop
  endfacet
  facet normal 0 1 0
    outer loop
      vertex 32.1809 -28.7 1.79
      vertex 48 -28.7 0
      vertex 32.1809 -28.7 0
    endloop
  endfacet
  facet normal -1 0 0
    outer loop
      vertex 48 -28.7 0
      vertex 48 -21.3 1.79
      vertex 48 -21.3 0
    endloop
  endfacet
  facet normal -1 -0 0
    outer loop
      vertex 48 -21.3 1.79
      vertex 48 -28.7 0
      vertex 48 -28.7 1.79
    endloop
  endfacet
  facet normal 0 -1 0
    outer loop
      vertex 32.1809 -21.3 0
      vertex 48 -21.3 1.79
      vertex 32.1809 -21.3 1.79
    endloop
  endfacet
  facet normal 0 -1 -0
    outer loop
      vertex 48 -21.3 1.79
      vertex 32.1809 -21.3 0
      vertex 48 -21.3 0
    endloop
  endfacet
  facet normal -0.514332 -0.857591 0
    outer loop
      vertex 32.027 -21.2077 0
      vertex 32.1809 -21.3 1.79
      vertex 32.027 -21.2077 1.79
    endloop
  endfacet
  facet normal -0.514332 -0.857591 -0
    outer loop
      vertex 32.1809 -21.3 1.79
      vertex 32.027 -21.2077 0
      vertex 32.1809 -21.3 0
    endloop
  endfacet
  facet normal -0.427485 -0.904022 0
    outer loop
      vertex 31.6455 -21.0273 0
      vertex 32.027 -21.2077 1.79
      vertex 31.6455 -21.0273 1.79
    endloop
  endfacet
  facet normal -0.427485 -0.904022 -0
    outer loop
      vertex 32.027 -21.2077 1.79
      vertex 31.6455 -21.0273 0
      vertex 32.027 -21.2077 0
    endloop
  endfacet
  facet normal -0.336772 -0.941586 0
    outer loop
      vertex 31.2482 -20.8852 0
      vertex 31.6455 -21.0273 1.79
      vertex 31.2482 -20.8852 1.79
    endloop
  endfacet
  facet normal -0.336772 -0.941586 -0
    outer loop
      vertex 31.6455 -21.0273 1.79
      vertex 31.2482 -20.8852 0
      vertex 31.6455 -21.0273 0
    endloop
  endfacet
  facet normal -0.243149 -0.969989 0
    outer loop
      vertex 30.8389 -20.7826 0
      vertex 31.2482 -20.8852 1.79
      vertex 30.8389 -20.7826 1.79
    endloop
  endfacet
  facet normal -0.243149 -0.969989 -0
    outer loop
      vertex 31.2482 -20.8852 1.79
      vertex 30.8389 -20.7826 0
      vertex 31.2482 -20.8852 0
    endloop
  endfacet
  facet normal -0.146695 -0.989182 0
    outer loop
      vertex 30.4215 -20.7207 0
      vertex 30.8389 -20.7826 1.79
      vertex 30.4215 -20.7207 1.79
    endloop
  endfacet
  facet normal -0.146695 -0.989182 -0
    outer loop
      vertex 30.8389 -20.7826 1.79
      vertex 30.4215 -20.7207 0
      vertex 30.8389 -20.7826 0
    endloop
  endfacet
  facet normal -0.0490512 -0.998796 0
    outer loop
      vertex 30 -20.7 0
      vertex 30.4215 -20.7207 1.79
      vertex 30 -20.7 1.79
    endloop
  endfacet
  facet normal -0.0490512 -0.998796 -0
    outer loop
      vertex 30.4215 -20.7207 1.79
      vertex 30 -20.7 0
      vertex 30.4215 -20.7207 0
    endloop
  endfacet
  facet normal 0.0490512 -0.998796 0
    outer loop
      vertex 29.5785 -20.7207 0
      vertex 30 -20.7 1.79
      vertex 29.5785 -20.7207 1.79
    endloop
  endfacet
  facet normal 0.0490512 -0.998796 0
    outer loop
      vertex 30 -20.7 1.79
      vertex 29.5785 -20.7207 0
      vertex 30 -20.7 0
    endloop
  endfacet
  facet normal 0.146695 -0.989182 0
    outer loop
      vertex 29.1611 -20.7826 0
      vertex 29.5785 -20.7207 1.79
      vertex 29.1611 -20.7826 1.79
    endloop
  endfacet
  facet normal 0.146695 -0.989182 0
    outer loop
      vertex 29.5785 -20.7207 1.79
      vertex 29.1611 -20.7826 0
      vertex 29.5785 -20.7207 0
    endloop
  endfacet
  facet normal 0.243149 -0.969989 0
    outer loop
      vertex 28.7518 -20.8852 0
      vertex 29.1611 -20.7826 1.79
      vertex 28.7518 -20.8852 1.79
    endloop
  endfacet
  facet normal 0.243149 -0.969989 0
    outer loop
      vertex 29.1611 -20.7826 1.79
      vertex 28.7518 -20.8852 0
      vertex 29.1611 -20.7826 0
    endloop
  endfacet
  facet normal 0.336772 -0.941586 0
    outer loop
      vertex 28.3545 -21.0273 0
      vertex 28.7518 -20.8852 1.79
      vertex 28.3545 -21.0273 1.79
    endloop
  endfacet
  facet normal 0.336772 -0.941586 0
    outer loop
      vertex 28.7518 -20.8852 1.79
      vertex 28.3545 -21.0273 0
      vertex 28.7518 -20.8852 0
    endloop
  endfacet
  facet normal 0.427485 -0.904022 0
    outer loop
      vertex 27.973 -21.2077 0
      vertex 28.3545 -21.0273 1.79
      vertex 27.973 -21.2077 1.79
    endloop
  endfacet
  facet normal 0.427485 -0.904022 0
    outer loop
      vertex 28.3545 -21.0273 1.79
      vertex 27.973 -21.2077 0
      vertex 28.3545 -21.0273 0
    endloop
  endfacet
  facet normal 0.514332 -0.857591 0
    outer loop
      vertex 27.8191 -21.3 0
      vertex 27.973 -21.2077 1.79
      vertex 27.8191 -21.3 1.79
    endloop
  endfacet
  facet normal 0.514332 -0.857591 0
    outer loop
      vertex 27.973 -21.2077 1.79
      vertex 27.8191 -21.3 0
      vertex 27.973 -21.2077 0
    endloop
  endfacet
  facet normal 0 -1 0
    outer loop
      vertex 12 -21.3 0
      vertex 27.8191 -21.3 1.79
      vertex 12 -21.3 1.79
    endloop
  endfacet
  facet normal 0 -1 -0
    outer loop
      vertex 27.8191 -21.3 1.79
      vertex 12 -21.3 0
      vertex 27.8191 -21.3 0
    endloop
  endfacet
  facet normal 1 -0 0
    outer loop
      vertex 12 -28.7 1.79
      vertex 12 -21.3 0
      vertex 12 -21.3 1.79
    endloop
  endfacet
  facet normal 1 0 0
    outer loop
      vertex 12 -21.3 0
      vertex 12 -28.7 1.79
      vertex 12 -28.7 0
    endloop
  endfacet
  facet normal 0 1 -0
    outer loop
      vertex 27.8191 -28.7 0
      vertex 12 -28.7 1.79
      vertex 27.8191 -28.7 1.79
    endloop
  endfacet
  facet normal 0 1 0
    outer loop
      vertex 12 -28.7 1.79
      vertex 27.8191 -28.7 0
      vertex 12 -28.7 0
    endloop
  endfacet
  facet normal 0.514332 0.857591 -0
    outer loop
      vertex 27.973 -28.7923 0
      vertex 27.8191 -28.7 1.79
      vertex 27.973 -28.7923 1.79
    endloop
  endfacet
  facet normal 0.514332 0.857591 0
    outer loop
      vertex 27.8191 -28.7 1.79
      vertex 27.973 -28.7923 0
      vertex 27.8191 -28.7 0
    endloop
  endfacet
  facet normal 0.427485 0.904022 -0
    outer loop
      vertex 28.3545 -28.9727 0
      vertex 27.973 -28.7923 1.79
      vertex 28.3545 -28.9727 1.79
    endloop
  endfacet
  facet normal 0.427485 0.904022 0
    outer loop
      vertex 27.973 -28.7923 1.79
      vertex 28.3545 -28.9727 0
      vertex 27.973 -28.7923 0
    endloop
  endfacet
  facet normal 0.336772 0.941586 -0
    outer loop
      vertex 28.7518 -29.1148 0
      vertex 28.3545 -28.9727 1.79
      vertex 28.7518 -29.1148 1.79
    endloop
  endfacet
  facet normal 0.336772 0.941586 0
    outer loop
      vertex 28.3545 -28.9727 1.79
      vertex 28.7518 -29.1148 0
      vertex 28.3545 -28.9727 0
    endloop
  endfacet
  facet normal 0.243149 0.969989 -0
    outer loop
      vertex 29.1611 -29.2174 0
      vertex 28.7518 -29.1148 1.79
      vertex 29.1611 -29.2174 1.79
    endloop
  endfacet
  facet normal 0.243149 0.969989 0
    outer loop
      vertex 28.7518 -29.1148 1.79
      vertex 29.1611 -29.2174 0
      vertex 28.7518 -29.1148 0
    endloop
  endfacet
  facet normal 0.146695 0.989182 -0
    outer loop
      vertex 29.5785 -29.2793 0
      vertex 29.1611 -29.2174 1.79
      vertex 29.5785 -29.2793 1.79
    endloop
  endfacet
  facet normal 0.146695 0.989182 0
    outer loop
      vertex 29.1611 -29.2174 1.79
      vertex 29.5785 -29.2793 0
      vertex 29.1611 -29.2174 0
    endloop
  endfacet
  facet normal 0.0490512 0.998796 -0
    outer loop
      vertex 30 -29.3 0
      vertex 29.5785 -29.2793 1.79
      vertex 30 -29.3 1.79
    endloop
  endfacet
  facet normal 0.0490512 0.998796 0
    outer loop
      vertex 29.5785 -29.2793 1.79
      vertex 30 -29.3 0
      vertex 29.5785 -29.2793 0
    endloop
  endfacet
  facet normal -0.0490512 0.998796 0
    outer loop
      vertex 30.4215 -29.2793 0
      vertex 30 -29.3 1.79
      vertex 30.4215 -29.2793 1.79
    endloop
  endfacet
  facet normal -0.0490512 0.998796 0
    outer loop
      vertex 30 -29.3 1.79
      vertex 30.4215 -29.2793 0
      vertex 30 -29.3 0
    endloop
  endfacet
  facet normal 0.146629 -0.989192 0
    outer loop
      vertex 29.5513 -22.7442 1.79
      vertex 29.7746 -22.7111 4
      vertex 29.5513 -22.7442 4
    endloop
  endfacet
  facet normal 0.146629 -0.989192 0
    outer loop
      vertex 29.7746 -22.7111 4
      vertex 29.5513 -22.7442 1.79
      vertex 29.7746 -22.7111 1.79
    endloop
  endfacet
  facet normal -0.989192 -0.146629 0
    outer loop
      vertex 32.2889 -24.7746 1.79
      vertex 32.2558 -24.5513 4
      vertex 32.2558 -24.5513 1.79
    endloop
  endfacet
  facet normal -0.989192 -0.146629 0
    outer loop
      vertex 32.2558 -24.5513 4
      vertex 32.2889 -24.7746 1.79
      vertex 32.2889 -24.7746 4
    endloop
  endfacet
  facet normal -0.99879 -0.0491862 0
    outer loop
      vertex 32.3 -25 1.79
      vertex 32.2889 -24.7746 4
      vertex 32.2889 -24.7746 1.79
    endloop
  endfacet
  facet normal -0.99879 -0.0491862 0
    outer loop
      vertex 32.2889 -24.7746 4
      vertex 32.3 -25 1.79
      vertex 32.3 -25 4
    endloop
  endfacet
  facet normal -0.97009 -0.242744 0
    outer loop
      vertex 32.2558 -24.5513 1.79
      vertex 32.201 -24.3323 4
      vertex 32.201 -24.3323 1.79
    endloop
  endfacet
  facet normal -0.97009 -0.242744 0
    outer loop
      vertex 32.201 -24.3323 4
      vertex 32.2558 -24.5513 1.79
      vertex 32.2558 -24.5513 4
    endloop
  endfacet
  facet normal -0.99879 0.0491862 0
    outer loop
      vertex 32.2889 -25.2254 1.79
      vertex 32.3 -25 4
      vertex 32.3 -25 1.79
    endloop
  endfacet
  facet normal -0.99879 0.0491862 0
    outer loop
      vertex 32.3 -25 4
      vertex 32.2889 -25.2254 1.79
      vertex 32.2889 -25.2254 4
    endloop
  endfacet
  facet normal 0.33715 -0.941451 0
    outer loop
      vertex 29.1198 -22.8751 1.79
      vertex 29.3323 -22.799 4
      vertex 29.1198 -22.8751 4
    endloop
  endfacet
  facet normal 0.33715 -0.941451 0
    outer loop
      vertex 29.3323 -22.799 4
      vertex 29.1198 -22.8751 1.79
      vertex 29.3323 -22.799 1.79
    endloop
  endfacet
  facet normal -0.941451 0.33715 0
    outer loop
      vertex 32.1249 -25.8802 1.79
      vertex 32.201 -25.6677 4
      vertex 32.201 -25.6677 1.79
    endloop
  endfacet
  facet normal -0.941451 0.33715 0
    outer loop
      vertex 32.201 -25.6677 4
      vertex 32.1249 -25.8802 1.79
      vertex 32.1249 -25.8802 4
    endloop
  endfacet
  facet normal -0.671702 0.740822 0
    outer loop
      vertex 31.6263 -26.6263 1.79
      vertex 31.4591 -26.7779 4
      vertex 31.6263 -26.6263 4
    endloop
  endfacet
  facet normal -0.671702 0.740822 0
    outer loop
      vertex 31.4591 -26.7779 4
      vertex 31.6263 -26.6263 1.79
      vertex 31.4591 -26.7779 1.79
    endloop
  endfacet
  facet normal -0.33715 -0.941451 0
    outer loop
      vertex 30.6677 -22.799 1.79
      vertex 30.8802 -22.8751 4
      vertex 30.6677 -22.799 4
    endloop
  endfacet
  facet normal -0.33715 -0.941451 -0
    outer loop
      vertex 30.8802 -22.8751 4
      vertex 30.6677 -22.799 1.79
      vertex 30.8802 -22.8751 1.79
    endloop
  endfacet
  facet normal -0.803125 -0.59581 0
    outer loop
      vertex 31.9124 -23.7222 1.79
      vertex 31.7779 -23.5409 4
      vertex 31.7779 -23.5409 1.79
    endloop
  endfacet
  facet normal -0.803125 -0.59581 0
    outer loop
      vertex 31.7779 -23.5409 4
      vertex 31.9124 -23.7222 1.79
      vertex 31.9124 -23.7222 4
    endloop
  endfacet
  facet normal -0.513974 -0.857806 0
    outer loop
      vertex 31.0842 -22.9716 1.79
      vertex 31.2778 -23.0876 4
      vertex 31.0842 -22.9716 4
    endloop
  endfacet
  facet normal -0.513974 -0.857806 -0
    outer loop
      vertex 31.2778 -23.0876 4
      vertex 31.0842 -22.9716 1.79
      vertex 31.2778 -23.0876 1.79
    endloop
  endfacet
  facet normal 0.146629 0.989192 -0
    outer loop
      vertex 29.7746 -27.2889 1.79
      vertex 29.5513 -27.2558 4
      vertex 29.7746 -27.2889 4
    endloop
  endfacet
  facet normal 0.146629 0.989192 0
    outer loop
      vertex 29.5513 -27.2558 4
      vertex 29.7746 -27.2889 1.79
      vertex 29.5513 -27.2558 1.79
    endloop
  endfacet
  facet normal -0.740822 0.671702 0
    outer loop
      vertex 31.6263 -26.6263 1.79
      vertex 31.7779 -26.4591 4
      vertex 31.7779 -26.4591 1.79
    endloop
  endfacet
  facet normal -0.740822 0.671702 0
    outer loop
      vertex 31.7779 -26.4591 4
      vertex 31.6263 -26.6263 1.79
      vertex 31.6263 -26.6263 4
    endloop
  endfacet
  facet normal 0.242744 -0.97009 0
    outer loop
      vertex 29.3323 -22.799 1.79
      vertex 29.5513 -22.7442 4
      vertex 29.3323 -22.799 4
    endloop
  endfacet
  facet normal 0.242744 -0.97009 0
    outer loop
      vertex 29.5513 -22.7442 4
      vertex 29.3323 -22.799 1.79
      vertex 29.5513 -22.7442 1.79
    endloop
  endfacet
  facet normal -0.0491862 0.99879 0
    outer loop
      vertex 30.2254 -27.2889 1.79
      vertex 30 -27.3 4
      vertex 30.2254 -27.2889 4
    endloop
  endfacet
  facet normal -0.0491862 0.99879 0
    outer loop
      vertex 30 -27.3 4
      vertex 30.2254 -27.2889 1.79
      vertex 30 -27.3 1.79
    endloop
  endfacet
  facet normal 0.42761 -0.903963 0
    outer loop
      vertex 28.9158 -22.9716 1.79
      vertex 29.1198 -22.8751 4
      vertex 28.9158 -22.9716 4
    endloop
  endfacet
  facet normal 0.42761 -0.903963 0
    outer loop
      vertex 29.1198 -22.8751 4
      vertex 28.9158 -22.9716 1.79
      vertex 29.1198 -22.8751 1.79
    endloop
  endfacet
  facet normal -0.903963 0.42761 0
    outer loop
      vertex 32.0284 -26.0842 1.79
      vertex 32.1249 -25.8802 4
      vertex 32.1249 -25.8802 1.79
    endloop
  endfacet
  facet normal -0.903963 0.42761 0
    outer loop
      vertex 32.1249 -25.8802 4
      vertex 32.0284 -26.0842 1.79
      vertex 32.0284 -26.0842 4
    endloop
  endfacet
  facet normal 0.803125 0.59581 0
    outer loop
      vertex 28.2221 -26.4591 4
      vertex 28.0876 -26.2778 1.79
      vertex 28.0876 -26.2778 4
    endloop
  endfacet
  facet normal 0.803125 0.59581 0
    outer loop
      vertex 28.0876 -26.2778 1.79
      vertex 28.2221 -26.4591 4
      vertex 28.2221 -26.4591 1.79
    endloop
  endfacet
  facet normal -0.989192 0.146629 0
    outer loop
      vertex 32.2558 -25.4487 1.79
      vertex 32.2889 -25.2254 4
      vertex 32.2889 -25.2254 1.79
    endloop
  endfacet
  facet normal -0.989192 0.146629 0
    outer loop
      vertex 32.2889 -25.2254 4
      vertex 32.2558 -25.4487 1.79
      vertex 32.2558 -25.4487 4
    endloop
  endfacet
  facet normal 0.513974 0.857806 -0
    outer loop
      vertex 28.9158 -27.0284 1.79
      vertex 28.7222 -26.9124 4
      vertex 28.9158 -27.0284 4
    endloop
  endfacet
  facet normal 0.513974 0.857806 0
    outer loop
      vertex 28.7222 -26.9124 4
      vertex 28.9158 -27.0284 1.79
      vertex 28.7222 -26.9124 1.79
    endloop
  endfacet
  facet normal -0.0491862 -0.99879 0
    outer loop
      vertex 30 -22.7 1.79
      vertex 30.2254 -22.7111 4
      vertex 30 -22.7 4
    endloop
  endfacet
  facet normal -0.0491862 -0.99879 -0
    outer loop
      vertex 30.2254 -22.7111 4
      vertex 30 -22.7 1.79
      vertex 30.2254 -22.7111 1.79
    endloop
  endfacet
  facet normal 0.0491862 -0.99879 0
    outer loop
      vertex 29.7746 -22.7111 1.79
      vertex 30 -22.7 4
      vertex 29.7746 -22.7111 4
    endloop
  endfacet
  facet normal 0.0491862 -0.99879 0
    outer loop
      vertex 30 -22.7 4
      vertex 29.7746 -22.7111 1.79
      vertex 30 -22.7 1.79
    endloop
  endfacet
  facet normal -0.671702 -0.740822 0
    outer loop
      vertex 31.4591 -23.2221 1.79
      vertex 31.6263 -23.3737 4
      vertex 31.4591 -23.2221 4
    endloop
  endfacet
  facet normal -0.671702 -0.740822 -0
    outer loop
      vertex 31.6263 -23.3737 4
      vertex 31.4591 -23.2221 1.79
      vertex 31.6263 -23.3737 1.79
    endloop
  endfacet
  facet normal -0.146629 0.989192 0
    outer loop
      vertex 30.4487 -27.2558 1.79
      vertex 30.2254 -27.2889 4
      vertex 30.4487 -27.2558 4
    endloop
  endfacet
  facet normal -0.146629 0.989192 0
    outer loop
      vertex 30.2254 -27.2889 4
      vertex 30.4487 -27.2558 1.79
      vertex 30.2254 -27.2889 1.79
    endloop
  endfacet
  facet normal -0.803125 0.59581 0
    outer loop
      vertex 31.7779 -26.4591 1.79
      vertex 31.9124 -26.2778 4
      vertex 31.9124 -26.2778 1.79
    endloop
  endfacet
  facet normal -0.803125 0.59581 0
    outer loop
      vertex 31.9124 -26.2778 4
      vertex 31.7779 -26.4591 1.79
      vertex 31.7779 -26.4591 4
    endloop
  endfacet
  facet normal -0.42761 -0.903963 0
    outer loop
      vertex 30.8802 -22.8751 1.79
      vertex 31.0842 -22.9716 4
      vertex 30.8802 -22.8751 4
    endloop
  endfacet
  facet normal -0.42761 -0.903963 -0
    outer loop
      vertex 31.0842 -22.9716 4
      vertex 30.8802 -22.8751 1.79
      vertex 31.0842 -22.9716 1.79
    endloop
  endfacet
  facet normal -0.59581 0.803125 0
    outer loop
      vertex 31.4591 -26.7779 1.79
      vertex 31.2778 -26.9124 4
      vertex 31.4591 -26.7779 4
    endloop
  endfacet
  facet normal -0.59581 0.803125 0
    outer loop
      vertex 31.2778 -26.9124 4
      vertex 31.4591 -26.7779 1.79
      vertex 31.2778 -26.9124 1.79
    endloop
  endfacet
  facet normal 0.803125 -0.59581 0
    outer loop
      vertex 28.0876 -23.7222 4
      vertex 28.2221 -23.5409 1.79
      vertex 28.2221 -23.5409 4
    endloop
  endfacet
  facet normal 0.803125 -0.59581 0
    outer loop
      vertex 28.2221 -23.5409 1.79
      vertex 28.0876 -23.7222 4
      vertex 28.0876 -23.7222 1.79
    endloop
  endfacet
  facet normal 0.0491862 0.99879 -0
    outer loop
      vertex 30 -27.3 1.79
      vertex 29.7746 -27.2889 4
      vertex 30 -27.3 4
    endloop
  endfacet
  facet normal 0.0491862 0.99879 0
    outer loop
      vertex 29.7746 -27.2889 4
      vertex 30 -27.3 1.79
      vertex 29.7746 -27.2889 1.79
    endloop
  endfacet
  facet normal -0.146629 -0.989192 0
    outer loop
      vertex 30.2254 -22.7111 1.79
      vertex 30.4487 -22.7442 4
      vertex 30.2254 -22.7111 4
    endloop
  endfacet
  facet normal -0.146629 -0.989192 -0
    outer loop
      vertex 30.4487 -22.7442 4
      vertex 30.2254 -22.7111 1.79
      vertex 30.4487 -22.7442 1.79
    endloop
  endfacet
  facet normal 0.97009 0.242744 0
    outer loop
      vertex 27.799 -25.6677 4
      vertex 27.7442 -25.4487 1.79
      vertex 27.7442 -25.4487 4
    endloop
  endfacet
  facet normal 0.97009 0.242744 0
    outer loop
      vertex 27.7442 -25.4487 1.79
      vertex 27.799 -25.6677 4
      vertex 27.799 -25.6677 1.79
    endloop
  endfacet
  facet normal 0.857806 0.513974 0
    outer loop
      vertex 28.0876 -26.2778 4
      vertex 27.9716 -26.0842 1.79
      vertex 27.9716 -26.0842 4
    endloop
  endfacet
  facet normal 0.857806 0.513974 0
    outer loop
      vertex 27.9716 -26.0842 1.79
      vertex 28.0876 -26.2778 4
      vertex 28.0876 -26.2778 1.79
    endloop
  endfacet
  facet normal -0.740822 -0.671702 0
    outer loop
      vertex 31.7779 -23.5409 1.79
      vertex 31.6263 -23.3737 4
      vertex 31.6263 -23.3737 1.79
    endloop
  endfacet
  facet normal -0.740822 -0.671702 0
    outer loop
      vertex 31.6263 -23.3737 4
      vertex 31.7779 -23.5409 1.79
      vertex 31.7779 -23.5409 4
    endloop
  endfacet
  facet normal 0.97009 -0.242744 0
    outer loop
      vertex 27.7442 -24.5513 4
      vertex 27.799 -24.3323 1.79
      vertex 27.799 -24.3323 4
    endloop
  endfacet
  facet normal 0.97009 -0.242744 0
    outer loop
      vertex 27.799 -24.3323 1.79
      vertex 27.7442 -24.5513 4
      vertex 27.7442 -24.5513 1.79
    endloop
  endfacet
  facet normal 0.59581 -0.803125 0
    outer loop
      vertex 28.5409 -23.2221 1.79
      vertex 28.7222 -23.0876 4
      vertex 28.5409 -23.2221 4
    endloop
  endfacet
  facet normal 0.59581 -0.803125 0
    outer loop
      vertex 28.7222 -23.0876 4
      vertex 28.5409 -23.2221 1.79
      vertex 28.7222 -23.0876 1.79
    endloop
  endfacet
  facet normal 0.941451 -0.33715 0
    outer loop
      vertex 27.799 -24.3323 4
      vertex 27.8751 -24.1198 1.79
      vertex 27.8751 -24.1198 4
    endloop
  endfacet
  facet normal 0.941451 -0.33715 0
    outer loop
      vertex 27.8751 -24.1198 1.79
      vertex 27.799 -24.3323 4
      vertex 27.799 -24.3323 1.79
    endloop
  endfacet
  facet normal -0.59581 -0.803125 0
    outer loop
      vertex 31.2778 -23.0876 1.79
      vertex 31.4591 -23.2221 4
      vertex 31.2778 -23.0876 4
    endloop
  endfacet
  facet normal -0.59581 -0.803125 -0
    outer loop
      vertex 31.4591 -23.2221 4
      vertex 31.2778 -23.0876 1.79
      vertex 31.4591 -23.2221 1.79
    endloop
  endfacet
  facet normal -0.42761 0.903963 0
    outer loop
      vertex 31.0842 -27.0284 1.79
      vertex 30.8802 -27.1249 4
      vertex 31.0842 -27.0284 4
    endloop
  endfacet
  facet normal -0.42761 0.903963 0
    outer loop
      vertex 30.8802 -27.1249 4
      vertex 31.0842 -27.0284 1.79
      vertex 30.8802 -27.1249 1.79
    endloop
  endfacet
  facet normal -0.941451 -0.33715 0
    outer loop
      vertex 32.201 -24.3323 1.79
      vertex 32.1249 -24.1198 4
      vertex 32.1249 -24.1198 1.79
    endloop
  endfacet
  facet normal -0.941451 -0.33715 0
    outer loop
      vertex 32.1249 -24.1198 4
      vertex 32.201 -24.3323 1.79
      vertex 32.201 -24.3323 4
    endloop
  endfacet
  facet normal 0.671702 -0.740822 0
    outer loop
      vertex 28.3737 -23.3737 1.79
      vertex 28.5409 -23.2221 4
      vertex 28.3737 -23.3737 4
    endloop
  endfacet
  facet normal 0.671702 -0.740822 0
    outer loop
      vertex 28.5409 -23.2221 4
      vertex 28.3737 -23.3737 1.79
      vertex 28.5409 -23.2221 1.79
    endloop
  endfacet
  facet normal 0.513974 -0.857806 0
    outer loop
      vertex 28.7222 -23.0876 1.79
      vertex 28.9158 -22.9716 4
      vertex 28.7222 -23.0876 4
    endloop
  endfacet
  facet normal 0.513974 -0.857806 0
    outer loop
      vertex 28.9158 -22.9716 4
      vertex 28.7222 -23.0876 1.79
      vertex 28.9158 -22.9716 1.79
    endloop
  endfacet
  facet normal -0.903963 -0.42761 0
    outer loop
      vertex 32.1249 -24.1198 1.79
      vertex 32.0284 -23.9158 4
      vertex 32.0284 -23.9158 1.79
    endloop
  endfacet
  facet normal -0.903963 -0.42761 0
    outer loop
      vertex 32.0284 -23.9158 4
      vertex 32.1249 -24.1198 1.79
      vertex 32.1249 -24.1198 4
    endloop
  endfacet
  facet normal -0.97009 0.242744 0
    outer loop
      vertex 32.201 -25.6677 1.79
      vertex 32.2558 -25.4487 4
      vertex 32.2558 -25.4487 1.79
    endloop
  endfacet
  facet normal -0.97009 0.242744 0
    outer loop
      vertex 32.2558 -25.4487 4
      vertex 32.201 -25.6677 1.79
      vertex 32.201 -25.6677 4
    endloop
  endfacet
  facet normal -0.857806 -0.513974 0
    outer loop
      vertex 32.0284 -23.9158 1.79
      vertex 31.9124 -23.7222 4
      vertex 31.9124 -23.7222 1.79
    endloop
  endfacet
  facet normal -0.857806 -0.513974 0
    outer loop
      vertex 31.9124 -23.7222 4
      vertex 32.0284 -23.9158 1.79
      vertex 32.0284 -23.9158 4
    endloop
  endfacet
  facet normal 0.941451 0.33715 0
    outer loop
      vertex 27.8751 -25.8802 4
      vertex 27.799 -25.6677 1.79
      vertex 27.799 -25.6677 4
    endloop
  endfacet
  facet normal 0.941451 0.33715 0
    outer loop
      vertex 27.799 -25.6677 1.79
      vertex 27.8751 -25.8802 4
      vertex 27.8751 -25.8802 1.79
    endloop
  endfacet
  facet normal 0.903963 -0.42761 0
    outer loop
      vertex 27.8751 -24.1198 4
      vertex 27.9716 -23.9158 1.79
      vertex 27.9716 -23.9158 4
    endloop
  endfacet
  facet normal 0.903963 -0.42761 0
    outer loop
      vertex 27.9716 -23.9158 1.79
      vertex 27.8751 -24.1198 4
      vertex 27.8751 -24.1198 1.79
    endloop
  endfacet
  facet normal -0.242744 -0.97009 0
    outer loop
      vertex 30.4487 -22.7442 1.79
      vertex 30.6677 -22.799 4
      vertex 30.4487 -22.7442 4
    endloop
  endfacet
  facet normal -0.242744 -0.97009 -0
    outer loop
      vertex 30.6677 -22.799 4
      vertex 30.4487 -22.7442 1.79
      vertex 30.6677 -22.799 1.79
    endloop
  endfacet
  facet normal 0.740822 0.671702 0
    outer loop
      vertex 28.3737 -26.6263 4
      vertex 28.2221 -26.4591 1.79
      vertex 28.2221 -26.4591 4
    endloop
  endfacet
  facet normal 0.740822 0.671702 0
    outer loop
      vertex 28.2221 -26.4591 1.79
      vertex 28.3737 -26.6263 4
      vertex 28.3737 -26.6263 1.79
    endloop
  endfacet
  facet normal 0.59581 0.803125 -0
    outer loop
      vertex 28.7222 -26.9124 1.79
      vertex 28.5409 -26.7779 4
      vertex 28.7222 -26.9124 4
    endloop
  endfacet
  facet normal 0.59581 0.803125 0
    outer loop
      vertex 28.5409 -26.7779 4
      vertex 28.7222 -26.9124 1.79
      vertex 28.5409 -26.7779 1.79
    endloop
  endfacet
  facet normal -0.33715 0.941451 0
    outer loop
      vertex 30.8802 -27.1249 1.79
      vertex 30.6677 -27.201 4
      vertex 30.8802 -27.1249 4
    endloop
  endfacet
  facet normal -0.33715 0.941451 0
    outer loop
      vertex 30.6677 -27.201 4
      vertex 30.8802 -27.1249 1.79
      vertex 30.6677 -27.201 1.79
    endloop
  endfacet
  facet normal 0.671702 0.740822 -0
    outer loop
      vertex 28.5409 -26.7779 1.79
      vertex 28.3737 -26.6263 4
      vertex 28.5409 -26.7779 4
    endloop
  endfacet
  facet normal 0.671702 0.740822 0
    outer loop
      vertex 28.3737 -26.6263 4
      vertex 28.5409 -26.7779 1.79
      vertex 28.3737 -26.6263 1.79
    endloop
  endfacet
  facet normal 0.99879 -0.0491862 0
    outer loop
      vertex 27.7 -25 4
      vertex 27.7111 -24.7746 1.79
      vertex 27.7111 -24.7746 4
    endloop
  endfacet
  facet normal 0.99879 -0.0491862 0
    outer loop
      vertex 27.7111 -24.7746 1.79
      vertex 27.7 -25 4
      vertex 27.7 -25 1.79
    endloop
  endfacet
  facet normal 0.740822 -0.671702 0
    outer loop
      vertex 28.2221 -23.5409 4
      vertex 28.3737 -23.3737 1.79
      vertex 28.3737 -23.3737 4
    endloop
  endfacet
  facet normal 0.740822 -0.671702 0
    outer loop
      vertex 28.3737 -23.3737 1.79
      vertex 28.2221 -23.5409 4
      vertex 28.2221 -23.5409 1.79
    endloop
  endfacet
  facet normal 0.33715 0.941451 -0
    outer loop
      vertex 29.3323 -27.201 1.79
      vertex 29.1198 -27.1249 4
      vertex 29.3323 -27.201 4
    endloop
  endfacet
  facet normal 0.33715 0.941451 0
    outer loop
      vertex 29.1198 -27.1249 4
      vertex 29.3323 -27.201 1.79
      vertex 29.1198 -27.1249 1.79
    endloop
  endfacet
  facet normal 0.99879 0.0491862 0
    outer loop
      vertex 27.7111 -25.2254 4
      vertex 27.7 -25 1.79
      vertex 27.7 -25 4
    endloop
  endfacet
  facet normal 0.99879 0.0491862 0
    outer loop
      vertex 27.7 -25 1.79
      vertex 27.7111 -25.2254 4
      vertex 27.7111 -25.2254 1.79
    endloop
  endfacet
  facet normal 0.989192 0.146629 0
    outer loop
      vertex 27.7442 -25.4487 4
      vertex 27.7111 -25.2254 1.79
      vertex 27.7111 -25.2254 4
    endloop
  endfacet
  facet normal 0.989192 0.146629 0
    outer loop
      vertex 27.7111 -25.2254 1.79
      vertex 27.7442 -25.4487 4
      vertex 27.7442 -25.4487 1.79
    endloop
  endfacet
  facet normal 0.242744 0.97009 -0
    outer loop
      vertex 29.5513 -27.2558 1.79
      vertex 29.3323 -27.201 4
      vertex 29.5513 -27.2558 4
    endloop
  endfacet
  facet normal 0.242744 0.97009 0
    outer loop
      vertex 29.3323 -27.201 4
      vertex 29.5513 -27.2558 1.79
      vertex 29.3323 -27.201 1.79
    endloop
  endfacet
  facet normal -0.242744 0.97009 0
    outer loop
      vertex 30.6677 -27.201 1.79
      vertex 30.4487 -27.2558 4
      vertex 30.6677 -27.201 4
    endloop
  endfacet
  facet normal -0.242744 0.97009 0
    outer loop
      vertex 30.4487 -27.2558 4
      vertex 30.6677 -27.201 1.79
      vertex 30.4487 -27.2558 1.79
    endloop
  endfacet
  facet normal -0.513974 0.857806 0
    outer loop
      vertex 31.2778 -26.9124 1.79
      vertex 31.0842 -27.0284 4
      vertex 31.2778 -26.9124 4
    endloop
  endfacet
  facet normal -0.513974 0.857806 0
    outer loop
      vertex 31.0842 -27.0284 4
      vertex 31.2778 -26.9124 1.79
      vertex 31.0842 -27.0284 1.79
    endloop
  endfacet
  facet normal -0.857806 0.513974 0
    outer loop
      vertex 31.9124 -26.2778 1.79
      vertex 32.0284 -26.0842 4
      vertex 32.0284 -26.0842 1.79
    endloop
  endfacet
  facet normal -0.857806 0.513974 0
    outer loop
      vertex 32.0284 -26.0842 4
      vertex 31.9124 -26.2778 1.79
      vertex 31.9124 -26.2778 4
    endloop
  endfacet
  facet normal 0.989192 -0.146629 0
    outer loop
      vertex 27.7111 -24.7746 4
      vertex 27.7442 -24.5513 1.79
      vertex 27.7442 -24.5513 4
    endloop
  endfacet
  facet normal 0.989192 -0.146629 0
    outer loop
      vertex 27.7442 -24.5513 1.79
      vertex 27.7111 -24.7746 4
      vertex 27.7111 -24.7746 1.79
    endloop
  endfacet
  facet normal 0.42761 0.903963 -0
    outer loop
      vertex 29.1198 -27.1249 1.79
      vertex 28.9158 -27.0284 4
      vertex 29.1198 -27.1249 4
    endloop
  endfacet
  facet normal 0.42761 0.903963 0
    outer loop
      vertex 28.9158 -27.0284 4
      vertex 29.1198 -27.1249 1.79
      vertex 28.9158 -27.0284 1.79
    endloop
  endfacet
  facet normal 0.903963 0.42761 0
    outer loop
      vertex 27.9716 -26.0842 4
      vertex 27.8751 -25.8802 1.79
      vertex 27.8751 -25.8802 4
    endloop
  endfacet
  facet normal 0.903963 0.42761 0
    outer loop
      vertex 27.8751 -25.8802 1.79
      vertex 27.9716 -26.0842 4
      vertex 27.9716 -26.0842 1.79
    endloop
  endfacet
  facet normal 0.857806 -0.513974 0
    outer loop
      vertex 27.9716 -23.9158 4
      vertex 28.0876 -23.7222 1.79
      vertex 28.0876 -23.7222 4
    endloop
  endfacet
  facet normal 0.857806 -0.513974 0
    outer loop
      vertex 28.0876 -23.7222 1.79
      vertex 27.9716 -23.9158 4
      vertex 27.9716 -23.9158 1.79
    endloop
  endfacet
  facet normal 0 0.99879 0.0491712
    outer loop
      vertex 47 -17.1348 9.19125
      vertex 13 -17.15 9.5
      vertex 47 -17.15 9.5
    endloop
  endfacet
  facet normal 0 0.99879 0.0491712
    outer loop
      vertex 13 -17.15 9.5
      vertex 47 -17.1348 9.19125
      vertex 13 -17.1348 9.19125
    endloop
  endfacet
  facet normal 0 0.514115 -0.857721
    outer loop
      vertex 13 -15.75 12.1191
      vertex 47 -15.4849 12.278
      vertex 47 -15.75 12.1191
    endloop
  endfacet
  facet normal 0 0.514115 -0.857721
    outer loop
      vertex 47 -15.4849 12.278
      vertex 13 -15.75 12.1191
      vertex 13 -15.4849 12.278
    endloop
  endfacet
  facet normal 0 0.803288 -0.595591
    outer loop
      vertex 47 -16.6191 11.25
      vertex 13 -16.435 11.4983
      vertex 47 -16.435 11.4983
    endloop
  endfacet
  facet normal 0 0.803288 -0.595591
    outer loop
      vertex 13 -16.435 11.4983
      vertex 47 -16.6191 11.25
      vertex 13 -16.6191 11.25
    endloop
  endfacet
  facet normal 0 -0.595591 -0.803288
    outer loop
      vertex 13 -12.25 12.1191
      vertex 47 -12.0017 11.935
      vertex 47 -12.25 12.1191
    endloop
  endfacet
  facet normal -0 -0.595591 -0.803288
    outer loop
      vertex 47 -12.0017 11.935
      vertex 13 -12.25 12.1191
      vertex 13 -12.0017 11.935
    endloop
  endfacet
  facet normal 0 0.144706 -0.989475
    outer loop
      vertex 13 -14.6145 12.5895
      vertex 38.8976 -14.5892 12.5932
      vertex 38.9128 -14.6145 12.5895
    endloop
  endfacet
  facet normal -2.58059e-06 0.147292 -0.989093
    outer loop
      vertex 13 -14.6145 12.5895
      vertex 38.8451 -14.4784 12.6097
      vertex 38.8976 -14.5892 12.5932
    endloop
  endfacet
  facet normal 1.91511e-06 0.146456 -0.989217
    outer loop
      vertex 13 -14.6145 12.5895
      vertex 38.8038 -14.3629 12.6268
      vertex 38.8451 -14.4784 12.6097
    endloop
  endfacet
  facet normal 6.25197e-06 0.146021 -0.989281
    outer loop
      vertex 13 -14.6145 12.5895
      vertex 38.7903 -14.3087 12.6348
      vertex 38.8038 -14.3629 12.6268
    endloop
  endfacet
  facet normal 0 0.146537 -0.989205
    outer loop
      vertex 38.7903 -14.3087 12.6348
      vertex 13 -14.6145 12.5895
      vertex 13 -14.3087 12.6348
    endloop
  endfacet
  facet normal 0 0.146537 -0.989205
    outer loop
      vertex 47 -14.6145 12.5895
      vertex 41.2097 -14.3087 12.6348
      vertex 47 -14.3087 12.6348
    endloop
  endfacet
  facet normal -2.75662e-05 0.146026 -0.989281
    outer loop
      vertex 47 -14.6145 12.5895
      vertex 41.1962 -14.3629 12.6268
      vertex 41.2097 -14.3087 12.6348
    endloop
  endfacet
  facet normal -8.41386e-06 0.146458 -0.989217
    outer loop
      vertex 47 -14.6145 12.5895
      vertex 41.1549 -14.4784 12.6097
      vertex 41.1962 -14.3629 12.6268
    endloop
  endfacet
  facet normal 1.13142e-05 0.147287 -0.989094
    outer loop
      vertex 47 -14.6145 12.5895
      vertex 41.1024 -14.5892 12.5932
      vertex 41.1549 -14.4784 12.6097
    endloop
  endfacet
  facet normal 0 0.144706 -0.989475
    outer loop
      vertex 41.1024 -14.5892 12.5932
      vertex 47 -14.6145 12.5895
      vertex 41.0872 -14.6145 12.5895
    endloop
  endfacet
  facet normal 0 -0.707113 -0.7071
    outer loop
      vertex 13 -11.7726 11.7274
      vertex 47 -9.54524 9.5
      vertex 47 -11.7726 11.7274
    endloop
  endfacet
  facet normal -0 -0.707113 -0.7071
    outer loop
      vertex 47 -9.54524 9.5
      vertex 13 -11.7726 11.7274
      vertex 13 -9.54524 9.5
    endloop
  endfacet
  facet normal 0 0.0493226 -0.998783
    outer loop
      vertex 13 -14.3087 12.6348
      vertex 38.774 -14.2439 12.638
      vertex 38.7903 -14.3087 12.6348
    endloop
  endfacet
  facet normal -1.02108e-07 0.0493631 -0.998781
    outer loop
      vertex 13 -14.3087 12.6348
      vertex 38.756 -14.1225 12.644
      vertex 38.774 -14.2439 12.638
    endloop
  endfacet
  facet normal 3.10126e-06 0.0489211 -0.998803
    outer loop
      vertex 13 -14.3087 12.6348
      vertex 38.75 -14 12.65
      vertex 38.756 -14.1225 12.644
    endloop
  endfacet
  facet normal 0 0.0491792 -0.99879
    outer loop
      vertex 38.75 -14 12.65
      vertex 13 -14.3087 12.6348
      vertex 13 -14 12.65
    endloop
  endfacet
  facet normal 0 0.0491792 -0.99879
    outer loop
      vertex 47 -14.3087 12.6348
      vertex 41.25 -14 12.65
      vertex 47 -14 12.65
    endloop
  endfacet
  facet normal -1.38599e-05 0.0489216 -0.998803
    outer loop
      vertex 47 -14.3087 12.6348
      vertex 41.244 -14.1225 12.644
      vertex 41.25 -14 12.65
    endloop
  endfacet
  facet normal 4.552e-07 0.0493631 -0.998781
    outer loop
      vertex 47 -14.3087 12.6348
      vertex 41.226 -14.2439 12.638
      vertex 41.244 -14.1225 12.644
    endloop
  endfacet
  facet normal 0 0.0493226 -0.998783
    outer loop
      vertex 41.226 -14.2439 12.638
      vertex 47 -14.3087 12.6348
      vertex 41.2097 -14.3087 12.6348
    endloop
  endfacet
  facet normal 0 0.857721 -0.514115
    outer loop
      vertex 47 -16.778 10.9849
      vertex 13 -16.6191 11.25
      vertex 47 -16.6191 11.25
    endloop
  endfacet
  facet normal 0 0.857721 -0.514115
    outer loop
      vertex 13 -16.6191 11.25
      vertex 47 -16.778 10.9849
      vertex 13 -16.778 10.9849
    endloop
  endfacet
  facet normal -0 0.0490501 0.998796
    outer loop
      vertex 13 -14 6.35001
      vertex 47 -14.3087 6.36517
      vertex 47 -14 6.35001
    endloop
  endfacet
  facet normal 0 0.0490501 0.998796
    outer loop
      vertex 47 -14.3087 6.36517
      vertex 13 -14 6.35001
      vertex 13 -14.3087 6.36517
    endloop
  endfacet
  facet normal 0 0.427572 -0.903981
    outer loop
      vertex 47 -15.4849 12.278
      vertex 40.3259 -15.2054 12.4102
      vertex 47 -15.2054 12.4102
    endloop
  endfacet
  facet normal -6.86333e-05 0.426232 -0.904614
    outer loop
      vertex 47 -15.4849 12.278
      vertex 40.2439 -15.226 12.4005
      vertex 40.3259 -15.2054 12.4102
    endloop
  endfacet
  facet normal -2.57004e-05 0.427148 -0.904182
    outer loop
      vertex 47 -15.4849 12.278
      vertex 40.1225 -15.244 12.392
      vertex 40.2439 -15.226 12.4005
    endloop
  endfacet
  facet normal 0.000186164 0.432085 -0.901833
    outer loop
      vertex 47 -15.4849 12.278
      vertex 40 -15.25 12.3891
      vertex 40.1225 -15.244 12.392
    endloop
  endfacet
  facet normal 0 0.427557 -0.903988
    outer loop
      vertex 13 -15.4849 12.278
      vertex 40 -15.25 12.3891
      vertex 47 -15.4849 12.278
    endloop
  endfacet
  facet normal -6.8993e-05 0.434026 -0.9009
    outer loop
      vertex 13 -15.4849 12.278
      vertex 39.8775 -15.244 12.392
      vertex 40 -15.25 12.3891
    endloop
  endfacet
  facet normal 7.66683e-06 0.427049 -0.904229
    outer loop
      vertex 13 -15.4849 12.278
      vertex 39.7561 -15.226 12.4005
      vertex 39.8775 -15.244 12.392
    endloop
  endfacet
  facet normal 1.92347e-05 0.426071 -0.90469
    outer loop
      vertex 13 -15.4849 12.278
      vertex 39.6741 -15.2054 12.4102
      vertex 39.7561 -15.226 12.4005
    endloop
  endfacet
  facet normal 0 0.427572 -0.903981
    outer loop
      vertex 39.6741 -15.2054 12.4102
      vertex 13 -15.4849 12.278
      vertex 13 -15.2054 12.4102
    endloop
  endfacet
  facet normal 0 -0.336943 0.941525
    outer loop
      vertex 13 -12.7946 6.58978
      vertex 47 -13.0856 6.48564
      vertex 47 -12.7946 6.58978
    endloop
  endfacet
  facet normal 0 -0.336943 0.941525
    outer loop
      vertex 47 -13.0856 6.48564
      vertex 13 -12.7946 6.58978
      vertex 13 -13.0856 6.48564
    endloop
  endfacet
  facet normal -0 0.242916 0.970047
    outer loop
      vertex 13 -14.6145 6.41054
      vertex 47 -14.9144 6.48564
      vertex 47 -14.6145 6.41054
    endloop
  endfacet
  facet normal 0 0.242916 0.970047
    outer loop
      vertex 47 -14.9144 6.48564
      vertex 13 -14.6145 6.41054
      vertex 13 -14.9144 6.48564
    endloop
  endfacet
  facet normal 0 -0.242916 0.970047
    outer loop
      vertex 13 -13.0856 6.48564
      vertex 47 -13.3855 6.41054
      vertex 47 -13.0856 6.48564
    endloop
  endfacet
  facet normal 0 -0.242916 0.970047
    outer loop
      vertex 47 -13.3855 6.41054
      vertex 13 -13.0856 6.48564
      vertex 13 -13.3855 6.41054
    endloop
  endfacet
  facet normal 0 -0.427493 0.904019
    outer loop
      vertex 13 -12.5151 6.72195
      vertex 47 -12.7946 6.58978
      vertex 47 -12.5151 6.72195
    endloop
  endfacet
  facet normal 0 -0.427493 0.904019
    outer loop
      vertex 47 -12.7946 6.58978
      vertex 13 -12.5151 6.72195
      vertex 13 -12.7946 6.58978
    endloop
  endfacet
  facet normal 0 -0.671498 0.741006
    outer loop
      vertex 13 -11.7726 7.27263
      vertex 47 -12.0017 7.06502
      vertex 47 -11.7726 7.27263
    endloop
  endfacet
  facet normal 0 -0.671498 0.741006
    outer loop
      vertex 47 -12.0017 7.06502
      vertex 13 -11.7726 7.27263
      vertex 13 -12.0017 7.06502
    endloop
  endfacet
  facet normal 0 0.337632 -0.941278
    outer loop
      vertex 13 -15.2054 12.4102
      vertex 39.6371 -15.1962 12.4135
      vertex 39.6741 -15.2054 12.4102
    endloop
  endfacet
  facet normal 1.11135e-07 0.337347 -0.94138
    outer loop
      vertex 13 -15.2054 12.4102
      vertex 39.5216 -15.1549 12.4283
      vertex 39.6371 -15.1962 12.4135
    endloop
  endfacet
  facet normal 5.72425e-07 0.337133 -0.941457
    outer loop
      vertex 13 -15.2054 12.4102
      vertex 39.4108 -15.1024 12.4471
      vertex 39.5216 -15.1549 12.4283
    endloop
  endfacet
  facet normal 3.31143e-07 0.337187 -0.941438
    outer loop
      vertex 13 -15.2054 12.4102
      vertex 39.3055 -15.0393 12.4697
      vertex 39.4108 -15.1024 12.4471
    endloop
  endfacet
  facet normal 4.03068e-06 0.336668 -0.941623
    outer loop
      vertex 13 -15.2054 12.4102
      vertex 39.207 -14.9663 12.4958
      vertex 39.3055 -15.0393 12.4697
    endloop
  endfacet
  facet normal -3.16573e-06 0.337367 -0.941373
    outer loop
      vertex 13 -15.2054 12.4102
      vertex 39.1498 -14.9144 12.5144
      vertex 39.207 -14.9663 12.4958
    endloop
  endfacet
  facet normal 0 0.337115 -0.941463
    outer loop
      vertex 39.1498 -14.9144 12.5144
      vertex 13 -15.2054 12.4102
      vertex 13 -14.9144 12.5144
    endloop
  endfacet
  facet normal 0 0.337115 -0.941463
    outer loop
      vertex 47 -15.2054 12.4102
      vertex 40.8502 -14.9144 12.5144
      vertex 47 -14.9144 12.5144
    endloop
  endfacet
  facet normal 1.29509e-05 0.337358 -0.941377
    outer loop
      vertex 47 -15.2054 12.4102
      vertex 40.793 -14.9663 12.4958
      vertex 40.8502 -14.9144 12.5144
    endloop
  endfacet
  facet normal -1.63764e-05 0.336683 -0.941618
    outer loop
      vertex 47 -15.2054 12.4102
      vertex 40.6945 -15.0393 12.4697
      vertex 40.793 -14.9663 12.4958
    endloop
  endfacet
  facet normal -1.33724e-06 0.337189 -0.941437
    outer loop
      vertex 47 -15.2054 12.4102
      vertex 40.5892 -15.1024 12.4471
      vertex 40.6945 -15.0393 12.4697
    endloop
  endfacet
  facet normal -2.29967e-06 0.337136 -0.941456
    outer loop
      vertex 47 -15.2054 12.4102
      vertex 40.4784 -15.1549 12.4283
      vertex 40.5892 -15.1024 12.4471
    endloop
  endfacet
  facet normal -4.44733e-07 0.337348 -0.94138
    outer loop
      vertex 47 -15.2054 12.4102
      vertex 40.3629 -15.1962 12.4135
      vertex 40.4784 -15.1549 12.4283
    endloop
  endfacet
  facet normal 0 0.337632 -0.941278
    outer loop
      vertex 40.3629 -15.1962 12.4135
      vertex 47 -15.2054 12.4102
      vertex 40.3259 -15.2054 12.4102
    endloop
  endfacet
  facet normal 0 -0.671481 -0.741022
    outer loop
      vertex 13 -12.0017 11.935
      vertex 47 -11.7726 11.7274
      vertex 47 -12.0017 11.935
    endloop
  endfacet
  facet normal -0 -0.671481 -0.741022
    outer loop
      vertex 47 -11.7726 11.7274
      vertex 13 -12.0017 11.935
      vertex 13 -11.7726 11.7274
    endloop
  endfacet
  facet normal 0 0.241787 -0.970329
    outer loop
      vertex 13 -14.9144 12.5144
      vertex 39.1161 -14.8839 12.522
      vertex 39.1498 -14.9144 12.5144
    endloop
  endfacet
  facet normal -1.86116e-06 0.243287 -0.969954
    outer loop
      vertex 13 -14.9144 12.5144
      vertex 39.0337 -14.793 12.5448
      vertex 39.1161 -14.8839 12.522
    endloop
  endfacet
  facet normal 3.00126e-06 0.242306 -0.9702
    outer loop
      vertex 13 -14.9144 12.5144
      vertex 38.9607 -14.6945 12.5694
      vertex 39.0337 -14.793 12.5448
    endloop
  endfacet
  facet normal -9.2879e-06 0.243671 -0.969858
    outer loop
      vertex 13 -14.9144 12.5144
      vertex 38.9128 -14.6145 12.5895
      vertex 38.9607 -14.6945 12.5694
    endloop
  endfacet
  facet normal 0 0.242916 -0.970047
    outer loop
      vertex 38.9128 -14.6145 12.5895
      vertex 13 -14.9144 12.5144
      vertex 13 -14.6145 12.5895
    endloop
  endfacet
  facet normal 0 0.242916 -0.970047
    outer loop
      vertex 47 -14.9144 12.5144
      vertex 41.0872 -14.6145 12.5895
      vertex 47 -14.6145 12.5895
    endloop
  endfacet
  facet normal 3.97784e-05 0.243654 -0.969862
    outer loop
      vertex 47 -14.9144 12.5144
      vertex 41.0393 -14.6945 12.5694
      vertex 41.0872 -14.6145 12.5895
    endloop
  endfacet
  facet normal -1.28034e-05 0.242313 -0.970198
    outer loop
      vertex 47 -14.9144 12.5144
      vertex 40.9663 -14.793 12.5448
      vertex 41.0393 -14.6945 12.5694
    endloop
  endfacet
  facet normal 7.91989e-06 0.243282 -0.969956
    outer loop
      vertex 47 -14.9144 12.5144
      vertex 40.8839 -14.8839 12.522
      vertex 40.9663 -14.793 12.5448
    endloop
  endfacet
  facet normal 0 0.241787 -0.970329
    outer loop
      vertex 40.8839 -14.8839 12.522
      vertex 47 -14.9144 12.5144
      vertex 40.8502 -14.9144 12.5144
    endloop
  endfacet
  facet normal -0 0.595695 0.80321
    outer loop
      vertex 13 -15.75 6.88087
      vertex 47 -15.9983 7.06502
      vertex 47 -15.75 6.88087
    endloop
  endfacet
  facet normal 0 0.595695 0.80321
    outer loop
      vertex 47 -15.9983 7.06502
      vertex 13 -15.75 6.88087
      vertex 13 -15.9983 7.06502
    endloop
  endfacet
  facet normal 0 0.941485 0.337053
    outer loop
      vertex 47 -16.9102 8.29456
      vertex 13 -17.0144 8.58562
      vertex 47 -17.0144 8.58562
    endloop
  endfacet
  facet normal 0 0.941485 0.337053
    outer loop
      vertex 13 -17.0144 8.58562
      vertex 47 -16.9102 8.29456
      vertex 13 -16.9102 8.29456
    endloop
  endfacet
  facet normal 0 -0.707108 0.707105
    outer loop
      vertex 13 -9.54524 9.5
      vertex 47 -11.7726 7.27263
      vertex 47 -9.54524 9.5
    endloop
  endfacet
  facet normal 0 -0.707108 0.707105
    outer loop
      vertex 47 -11.7726 7.27263
      vertex 13 -9.54524 9.5
      vertex 13 -11.7726 7.27263
    endloop
  endfacet
  facet normal 0 0.941463 -0.337115
    outer loop
      vertex 47 -17.0144 10.4144
      vertex 13 -16.9102 10.7054
      vertex 47 -16.9102 10.7054
    endloop
  endfacet
  facet normal 0 0.941463 -0.337115
    outer loop
      vertex 13 -16.9102 10.7054
      vertex 47 -17.0144 10.4144
      vertex 13 -17.0144 10.4144
    endloop
  endfacet
  facet normal 0 0.903981 -0.427572
    outer loop
      vertex 47 -16.9102 10.7054
      vertex 13 -16.778 10.9849
      vertex 47 -16.778 10.9849
    endloop
  endfacet
  facet normal 0 0.903981 -0.427572
    outer loop
      vertex 13 -16.778 10.9849
      vertex 47 -16.9102 10.7054
      vertex 13 -16.9102 10.7054
    endloop
  endfacet
  facet normal 0 0.741022 -0.671481
    outer loop
      vertex 47 -16.435 11.4983
      vertex 13 -16.2274 11.7274
      vertex 47 -16.2274 11.7274
    endloop
  endfacet
  facet normal 0 0.741022 -0.671481
    outer loop
      vertex 13 -16.2274 11.7274
      vertex 47 -16.435 11.4983
      vertex 13 -16.435 11.4983
    endloop
  endfacet
  facet normal 0 -0.514115 -0.857721
    outer loop
      vertex 13 -12.5151 12.278
      vertex 47 -12.25 12.1191
      vertex 47 -12.5151 12.278
    endloop
  endfacet
  facet normal -0 -0.514115 -0.857721
    outer loop
      vertex 47 -12.25 12.1191
      vertex 13 -12.5151 12.278
      vertex 13 -12.25 12.1191
    endloop
  endfacet
  facet normal 0 0.970047 -0.242916
    outer loop
      vertex 47 -17.0895 10.1145
      vertex 13 -17.0144 10.4144
      vertex 47 -17.0144 10.4144
    endloop
  endfacet
  facet normal 0 0.970047 -0.242916
    outer loop
      vertex 13 -17.0144 10.4144
      vertex 47 -17.0895 10.1145
      vertex 13 -17.0895 10.1145
    endloop
  endfacet
  facet normal 0 0.903952 0.427634
    outer loop
      vertex 47 -16.778 8.01511
      vertex 13 -16.9102 8.29456
      vertex 47 -16.9102 8.29456
    endloop
  endfacet
  facet normal 0 0.903952 0.427634
    outer loop
      vertex 13 -16.9102 8.29456
      vertex 47 -16.778 8.01511
      vertex 13 -16.778 8.01511
    endloop
  endfacet
  facet normal 0 0.989204 0.146546
    outer loop
      vertex 47 -17.0895 8.88547
      vertex 13 -17.1348 9.19125
      vertex 47 -17.1348 9.19125
    endloop
  endfacet
  facet normal 0 0.989204 0.146546
    outer loop
      vertex 13 -17.1348 9.19125
      vertex 47 -17.0895 8.88547
      vertex 13 -17.0895 8.88547
    endloop
  endfacet
  facet normal 0 -0.337115 -0.941463
    outer loop
      vertex 13 -12.7946 12.4102
      vertex 39.1498 -13.0856 12.5144
      vertex 13 -13.0856 12.5144
    endloop
  endfacet
  facet normal -3.16573e-06 -0.337367 -0.941373
    outer loop
      vertex 39.1498 -13.0856 12.5144
      vertex 13 -12.7946 12.4102
      vertex 39.207 -13.0337 12.4958
    endloop
  endfacet
  facet normal 4.03068e-06 -0.336668 -0.941623
    outer loop
      vertex 39.207 -13.0337 12.4958
      vertex 13 -12.7946 12.4102
      vertex 39.3055 -12.9607 12.4697
    endloop
  endfacet
  facet normal 3.31143e-07 -0.337187 -0.941438
    outer loop
      vertex 39.3055 -12.9607 12.4697
      vertex 13 -12.7946 12.4102
      vertex 39.4108 -12.8976 12.4471
    endloop
  endfacet
  facet normal -1.91578e-06 -0.337698 -0.941255
    outer loop
      vertex 39.4108 -12.8976 12.4471
      vertex 13 -12.7946 12.4102
      vertex 39.5216 -12.8452 12.4283
    endloop
  endfacet
  facet normal 3.92407e-07 -0.336626 -0.941639
    outer loop
      vertex 39.5216 -12.8452 12.4283
      vertex 13 -12.7946 12.4102
      vertex 39.6371 -12.8038 12.4135
    endloop
  endfacet
  facet normal 0 -0.337632 -0.941278
    outer loop
      vertex 39.6371 -12.8038 12.4135
      vertex 13 -12.7946 12.4102
      vertex 39.6742 -12.7946 12.4102
    endloop
  endfacet
  facet normal 0 -0.337115 -0.941463
    outer loop
      vertex 40.8502 -13.0856 12.5144
      vertex 47 -12.7946 12.4102
      vertex 47 -13.0856 12.5144
    endloop
  endfacet
  facet normal 1.29509e-05 -0.337358 -0.941377
    outer loop
      vertex 40.793 -13.0337 12.4958
      vertex 47 -12.7946 12.4102
      vertex 40.8502 -13.0856 12.5144
    endloop
  endfacet
  facet normal -1.63764e-05 -0.336683 -0.941618
    outer loop
      vertex 40.6945 -12.9607 12.4697
      vertex 47 -12.7946 12.4102
      vertex 40.793 -13.0337 12.4958
    endloop
  endfacet
  facet normal -1.33724e-06 -0.337189 -0.941437
    outer loop
      vertex 40.5892 -12.8976 12.4471
      vertex 47 -12.7946 12.4102
      vertex 40.6945 -12.9607 12.4697
    endloop
  endfacet
  facet normal 7.69617e-06 -0.337687 -0.941258
    outer loop
      vertex 40.4784 -12.8452 12.4283
      vertex 47 -12.7946 12.4102
      vertex 40.5892 -12.8976 12.4471
    endloop
  endfacet
  facet normal -1.57031e-06 -0.336628 -0.941638
    outer loop
      vertex 40.3629 -12.8038 12.4135
      vertex 47 -12.7946 12.4102
      vertex 40.4784 -12.8452 12.4283
    endloop
  endfacet
  facet normal -0 -0.337632 -0.941278
    outer loop
      vertex 47 -12.7946 12.4102
      vertex 40.3629 -12.8038 12.4135
      vertex 40.3258 -12.7946 12.4102
    endloop
  endfacet
  facet normal 0 0.803276 0.595607
    outer loop
      vertex 47 -16.435 7.50166
      vertex 13 -16.6191 7.74995
      vertex 47 -16.6191 7.74995
    endloop
  endfacet
  facet normal 0 0.803276 0.595607
    outer loop
      vertex 13 -16.6191 7.74995
      vertex 47 -16.435 7.50166
      vertex 13 -16.435 7.50166
    endloop
  endfacet
  facet normal 0 0.74092 0.671593
    outer loop
      vertex 47 -16.2274 7.27263
      vertex 13 -16.435 7.50166
      vertex 47 -16.435 7.50166
    endloop
  endfacet
  facet normal 0 0.74092 0.671593
    outer loop
      vertex 13 -16.435 7.50166
      vertex 47 -16.2274 7.27263
      vertex 13 -16.2274 7.27263
    endloop
  endfacet
  facet normal 0 -0.0490501 0.998796
    outer loop
      vertex 13 -13.6913 6.36517
      vertex 47 -14 6.35001
      vertex 47 -13.6913 6.36517
    endloop
  endfacet
  facet normal 0 -0.0490501 0.998796
    outer loop
      vertex 47 -14 6.35001
      vertex 13 -13.6913 6.36517
      vertex 13 -14 6.35001
    endloop
  endfacet
  facet normal 0 -0.427572 -0.903981
    outer loop
      vertex 40.3258 -12.7946 12.4102
      vertex 47 -12.5151 12.278
      vertex 47 -12.7946 12.4102
    endloop
  endfacet
  facet normal -6.86444e-05 -0.426232 -0.904614
    outer loop
      vertex 40.2439 -12.774 12.4005
      vertex 47 -12.5151 12.278
      vertex 40.3258 -12.7946 12.4102
    endloop
  endfacet
  facet normal -2.57004e-05 -0.427148 -0.904182
    outer loop
      vertex 40.1225 -12.756 12.392
      vertex 47 -12.5151 12.278
      vertex 40.2439 -12.774 12.4005
    endloop
  endfacet
  facet normal 0.000186164 -0.432085 -0.901833
    outer loop
      vertex 40 -12.75 12.3891
      vertex 47 -12.5151 12.278
      vertex 40.1225 -12.756 12.392
    endloop
  endfacet
  facet normal 0 -0.427572 -0.903981
    outer loop
      vertex 13 -12.5151 12.278
      vertex 39.6742 -12.7946 12.4102
      vertex 13 -12.7946 12.4102
    endloop
  endfacet
  facet normal 1.92356e-05 -0.426071 -0.90469
    outer loop
      vertex 39.6742 -12.7946 12.4102
      vertex 13 -12.5151 12.278
      vertex 39.7561 -12.774 12.4005
    endloop
  endfacet
  facet normal 7.66683e-06 -0.427049 -0.904229
    outer loop
      vertex 39.7561 -12.774 12.4005
      vertex 13 -12.5151 12.278
      vertex 39.8775 -12.756 12.392
    endloop
  endfacet
  facet normal -6.8993e-05 -0.434026 -0.9009
    outer loop
      vertex 39.8775 -12.756 12.392
      vertex 13 -12.5151 12.278
      vertex 40 -12.75 12.3891
    endloop
  endfacet
  facet normal 0 -0.427557 -0.903988
    outer loop
      vertex 40 -12.75 12.3891
      vertex 13 -12.5151 12.278
      vertex 47 -12.5151 12.278
    endloop
  endfacet
  facet normal 0 -0.146759 0.989172
    outer loop
      vertex 13 -13.3855 6.41054
      vertex 47 -13.6913 6.36517
      vertex 47 -13.3855 6.41054
    endloop
  endfacet
  facet normal 0 -0.146759 0.989172
    outer loop
      vertex 47 -13.6913 6.36517
      vertex 13 -13.3855 6.41054
      vertex 13 -13.6913 6.36517
    endloop
  endfacet
  facet normal 0 0.989202 -0.14656
    outer loop
      vertex 47 -17.1348 9.80875
      vertex 13 -17.0895 10.1145
      vertex 47 -17.0895 10.1145
    endloop
  endfacet
  facet normal 0 0.989202 -0.14656
    outer loop
      vertex 13 -17.0895 10.1145
      vertex 47 -17.1348 9.80875
      vertex 13 -17.1348 9.80875
    endloop
  endfacet
  facet normal 0 0.99879 -0.0491712
    outer loop
      vertex 47 -17.15 9.5
      vertex 13 -17.1348 9.80875
      vertex 47 -17.1348 9.80875
    endloop
  endfacet
  facet normal 0 0.99879 -0.0491712
    outer loop
      vertex 13 -17.1348 9.80875
      vertex 47 -17.15 9.5
      vertex 13 -17.15 9.5
    endloop
  endfacet
  facet normal 0 -0.595695 0.80321
    outer loop
      vertex 13 -12.0017 7.06502
      vertex 47 -12.25 6.88087
      vertex 47 -12.0017 7.06502
    endloop
  endfacet
  facet normal 0 -0.595695 0.80321
    outer loop
      vertex 47 -12.25 6.88087
      vertex 13 -12.0017 7.06502
      vertex 13 -12.25 6.88087
    endloop
  endfacet
  facet normal -0 0.514163 0.857693
    outer loop
      vertex 13 -15.4849 6.72195
      vertex 47 -15.75 6.88087
      vertex 47 -15.4849 6.72195
    endloop
  endfacet
  facet normal 0 0.514163 0.857693
    outer loop
      vertex 47 -15.75 6.88087
      vertex 13 -15.4849 6.72195
      vertex 13 -15.75 6.88087
    endloop
  endfacet
  facet normal -0 0.336943 0.941525
    outer loop
      vertex 13 -14.9144 6.48564
      vertex 47 -15.2054 6.58978
      vertex 47 -14.9144 6.48564
    endloop
  endfacet
  facet normal 0 0.336943 0.941525
    outer loop
      vertex 47 -15.2054 6.58978
      vertex 13 -14.9144 6.48564
      vertex 13 -15.2054 6.58978
    endloop
  endfacet
  facet normal 0 -0.0491792 -0.99879
    outer loop
      vertex 13 -13.6913 12.6348
      vertex 38.75 -14 12.65
      vertex 13 -14 12.65
    endloop
  endfacet
  facet normal 3.10126e-06 -0.0489211 -0.998803
    outer loop
      vertex 38.75 -14 12.65
      vertex 13 -13.6913 12.6348
      vertex 38.756 -13.8775 12.644
    endloop
  endfacet
  facet normal -1.02108e-07 -0.0493631 -0.998781
    outer loop
      vertex 38.756 -13.8775 12.644
      vertex 13 -13.6913 12.6348
      vertex 38.774 -13.7561 12.638
    endloop
  endfacet
  facet normal 0 -0.0493226 -0.998783
    outer loop
      vertex 38.774 -13.7561 12.638
      vertex 13 -13.6913 12.6348
      vertex 38.7903 -13.6913 12.6348
    endloop
  endfacet
  facet normal 0 -0.0491792 -0.99879
    outer loop
      vertex 41.25 -14 12.65
      vertex 47 -13.6913 12.6348
      vertex 47 -14 12.65
    endloop
  endfacet
  facet normal -1.38599e-05 -0.0489216 -0.998803
    outer loop
      vertex 41.244 -13.8775 12.644
      vertex 47 -13.6913 12.6348
      vertex 41.25 -14 12.65
    endloop
  endfacet
  facet normal 4.552e-07 -0.0493631 -0.998781
    outer loop
      vertex 41.226 -13.7561 12.638
      vertex 47 -13.6913 12.6348
      vertex 41.244 -13.8775 12.644
    endloop
  endfacet
  facet normal -0 -0.0493226 -0.998783
    outer loop
      vertex 47 -13.6913 12.6348
      vertex 41.226 -13.7561 12.638
      vertex 41.2097 -13.6913 12.6348
    endloop
  endfacet
  facet normal 0 -0.514163 0.857693
    outer loop
      vertex 13 -12.25 6.88087
      vertex 47 -12.5151 6.72195
      vertex 47 -12.25 6.88087
    endloop
  endfacet
  facet normal 0 -0.514163 0.857693
    outer loop
      vertex 47 -12.5151 6.72195
      vertex 13 -12.25 6.88087
      vertex 13 -12.5151 6.72195
    endloop
  endfacet
  facet normal 0 0.857773 0.514029
    outer loop
      vertex 47 -16.6191 7.74995
      vertex 13 -16.778 8.01511
      vertex 47 -16.778 8.01511
    endloop
  endfacet
  facet normal 0 0.857773 0.514029
    outer loop
      vertex 13 -16.778 8.01511
      vertex 47 -16.6191 7.74995
      vertex 13 -16.6191 7.74995
    endloop
  endfacet
  facet normal -0 0.146759 0.989172
    outer loop
      vertex 13 -14.3087 6.36517
      vertex 47 -14.6145 6.41054
      vertex 47 -14.3087 6.36517
    endloop
  endfacet
  facet normal 0 0.146759 0.989172
    outer loop
      vertex 47 -14.6145 6.41054
      vertex 13 -14.3087 6.36517
      vertex 13 -14.6145 6.41054
    endloop
  endfacet
  facet normal 0 0.970038 0.242954
    outer loop
      vertex 47 -17.0144 8.58562
      vertex 13 -17.0895 8.88547
      vertex 47 -17.0895 8.88547
    endloop
  endfacet
  facet normal 0 0.970038 0.242954
    outer loop
      vertex 13 -17.0895 8.88547
      vertex 47 -17.0144 8.58562
      vertex 13 -17.0144 8.58562
    endloop
  endfacet
  facet normal -0 0.427493 0.904019
    outer loop
      vertex 13 -15.2054 6.58978
      vertex 47 -15.4849 6.72195
      vertex 47 -15.2054 6.58978
    endloop
  endfacet
  facet normal 0 0.427493 0.904019
    outer loop
      vertex 47 -15.4849 6.72195
      vertex 13 -15.2054 6.58978
      vertex 13 -15.4849 6.72195
    endloop
  endfacet
  facet normal 0 -0.146537 -0.989205
    outer loop
      vertex 13 -13.3855 12.5895
      vertex 38.7903 -13.6913 12.6348
      vertex 13 -13.6913 12.6348
    endloop
  endfacet
  facet normal 6.25197e-06 -0.146021 -0.989281
    outer loop
      vertex 38.7903 -13.6913 12.6348
      vertex 13 -13.3855 12.5895
      vertex 38.8038 -13.6371 12.6268
    endloop
  endfacet
  facet normal 1.91511e-06 -0.146456 -0.989217
    outer loop
      vertex 38.8038 -13.6371 12.6268
      vertex 13 -13.3855 12.5895
      vertex 38.8451 -13.5216 12.6097
    endloop
  endfacet
  facet normal -2.58059e-06 -0.147292 -0.989093
    outer loop
      vertex 38.8451 -13.5216 12.6097
      vertex 13 -13.3855 12.5895
      vertex 38.8976 -13.4108 12.5932
    endloop
  endfacet
  facet normal 0 -0.144706 -0.989475
    outer loop
      vertex 38.8976 -13.4108 12.5932
      vertex 13 -13.3855 12.5895
      vertex 38.9128 -13.3855 12.5895
    endloop
  endfacet
  facet normal 0 -0.146537 -0.989205
    outer loop
      vertex 41.2097 -13.6913 12.6348
      vertex 47 -13.3855 12.5895
      vertex 47 -13.6913 12.6348
    endloop
  endfacet
  facet normal -2.75662e-05 -0.146026 -0.989281
    outer loop
      vertex 41.1962 -13.6371 12.6268
      vertex 47 -13.3855 12.5895
      vertex 41.2097 -13.6913 12.6348
    endloop
  endfacet
  facet normal -8.41386e-06 -0.146458 -0.989217
    outer loop
      vertex 41.1549 -13.5216 12.6097
      vertex 47 -13.3855 12.5895
      vertex 41.1962 -13.6371 12.6268
    endloop
  endfacet
  facet normal 1.13142e-05 -0.147287 -0.989094
    outer loop
      vertex 41.1024 -13.4108 12.5932
      vertex 47 -13.3855 12.5895
      vertex 41.1549 -13.5216 12.6097
    endloop
  endfacet
  facet normal -0 -0.144706 -0.989475
    outer loop
      vertex 47 -13.3855 12.5895
      vertex 41.1024 -13.4108 12.5932
      vertex 41.0872 -13.3855 12.5895
    endloop
  endfacet
  facet normal 0 0.671481 -0.741022
    outer loop
      vertex 13 -16.2274 11.7274
      vertex 47 -15.9983 11.935
      vertex 47 -16.2274 11.7274
    endloop
  endfacet
  facet normal 0 0.671481 -0.741022
    outer loop
      vertex 47 -15.9983 11.935
      vertex 13 -16.2274 11.7274
      vertex 13 -15.9983 11.935
    endloop
  endfacet
  facet normal -0 0.671498 0.741006
    outer loop
      vertex 13 -15.9983 7.06502
      vertex 47 -16.2274 7.27263
      vertex 47 -15.9983 7.06502
    endloop
  endfacet
  facet normal 0 0.671498 0.741006
    outer loop
      vertex 47 -16.2274 7.27263
      vertex 13 -15.9983 7.06502
      vertex 13 -16.2274 7.27263
    endloop
  endfacet
  facet normal 0 0.595591 -0.803288
    outer loop
      vertex 13 -15.9983 11.935
      vertex 47 -15.75 12.1191
      vertex 47 -15.9983 11.935
    endloop
  endfacet
  facet normal 0 0.595591 -0.803288
    outer loop
      vertex 47 -15.75 12.1191
      vertex 13 -15.9983 11.935
      vertex 13 -15.75 12.1191
    endloop
  endfacet
  facet normal 0 -0.242916 -0.970047
    outer loop
      vertex 13 -13.0856 12.5144
      vertex 38.9128 -13.3855 12.5895
      vertex 13 -13.3855 12.5895
    endloop
  endfacet
  facet normal -9.2879e-06 -0.243671 -0.969858
    outer loop
      vertex 38.9128 -13.3855 12.5895
      vertex 13 -13.0856 12.5144
      vertex 38.9607 -13.3055 12.5694
    endloop
  endfacet
  facet normal 3.00126e-06 -0.242306 -0.9702
    outer loop
      vertex 38.9607 -13.3055 12.5694
      vertex 13 -13.0856 12.5144
      vertex 39.0337 -13.207 12.5448
    endloop
  endfacet
  facet normal -1.86116e-06 -0.243287 -0.969954
    outer loop
      vertex 39.0337 -13.207 12.5448
      vertex 13 -13.0856 12.5144
      vertex 39.1161 -13.1161 12.522
    endloop
  endfacet
  facet normal 0 -0.241787 -0.970329
    outer loop
      vertex 39.1161 -13.1161 12.522
      vertex 13 -13.0856 12.5144
      vertex 39.1498 -13.0856 12.5144
    endloop
  endfacet
  facet normal 0 -0.242916 -0.970047
    outer loop
      vertex 41.0872 -13.3855 12.5895
      vertex 47 -13.0856 12.5144
      vertex 47 -13.3855 12.5895
    endloop
  endfacet
  facet normal 3.97784e-05 -0.243654 -0.969862
    outer loop
      vertex 41.0393 -13.3055 12.5694
      vertex 47 -13.0856 12.5144
      vertex 41.0872 -13.3855 12.5895
    endloop
  endfacet
  facet normal -1.28034e-05 -0.242313 -0.970198
    outer loop
      vertex 40.9663 -13.207 12.5448
      vertex 47 -13.0856 12.5144
      vertex 41.0393 -13.3055 12.5694
    endloop
  endfacet
  facet normal 7.91989e-06 -0.243282 -0.969956
    outer loop
      vertex 40.8839 -13.1161 12.522
      vertex 47 -13.0856 12.5144
      vertex 40.9663 -13.207 12.5448
    endloop
  endfacet
  facet normal -0 -0.241787 -0.970329
    outer loop
      vertex 47 -13.0856 12.5144
      vertex 40.8839 -13.1161 12.522
      vertex 40.8502 -13.0856 12.5144
    endloop
  endfacet
  facet normal 0.336698 0.941613 0
    outer loop
      vertex 39.6371 -15.1962 15
      vertex 39.5216 -15.1549 12.4283
      vertex 39.5216 -15.1549 15
    endloop
  endfacet
  facet normal 0.336698 0.941613 0
    outer loop
      vertex 39.5216 -15.1549 12.4283
      vertex 39.6371 -15.1962 15
      vertex 39.6371 -15.1962 12.4135
    endloop
  endfacet
  facet normal -0.989186 -0.146667 0
    outer loop
      vertex 41.244 -13.8775 12.644
      vertex 41.226 -13.7561 15
      vertex 41.226 -13.7561 12.638
    endloop
  endfacet
  facet normal -0.989186 -0.146667 0
    outer loop
      vertex 41.226 -13.7561 15
      vertex 41.244 -13.8775 12.644
      vertex 41.244 -13.8775 15
    endloop
  endfacet
  facet normal -0.998803 -0.0489209 0
    outer loop
      vertex 41.25 -14 12.65
      vertex 41.244 -13.8775 15
      vertex 41.244 -13.8775 12.644
    endloop
  endfacet
  facet normal -0.998803 -0.0489209 0
    outer loop
      vertex 41.244 -13.8775 15
      vertex 41.25 -14 12.65
      vertex 41.25 -14 15
    endloop
  endfacet
  facet normal -0.970353 -0.241693 0
    outer loop
      vertex 41.2097 -13.6913 12.6348
      vertex 41.1962 -13.6371 15
      vertex 41.1962 -13.6371 12.6268
    endloop
  endfacet
  facet normal -0.96979 -0.243941 5.47345e-05
    outer loop
      vertex 41.226 -13.7561 12.638
      vertex 41.1962 -13.6371 15
      vertex 41.2097 -13.6913 12.6348
    endloop
  endfacet
  facet normal -0.970047 -0.242919 0
    outer loop
      vertex 41.1962 -13.6371 15
      vertex 41.226 -13.7561 12.638
      vertex 41.226 -13.7561 15
    endloop
  endfacet
  facet normal 0.989186 -0.146667 0
    outer loop
      vertex 38.756 -13.8775 12.644
      vertex 38.774 -13.7561 15
      vertex 38.756 -13.8775 15
    endloop
  endfacet
  facet normal 0.989186 -0.146667 0
    outer loop
      vertex 38.774 -13.7561 15
      vertex 38.756 -13.8775 12.644
      vertex 38.774 -13.7561 12.638
    endloop
  endfacet
  facet normal 0.242919 0.970047 0
    outer loop
      vertex 39.7561 -15.226 15
      vertex 39.6371 -15.1962 12.4135
      vertex 39.6371 -15.1962 15
    endloop
  endfacet
  facet normal 0.241308 0.970449 7.87725e-05
    outer loop
      vertex 39.7561 -15.226 15
      vertex 39.6741 -15.2054 12.4102
      vertex 39.6371 -15.1962 12.4135
    endloop
  endfacet
  facet normal 0.243649 0.969864 0
    outer loop
      vertex 39.6741 -15.2054 12.4102
      vertex 39.7561 -15.226 15
      vertex 39.7561 -15.226 12.4005
    endloop
  endfacet
  facet normal -0.33742 -0.941354 0
    outer loop
      vertex 40.3629 -12.8038 15
      vertex 40.4784 -12.8452 12.4283
      vertex 40.4784 -12.8452 15
    endloop
  endfacet
  facet normal -0.33742 -0.941354 0
    outer loop
      vertex 40.4784 -12.8452 12.4283
      vertex 40.3629 -12.8038 15
      vertex 40.3629 -12.8038 12.4135
    endloop
  endfacet
  facet normal 0.514016 -0.85778 0
    outer loop
      vertex 39.3055 -12.9607 12.4697
      vertex 39.4108 -12.8976 15
      vertex 39.3055 -12.9607 15
    endloop
  endfacet
  facet normal 0.514016 -0.85778 0
    outer loop
      vertex 39.4108 -12.8976 15
      vertex 39.3055 -12.9607 12.4697
      vertex 39.4108 -12.8976 12.4471
    endloop
  endfacet
  facet normal 0.903688 0.428192 0
    outer loop
      vertex 38.8976 -14.5892 15
      vertex 38.8451 -14.4784 12.6097
      vertex 38.8451 -14.4784 15
    endloop
  endfacet
  facet normal 0.903688 0.428192 0
    outer loop
      vertex 38.8451 -14.4784 12.6097
      vertex 38.8976 -14.5892 15
      vertex 38.8976 -14.5892 12.5932
    endloop
  endfacet
  facet normal 0.242919 -0.970047 0
    outer loop
      vertex 39.6371 -12.8038 12.4135
      vertex 39.7561 -12.774 15
      vertex 39.6371 -12.8038 15
    endloop
  endfacet
  facet normal 0.240698 -0.9706 0.000108592
    outer loop
      vertex 39.6742 -12.7946 12.4102
      vertex 39.7561 -12.774 15
      vertex 39.6371 -12.8038 12.4135
    endloop
  endfacet
  facet normal 0.243928 -0.969793 0
    outer loop
      vertex 39.7561 -12.774 15
      vertex 39.6742 -12.7946 12.4102
      vertex 39.7561 -12.774 12.4005
    endloop
  endfacet
  facet normal 0.85778 0.514016 0
    outer loop
      vertex 38.9607 -14.6945 15
      vertex 38.8976 -14.5892 12.5932
      vertex 38.8976 -14.5892 15
    endloop
  endfacet
  facet normal 0.857198 0.514988 5.77698e-05
    outer loop
      vertex 38.8976 -14.5892 12.5932
      vertex 38.9607 -14.6945 15
      vertex 38.9128 -14.6145 12.5895
    endloop
  endfacet
  facet normal 0.857966 0.513707 0
    outer loop
      vertex 38.9128 -14.6145 12.5895
      vertex 38.9607 -14.6945 15
      vertex 38.9607 -14.6945 12.5694
    endloop
  endfacet
  facet normal -0.242919 0.970047 0
    outer loop
      vertex 40.3629 -15.1962 12.4135
      vertex 40.2439 -15.226 15
      vertex 40.3629 -15.1962 15
    endloop
  endfacet
  facet normal -0.241308 0.970449 7.87725e-05
    outer loop
      vertex 40.3259 -15.2054 12.4102
      vertex 40.2439 -15.226 15
      vertex 40.3629 -15.1962 12.4135
    endloop
  endfacet
  facet normal -0.243649 0.969864 0
    outer loop
      vertex 40.2439 -15.226 15
      vertex 40.3259 -15.2054 12.4102
      vertex 40.2439 -15.226 12.4005
    endloop
  endfacet
  facet normal 0.595423 0.803413 0
    outer loop
      vertex 39.3055 -15.0393 15
      vertex 39.207 -14.9663 12.4958
      vertex 39.207 -14.9663 15
    endloop
  endfacet
  facet normal 0.595423 0.803413 0
    outer loop
      vertex 39.207 -14.9663 12.4958
      vertex 39.3055 -15.0393 15
      vertex 39.3055 -15.0393 12.4697
    endloop
  endfacet
  facet normal -0.514016 0.85778 0
    outer loop
      vertex 40.6945 -15.0393 12.4697
      vertex 40.5892 -15.1024 15
      vertex 40.6945 -15.0393 15
    endloop
  endfacet
  facet normal -0.514016 0.85778 0
    outer loop
      vertex 40.5892 -15.1024 15
      vertex 40.6945 -15.0393 12.4697
      vertex 40.5892 -15.1024 12.4471
    endloop
  endfacet
  facet normal -0.803413 0.595423 0
    outer loop
      vertex 40.9663 -14.793 15
      vertex 41.0393 -14.6945 12.5694
      vertex 40.9663 -14.793 12.5448
    endloop
  endfacet
  facet normal -0.803413 0.595423 0
    outer loop
      vertex 41.0393 -14.6945 12.5694
      vertex 40.9663 -14.793 15
      vertex 41.0393 -14.6945 15
    endloop
  endfacet
  facet normal -0.146667 -0.989186 0
    outer loop
      vertex 40.1225 -12.756 15
      vertex 40.2439 -12.774 12.4005
      vertex 40.2439 -12.774 15
    endloop
  endfacet
  facet normal -0.146667 -0.989186 0
    outer loop
      vertex 40.2439 -12.774 12.4005
      vertex 40.1225 -12.756 15
      vertex 40.1225 -12.756 12.392
    endloop
  endfacet
  facet normal 0.595423 -0.803413 0
    outer loop
      vertex 39.207 -13.0337 12.4958
      vertex 39.3055 -12.9607 15
      vertex 39.207 -13.0337 15
    endloop
  endfacet
  facet normal 0.595423 -0.803413 0
    outer loop
      vertex 39.3055 -12.9607 15
      vertex 39.207 -13.0337 12.4958
      vertex 39.3055 -12.9607 12.4697
    endloop
  endfacet
  facet normal -0.428192 0.903688 0
    outer loop
      vertex 40.5892 -15.1024 12.4471
      vertex 40.4784 -15.1549 15
      vertex 40.5892 -15.1024 15
    endloop
  endfacet
  facet normal -0.428192 0.903688 0
    outer loop
      vertex 40.4784 -15.1549 15
      vertex 40.5892 -15.1024 12.4471
      vertex 40.4784 -15.1549 12.4283
    endloop
  endfacet
  facet normal 0.803413 -0.595423 0
    outer loop
      vertex 38.9607 -13.3055 12.5694
      vertex 39.0337 -13.207 15
      vertex 38.9607 -13.3055 15
    endloop
  endfacet
  facet normal 0.803413 -0.595423 0
    outer loop
      vertex 39.0337 -13.207 15
      vertex 38.9607 -13.3055 12.5694
      vertex 39.0337 -13.207 12.5448
    endloop
  endfacet
  facet normal -0.989186 0.146667 0
    outer loop
      vertex 41.226 -14.2439 15
      vertex 41.244 -14.1225 12.644
      vertex 41.226 -14.2439 12.638
    endloop
  endfacet
  facet normal -0.989186 0.146667 0
    outer loop
      vertex 41.244 -14.1225 12.644
      vertex 41.226 -14.2439 15
      vertex 41.244 -14.1225 15
    endloop
  endfacet
  facet normal 0.941613 -0.336698 0
    outer loop
      vertex 38.8038 -13.6371 12.6268
      vertex 38.8451 -13.5216 15
      vertex 38.8038 -13.6371 15
    endloop
  endfacet
  facet normal 0.941613 -0.336698 0
    outer loop
      vertex 38.8451 -13.5216 15
      vertex 38.8038 -13.6371 12.6268
      vertex 38.8451 -13.5216 12.6097
    endloop
  endfacet
  facet normal -0.427525 -0.904003 0
    outer loop
      vertex 40.4784 -12.8452 15
      vertex 40.5892 -12.8976 12.4471
      vertex 40.5892 -12.8976 15
    endloop
  endfacet
  facet normal -0.427525 -0.904003 0
    outer loop
      vertex 40.5892 -12.8976 12.4471
      vertex 40.4784 -12.8452 15
      vertex 40.4784 -12.8452 12.4283
    endloop
  endfacet
  facet normal 0.941613 0.336698 0
    outer loop
      vertex 38.8451 -14.4784 15
      vertex 38.8038 -14.3629 12.6268
      vertex 38.8038 -14.3629 15
    endloop
  endfacet
  facet normal 0.941613 0.336698 0
    outer loop
      vertex 38.8038 -14.3629 12.6268
      vertex 38.8451 -14.4784 15
      vertex 38.8451 -14.4784 12.6097
    endloop
  endfacet
  facet normal -0.96979 0.243941 5.47345e-05
    outer loop
      vertex 41.1962 -14.3629 15
      vertex 41.226 -14.2439 12.638
      vertex 41.2097 -14.3087 12.6348
    endloop
  endfacet
  facet normal -0.970353 0.241693 0
    outer loop
      vertex 41.1962 -14.3629 15
      vertex 41.2097 -14.3087 12.6348
      vertex 41.1962 -14.3629 12.6268
    endloop
  endfacet
  facet normal -0.970047 0.242919 0
    outer loop
      vertex 41.226 -14.2439 12.638
      vertex 41.1962 -14.3629 15
      vertex 41.226 -14.2439 15
    endloop
  endfacet
  facet normal 0.0489209 -0.998803 0
    outer loop
      vertex 39.8775 -12.756 12.392
      vertex 40 -12.75 15
      vertex 39.8775 -12.756 15
    endloop
  endfacet
  facet normal 0.0489209 -0.998803 0
    outer loop
      vertex 40 -12.75 15
      vertex 39.8775 -12.756 12.392
      vertex 40 -12.75 12.3891
    endloop
  endfacet
  facet normal 0.427525 -0.904003 0
    outer loop
      vertex 39.4108 -12.8976 12.4471
      vertex 39.5216 -12.8452 15
      vertex 39.4108 -12.8976 15
    endloop
  endfacet
  facet normal 0.427525 -0.904003 0
    outer loop
      vertex 39.5216 -12.8452 15
      vertex 39.4108 -12.8976 12.4471
      vertex 39.5216 -12.8452 12.4283
    endloop
  endfacet
  facet normal 0.671617 -0.740898 0
    outer loop
      vertex 39.1161 -13.1161 12.522
      vertex 39.207 -13.0337 15
      vertex 39.1161 -13.1161 15
    endloop
  endfacet
  facet normal 0.671033 -0.741427 3.90088e-05
    outer loop
      vertex 39.1498 -13.0856 12.5144
      vertex 39.207 -13.0337 15
      vertex 39.1161 -13.1161 12.522
    endloop
  endfacet
  facet normal 0.671964 -0.740584 0
    outer loop
      vertex 39.207 -13.0337 15
      vertex 39.1498 -13.0856 12.5144
      vertex 39.207 -13.0337 12.4958
    endloop
  endfacet
  facet normal -0.336698 0.941613 0
    outer loop
      vertex 40.4784 -15.1549 12.4283
      vertex 40.3629 -15.1962 15
      vertex 40.4784 -15.1549 15
    endloop
  endfacet
  facet normal -0.336698 0.941613 0
    outer loop
      vertex 40.3629 -15.1962 15
      vertex 40.4784 -15.1549 12.4283
      vertex 40.3629 -15.1962 12.4135
    endloop
  endfacet
  facet normal 0.33742 -0.941354 0
    outer loop
      vertex 39.5216 -12.8452 12.4283
      vertex 39.6371 -12.8038 15
      vertex 39.5216 -12.8452 15
    endloop
  endfacet
  facet normal 0.33742 -0.941354 0
    outer loop
      vertex 39.6371 -12.8038 15
      vertex 39.5216 -12.8452 12.4283
      vertex 39.6371 -12.8038 12.4135
    endloop
  endfacet
  facet normal -0.803413 -0.595423 0
    outer loop
      vertex 41.0393 -13.3055 12.5694
      vertex 40.9663 -13.207 15
      vertex 40.9663 -13.207 12.5448
    endloop
  endfacet
  facet normal -0.803413 -0.595423 0
    outer loop
      vertex 40.9663 -13.207 15
      vertex 41.0393 -13.3055 12.5694
      vertex 41.0393 -13.3055 15
    endloop
  endfacet
  facet normal 0.857966 -0.513707 0
    outer loop
      vertex 38.9607 -13.3055 15
      vertex 38.9128 -13.3855 12.5895
      vertex 38.9607 -13.3055 12.5694
    endloop
  endfacet
  facet normal 0.85778 -0.514016 0
    outer loop
      vertex 38.8976 -13.4108 12.5932
      vertex 38.9607 -13.3055 15
      vertex 38.8976 -13.4108 15
    endloop
  endfacet
  facet normal 0.857198 -0.514988 5.77698e-05
    outer loop
      vertex 38.9607 -13.3055 15
      vertex 38.8976 -13.4108 12.5932
      vertex 38.9128 -13.3855 12.5895
    endloop
  endfacet
  facet normal -0.998803 0.0489209 0
    outer loop
      vertex 41.244 -14.1225 15
      vertex 41.25 -14 12.65
      vertex 41.244 -14.1225 12.644
    endloop
  endfacet
  facet normal -0.998803 0.0489209 0
    outer loop
      vertex 41.25 -14 12.65
      vertex 41.244 -14.1225 15
      vertex 41.25 -14 15
    endloop
  endfacet
  facet normal -0.903688 0.428192 0
    outer loop
      vertex 41.1024 -14.5892 15
      vertex 41.1549 -14.4784 12.6097
      vertex 41.1024 -14.5892 12.5932
    endloop
  endfacet
  facet normal -0.903688 0.428192 0
    outer loop
      vertex 41.1549 -14.4784 12.6097
      vertex 41.1024 -14.5892 15
      vertex 41.1549 -14.4784 15
    endloop
  endfacet
  facet normal -0.857966 -0.513707 0
    outer loop
      vertex 41.0872 -13.3855 12.5895
      vertex 41.0393 -13.3055 15
      vertex 41.0393 -13.3055 12.5694
    endloop
  endfacet
  facet normal -0.857198 -0.514988 5.77698e-05
    outer loop
      vertex 41.1024 -13.4108 12.5932
      vertex 41.0393 -13.3055 15
      vertex 41.0872 -13.3855 12.5895
    endloop
  endfacet
  facet normal -0.85778 -0.514016 0
    outer loop
      vertex 41.0393 -13.3055 15
      vertex 41.1024 -13.4108 12.5932
      vertex 41.1024 -13.4108 15
    endloop
  endfacet
  facet normal 0.671617 0.740898 0
    outer loop
      vertex 39.207 -14.9663 15
      vertex 39.1161 -14.8839 12.522
      vertex 39.1161 -14.8839 15
    endloop
  endfacet
  facet normal 0.671033 0.741427 3.90088e-05
    outer loop
      vertex 39.207 -14.9663 15
      vertex 39.1498 -14.9144 12.5144
      vertex 39.1161 -14.8839 12.522
    endloop
  endfacet
  facet normal 0.671964 0.740584 0
    outer loop
      vertex 39.1498 -14.9144 12.5144
      vertex 39.207 -14.9663 15
      vertex 39.207 -14.9663 12.4958
    endloop
  endfacet
  facet normal -0.595423 -0.803413 0
    outer loop
      vertex 40.6945 -12.9607 15
      vertex 40.793 -13.0337 12.4958
      vertex 40.793 -13.0337 15
    endloop
  endfacet
  facet normal -0.595423 -0.803413 0
    outer loop
      vertex 40.793 -13.0337 12.4958
      vertex 40.6945 -12.9607 15
      vertex 40.6945 -12.9607 12.4697
    endloop
  endfacet
  facet normal 0.514016 0.85778 0
    outer loop
      vertex 39.4108 -15.1024 15
      vertex 39.3055 -15.0393 12.4697
      vertex 39.3055 -15.0393 15
    endloop
  endfacet
  facet normal 0.514016 0.85778 0
    outer loop
      vertex 39.3055 -15.0393 12.4697
      vertex 39.4108 -15.1024 15
      vertex 39.4108 -15.1024 12.4471
    endloop
  endfacet
  facet normal -0.514016 -0.85778 0
    outer loop
      vertex 40.5892 -12.8976 15
      vertex 40.6945 -12.9607 12.4697
      vertex 40.6945 -12.9607 15
    endloop
  endfacet
  facet normal -0.514016 -0.85778 0
    outer loop
      vertex 40.6945 -12.9607 12.4697
      vertex 40.5892 -12.8976 15
      vertex 40.5892 -12.8976 12.4471
    endloop
  endfacet
  facet normal -0.146667 0.989186 0
    outer loop
      vertex 40.2439 -15.226 12.4005
      vertex 40.1225 -15.244 15
      vertex 40.2439 -15.226 15
    endloop
  endfacet
  facet normal -0.146667 0.989186 0
    outer loop
      vertex 40.1225 -15.244 15
      vertex 40.2439 -15.226 12.4005
      vertex 40.1225 -15.244 12.392
    endloop
  endfacet
  facet normal -0.941613 -0.336698 0
    outer loop
      vertex 41.1962 -13.6371 12.6268
      vertex 41.1549 -13.5216 15
      vertex 41.1549 -13.5216 12.6097
    endloop
  endfacet
  facet normal -0.941613 -0.336698 0
    outer loop
      vertex 41.1549 -13.5216 15
      vertex 41.1962 -13.6371 12.6268
      vertex 41.1962 -13.6371 15
    endloop
  endfacet
  facet normal -0.857198 0.514988 5.77698e-05
    outer loop
      vertex 41.0393 -14.6945 15
      vertex 41.1024 -14.5892 12.5932
      vertex 41.0872 -14.6145 12.5895
    endloop
  endfacet
  facet normal -0.857966 0.513707 0
    outer loop
      vertex 41.0393 -14.6945 15
      vertex 41.0872 -14.6145 12.5895
      vertex 41.0393 -14.6945 12.5694
    endloop
  endfacet
  facet normal -0.85778 0.514016 0
    outer loop
      vertex 41.1024 -14.5892 12.5932
      vertex 41.0393 -14.6945 15
      vertex 41.1024 -14.5892 15
    endloop
  endfacet
  facet normal 0.998803 0.0489209 0
    outer loop
      vertex 38.756 -14.1225 15
      vertex 38.75 -14 12.65
      vertex 38.75 -14 15
    endloop
  endfacet
  facet normal 0.998803 0.0489209 0
    outer loop
      vertex 38.75 -14 12.65
      vertex 38.756 -14.1225 15
      vertex 38.756 -14.1225 12.644
    endloop
  endfacet
  facet normal -0.941613 0.336698 0
    outer loop
      vertex 41.1549 -14.4784 15
      vertex 41.1962 -14.3629 12.6268
      vertex 41.1549 -14.4784 12.6097
    endloop
  endfacet
  facet normal -0.941613 0.336698 0
    outer loop
      vertex 41.1962 -14.3629 12.6268
      vertex 41.1549 -14.4784 15
      vertex 41.1962 -14.3629 15
    endloop
  endfacet
  facet normal 0.146667 -0.989186 0
    outer loop
      vertex 39.7561 -12.774 12.4005
      vertex 39.8775 -12.756 15
      vertex 39.7561 -12.774 15
    endloop
  endfacet
  facet normal 0.146667 -0.989186 0
    outer loop
      vertex 39.8775 -12.756 15
      vertex 39.7561 -12.774 12.4005
      vertex 39.8775 -12.756 12.392
    endloop
  endfacet
  facet normal -0.740898 -0.671617 0
    outer loop
      vertex 40.9663 -13.207 12.5448
      vertex 40.8839 -13.1161 15
      vertex 40.8839 -13.1161 12.522
    endloop
  endfacet
  facet normal -0.740898 -0.671617 0
    outer loop
      vertex 40.8839 -13.1161 15
      vertex 40.9663 -13.207 12.5448
      vertex 40.9663 -13.207 15
    endloop
  endfacet
  facet normal -0.0489209 -0.998803 0
    outer loop
      vertex 40 -12.75 15
      vertex 40.1225 -12.756 12.392
      vertex 40.1225 -12.756 15
    endloop
  endfacet
  facet normal -0.0489209 -0.998803 0
    outer loop
      vertex 40.1225 -12.756 12.392
      vertex 40 -12.75 15
      vertex 40 -12.75 12.3891
    endloop
  endfacet
  facet normal -0.903688 -0.428192 0
    outer loop
      vertex 41.1549 -13.5216 12.6097
      vertex 41.1024 -13.4108 15
      vertex 41.1024 -13.4108 12.5932
    endloop
  endfacet
  facet normal -0.903688 -0.428192 0
    outer loop
      vertex 41.1024 -13.4108 15
      vertex 41.1549 -13.5216 12.6097
      vertex 41.1549 -13.5216 15
    endloop
  endfacet
  facet normal 0.146667 0.989186 0
    outer loop
      vertex 39.8775 -15.244 15
      vertex 39.7561 -15.226 12.4005
      vertex 39.7561 -15.226 15
    endloop
  endfacet
  facet normal 0.146667 0.989186 0
    outer loop
      vertex 39.7561 -15.226 12.4005
      vertex 39.8775 -15.244 15
      vertex 39.8775 -15.244 12.392
    endloop
  endfacet
  facet normal -0.671617 0.740898 0
    outer loop
      vertex 40.8839 -14.8839 12.522
      vertex 40.793 -14.9663 15
      vertex 40.8839 -14.8839 15
    endloop
  endfacet
  facet normal -0.671033 0.741427 3.90088e-05
    outer loop
      vertex 40.8502 -14.9144 12.5144
      vertex 40.793 -14.9663 15
      vertex 40.8839 -14.8839 12.522
    endloop
  endfacet
  facet normal -0.671964 0.740584 0
    outer loop
      vertex 40.793 -14.9663 15
      vertex 40.8502 -14.9144 12.5144
      vertex 40.793 -14.9663 12.4958
    endloop
  endfacet
  facet normal 0.0489209 0.998803 0
    outer loop
      vertex 40 -15.25 15
      vertex 39.8775 -15.244 12.392
      vertex 39.8775 -15.244 15
    endloop
  endfacet
  facet normal 0.0489209 0.998803 0
    outer loop
      vertex 39.8775 -15.244 12.392
      vertex 40 -15.25 15
      vertex 40 -15.25 12.3891
    endloop
  endfacet
  facet normal 0.740898 -0.671617 0
    outer loop
      vertex 39.0337 -13.207 12.5448
      vertex 39.1161 -13.1161 15
      vertex 39.0337 -13.207 15
    endloop
  endfacet
  facet normal 0.740898 -0.671617 0
    outer loop
      vertex 39.1161 -13.1161 15
      vertex 39.0337 -13.207 12.5448
      vertex 39.1161 -13.1161 12.522
    endloop
  endfacet
  facet normal -0.671617 -0.740898 0
    outer loop
      vertex 40.793 -13.0337 15
      vertex 40.8839 -13.1161 12.522
      vertex 40.8839 -13.1161 15
    endloop
  endfacet
  facet normal -0.671033 -0.741427 3.90088e-05
    outer loop
      vertex 40.793 -13.0337 15
      vertex 40.8502 -13.0856 12.5144
      vertex 40.8839 -13.1161 12.522
    endloop
  endfacet
  facet normal -0.671964 -0.740584 0
    outer loop
      vertex 40.8502 -13.0856 12.5144
      vertex 40.793 -13.0337 15
      vertex 40.793 -13.0337 12.4958
    endloop
  endfacet
  facet normal 0.903688 -0.428192 0
    outer loop
      vertex 38.8451 -13.5216 12.6097
      vertex 38.8976 -13.4108 15
      vertex 38.8451 -13.5216 15
    endloop
  endfacet
  facet normal 0.903688 -0.428192 0
    outer loop
      vertex 38.8976 -13.4108 15
      vertex 38.8451 -13.5216 12.6097
      vertex 38.8976 -13.4108 12.5932
    endloop
  endfacet
  facet normal 0.970353 -0.241693 0
    outer loop
      vertex 38.8038 -13.6371 15
      vertex 38.7903 -13.6913 12.6348
      vertex 38.8038 -13.6371 12.6268
    endloop
  endfacet
  facet normal 0.970047 -0.242919 0
    outer loop
      vertex 38.774 -13.7561 12.638
      vertex 38.8038 -13.6371 15
      vertex 38.774 -13.7561 15
    endloop
  endfacet
  facet normal 0.96979 -0.243941 5.47345e-05
    outer loop
      vertex 38.8038 -13.6371 15
      vertex 38.774 -13.7561 12.638
      vertex 38.7903 -13.6913 12.6348
    endloop
  endfacet
  facet normal -0.242919 -0.970047 0
    outer loop
      vertex 40.2439 -12.774 15
      vertex 40.3629 -12.8038 12.4135
      vertex 40.3629 -12.8038 15
    endloop
  endfacet
  facet normal -0.240698 -0.9706 0.000108592
    outer loop
      vertex 40.2439 -12.774 15
      vertex 40.3258 -12.7946 12.4102
      vertex 40.3629 -12.8038 12.4135
    endloop
  endfacet
  facet normal -0.243928 -0.969793 0
    outer loop
      vertex 40.3258 -12.7946 12.4102
      vertex 40.2439 -12.774 15
      vertex 40.2439 -12.774 12.4005
    endloop
  endfacet
  facet normal 0.970047 0.242919 0
    outer loop
      vertex 38.8038 -14.3629 15
      vertex 38.774 -14.2439 12.638
      vertex 38.774 -14.2439 15
    endloop
  endfacet
  facet normal 0.96979 0.243941 5.47345e-05
    outer loop
      vertex 38.774 -14.2439 12.638
      vertex 38.8038 -14.3629 15
      vertex 38.7903 -14.3087 12.6348
    endloop
  endfacet
  facet normal 0.970353 0.241693 0
    outer loop
      vertex 38.7903 -14.3087 12.6348
      vertex 38.8038 -14.3629 15
      vertex 38.8038 -14.3629 12.6268
    endloop
  endfacet
  facet normal 0.428192 0.903688 0
    outer loop
      vertex 39.5216 -15.1549 15
      vertex 39.4108 -15.1024 12.4471
      vertex 39.4108 -15.1024 15
    endloop
  endfacet
  facet normal 0.428192 0.903688 0
    outer loop
      vertex 39.4108 -15.1024 12.4471
      vertex 39.5216 -15.1549 15
      vertex 39.5216 -15.1549 12.4283
    endloop
  endfacet
  facet normal 0.740898 0.671617 0
    outer loop
      vertex 39.1161 -14.8839 15
      vertex 39.0337 -14.793 12.5448
      vertex 39.0337 -14.793 15
    endloop
  endfacet
  facet normal 0.740898 0.671617 0
    outer loop
      vertex 39.0337 -14.793 12.5448
      vertex 39.1161 -14.8839 15
      vertex 39.1161 -14.8839 12.522
    endloop
  endfacet
  facet normal -0.0489209 0.998803 0
    outer loop
      vertex 40.1225 -15.244 12.392
      vertex 40 -15.25 15
      vertex 40.1225 -15.244 15
    endloop
  endfacet
  facet normal -0.0489209 0.998803 0
    outer loop
      vertex 40 -15.25 15
      vertex 40.1225 -15.244 12.392
      vertex 40 -15.25 12.3891
    endloop
  endfacet
  facet normal 0.989186 0.146667 0
    outer loop
      vertex 38.774 -14.2439 15
      vertex 38.756 -14.1225 12.644
      vertex 38.756 -14.1225 15
    endloop
  endfacet
  facet normal 0.989186 0.146667 0
    outer loop
      vertex 38.756 -14.1225 12.644
      vertex 38.774 -14.2439 15
      vertex 38.774 -14.2439 12.638
    endloop
  endfacet
  facet normal -0.595423 0.803413 0
    outer loop
      vertex 40.793 -14.9663 12.4958
      vertex 40.6945 -15.0393 15
      vertex 40.793 -14.9663 15
    endloop
  endfacet
  facet normal -0.595423 0.803413 0
    outer loop
      vertex 40.6945 -15.0393 15
      vertex 40.793 -14.9663 12.4958
      vertex 40.6945 -15.0393 12.4697
    endloop
  endfacet
  facet normal 0.803413 0.595423 0
    outer loop
      vertex 39.0337 -14.793 15
      vertex 38.9607 -14.6945 12.5694
      vertex 38.9607 -14.6945 15
    endloop
  endfacet
  facet normal 0.803413 0.595423 0
    outer loop
      vertex 38.9607 -14.6945 12.5694
      vertex 39.0337 -14.793 15
      vertex 39.0337 -14.793 12.5448
    endloop
  endfacet
  facet normal 0.998803 -0.0489209 0
    outer loop
      vertex 38.75 -14 12.65
      vertex 38.756 -13.8775 15
      vertex 38.75 -14 15
    endloop
  endfacet
  facet normal 0.998803 -0.0489209 0
    outer loop
      vertex 38.756 -13.8775 15
      vertex 38.75 -14 12.65
      vertex 38.756 -13.8775 12.644
    endloop
  endfacet
  facet normal -0.740898 0.671617 0
    outer loop
      vertex 40.8839 -14.8839 15
      vertex 40.9663 -14.793 12.5448
      vertex 40.8839 -14.8839 12.522
    endloop
  endfacet
  facet normal -0.740898 0.671617 0
    outer loop
      vertex 40.9663 -14.793 12.5448
      vertex 40.8839 -14.8839 15
      vertex 40.9663 -14.793 15
    endloop
  endfacet
  facet normal -1 0 0
    outer loop
      vertex -68 -69 6.4
      vertex -68 -41 8
      vertex -68 -41 6.4
    endloop
  endfacet
  facet normal -1 -0 0
    outer loop
      vertex -68 -41 8
      vertex -68 -69 6.4
      vertex -68 -69 8
    endloop
  endfacet
  facet normal -0 0 1
    outer loop
      vertex -70 -41 6.4
      vertex -68 -69 6.4
      vertex -68 -41 6.4
    endloop
  endfacet
  facet normal 0 0 1
    outer loop
      vertex -68 -69 6.4
      vertex -70 -41 6.4
      vertex -70 -69 6.4
    endloop
  endfacet
  facet normal 1 -0 0
    outer loop
      vertex -70 -69 8
      vertex -70 -41 6.4
      vertex -70 -41 8
    endloop
  endfacet
  facet normal 1 0 0
    outer loop
      vertex -70 -41 6.4
      vertex -70 -69 8
      vertex -70 -69 6.4
    endloop
  endfacet
  facet normal 0 -1 0
    outer loop
      vertex -70 -41 6.4
      vertex -68 -41 8
      vertex -70 -41 8
    endloop
  endfacet
  facet normal 0 -1 -0
    outer loop
      vertex -68 -41 8
      vertex -70 -41 6.4
      vertex -68 -41 6.4
    endloop
  endfacet
  facet normal 0 1 -0
    outer loop
      vertex -68 -69 6.4
      vertex -70 -69 8
      vertex -68 -69 8
    endloop
  endfacet
  facet normal 0 1 0
    outer loop
      vertex -70 -69 8
      vertex -68 -69 6.4
      vertex -70 -69 6.4
    endloop
  endfacet
  facet normal -1 0 0
    outer loop
      vertex -62 -69 6.4
      vertex -62 -41 8
      vertex -62 -41 6.4
    endloop
  endfacet
  facet normal -1 -0 0
    outer loop
      vertex -62 -41 8
      vertex -62 -69 6.4
      vertex -62 -69 8
    endloop
  endfacet
  facet normal -0 0 1
    outer loop
      vertex -64 -41 6.4
      vertex -62 -69 6.4
      vertex -62 -41 6.4
    endloop
  endfacet
  facet normal 0 0 1
    outer loop
      vertex -62 -69 6.4
      vertex -64 -41 6.4
      vertex -64 -69 6.4
    endloop
  endfacet
  facet normal 1 -0 0
    outer loop
      vertex -64 -69 8
      vertex -64 -41 6.4
      vertex -64 -41 8
    endloop
  endfacet
  facet normal 1 0 0
    outer loop
      vertex -64 -41 6.4
      vertex -64 -69 8
      vertex -64 -69 6.4
    endloop
  endfacet
  facet normal 0 -1 0
    outer loop
      vertex -64 -41 6.4
      vertex -62 -41 8
      vertex -64 -41 8
    endloop
  endfacet
  facet normal 0 -1 -0
    outer loop
      vertex -62 -41 8
      vertex -64 -41 6.4
      vertex -62 -41 6.4
    endloop
  endfacet
  facet normal 0 1 -0
    outer loop
      vertex -62 -69 6.4
      vertex -64 -69 8
      vertex -62 -69 8
    endloop
  endfacet
  facet normal 0 1 0
    outer loop
      vertex -64 -69 8
      vertex -62 -69 6.4
      vertex -64 -69 6.4
    endloop
  endfacet
  facet normal -1 0 0
    outer loop
      vertex -26 -69 6.4
      vertex -26 -41 8
      vertex -26 -41 6.4
    endloop
  endfacet
  facet normal -1 -0 0
    outer loop
      vertex -26 -41 8
      vertex -26 -69 6.4
      vertex -26 -69 8
    endloop
  endfacet
  facet normal -0 0 1
    outer loop
      vertex -28 -41 6.4
      vertex -26 -69 6.4
      vertex -26 -41 6.4
    endloop
  endfacet
  facet normal 0 0 1
    outer loop
      vertex -26 -69 6.4
      vertex -28 -41 6.4
      vertex -28 -69 6.4
    endloop
  endfacet
  facet normal 1 -0 0
    outer loop
      vertex -28 -69 8
      vertex -28 -41 6.4
      vertex -28 -41 8
    endloop
  endfacet
  facet normal 1 0 0
    outer loop
      vertex -28 -41 6.4
      vertex -28 -69 8
      vertex -28 -69 6.4
    endloop
  endfacet
  facet normal 0 -1 0
    outer loop
      vertex -28 -41 6.4
      vertex -26 -41 8
      vertex -28 -41 8
    endloop
  endfacet
  facet normal 0 -1 -0
    outer loop
      vertex -26 -41 8
      vertex -28 -41 6.4
      vertex -26 -41 6.4
    endloop
  endfacet
  facet normal 0 1 -0
    outer loop
      vertex -26 -69 6.4
      vertex -28 -69 8
      vertex -26 -69 8
    endloop
  endfacet
  facet normal 0 1 0
    outer loop
      vertex -28 -69 8
      vertex -26 -69 6.4
      vertex -28 -69 6.4
    endloop
  endfacet
  facet normal -1 0 0
    outer loop
      vertex -20 -69 6.4
      vertex -20 -41 8
      vertex -20 -41 6.4
    endloop
  endfacet
  facet normal -1 -0 0
    outer loop
      vertex -20 -41 8
      vertex -20 -69 6.4
      vertex -20 -69 8
    endloop
  endfacet
  facet normal -0 0 1
    outer loop
      vertex -22 -41 6.4
      vertex -20 -69 6.4
      vertex -20 -41 6.4
    endloop
  endfacet
  facet normal 0 0 1
    outer loop
      vertex -20 -69 6.4
      vertex -22 -41 6.4
      vertex -22 -69 6.4
    endloop
  endfacet
  facet normal 1 -0 0
    outer loop
      vertex -22 -69 8
      vertex -22 -41 6.4
      vertex -22 -41 8
    endloop
  endfacet
  facet normal 1 0 0
    outer loop
      vertex -22 -41 6.4
      vertex -22 -69 8
      vertex -22 -69 6.4
    endloop
  endfacet
  facet normal 0 -1 0
    outer loop
      vertex -22 -41 6.4
      vertex -20 -41 8
      vertex -22 -41 8
    endloop
  endfacet
  facet normal 0 -1 -0
    outer loop
      vertex -20 -41 8
      vertex -22 -41 6.4
      vertex -20 -41 6.4
    endloop
  endfacet
  facet normal 0 1 -0
    outer loop
      vertex -20 -69 6.4
      vertex -22 -69 8
      vertex -20 -69 8
    endloop
  endfacet
  facet normal 0 1 0
    outer loop
      vertex -22 -69 8
      vertex -20 -69 6.4
      vertex -22 -69 6.4
    endloop
  endfacet
  facet normal -0.803137 -0.595794 0
    outer loop
      vertex -76.092 -71.5376 0
      vertex -76.3259 -71.2223 8
      vertex -76.3259 -71.2223 0
    endloop
  endfacet
  facet normal -0.803137 -0.595794 0
    outer loop
      vertex -76.3259 -71.2223 8
      vertex -76.092 -71.5376 0
      vertex -76.092 -71.5376 8
    endloop
  endfacet
  facet normal 0.0491626 -0.998791 0
    outer loop
      vertex -17 -73 0
      vertex -16.6079 -72.9807 8
      vertex -17 -73 8
    endloop
  endfacet
  facet normal 0.0491626 -0.998791 0
    outer loop
      vertex -16.6079 -72.9807 8
      vertex -17 -73 0
      vertex -16.6079 -72.9807 0
    endloop
  endfacet
  facet normal 0.85774 -0.514084 0
    outer loop
      vertex -13.6741 -71.2223 8
      vertex -13.4723 -70.8856 0
      vertex -13.4723 -70.8856 8
    endloop
  endfacet
  facet normal 0.85774 -0.514084 0
    outer loop
      vertex -13.4723 -70.8856 0
      vertex -13.6741 -71.2223 8
      vertex -13.6741 -71.2223 0
    endloop
  endfacet
  facet normal -1 0 0
    outer loop
      vertex -77 -69 0
      vertex -77 -41 8
      vertex -77 -41 0
    endloop
  endfacet
  facet normal -1 -0 0
    outer loop
      vertex -77 -41 8
      vertex -77 -69 0
      vertex -77 -69 8
    endloop
  endfacet
  facet normal -0.242835 -0.970068 0
    outer loop
      vertex -74.1611 -72.8278 0
      vertex -73.7804 -72.9231 8
      vertex -74.1611 -72.8278 8
    endloop
  endfacet
  facet normal -0.242835 -0.970068 -0
    outer loop
      vertex -73.7804 -72.9231 8
      vertex -74.1611 -72.8278 0
      vertex -73.7804 -72.9231 0
    endloop
  endfacet
  facet normal 0.671607 0.740908 -0
    outer loop
      vertex -14.1716 -38.1716 0
      vertex -14.4624 -37.908 8
      vertex -14.1716 -38.1716 8
    endloop
  endfacet
  facet normal 0.671607 0.740908 0
    outer loop
      vertex -14.4624 -37.908 8
      vertex -14.1716 -38.1716 0
      vertex -14.4624 -37.908 0
    endloop
  endfacet
  facet normal -0.0491626 -0.998791 0
    outer loop
      vertex -73.3921 -72.9807 0
      vertex -73 -73 8
      vertex -73.3921 -72.9807 8
    endloop
  endfacet
  facet normal -0.0491626 -0.998791 -0
    outer loop
      vertex -73 -73 8
      vertex -73.3921 -72.9807 0
      vertex -73 -73 0
    endloop
  endfacet
  facet normal 0 1 -0
    outer loop
      vertex -17 -37 0
      vertex -73 -37 8
      vertex -17 -37 8
    endloop
  endfacet
  facet normal 0 1 0
    outer loop
      vertex -73 -37 8
      vertex -17 -37 0
      vertex -73 -37 0
    endloop
  endfacet
  facet normal 0.0491626 0.998791 -0
    outer loop
      vertex -16.6079 -37.0193 0
      vertex -17 -37 8
      vertex -16.6079 -37.0193 8
    endloop
  endfacet
  facet normal 0.0491626 0.998791 0
    outer loop
      vertex -17 -37 8
      vertex -16.6079 -37.0193 0
      vertex -17 -37 0
    endloop
  endfacet
  facet normal 0.904044 0.42744 0
    outer loop
      vertex -13.3045 -39.4693 8
      vertex -13.4723 -39.1144 0
      vertex -13.4723 -39.1144 8
    endloop
  endfacet
  facet normal 0.904044 0.42744 0
    outer loop
      vertex -13.4723 -39.1144 0
      vertex -13.3045 -39.4693 8
      vertex -13.3045 -39.4693 0
    endloop
  endfacet
  facet normal -0.514084 0.85774 0
    outer loop
      vertex -74.8856 -37.4723 0
      vertex -75.2223 -37.6741 8
      vertex -74.8856 -37.4723 8
    endloop
  endfacet
  facet normal -0.514084 0.85774 0
    outer loop
      vertex -75.2223 -37.6741 8
      vertex -74.8856 -37.4723 0
      vertex -75.2223 -37.6741 0
    endloop
  endfacet
  facet normal -0.998791 0.0491626 0
    outer loop
      vertex -77 -41 0
      vertex -76.9807 -40.6079 8
      vertex -76.9807 -40.6079 0
    endloop
  endfacet
  facet normal -0.998791 0.0491626 0
    outer loop
      vertex -76.9807 -40.6079 8
      vertex -77 -41 0
      vertex -77 -41 8
    endloop
  endfacet
  facet normal -0.989176 -0.146733 0
    outer loop
      vertex -76.9231 -69.7804 0
      vertex -76.9807 -69.3921 8
      vertex -76.9807 -69.3921 0
    endloop
  endfacet
  facet normal -0.989176 -0.146733 0
    outer loop
      vertex -76.9807 -69.3921 8
      vertex -76.9231 -69.7804 0
      vertex -76.9231 -69.7804 8
    endloop
  endfacet
  facet normal -0.514084 -0.85774 0
    outer loop
      vertex -75.2223 -72.3259 0
      vertex -74.8856 -72.5277 8
      vertex -75.2223 -72.3259 8
    endloop
  endfacet
  facet normal -0.514084 -0.85774 -0
    outer loop
      vertex -74.8856 -72.5277 8
      vertex -75.2223 -72.3259 0
      vertex -74.8856 -72.5277 0
    endloop
  endfacet
  facet normal 0 -1 0
    outer loop
      vertex -73 -73 0
      vertex -17 -73 8
      vertex -73 -73 8
    endloop
  endfacet
  facet normal 0 -1 -0
    outer loop
      vertex -17 -73 8
      vertex -73 -73 0
      vertex -17 -73 0
    endloop
  endfacet
  facet normal 0.998791 0.0491626 0
    outer loop
      vertex -13 -41 8
      vertex -13.0193 -40.6079 0
      vertex -13.0193 -40.6079 8
    endloop
  endfacet
  facet normal 0.998791 0.0491626 0
    outer loop
      vertex -13.0193 -40.6079 0
      vertex -13 -41 8
      vertex -13 -41 0
    endloop
  endfacet
  facet normal -0.595794 0.803137 0
    outer loop
      vertex -75.2223 -37.6741 0
      vertex -75.5376 -37.908 8
      vertex -75.2223 -37.6741 8
    endloop
  endfacet
  facet normal -0.595794 0.803137 0
    outer loop
      vertex -75.5376 -37.908 8
      vertex -75.2223 -37.6741 0
      vertex -75.5376 -37.908 0
    endloop
  endfacet
  facet normal -0.9415 0.337014 0
    outer loop
      vertex -76.8278 -39.8389 0
      vertex -76.6955 -39.4693 8
      vertex -76.6955 -39.4693 0
    endloop
  endfacet
  facet normal -0.9415 0.337014 0
    outer loop
      vertex -76.6955 -39.4693 8
      vertex -76.8278 -39.8389 0
      vertex -76.8278 -39.8389 8
    endloop
  endfacet
  facet normal 0.970068 0.242835 0
    outer loop
      vertex -13.0769 -40.2196 8
      vertex -13.1722 -39.8389 0
      vertex -13.1722 -39.8389 8
    endloop
  endfacet
  facet normal 0.970068 0.242835 0
    outer loop
      vertex -13.1722 -39.8389 0
      vertex -13.0769 -40.2196 8
      vertex -13.0769 -40.2196 0
    endloop
  endfacet
  facet normal -0.671607 0.740908 0
    outer loop
      vertex -75.5376 -37.908 0
      vertex -75.8284 -38.1716 8
      vertex -75.5376 -37.908 8
    endloop
  endfacet
  facet normal -0.671607 0.740908 0
    outer loop
      vertex -75.8284 -38.1716 8
      vertex -75.5376 -37.908 0
      vertex -75.8284 -38.1716 0
    endloop
  endfacet
  facet normal -0.970068 0.242835 0
    outer loop
      vertex -76.9231 -40.2196 0
      vertex -76.8278 -39.8389 8
      vertex -76.8278 -39.8389 0
    endloop
  endfacet
  facet normal -0.970068 0.242835 0
    outer loop
      vertex -76.8278 -39.8389 8
      vertex -76.9231 -40.2196 0
      vertex -76.9231 -40.2196 8
    endloop
  endfacet
  facet normal -0.146733 0.989176 0
    outer loop
      vertex -73.3921 -37.0193 0
      vertex -73.7804 -37.0769 8
      vertex -73.3921 -37.0193 8
    endloop
  endfacet
  facet normal -0.146733 0.989176 0
    outer loop
      vertex -73.7804 -37.0769 8
      vertex -73.3921 -37.0193 0
      vertex -73.7804 -37.0769 0
    endloop
  endfacet
  facet normal 0.146733 0.989176 -0
    outer loop
      vertex -16.2196 -37.0769 0
      vertex -16.6079 -37.0193 8
      vertex -16.2196 -37.0769 8
    endloop
  endfacet
  facet normal 0.146733 0.989176 0
    outer loop
      vertex -16.6079 -37.0193 8
      vertex -16.2196 -37.0769 0
      vertex -16.6079 -37.0193 0
    endloop
  endfacet
  facet normal 0.970068 -0.242835 0
    outer loop
      vertex -13.1722 -70.1611 8
      vertex -13.0769 -69.7804 0
      vertex -13.0769 -69.7804 8
    endloop
  endfacet
  facet normal 0.970068 -0.242835 0
    outer loop
      vertex -13.0769 -69.7804 0
      vertex -13.1722 -70.1611 8
      vertex -13.1722 -70.1611 0
    endloop
  endfacet
  facet normal -0.85774 0.514084 0
    outer loop
      vertex -76.5277 -39.1144 0
      vertex -76.3259 -38.7777 8
      vertex -76.3259 -38.7777 0
    endloop
  endfacet
  facet normal -0.85774 0.514084 0
    outer loop
      vertex -76.3259 -38.7777 8
      vertex -76.5277 -39.1144 0
      vertex -76.5277 -39.1144 8
    endloop
  endfacet
  facet normal -0.0491626 0.998791 0
    outer loop
      vertex -73 -37 0
      vertex -73.3921 -37.0193 8
      vertex -73 -37 8
    endloop
  endfacet
  facet normal -0.0491626 0.998791 0
    outer loop
      vertex -73.3921 -37.0193 8
      vertex -73 -37 0
      vertex -73.3921 -37.0193 0
    endloop
  endfacet
  facet normal -0.803137 0.595794 0
    outer loop
      vertex -76.3259 -38.7777 0
      vertex -76.092 -38.4624 8
      vertex -76.092 -38.4624 0
    endloop
  endfacet
  facet normal -0.803137 0.595794 0
    outer loop
      vertex -76.092 -38.4624 8
      vertex -76.3259 -38.7777 0
      vertex -76.3259 -38.7777 8
    endloop
  endfacet
  facet normal -0.998791 -0.0491626 0
    outer loop
      vertex -76.9807 -69.3921 0
      vertex -77 -69 8
      vertex -77 -69 0
    endloop
  endfacet
  facet normal -0.998791 -0.0491626 0
    outer loop
      vertex -77 -69 8
      vertex -76.9807 -69.3921 0
      vertex -76.9807 -69.3921 8
    endloop
  endfacet
  facet normal -0.42744 -0.904044 0
    outer loop
      vertex -74.8856 -72.5277 0
      vertex -74.5307 -72.6955 8
      vertex -74.8856 -72.5277 8
    endloop
  endfacet
  facet normal -0.42744 -0.904044 -0
    outer loop
      vertex -74.5307 -72.6955 8
      vertex -74.8856 -72.5277 0
      vertex -74.5307 -72.6955 0
    endloop
  endfacet
  facet normal 0.514084 0.85774 -0
    outer loop
      vertex -14.7777 -37.6741 0
      vertex -15.1144 -37.4723 8
      vertex -14.7777 -37.6741 8
    endloop
  endfacet
  facet normal 0.514084 0.85774 0
    outer loop
      vertex -15.1144 -37.4723 8
      vertex -14.7777 -37.6741 0
      vertex -15.1144 -37.4723 0
    endloop
  endfacet
  facet normal 0.85774 0.514084 0
    outer loop
      vertex -13.4723 -39.1144 8
      vertex -13.6741 -38.7777 0
      vertex -13.6741 -38.7777 8
    endloop
  endfacet
  facet normal 0.85774 0.514084 0
    outer loop
      vertex -13.6741 -38.7777 0
      vertex -13.4723 -39.1144 8
      vertex -13.4723 -39.1144 0
    endloop
  endfacet
  facet normal -0.146733 -0.989176 0
    outer loop
      vertex -73.7804 -72.9231 0
      vertex -73.3921 -72.9807 8
      vertex -73.7804 -72.9231 8
    endloop
  endfacet
  facet normal -0.146733 -0.989176 -0
    outer loop
      vertex -73.3921 -72.9807 8
      vertex -73.7804 -72.9231 0
      vertex -73.3921 -72.9807 0
    endloop
  endfacet
  facet normal -0.904044 -0.42744 0
    outer loop
      vertex -76.5277 -70.8856 0
      vertex -76.6955 -70.5307 8
      vertex -76.6955 -70.5307 0
    endloop
  endfacet
  facet normal -0.904044 -0.42744 0
    outer loop
      vertex -76.6955 -70.5307 8
      vertex -76.5277 -70.8856 0
      vertex -76.5277 -70.8856 8
    endloop
  endfacet
  facet normal -0.42744 0.904044 0
    outer loop
      vertex -74.5307 -37.3045 0
      vertex -74.8856 -37.4723 8
      vertex -74.5307 -37.3045 8
    endloop
  endfacet
  facet normal -0.42744 0.904044 0
    outer loop
      vertex -74.8856 -37.4723 8
      vertex -74.5307 -37.3045 0
      vertex -74.8856 -37.4723 0
    endloop
  endfacet
  facet normal -0.904044 0.42744 0
    outer loop
      vertex -76.6955 -39.4693 0
      vertex -76.5277 -39.1144 8
      vertex -76.5277 -39.1144 0
    endloop
  endfacet
  facet normal -0.904044 0.42744 0
    outer loop
      vertex -76.5277 -39.1144 8
      vertex -76.6955 -39.4693 0
      vertex -76.6955 -39.4693 8
    endloop
  endfacet
  facet normal -0.337014 -0.9415 0
    outer loop
      vertex -74.5307 -72.6955 0
      vertex -74.1611 -72.8278 8
      vertex -74.5307 -72.6955 8
    endloop
  endfacet
  facet normal -0.337014 -0.9415 -0
    outer loop
      vertex -74.1611 -72.8278 8
      vertex -74.5307 -72.6955 0
      vertex -74.1611 -72.8278 0
    endloop
  endfacet
  facet normal -0.740908 -0.671607 0
    outer loop
      vertex -75.8284 -71.8284 0
      vertex -76.092 -71.5376 8
      vertex -76.092 -71.5376 0
    endloop
  endfacet
  facet normal -0.740908 -0.671607 0
    outer loop
      vertex -76.092 -71.5376 8
      vertex -75.8284 -71.8284 0
      vertex -75.8284 -71.8284 8
    endloop
  endfacet
  facet normal 0.337014 0.9415 -0
    outer loop
      vertex -15.4693 -37.3045 0
      vertex -15.8389 -37.1722 8
      vertex -15.4693 -37.3045 8
    endloop
  endfacet
  facet normal 0.337014 0.9415 0
    outer loop
      vertex -15.8389 -37.1722 8
      vertex -15.4693 -37.3045 0
      vertex -15.8389 -37.1722 0
    endloop
  endfacet
  facet normal 0.42744 -0.904044 0
    outer loop
      vertex -15.4693 -72.6955 0
      vertex -15.1144 -72.5277 8
      vertex -15.4693 -72.6955 8
    endloop
  endfacet
  facet normal 0.42744 -0.904044 0
    outer loop
      vertex -15.1144 -72.5277 8
      vertex -15.4693 -72.6955 0
      vertex -15.1144 -72.5277 0
    endloop
  endfacet
  facet normal 0.242835 0.970068 -0
    outer loop
      vertex -15.8389 -37.1722 0
      vertex -16.2196 -37.0769 8
      vertex -15.8389 -37.1722 8
    endloop
  endfacet
  facet normal 0.242835 0.970068 0
    outer loop
      vertex -16.2196 -37.0769 8
      vertex -15.8389 -37.1722 0
      vertex -16.2196 -37.0769 0
    endloop
  endfacet
  facet normal 0.514084 -0.85774 0
    outer loop
      vertex -15.1144 -72.5277 0
      vertex -14.7777 -72.3259 8
      vertex -15.1144 -72.5277 8
    endloop
  endfacet
  facet normal 0.514084 -0.85774 0
    outer loop
      vertex -14.7777 -72.3259 8
      vertex -15.1144 -72.5277 0
      vertex -14.7777 -72.3259 0
    endloop
  endfacet
  facet normal 0.42744 0.904044 -0
    outer loop
      vertex -15.1144 -37.4723 0
      vertex -15.4693 -37.3045 8
      vertex -15.1144 -37.4723 8
    endloop
  endfacet
  facet normal 0.42744 0.904044 0
    outer loop
      vertex -15.4693 -37.3045 8
      vertex -15.1144 -37.4723 0
      vertex -15.4693 -37.3045 0
    endloop
  endfacet
  facet normal -0.989176 0.146733 0
    outer loop
      vertex -76.9807 -40.6079 0
      vertex -76.9231 -40.2196 8
      vertex -76.9231 -40.2196 0
    endloop
  endfacet
  facet normal -0.989176 0.146733 0
    outer loop
      vertex -76.9231 -40.2196 8
      vertex -76.9807 -40.6079 0
      vertex -76.9807 -40.6079 8
    endloop
  endfacet
  facet normal -0.970068 -0.242835 0
    outer loop
      vertex -76.8278 -70.1611 0
      vertex -76.9231 -69.7804 8
      vertex -76.9231 -69.7804 0
    endloop
  endfacet
  facet normal -0.970068 -0.242835 0
    outer loop
      vertex -76.9231 -69.7804 8
      vertex -76.8278 -70.1611 0
      vertex -76.8278 -70.1611 8
    endloop
  endfacet
  facet normal -0.242835 0.970068 0
    outer loop
      vertex -73.7804 -37.0769 0
      vertex -74.1611 -37.1722 8
      vertex -73.7804 -37.0769 8
    endloop
  endfacet
  facet normal -0.242835 0.970068 0
    outer loop
      vertex -74.1611 -37.1722 8
      vertex -73.7804 -37.0769 0
      vertex -74.1611 -37.1722 0
    endloop
  endfacet
  facet normal 0 0 1
    outer loop
      vertex -20 -41 8
      vertex -13 -41 8
      vertex -13.0193 -40.6079 8
    endloop
  endfacet
  facet normal 0 0 1
    outer loop
      vertex -13 -41 8
      vertex -20 -41 8
      vertex -13 -69 8
    endloop
  endfacet
  facet normal 0 0 1
    outer loop
      vertex -20 -41 8
      vertex -13.0193 -40.6079 8
      vertex -13.0769 -40.2196 8
    endloop
  endfacet
  facet normal 0 0 1
    outer loop
      vertex -20 -69 8
      vertex -13 -69 8
      vertex -20 -41 8
    endloop
  endfacet
  facet normal 0 0 1
    outer loop
      vertex -20 -41 8
      vertex -13.0769 -40.2196 8
      vertex -13.1722 -39.8389 8
    endloop
  endfacet
  facet normal 0 0 1
    outer loop
      vertex -13 -69 8
      vertex -20 -69 8
      vertex -13.0193 -69.3921 8
    endloop
  endfacet
  facet normal 0 0 1
    outer loop
      vertex -20 -41 8
      vertex -13.1722 -39.8389 8
      vertex -13.3045 -39.4693 8
    endloop
  endfacet
  facet normal 0 0 1
    outer loop
      vertex -13.0193 -69.3921 8
      vertex -20 -69 8
      vertex -13.0769 -69.7804 8
    endloop
  endfacet
  facet normal 0 0 1
    outer loop
      vertex -20 -41 8
      vertex -13.3045 -39.4693 8
      vertex -13.4723 -39.1144 8
    endloop
  endfacet
  facet normal 0 0 1
    outer loop
      vertex -13.0769 -69.7804 8
      vertex -20 -69 8
      vertex -13.1722 -70.1611 8
    endloop
  endfacet
  facet normal 0 0 1
    outer loop
      vertex -20 -41 8
      vertex -13.4723 -39.1144 8
      vertex -13.6741 -38.7777 8
    endloop
  endfacet
  facet normal 0 0 1
    outer loop
      vertex -13.1722 -70.1611 8
      vertex -20 -69 8
      vertex -13.3045 -70.5307 8
    endloop
  endfacet
  facet normal 0 0 1
    outer loop
      vertex -20 -41 8
      vertex -13.6741 -38.7777 8
      vertex -13.908 -38.4624 8
    endloop
  endfacet
  facet normal 0 0 1
    outer loop
      vertex -13.3045 -70.5307 8
      vertex -20 -69 8
      vertex -13.4723 -70.8856 8
    endloop
  endfacet
  facet normal 0 0 1
    outer loop
      vertex -20 -41 8
      vertex -13.908 -38.4624 8
      vertex -14.1716 -38.1716 8
    endloop
  endfacet
  facet normal 0 0 1
    outer loop
      vertex -13.4723 -70.8856 8
      vertex -20 -69 8
      vertex -13.6741 -71.2223 8
    endloop
  endfacet
  facet normal 0 0 1
    outer loop
      vertex -20 -41 8
      vertex -14.1716 -38.1716 8
      vertex -14.4624 -37.908 8
    endloop
  endfacet
  facet normal 0 0 1
    outer loop
      vertex -13.6741 -71.2223 8
      vertex -20 -69 8
      vertex -13.908 -71.5376 8
    endloop
  endfacet
  facet normal 0 0 1
    outer loop
      vertex -20 -41 8
      vertex -14.4624 -37.908 8
      vertex -14.7777 -37.6741 8
    endloop
  endfacet
  facet normal 0 0 1
    outer loop
      vertex -13.908 -71.5376 8
      vertex -20 -69 8
      vertex -14.1716 -71.8284 8
    endloop
  endfacet
  facet normal 0 0 1
    outer loop
      vertex -20 -41 8
      vertex -14.7777 -37.6741 8
      vertex -15.1144 -37.4723 8
    endloop
  endfacet
  facet normal 0 0 1
    outer loop
      vertex -14.1716 -71.8284 8
      vertex -20 -69 8
      vertex -14.4624 -72.092 8
    endloop
  endfacet
  facet normal 0 0 1
    outer loop
      vertex -20 -41 8
      vertex -15.1144 -37.4723 8
      vertex -15.4693 -37.3045 8
    endloop
  endfacet
  facet normal 0 0 1
    outer loop
      vertex -14.4624 -72.092 8
      vertex -20 -69 8
      vertex -14.7777 -72.3259 8
    endloop
  endfacet
  facet normal 0 0 1
    outer loop
      vertex -20 -41 8
      vertex -15.4693 -37.3045 8
      vertex -15.8389 -37.1722 8
    endloop
  endfacet
  facet normal 0 0 1
    outer loop
      vertex -14.7777 -72.3259 8
      vertex -20 -69 8
      vertex -15.1144 -72.5277 8
    endloop
  endfacet
  facet normal 0 0 1
    outer loop
      vertex -20 -41 8
      vertex -15.8389 -37.1722 8
      vertex -16.2196 -37.0769 8
    endloop
  endfacet
  facet normal 0 0 1
    outer loop
      vertex -15.1144 -72.5277 8
      vertex -20 -69 8
      vertex -15.4693 -72.6955 8
    endloop
  endfacet
  facet normal 0 0 1
    outer loop
      vertex -20 -41 8
      vertex -16.2196 -37.0769 8
      vertex -16.6079 -37.0193 8
    endloop
  endfacet
  facet normal 0 0 1
    outer loop
      vertex -15.4693 -72.6955 8
      vertex -20 -69 8
      vertex -15.8389 -72.8278 8
    endloop
  endfacet
  facet normal 0 0 1
    outer loop
      vertex -20 -41 8
      vertex -16.6079 -37.0193 8
      vertex -17 -37 8
    endloop
  endfacet
  facet normal 0 0 1
    outer loop
      vertex -15.8389 -72.8278 8
      vertex -20 -69 8
      vertex -16.2196 -72.9231 8
    endloop
  endfacet
  facet normal 0 0 1
    outer loop
      vertex -16.2196 -72.9231 8
      vertex -20 -69 8
      vertex -16.6079 -72.9807 8
    endloop
  endfacet
  facet normal 0 0 1
    outer loop
      vertex -17 -37 8
      vertex -22 -41 8
      vertex -20 -41 8
    endloop
  endfacet
  facet normal 0 0 1
    outer loop
      vertex -22 -41 8
      vertex -26 -41 8
      vertex -22 -69 8
    endloop
  endfacet
  facet normal 0 0 1
    outer loop
      vertex -17 -37 8
      vertex -26 -41 8
      vertex -22 -41 8
    endloop
  endfacet
  facet normal 0 0 1
    outer loop
      vertex -17 -37 8
      vertex -28 -41 8
      vertex -26 -41 8
    endloop
  endfacet
  facet normal 0 0 1
    outer loop
      vertex -28 -41 8
      vertex -38.3547 -55 8
      vertex -28 -69 8
    endloop
  endfacet
  facet normal 0 0 1
    outer loop
      vertex -28 -41 8
      vertex -41.6773 -49.245 8
      vertex -38.3547 -55 8
    endloop
  endfacet
  facet normal 0 0 1
    outer loop
      vertex -28 -41 8
      vertex -48.3227 -49.245 8
      vertex -41.6773 -49.245 8
    endloop
  endfacet
  facet normal 0 0 1
    outer loop
      vertex -48.3227 -49.245 8
      vertex -62 -41 8
      vertex -51.6453 -55 8
    endloop
  endfacet
  facet normal 0 0 1
    outer loop
      vertex -28 -41 8
      vertex -62 -41 8
      vertex -48.3227 -49.245 8
    endloop
  endfacet
  facet normal 0 0 1
    outer loop
      vertex -17 -37 8
      vertex -62 -41 8
      vertex -28 -41 8
    endloop
  endfacet
  facet normal -0 0 1
    outer loop
      vertex -73 -37 8
      vertex -62 -41 8
      vertex -17 -37 8
    endloop
  endfacet
  facet normal 0 0 1
    outer loop
      vertex -64 -41 8
      vertex -68 -41 8
      vertex -64 -69 8
    endloop
  endfacet
  facet normal 0 0 1
    outer loop
      vertex -62 -41 8
      vertex -73 -37 8
      vertex -64 -41 8
    endloop
  endfacet
  facet normal 0 0 1
    outer loop
      vertex -64 -41 8
      vertex -73 -37 8
      vertex -68 -41 8
    endloop
  endfacet
  facet normal -0 0 1
    outer loop
      vertex -73.3921 -37.0193 8
      vertex -70 -41 8
      vertex -73 -37 8
    endloop
  endfacet
  facet normal 0 0 1
    outer loop
      vertex -68 -41 8
      vertex -73 -37 8
      vertex -70 -41 8
    endloop
  endfacet
  facet normal 0 0 1
    outer loop
      vertex -16.6079 -72.9807 8
      vertex -20 -69 8
      vertex -17 -73 8
    endloop
  endfacet
  facet normal -0 0 1
    outer loop
      vertex -22 -69 8
      vertex -17 -73 8
      vertex -20 -69 8
    endloop
  endfacet
  facet normal 0 0 1
    outer loop
      vertex -26 -69 8
      vertex -22 -69 8
      vertex -26 -41 8
    endloop
  endfacet
  facet normal -0 0 1
    outer loop
      vertex -26 -69 8
      vertex -17 -73 8
      vertex -22 -69 8
    endloop
  endfacet
  facet normal -0 0 1
    outer loop
      vertex -28 -69 8
      vertex -17 -73 8
      vertex -26 -69 8
    endloop
  endfacet
  facet normal -0 0 1
    outer loop
      vertex -41.6773 -60.755 8
      vertex -28 -69 8
      vertex -38.3547 -55 8
    endloop
  endfacet
  facet normal -0 0 1
    outer loop
      vertex -48.3227 -60.755 8
      vertex -28 -69 8
      vertex -41.6773 -60.755 8
    endloop
  endfacet
  facet normal 0 0 1
    outer loop
      vertex -62 -69 8
      vertex -51.6453 -55 8
      vertex -62 -41 8
    endloop
  endfacet
  facet normal 0 0 1
    outer loop
      vertex -51.6453 -55 8
      vertex -62 -69 8
      vertex -48.3227 -60.755 8
    endloop
  endfacet
  facet normal 0 0 1
    outer loop
      vertex -62 -69 8
      vertex -28 -69 8
      vertex -48.3227 -60.755 8
    endloop
  endfacet
  facet normal -0 0 1
    outer loop
      vertex -62 -69 8
      vertex -17 -73 8
      vertex -28 -69 8
    endloop
  endfacet
  facet normal 0 0 1
    outer loop
      vertex -73 -73 8
      vertex -62 -69 8
      vertex -64 -69 8
    endloop
  endfacet
  facet normal 0 0 1
    outer loop
      vertex -68 -69 8
      vertex -64 -69 8
      vertex -68 -41 8
    endloop
  endfacet
  facet normal 0 0 1
    outer loop
      vertex -73 -73 8
      vertex -64 -69 8
      vertex -68 -69 8
    endloop
  endfacet
  facet normal 0 0 1
    outer loop
      vertex -73 -73 8
      vertex -68 -69 8
      vertex -70 -69 8
    endloop
  endfacet
  facet normal 0 0 1
    outer loop
      vertex -62 -69 8
      vertex -73 -73 8
      vertex -17 -73 8
    endloop
  endfacet
  facet normal 0 0 1
    outer loop
      vertex -70 -41 8
      vertex -77 -41 8
      vertex -70 -69 8
    endloop
  endfacet
  facet normal -0 0 1
    outer loop
      vertex -73.7804 -37.0769 8
      vertex -70 -41 8
      vertex -73.3921 -37.0193 8
    endloop
  endfacet
  facet normal 0 0 1
    outer loop
      vertex -77 -69 8
      vertex -70 -69 8
      vertex -77 -41 8
    endloop
  endfacet
  facet normal -0 0 1
    outer loop
      vertex -74.1611 -37.1722 8
      vertex -70 -41 8
      vertex -73.7804 -37.0769 8
    endloop
  endfacet
  facet normal 0 -0 1
    outer loop
      vertex -76.9807 -69.3921 8
      vertex -70 -69 8
      vertex -77 -69 8
    endloop
  endfacet
  facet normal -0 0 1
    outer loop
      vertex -74.5307 -37.3045 8
      vertex -70 -41 8
      vertex -74.1611 -37.1722 8
    endloop
  endfacet
  facet normal 0 0 1
    outer loop
      vertex -70 -69 8
      vertex -73.3921 -72.9807 8
      vertex -73 -73 8
    endloop
  endfacet
  facet normal -0 0 1
    outer loop
      vertex -74.8856 -37.4723 8
      vertex -70 -41 8
      vertex -74.5307 -37.3045 8
    endloop
  endfacet
  facet normal 0 0 1
    outer loop
      vertex -70 -69 8
      vertex -73.7804 -72.9231 8
      vertex -73.3921 -72.9807 8
    endloop
  endfacet
  facet normal -0 0 1
    outer loop
      vertex -75.2223 -37.6741 8
      vertex -70 -41 8
      vertex -74.8856 -37.4723 8
    endloop
  endfacet
  facet normal 0 0 1
    outer loop
      vertex -70 -69 8
      vertex -74.1611 -72.8278 8
      vertex -73.7804 -72.9231 8
    endloop
  endfacet
  facet normal -0 0 1
    outer loop
      vertex -75.5376 -37.908 8
      vertex -70 -41 8
      vertex -75.2223 -37.6741 8
    endloop
  endfacet
  facet normal 0 0 1
    outer loop
      vertex -70 -69 8
      vertex -74.5307 -72.6955 8
      vertex -74.1611 -72.8278 8
    endloop
  endfacet
  facet normal -0 0 1
    outer loop
      vertex -75.8284 -38.1716 8
      vertex -70 -41 8
      vertex -75.5376 -37.908 8
    endloop
  endfacet
  facet normal 0 0 1
    outer loop
      vertex -70 -69 8
      vertex -74.8856 -72.5277 8
      vertex -74.5307 -72.6955 8
    endloop
  endfacet
  facet normal -0 0 1
    outer loop
      vertex -76.092 -38.4624 8
      vertex -70 -41 8
      vertex -75.8284 -38.1716 8
    endloop
  endfacet
  facet normal 0 0 1
    outer loop
      vertex -70 -69 8
      vertex -75.2223 -72.3259 8
      vertex -74.8856 -72.5277 8
    endloop
  endfacet
  facet normal -0 0 1
    outer loop
      vertex -76.3259 -38.7777 8
      vertex -70 -41 8
      vertex -76.092 -38.4624 8
    endloop
  endfacet
  facet normal 0 0 1
    outer loop
      vertex -70 -69 8
      vertex -75.5376 -72.092 8
      vertex -75.2223 -72.3259 8
    endloop
  endfacet
  facet normal -0 0 1
    outer loop
      vertex -76.5277 -39.1144 8
      vertex -70 -41 8
      vertex -76.3259 -38.7777 8
    endloop
  endfacet
  facet normal 0 0 1
    outer loop
      vertex -70 -69 8
      vertex -75.8284 -71.8284 8
      vertex -75.5376 -72.092 8
    endloop
  endfacet
  facet normal -0 0 1
    outer loop
      vertex -76.6955 -39.4693 8
      vertex -70 -41 8
      vertex -76.5277 -39.1144 8
    endloop
  endfacet
  facet normal 0 0 1
    outer loop
      vertex -70 -69 8
      vertex -76.092 -71.5376 8
      vertex -75.8284 -71.8284 8
    endloop
  endfacet
  facet normal -0 0 1
    outer loop
      vertex -76.8278 -39.8389 8
      vertex -70 -41 8
      vertex -76.6955 -39.4693 8
    endloop
  endfacet
  facet normal 0 0 1
    outer loop
      vertex -70 -69 8
      vertex -76.3259 -71.2223 8
      vertex -76.092 -71.5376 8
    endloop
  endfacet
  facet normal -0 0 1
    outer loop
      vertex -76.9231 -40.2196 8
      vertex -70 -41 8
      vertex -76.8278 -39.8389 8
    endloop
  endfacet
  facet normal 0 0 1
    outer loop
      vertex -70 -69 8
      vertex -76.5277 -70.8856 8
      vertex -76.3259 -71.2223 8
    endloop
  endfacet
  facet normal -0 0 1
    outer loop
      vertex -76.9807 -40.6079 8
      vertex -70 -41 8
      vertex -76.9231 -40.2196 8
    endloop
  endfacet
  facet normal 0 0 1
    outer loop
      vertex -70 -69 8
      vertex -76.6955 -70.5307 8
      vertex -76.5277 -70.8856 8
    endloop
  endfacet
  facet normal 0 0 1
    outer loop
      vertex -70 -41 8
      vertex -76.9807 -40.6079 8
      vertex -77 -41 8
    endloop
  endfacet
  facet normal 0 0 1
    outer loop
      vertex -70 -69 8
      vertex -76.8278 -70.1611 8
      vertex -76.6955 -70.5307 8
    endloop
  endfacet
  facet normal 0 0 1
    outer loop
      vertex -70 -69 8
      vertex -76.9231 -69.7804 8
      vertex -76.8278 -70.1611 8
    endloop
  endfacet
  facet normal 0 0 1
    outer loop
      vertex -70 -69 8
      vertex -76.9807 -69.3921 8
      vertex -76.9231 -69.7804 8
    endloop
  endfacet
  facet normal 0.595794 -0.803137 0
    outer loop
      vertex -14.7777 -72.3259 0
      vertex -14.4624 -72.092 8
      vertex -14.7777 -72.3259 8
    endloop
  endfacet
  facet normal 0.595794 -0.803137 0
    outer loop
      vertex -14.4624 -72.092 8
      vertex -14.7777 -72.3259 0
      vertex -14.4624 -72.092 0
    endloop
  endfacet
  facet normal -0.85774 -0.514084 0
    outer loop
      vertex -76.3259 -71.2223 0
      vertex -76.5277 -70.8856 8
      vertex -76.5277 -70.8856 0
    endloop
  endfacet
  facet normal -0.85774 -0.514084 0
    outer loop
      vertex -76.5277 -70.8856 8
      vertex -76.3259 -71.2223 0
      vertex -76.3259 -71.2223 8
    endloop
  endfacet
  facet normal -0.671607 -0.740908 0
    outer loop
      vertex -75.8284 -71.8284 0
      vertex -75.5376 -72.092 8
      vertex -75.8284 -71.8284 8
    endloop
  endfacet
  facet normal -0.671607 -0.740908 -0
    outer loop
      vertex -75.5376 -72.092 8
      vertex -75.8284 -71.8284 0
      vertex -75.5376 -72.092 0
    endloop
  endfacet
  facet normal -0.337014 0.9415 0
    outer loop
      vertex -74.1611 -37.1722 0
      vertex -74.5307 -37.3045 8
      vertex -74.1611 -37.1722 8
    endloop
  endfacet
  facet normal -0.337014 0.9415 0
    outer loop
      vertex -74.5307 -37.3045 8
      vertex -74.1611 -37.1722 0
      vertex -74.5307 -37.3045 0
    endloop
  endfacet
  facet normal 0.989176 0.146733 0
    outer loop
      vertex -13.0193 -40.6079 8
      vertex -13.0769 -40.2196 0
      vertex -13.0769 -40.2196 8
    endloop
  endfacet
  facet normal 0.989176 0.146733 0
    outer loop
      vertex -13.0769 -40.2196 0
      vertex -13.0193 -40.6079 8
      vertex -13.0193 -40.6079 0
    endloop
  endfacet
  facet normal 0.998791 -0.0491626 0
    outer loop
      vertex -13.0193 -69.3921 8
      vertex -13 -69 0
      vertex -13 -69 8
    endloop
  endfacet
  facet normal 0.998791 -0.0491626 0
    outer loop
      vertex -13 -69 0
      vertex -13.0193 -69.3921 8
      vertex -13.0193 -69.3921 0
    endloop
  endfacet
  facet normal 0.904044 -0.42744 0
    outer loop
      vertex -13.4723 -70.8856 8
      vertex -13.3045 -70.5307 0
      vertex -13.3045 -70.5307 8
    endloop
  endfacet
  facet normal 0.904044 -0.42744 0
    outer loop
      vertex -13.3045 -70.5307 0
      vertex -13.4723 -70.8856 8
      vertex -13.4723 -70.8856 0
    endloop
  endfacet
  facet normal 0.146733 -0.989176 0
    outer loop
      vertex -16.6079 -72.9807 0
      vertex -16.2196 -72.9231 8
      vertex -16.6079 -72.9807 8
    endloop
  endfacet
  facet normal 0.146733 -0.989176 0
    outer loop
      vertex -16.2196 -72.9231 8
      vertex -16.6079 -72.9807 0
      vertex -16.2196 -72.9231 0
    endloop
  endfacet
  facet normal 1 -0 0
    outer loop
      vertex -13 -69 8
      vertex -13 -41 0
      vertex -13 -41 8
    endloop
  endfacet
  facet normal 1 0 0
    outer loop
      vertex -13 -41 0
      vertex -13 -69 8
      vertex -13 -69 0
    endloop
  endfacet
  facet normal 0.337014 -0.9415 0
    outer loop
      vertex -15.8389 -72.8278 0
      vertex -15.4693 -72.6955 8
      vertex -15.8389 -72.8278 8
    endloop
  endfacet
  facet normal 0.337014 -0.9415 0
    outer loop
      vertex -15.4693 -72.6955 8
      vertex -15.8389 -72.8278 0
      vertex -15.4693 -72.6955 0
    endloop
  endfacet
  facet normal 0.9415 -0.337014 0
    outer loop
      vertex -13.3045 -70.5307 8
      vertex -13.1722 -70.1611 0
      vertex -13.1722 -70.1611 8
    endloop
  endfacet
  facet normal 0.9415 -0.337014 0
    outer loop
      vertex -13.1722 -70.1611 0
      vertex -13.3045 -70.5307 8
      vertex -13.3045 -70.5307 0
    endloop
  endfacet
  facet normal -0.9415 -0.337014 0
    outer loop
      vertex -76.6955 -70.5307 0
      vertex -76.8278 -70.1611 8
      vertex -76.8278 -70.1611 0
    endloop
  endfacet
  facet normal -0.9415 -0.337014 0
    outer loop
      vertex -76.8278 -70.1611 8
      vertex -76.6955 -70.5307 0
      vertex -76.6955 -70.5307 8
    endloop
  endfacet
  facet normal 0.671607 -0.740908 0
    outer loop
      vertex -14.4624 -72.092 0
      vertex -14.1716 -71.8284 8
      vertex -14.4624 -72.092 8
    endloop
  endfacet
  facet normal 0.671607 -0.740908 0
    outer loop
      vertex -14.1716 -71.8284 8
      vertex -14.4624 -72.092 0
      vertex -14.1716 -71.8284 0
    endloop
  endfacet
  facet normal 0.595794 0.803137 -0
    outer loop
      vertex -14.4624 -37.908 0
      vertex -14.7777 -37.6741 8
      vertex -14.4624 -37.908 8
    endloop
  endfacet
  facet normal 0.595794 0.803137 0
    outer loop
      vertex -14.7777 -37.6741 8
      vertex -14.4624 -37.908 0
      vertex -14.7777 -37.6741 0
    endloop
  endfacet
  facet normal -0.740908 0.671607 0
    outer loop
      vertex -76.092 -38.4624 0
      vertex -75.8284 -38.1716 8
      vertex -75.8284 -38.1716 0
    endloop
  endfacet
  facet normal -0.740908 0.671607 0
    outer loop
      vertex -75.8284 -38.1716 8
      vertex -76.092 -38.4624 0
      vertex -76.092 -38.4624 8
    endloop
  endfacet
  facet normal -0.595794 -0.803137 0
    outer loop
      vertex -75.5376 -72.092 0
      vertex -75.2223 -72.3259 8
      vertex -75.5376 -72.092 8
    endloop
  endfacet
  facet normal -0.595794 -0.803137 -0
    outer loop
      vertex -75.2223 -72.3259 8
      vertex -75.5376 -72.092 0
      vertex -75.2223 -72.3259 0
    endloop
  endfacet
  facet normal 0.740908 0.671607 0
    outer loop
      vertex -13.908 -38.4624 8
      vertex -14.1716 -38.1716 0
      vertex -14.1716 -38.1716 8
    endloop
  endfacet
  facet normal 0.740908 0.671607 0
    outer loop
      vertex -14.1716 -38.1716 0
      vertex -13.908 -38.4624 8
      vertex -13.908 -38.4624 0
    endloop
  endfacet
  facet normal 0.803137 0.595794 0
    outer loop
      vertex -13.6741 -38.7777 8
      vertex -13.908 -38.4624 0
      vertex -13.908 -38.4624 8
    endloop
  endfacet
  facet normal 0.803137 0.595794 0
    outer loop
      vertex -13.908 -38.4624 0
      vertex -13.6741 -38.7777 8
      vertex -13.6741 -38.7777 0
    endloop
  endfacet
  facet normal 0.242835 -0.970068 0
    outer loop
      vertex -16.2196 -72.9231 0
      vertex -15.8389 -72.8278 8
      vertex -16.2196 -72.9231 8
    endloop
  endfacet
  facet normal 0.242835 -0.970068 0
    outer loop
      vertex -15.8389 -72.8278 8
      vertex -16.2196 -72.9231 0
      vertex -15.8389 -72.8278 0
    endloop
  endfacet
  facet normal 0.740908 -0.671607 0
    outer loop
      vertex -14.1716 -71.8284 8
      vertex -13.908 -71.5376 0
      vertex -13.908 -71.5376 8
    endloop
  endfacet
  facet normal 0.740908 -0.671607 0
    outer loop
      vertex -13.908 -71.5376 0
      vertex -14.1716 -71.8284 8
      vertex -14.1716 -71.8284 0
    endloop
  endfacet
  facet normal 0.989176 -0.146733 0
    outer loop
      vertex -13.0769 -69.7804 8
      vertex -13.0193 -69.3921 0
      vertex -13.0193 -69.3921 8
    endloop
  endfacet
  facet normal 0.989176 -0.146733 0
    outer loop
      vertex -13.0193 -69.3921 0
      vertex -13.0769 -69.7804 8
      vertex -13.0769 -69.7804 0
    endloop
  endfacet
  facet normal 0 0 -1
    outer loop
      vertex -17 -73 0
      vertex -13 -69 0
      vertex -13.0193 -69.3921 0
    endloop
  endfacet
  facet normal 0 0 -1
    outer loop
      vertex -13 -69 0
      vertex -41.6 -55 0
      vertex -13 -41 0
    endloop
  endfacet
  facet normal 0 0 -1
    outer loop
      vertex -17 -73 0
      vertex -13.0193 -69.3921 0
      vertex -13.0769 -69.7804 0
    endloop
  endfacet
  facet normal 0 0 -1
    outer loop
      vertex -41.6164 -54.6667 0
      vertex -13 -41 0
      vertex -41.6 -55 0
    endloop
  endfacet
  facet normal 0 0 -1
    outer loop
      vertex -17 -73 0
      vertex -13.0769 -69.7804 0
      vertex -13.1722 -70.1611 0
    endloop
  endfacet
  facet normal 0 0 -1
    outer loop
      vertex -41.6653 -54.3367 0
      vertex -13 -41 0
      vertex -41.6164 -54.6667 0
    endloop
  endfacet
  facet normal 0 0 -1
    outer loop
      vertex -17 -73 0
      vertex -13.1722 -70.1611 0
      vertex -13.3045 -70.5307 0
    endloop
  endfacet
  facet normal 0 -0 -1
    outer loop
      vertex -17 -37 0
      vertex -13 -41 0
      vertex -41.6653 -54.3367 0
    endloop
  endfacet
  facet normal 0 0 -1
    outer loop
      vertex -17 -73 0
      vertex -13.3045 -70.5307 0
      vertex -13.4723 -70.8856 0
    endloop
  endfacet
  facet normal 0 0 -1
    outer loop
      vertex -13 -41 0
      vertex -17 -37 0
      vertex -13.0193 -40.6079 0
    endloop
  endfacet
  facet normal 0 0 -1
    outer loop
      vertex -17 -73 0
      vertex -13.4723 -70.8856 0
      vertex -13.6741 -71.2223 0
    endloop
  endfacet
  facet normal 0 0 -1
    outer loop
      vertex -13.0193 -40.6079 0
      vertex -17 -37 0
      vertex -13.0769 -40.2196 0
    endloop
  endfacet
  facet normal 0 0 -1
    outer loop
      vertex -17 -73 0
      vertex -13.6741 -71.2223 0
      vertex -13.908 -71.5376 0
    endloop
  endfacet
  facet normal 0 0 -1
    outer loop
      vertex -13.1722 -39.8389 0
      vertex -17 -37 0
      vertex -13.3045 -39.4693 0
    endloop
  endfacet
  facet normal 0 0 -1
    outer loop
      vertex -17 -73 0
      vertex -13.908 -71.5376 0
      vertex -14.1716 -71.8284 0
    endloop
  endfacet
  facet normal -0 0 -1
    outer loop
      vertex -13 -69 0
      vertex -17 -73 0
      vertex -41.6653 -55.6633 0
    endloop
  endfacet
  facet normal 0 0 -1
    outer loop
      vertex -17 -73 0
      vertex -14.1716 -71.8284 0
      vertex -14.4624 -72.092 0
    endloop
  endfacet
  facet normal 0 0 -1
    outer loop
      vertex -13.3045 -39.4693 0
      vertex -17 -37 0
      vertex -13.4723 -39.1144 0
    endloop
  endfacet
  facet normal 0 0 -1
    outer loop
      vertex -17 -73 0
      vertex -14.4624 -72.092 0
      vertex -14.7777 -72.3259 0
    endloop
  endfacet
  facet normal 0 0 -1
    outer loop
      vertex -13.908 -38.4624 0
      vertex -17 -37 0
      vertex -14.1716 -38.1716 0
    endloop
  endfacet
  facet normal 0 0 -1
    outer loop
      vertex -17 -73 0
      vertex -14.7777 -72.3259 0
      vertex -15.1144 -72.5277 0
    endloop
  endfacet
  facet normal 0 0 -1
    outer loop
      vertex -14.1716 -38.1716 0
      vertex -17 -37 0
      vertex -14.4624 -37.908 0
    endloop
  endfacet
  facet normal 0 0 -1
    outer loop
      vertex -17 -73 0
      vertex -15.1144 -72.5277 0
      vertex -15.4693 -72.6955 0
    endloop
  endfacet
  facet normal 0 0 -1
    outer loop
      vertex -14.4624 -37.908 0
      vertex -17 -37 0
      vertex -14.7777 -37.6741 0
    endloop
  endfacet
  facet normal 0 0 -1
    outer loop
      vertex -17 -73 0
      vertex -15.4693 -72.6955 0
      vertex -15.8389 -72.8278 0
    endloop
  endfacet
  facet normal 0 0 -1
    outer loop
      vertex -14.7777 -37.6741 0
      vertex -17 -37 0
      vertex -15.1144 -37.4723 0
    endloop
  endfacet
  facet normal 0 0 -1
    outer loop
      vertex -17 -73 0
      vertex -15.8389 -72.8278 0
      vertex -16.2196 -72.9231 0
    endloop
  endfacet
  facet normal 0 0 -1
    outer loop
      vertex -15.1144 -37.4723 0
      vertex -17 -37 0
      vertex -15.4693 -37.3045 0
    endloop
  endfacet
  facet normal 0 0 -1
    outer loop
      vertex -17 -73 0
      vertex -16.2196 -72.9231 0
      vertex -16.6079 -72.9807 0
    endloop
  endfacet
  facet normal 0 0 -1
    outer loop
      vertex -15.4693 -37.3045 0
      vertex -17 -37 0
      vertex -15.8389 -37.1722 0
    endloop
  endfacet
  facet normal 0 0 -1
    outer loop
      vertex -15.8389 -37.1722 0
      vertex -17 -37 0
      vertex -16.2196 -37.0769 0
    endloop
  endfacet
  facet normal 0 0 -1
    outer loop
      vertex -16.2196 -37.0769 0
      vertex -17 -37 0
      vertex -16.6079 -37.0193 0
    endloop
  endfacet
  facet normal 0 0 -1
    outer loop
      vertex -13.6741 -38.7777 0
      vertex -17 -37 0
      vertex -13.908 -38.4624 0
    endloop
  endfacet
  facet normal 0 0 -1
    outer loop
      vertex -13 -69 0
      vertex -41.6164 -55.3333 0
      vertex -41.6 -55 0
    endloop
  endfacet
  facet normal 0 0 -1
    outer loop
      vertex -13 -69 0
      vertex -41.6653 -55.6633 0
      vertex -41.6164 -55.3333 0
    endloop
  endfacet
  facet normal 0 0 -1
    outer loop
      vertex -17 -73 0
      vertex -41.7464 -55.987 0
      vertex -41.6653 -55.6633 0
    endloop
  endfacet
  facet normal 0 0 -1
    outer loop
      vertex -17 -73 0
      vertex -41.8588 -56.3011 0
      vertex -41.7464 -55.987 0
    endloop
  endfacet
  facet normal 0 0 -1
    outer loop
      vertex -17 -73 0
      vertex -42.0015 -56.6027 0
      vertex -41.8588 -56.3011 0
    endloop
  endfacet
  facet normal 0 0 -1
    outer loop
      vertex -17 -73 0
      vertex -42.173 -56.8889 0
      vertex -42.0015 -56.6027 0
    endloop
  endfacet
  facet normal 0 0 -1
    outer loop
      vertex -17 -73 0
      vertex -42.3718 -57.1569 0
      vertex -42.173 -56.8889 0
    endloop
  endfacet
  facet normal 0 0 -1
    outer loop
      vertex -17 -73 0
      vertex -42.5958 -57.4042 0
      vertex -42.3718 -57.1569 0
    endloop
  endfacet
  facet normal 0 0 -1
    outer loop
      vertex -17 -73 0
      vertex -42.8431 -57.6282 0
      vertex -42.5958 -57.4042 0
    endloop
  endfacet
  facet normal 0 0 -1
    outer loop
      vertex -17 -73 0
      vertex -43.1111 -57.827 0
      vertex -42.8431 -57.6282 0
    endloop
  endfacet
  facet normal 0 0 -1
    outer loop
      vertex -17 -73 0
      vertex -43.3973 -57.9985 0
      vertex -43.1111 -57.827 0
    endloop
  endfacet
  facet normal 0 0 -1
    outer loop
      vertex -17 -73 0
      vertex -43.6989 -58.1412 0
      vertex -43.3973 -57.9985 0
    endloop
  endfacet
  facet normal 0 0 -1
    outer loop
      vertex -17 -73 0
      vertex -44.013 -58.2536 0
      vertex -43.6989 -58.1412 0
    endloop
  endfacet
  facet normal 0 0 -1
    outer loop
      vertex -17 -73 0
      vertex -44.3367 -58.3347 0
      vertex -44.013 -58.2536 0
    endloop
  endfacet
  facet normal 0 0 -1
    outer loop
      vertex -17 -73 0
      vertex -44.6667 -58.3836 0
      vertex -44.3367 -58.3347 0
    endloop
  endfacet
  facet normal 0 0 -1
    outer loop
      vertex -17 -73 0
      vertex -45 -58.4 0
      vertex -44.6667 -58.3836 0
    endloop
  endfacet
  facet normal 0 0 -1
    outer loop
      vertex -73 -73 0
      vertex -45 -58.4 0
      vertex -17 -73 0
    endloop
  endfacet
  facet normal -0 0 -1
    outer loop
      vertex -45 -58.4 0
      vertex -73 -73 0
      vertex -45.3333 -58.3836 0
    endloop
  endfacet
  facet normal -0 0 -1
    outer loop
      vertex -45.3333 -58.3836 0
      vertex -73 -73 0
      vertex -45.6633 -58.3347 0
    endloop
  endfacet
  facet normal -0 0 -1
    outer loop
      vertex -45.6633 -58.3347 0
      vertex -73 -73 0
      vertex -45.987 -58.2536 0
    endloop
  endfacet
  facet normal -0 0 -1
    outer loop
      vertex -45.987 -58.2536 0
      vertex -73 -73 0
      vertex -46.3011 -58.1412 0
    endloop
  endfacet
  facet normal -0 0 -1
    outer loop
      vertex -48.3347 -55.6633 0
      vertex -77 -69 0
      vertex -48.3836 -55.3333 0
    endloop
  endfacet
  facet normal 0 0 -1
    outer loop
      vertex -77 -69 0
      vertex -48.3347 -55.6633 0
      vertex -73 -73 0
    endloop
  endfacet
  facet normal -0 0 -1
    outer loop
      vertex -48.2536 -55.987 0
      vertex -73 -73 0
      vertex -48.3347 -55.6633 0
    endloop
  endfacet
  facet normal -0 0 -1
    outer loop
      vertex -48.1412 -56.3011 0
      vertex -73 -73 0
      vertex -48.2536 -55.987 0
    endloop
  endfacet
  facet normal -0 0 -1
    outer loop
      vertex -47.9985 -56.6027 0
      vertex -73 -73 0
      vertex -48.1412 -56.3011 0
    endloop
  endfacet
  facet normal -0 0 -1
    outer loop
      vertex -47.827 -56.8889 0
      vertex -73 -73 0
      vertex -47.9985 -56.6027 0
    endloop
  endfacet
  facet normal -0 0 -1
    outer loop
      vertex -47.6282 -57.1569 0
      vertex -73 -73 0
      vertex -47.827 -56.8889 0
    endloop
  endfacet
  facet normal -0 0 -1
    outer loop
      vertex -47.4042 -57.4042 0
      vertex -73 -73 0
      vertex -47.6282 -57.1569 0
    endloop
  endfacet
  facet normal -0 0 -1
    outer loop
      vertex -47.1569 -57.6282 0
      vertex -73 -73 0
      vertex -47.4042 -57.4042 0
    endloop
  endfacet
  facet normal -0 0 -1
    outer loop
      vertex -46.8889 -57.827 0
      vertex -73 -73 0
      vertex -47.1569 -57.6282 0
    endloop
  endfacet
  facet normal -0 0 -1
    outer loop
      vertex -46.6027 -57.9985 0
      vertex -73 -73 0
      vertex -46.8889 -57.827 0
    endloop
  endfacet
  facet normal -0 0 -1
    outer loop
      vertex -46.3011 -58.1412 0
      vertex -73 -73 0
      vertex -46.6027 -57.9985 0
    endloop
  endfacet
  facet normal 0 0 -1
    outer loop
      vertex -13.4723 -39.1144 0
      vertex -17 -37 0
      vertex -13.6741 -38.7777 0
    endloop
  endfacet
  facet normal 0 0 -1
    outer loop
      vertex -13.0769 -40.2196 0
      vertex -17 -37 0
      vertex -13.1722 -39.8389 0
    endloop
  endfacet
  facet normal 0 0 -1
    outer loop
      vertex -41.7464 -54.013 0
      vertex -17 -37 0
      vertex -41.6653 -54.3367 0
    endloop
  endfacet
  facet normal 0 0 -1
    outer loop
      vertex -41.8588 -53.6989 0
      vertex -17 -37 0
      vertex -41.7464 -54.013 0
    endloop
  endfacet
  facet normal 0 0 -1
    outer loop
      vertex -42.0015 -53.3973 0
      vertex -17 -37 0
      vertex -41.8588 -53.6989 0
    endloop
  endfacet
  facet normal 0 0 -1
    outer loop
      vertex -42.173 -53.1111 0
      vertex -17 -37 0
      vertex -42.0015 -53.3973 0
    endloop
  endfacet
  facet normal 0 0 -1
    outer loop
      vertex -42.3718 -52.8431 0
      vertex -17 -37 0
      vertex -42.173 -53.1111 0
    endloop
  endfacet
  facet normal 0 0 -1
    outer loop
      vertex -42.5958 -52.5958 0
      vertex -17 -37 0
      vertex -42.3718 -52.8431 0
    endloop
  endfacet
  facet normal 0 0 -1
    outer loop
      vertex -42.8431 -52.3718 0
      vertex -17 -37 0
      vertex -42.5958 -52.5958 0
    endloop
  endfacet
  facet normal 0 0 -1
    outer loop
      vertex -43.1111 -52.173 0
      vertex -17 -37 0
      vertex -42.8431 -52.3718 0
    endloop
  endfacet
  facet normal 0 0 -1
    outer loop
      vertex -43.3973 -52.0015 0
      vertex -17 -37 0
      vertex -43.1111 -52.173 0
    endloop
  endfacet
  facet normal 0 0 -1
    outer loop
      vertex -43.6989 -51.8588 0
      vertex -17 -37 0
      vertex -43.3973 -52.0015 0
    endloop
  endfacet
  facet normal 0 0 -1
    outer loop
      vertex -44.013 -51.7464 0
      vertex -17 -37 0
      vertex -43.6989 -51.8588 0
    endloop
  endfacet
  facet normal 0 0 -1
    outer loop
      vertex -44.3367 -51.6653 0
      vertex -17 -37 0
      vertex -44.013 -51.7464 0
    endloop
  endfacet
  facet normal 0 0 -1
    outer loop
      vertex -44.6667 -51.6164 0
      vertex -17 -37 0
      vertex -44.3367 -51.6653 0
    endloop
  endfacet
  facet normal 0 0 -1
    outer loop
      vertex -45 -51.6 0
      vertex -17 -37 0
      vertex -44.6667 -51.6164 0
    endloop
  endfacet
  facet normal 0 0 -1
    outer loop
      vertex -73 -37 0
      vertex -45 -51.6 0
      vertex -45.3333 -51.6164 0
    endloop
  endfacet
  facet normal 0 0 -1
    outer loop
      vertex -73 -37 0
      vertex -45.3333 -51.6164 0
      vertex -45.6633 -51.6653 0
    endloop
  endfacet
  facet normal 0 0 -1
    outer loop
      vertex -73 -37 0
      vertex -45.6633 -51.6653 0
      vertex -45.987 -51.7464 0
    endloop
  endfacet
  facet normal 0 0 -1
    outer loop
      vertex -73 -37 0
      vertex -45.987 -51.7464 0
      vertex -46.3011 -51.8588 0
    endloop
  endfacet
  facet normal 0 0 -1
    outer loop
      vertex -73 -37 0
      vertex -46.3011 -51.8588 0
      vertex -46.6027 -52.0015 0
    endloop
  endfacet
  facet normal -0 0 -1
    outer loop
      vertex -48.3836 -55.3333 0
      vertex -77 -69 0
      vertex -48.4 -55 0
    endloop
  endfacet
  facet normal 0 0 -1
    outer loop
      vertex -77 -41 0
      vertex -48.4 -55 0
      vertex -77 -69 0
    endloop
  endfacet
  facet normal 0 0 -1
    outer loop
      vertex -48.4 -55 0
      vertex -77 -41 0
      vertex -48.3836 -54.6667 0
    endloop
  endfacet
  facet normal 0 0 -1
    outer loop
      vertex -48.3836 -54.6667 0
      vertex -77 -41 0
      vertex -48.3347 -54.3367 0
    endloop
  endfacet
  facet normal 0 0 -1
    outer loop
      vertex -48.3347 -54.3367 0
      vertex -77 -41 0
      vertex -48.2536 -54.013 0
    endloop
  endfacet
  facet normal 0 -0 -1
    outer loop
      vertex -73 -37 0
      vertex -48.2536 -54.013 0
      vertex -77 -41 0
    endloop
  endfacet
  facet normal 0 0 -1
    outer loop
      vertex -48.2536 -54.013 0
      vertex -73 -37 0
      vertex -48.1412 -53.6989 0
    endloop
  endfacet
  facet normal 0 0 -1
    outer loop
      vertex -48.1412 -53.6989 0
      vertex -73 -37 0
      vertex -47.9985 -53.3973 0
    endloop
  endfacet
  facet normal 0 0 -1
    outer loop
      vertex -47.9985 -53.3973 0
      vertex -73 -37 0
      vertex -47.827 -53.1111 0
    endloop
  endfacet
  facet normal 0 0 -1
    outer loop
      vertex -45 -51.6 0
      vertex -73 -37 0
      vertex -17 -37 0
    endloop
  endfacet
  facet normal 0 0 -1
    outer loop
      vertex -46.8889 -52.173 0
      vertex -73 -37 0
      vertex -46.6027 -52.0015 0
    endloop
  endfacet
  facet normal 0 0 -1
    outer loop
      vertex -47.1569 -52.3718 0
      vertex -73 -37 0
      vertex -46.8889 -52.173 0
    endloop
  endfacet
  facet normal 0 0 -1
    outer loop
      vertex -47.827 -53.1111 0
      vertex -73 -37 0
      vertex -47.6282 -52.8431 0
    endloop
  endfacet
  facet normal 0 0 -1
    outer loop
      vertex -77 -69 0
      vertex -73 -73 0
      vertex -73.3921 -72.9807 0
    endloop
  endfacet
  facet normal 0 0 -1
    outer loop
      vertex -47.6282 -52.8431 0
      vertex -73 -37 0
      vertex -47.4042 -52.5958 0
    endloop
  endfacet
  facet normal 0 0 -1
    outer loop
      vertex -77 -69 0
      vertex -73.3921 -72.9807 0
      vertex -73.7804 -72.9231 0
    endloop
  endfacet
  facet normal 0 0 -1
    outer loop
      vertex -47.4042 -52.5958 0
      vertex -73 -37 0
      vertex -47.1569 -52.3718 0
    endloop
  endfacet
  facet normal 0 0 -1
    outer loop
      vertex -77 -69 0
      vertex -73.7804 -72.9231 0
      vertex -74.1611 -72.8278 0
    endloop
  endfacet
  facet normal 0 0 -1
    outer loop
      vertex -73 -37 0
      vertex -77 -41 0
      vertex -73.3921 -37.0193 0
    endloop
  endfacet
  facet normal 0 0 -1
    outer loop
      vertex -77 -69 0
      vertex -74.1611 -72.8278 0
      vertex -74.5307 -72.6955 0
    endloop
  endfacet
  facet normal 0 0 -1
    outer loop
      vertex -73.3921 -37.0193 0
      vertex -77 -41 0
      vertex -73.7804 -37.0769 0
    endloop
  endfacet
  facet normal 0 0 -1
    outer loop
      vertex -77 -69 0
      vertex -74.5307 -72.6955 0
      vertex -74.8856 -72.5277 0
    endloop
  endfacet
  facet normal 0 0 -1
    outer loop
      vertex -73.7804 -37.0769 0
      vertex -77 -41 0
      vertex -74.1611 -37.1722 0
    endloop
  endfacet
  facet normal 0 0 -1
    outer loop
      vertex -77 -69 0
      vertex -74.8856 -72.5277 0
      vertex -75.2223 -72.3259 0
    endloop
  endfacet
  facet normal 0 0 -1
    outer loop
      vertex -74.1611 -37.1722 0
      vertex -77 -41 0
      vertex -74.5307 -37.3045 0
    endloop
  endfacet
  facet normal 0 0 -1
    outer loop
      vertex -77 -69 0
      vertex -75.2223 -72.3259 0
      vertex -75.5376 -72.092 0
    endloop
  endfacet
  facet normal 0 0 -1
    outer loop
      vertex -74.5307 -37.3045 0
      vertex -77 -41 0
      vertex -74.8856 -37.4723 0
    endloop
  endfacet
  facet normal 0 0 -1
    outer loop
      vertex -77 -69 0
      vertex -75.5376 -72.092 0
      vertex -75.8284 -71.8284 0
    endloop
  endfacet
  facet normal 0 0 -1
    outer loop
      vertex -74.8856 -37.4723 0
      vertex -77 -41 0
      vertex -75.2223 -37.6741 0
    endloop
  endfacet
  facet normal 0 0 -1
    outer loop
      vertex -77 -69 0
      vertex -75.8284 -71.8284 0
      vertex -76.092 -71.5376 0
    endloop
  endfacet
  facet normal 0 0 -1
    outer loop
      vertex -75.2223 -37.6741 0
      vertex -77 -41 0
      vertex -75.5376 -37.908 0
    endloop
  endfacet
  facet normal 0 0 -1
    outer loop
      vertex -77 -69 0
      vertex -76.092 -71.5376 0
      vertex -76.3259 -71.2223 0
    endloop
  endfacet
  facet normal 0 0 -1
    outer loop
      vertex -75.5376 -37.908 0
      vertex -77 -41 0
      vertex -75.8284 -38.1716 0
    endloop
  endfacet
  facet normal 0 0 -1
    outer loop
      vertex -77 -69 0
      vertex -76.3259 -71.2223 0
      vertex -76.5277 -70.8856 0
    endloop
  endfacet
  facet normal 0 0 -1
    outer loop
      vertex -75.8284 -38.1716 0
      vertex -77 -41 0
      vertex -76.092 -38.4624 0
    endloop
  endfacet
  facet normal 0 0 -1
    outer loop
      vertex -77 -69 0
      vertex -76.5277 -70.8856 0
      vertex -76.6955 -70.5307 0
    endloop
  endfacet
  facet normal 0 0 -1
    outer loop
      vertex -76.092 -38.4624 0
      vertex -77 -41 0
      vertex -76.3259 -38.7777 0
    endloop
  endfacet
  facet normal 0 0 -1
    outer loop
      vertex -77 -69 0
      vertex -76.6955 -70.5307 0
      vertex -76.8278 -70.1611 0
    endloop
  endfacet
  facet normal 0 0 -1
    outer loop
      vertex -76.3259 -38.7777 0
      vertex -77 -41 0
      vertex -76.5277 -39.1144 0
    endloop
  endfacet
  facet normal 0 0 -1
    outer loop
      vertex -77 -69 0
      vertex -76.8278 -70.1611 0
      vertex -76.9231 -69.7804 0
    endloop
  endfacet
  facet normal 0 0 -1
    outer loop
      vertex -76.5277 -39.1144 0
      vertex -77 -41 0
      vertex -76.6955 -39.4693 0
    endloop
  endfacet
  facet normal 0 0 -1
    outer loop
      vertex -77 -69 0
      vertex -76.9231 -69.7804 0
      vertex -76.9807 -69.3921 0
    endloop
  endfacet
  facet normal 0 0 -1
    outer loop
      vertex -76.6955 -39.4693 0
      vertex -77 -41 0
      vertex -76.8278 -39.8389 0
    endloop
  endfacet
  facet normal 0 0 -1
    outer loop
      vertex -76.8278 -39.8389 0
      vertex -77 -41 0
      vertex -76.9231 -40.2196 0
    endloop
  endfacet
  facet normal 0 0 -1
    outer loop
      vertex -76.9231 -40.2196 0
      vertex -77 -41 0
      vertex -76.9807 -40.6079 0
    endloop
  endfacet
  facet normal 0.803137 -0.595794 0
    outer loop
      vertex -13.908 -71.5376 8
      vertex -13.6741 -71.2223 0
      vertex -13.6741 -71.2223 8
    endloop
  endfacet
  facet normal 0.803137 -0.595794 0
    outer loop
      vertex -13.6741 -71.2223 0
      vertex -13.908 -71.5376 8
      vertex -13.908 -71.5376 0
    endloop
  endfacet
  facet normal 0.9415 0.337014 0
    outer loop
      vertex -13.1722 -39.8389 8
      vertex -13.3045 -39.4693 0
      vertex -13.3045 -39.4693 8
    endloop
  endfacet
  facet normal 0.9415 0.337014 0
    outer loop
      vertex -13.3045 -39.4693 0
      vertex -13.1722 -39.8389 8
      vertex -13.1722 -39.8389 0
    endloop
  endfacet
  facet normal 0.336925 -0.941531 0
    outer loop
      vertex -46.3011 -51.8588 0
      vertex -45.987 -51.7464 2
      vertex -46.3011 -51.8588 2
    endloop
  endfacet
  facet normal 0.336925 -0.941531 0
    outer loop
      vertex -45.987 -51.7464 2
      vertex -46.3011 -51.8588 0
      vertex -45.987 -51.7464 0
    endloop
  endfacet
  facet normal -0.989199 -0.146581 0
    outer loop
      vertex -41.6164 -54.6667 0
      vertex -41.6653 -54.3367 2
      vertex -41.6653 -54.3367 0
    endloop
  endfacet
  facet normal -0.989199 -0.146581 0
    outer loop
      vertex -41.6653 -54.3367 2
      vertex -41.6164 -54.6667 0
      vertex -41.6164 -54.6667 2
    endloop
  endfacet
  facet normal -0.998792 -0.0491455 0
    outer loop
      vertex -41.6 -55 0
      vertex -41.6164 -54.6667 2
      vertex -41.6164 -54.6667 0
    endloop
  endfacet
  facet normal -0.998792 -0.0491455 0
    outer loop
      vertex -41.6164 -54.6667 2
      vertex -41.6 -55 0
      vertex -41.6 -55 2
    endloop
  endfacet
  facet normal -0.970019 -0.243029 0
    outer loop
      vertex -41.6653 -54.3367 0
      vertex -41.7464 -54.013 2
      vertex -41.7464 -54.013 0
    endloop
  endfacet
  facet normal -0.970019 -0.243029 0
    outer loop
      vertex -41.7464 -54.013 2
      vertex -41.6653 -54.3367 0
      vertex -41.6653 -54.3367 2
    endloop
  endfacet
  facet normal 0.514011 0.857784 -0
    outer loop
      vertex -46.6027 -57.9985 0
      vertex -46.8889 -57.827 2
      vertex -46.6027 -57.9985 2
    endloop
  endfacet
  facet normal 0.514011 0.857784 0
    outer loop
      vertex -46.8889 -57.827 2
      vertex -46.6027 -57.9985 0
      vertex -46.8889 -57.827 0
    endloop
  endfacet
  facet normal -0.903927 -0.427687 0
    outer loop
      vertex -41.8588 -53.6989 0
      vertex -42.0015 -53.3973 2
      vertex -42.0015 -53.3973 0
    endloop
  endfacet
  facet normal -0.903927 -0.427687 0
    outer loop
      vertex -42.0015 -53.3973 2
      vertex -41.8588 -53.6989 0
      vertex -41.8588 -53.6989 2
    endloop
  endfacet
  facet normal -0.998792 0.0491455 0
    outer loop
      vertex -41.6164 -55.3333 0
      vertex -41.6 -55 2
      vertex -41.6 -55 0
    endloop
  endfacet
  facet normal -0.998792 0.0491455 0
    outer loop
      vertex -41.6 -55 2
      vertex -41.6164 -55.3333 0
      vertex -41.6164 -55.3333 2
    endloop
  endfacet
  facet normal 0.903927 -0.427687 0
    outer loop
      vertex -48.1412 -53.6989 2
      vertex -47.9985 -53.3973 0
      vertex -47.9985 -53.3973 2
    endloop
  endfacet
  facet normal 0.903927 -0.427687 0
    outer loop
      vertex -47.9985 -53.3973 0
      vertex -48.1412 -53.6989 2
      vertex -48.1412 -53.6989 0
    endloop
  endfacet
  facet normal 0.243029 0.970019 -0
    outer loop
      vertex -45.6633 -58.3347 0
      vertex -45.987 -58.2536 2
      vertex -45.6633 -58.3347 2
    endloop
  endfacet
  facet normal 0.243029 0.970019 0
    outer loop
      vertex -45.987 -58.2536 2
      vertex -45.6633 -58.3347 0
      vertex -45.987 -58.2536 0
    endloop
  endfacet
  facet normal 0.427687 0.903927 -0
    outer loop
      vertex -46.3011 -58.1412 0
      vertex -46.6027 -57.9985 2
      vertex -46.3011 -58.1412 2
    endloop
  endfacet
  facet normal 0.427687 0.903927 0
    outer loop
      vertex -46.6027 -57.9985 2
      vertex -46.3011 -58.1412 0
      vertex -46.6027 -57.9985 0
    endloop
  endfacet
  facet normal -0.803154 0.595772 0
    outer loop
      vertex -42.3718 -57.1569 0
      vertex -42.173 -56.8889 2
      vertex -42.173 -56.8889 0
    endloop
  endfacet
  facet normal -0.803154 0.595772 0
    outer loop
      vertex -42.173 -56.8889 2
      vertex -42.3718 -57.1569 0
      vertex -42.3718 -57.1569 2
    endloop
  endfacet
  facet normal 0.857784 -0.514011 0
    outer loop
      vertex -47.9985 -53.3973 2
      vertex -47.827 -53.1111 0
      vertex -47.827 -53.1111 2
    endloop
  endfacet
  facet normal 0.857784 -0.514011 0
    outer loop
      vertex -47.827 -53.1111 0
      vertex -47.9985 -53.3973 2
      vertex -47.9985 -53.3973 0
    endloop
  endfacet
  facet normal 0.336925 0.941531 -0
    outer loop
      vertex -45.987 -58.2536 0
      vertex -46.3011 -58.1412 2
      vertex -45.987 -58.2536 2
    endloop
  endfacet
  facet normal 0.336925 0.941531 0
    outer loop
      vertex -46.3011 -58.1412 2
      vertex -45.987 -58.2536 0
      vertex -46.3011 -58.1412 0
    endloop
  endfacet
  facet normal 0.0491455 -0.998792 0
    outer loop
      vertex -45.3333 -51.6164 0
      vertex -45 -51.6 2
      vertex -45.3333 -51.6164 2
    endloop
  endfacet
  facet normal 0.0491455 -0.998792 0
    outer loop
      vertex -45 -51.6 2
      vertex -45.3333 -51.6164 0
      vertex -45 -51.6 0
    endloop
  endfacet
  facet normal 0.146581 0.989199 -0
    outer loop
      vertex -45.3333 -58.3836 0
      vertex -45.6633 -58.3347 2
      vertex -45.3333 -58.3836 2
    endloop
  endfacet
  facet normal 0.146581 0.989199 0
    outer loop
      vertex -45.6633 -58.3347 2
      vertex -45.3333 -58.3836 0
      vertex -45.6633 -58.3347 0
    endloop
  endfacet
  facet normal 0.803154 -0.595772 0
    outer loop
      vertex -47.827 -53.1111 2
      vertex -47.6282 -52.8431 0
      vertex -47.6282 -52.8431 2
    endloop
  endfacet
  facet normal 0.803154 -0.595772 0
    outer loop
      vertex -47.6282 -52.8431 0
      vertex -47.827 -53.1111 2
      vertex -47.827 -53.1111 0
    endloop
  endfacet
  facet normal 0.741159 0.671329 0
    outer loop
      vertex -47.4042 -57.4042 2
      vertex -47.6282 -57.1569 0
      vertex -47.6282 -57.1569 2
    endloop
  endfacet
  facet normal 0.741159 0.671329 0
    outer loop
      vertex -47.6282 -57.1569 0
      vertex -47.4042 -57.4042 2
      vertex -47.4042 -57.4042 0
    endloop
  endfacet
  facet normal 0.146581 -0.989199 0
    outer loop
      vertex -45.6633 -51.6653 0
      vertex -45.3333 -51.6164 2
      vertex -45.6633 -51.6653 2
    endloop
  endfacet
  facet normal 0.146581 -0.989199 0
    outer loop
      vertex -45.3333 -51.6164 2
      vertex -45.6633 -51.6653 0
      vertex -45.3333 -51.6164 0
    endloop
  endfacet
  facet normal 0.243029 -0.970019 0
    outer loop
      vertex -45.987 -51.7464 0
      vertex -45.6633 -51.6653 2
      vertex -45.987 -51.7464 2
    endloop
  endfacet
  facet normal 0.243029 -0.970019 0
    outer loop
      vertex -45.6633 -51.6653 2
      vertex -45.987 -51.7464 0
      vertex -45.6633 -51.6653 0
    endloop
  endfacet
  facet normal -0.243029 -0.970019 0
    outer loop
      vertex -44.3367 -51.6653 0
      vertex -44.013 -51.7464 2
      vertex -44.3367 -51.6653 2
    endloop
  endfacet
  facet normal -0.243029 -0.970019 -0
    outer loop
      vertex -44.013 -51.7464 2
      vertex -44.3367 -51.6653 0
      vertex -44.013 -51.7464 0
    endloop
  endfacet
  facet normal 0.514011 -0.857784 0
    outer loop
      vertex -46.8889 -52.173 0
      vertex -46.6027 -52.0015 2
      vertex -46.8889 -52.173 2
    endloop
  endfacet
  facet normal 0.514011 -0.857784 0
    outer loop
      vertex -46.6027 -52.0015 2
      vertex -46.8889 -52.173 0
      vertex -46.6027 -52.0015 0
    endloop
  endfacet
  facet normal -0.0491455 0.998792 0
    outer loop
      vertex -44.6667 -58.3836 0
      vertex -45 -58.4 2
      vertex -44.6667 -58.3836 2
    endloop
  endfacet
  facet normal -0.0491455 0.998792 0
    outer loop
      vertex -45 -58.4 2
      vertex -44.6667 -58.3836 0
      vertex -45 -58.4 0
    endloop
  endfacet
  facet normal -0.427687 -0.903927 0
    outer loop
      vertex -43.6989 -51.8588 0
      vertex -43.3973 -52.0015 2
      vertex -43.6989 -51.8588 2
    endloop
  endfacet
  facet normal -0.427687 -0.903927 -0
    outer loop
      vertex -43.3973 -52.0015 2
      vertex -43.6989 -51.8588 0
      vertex -43.3973 -52.0015 0
    endloop
  endfacet
  facet normal -0.741159 0.671329 0
    outer loop
      vertex -42.5958 -57.4042 0
      vertex -42.3718 -57.1569 2
      vertex -42.3718 -57.1569 0
    endloop
  endfacet
  facet normal -0.741159 0.671329 0
    outer loop
      vertex -42.3718 -57.1569 2
      vertex -42.5958 -57.4042 0
      vertex -42.5958 -57.4042 2
    endloop
  endfacet
  facet normal 0.989199 -0.146581 0
    outer loop
      vertex -48.3836 -54.6667 2
      vertex -48.3347 -54.3367 0
      vertex -48.3347 -54.3367 2
    endloop
  endfacet
  facet normal 0.989199 -0.146581 0
    outer loop
      vertex -48.3347 -54.3367 0
      vertex -48.3836 -54.6667 2
      vertex -48.3836 -54.6667 0
    endloop
  endfacet
  facet normal -0.146581 0.989199 0
    outer loop
      vertex -44.3367 -58.3347 0
      vertex -44.6667 -58.3836 2
      vertex -44.3367 -58.3347 2
    endloop
  endfacet
  facet normal -0.146581 0.989199 0
    outer loop
      vertex -44.6667 -58.3836 2
      vertex -44.3367 -58.3347 0
      vertex -44.6667 -58.3836 0
    endloop
  endfacet
  facet normal -0.941531 -0.336925 0
    outer loop
      vertex -41.7464 -54.013 0
      vertex -41.8588 -53.6989 2
      vertex -41.8588 -53.6989 0
    endloop
  endfacet
  facet normal -0.941531 -0.336925 0
    outer loop
      vertex -41.8588 -53.6989 2
      vertex -41.7464 -54.013 0
      vertex -41.7464 -54.013 2
    endloop
  endfacet
  facet normal -0.803154 -0.595772 0
    outer loop
      vertex -42.173 -53.1111 0
      vertex -42.3718 -52.8431 2
      vertex -42.3718 -52.8431 0
    endloop
  endfacet
  facet normal -0.803154 -0.595772 0
    outer loop
      vertex -42.3718 -52.8431 2
      vertex -42.173 -53.1111 0
      vertex -42.173 -53.1111 2
    endloop
  endfacet
  facet normal -0.514011 0.857784 0
    outer loop
      vertex -43.1111 -57.827 0
      vertex -43.3973 -57.9985 2
      vertex -43.1111 -57.827 2
    endloop
  endfacet
  facet normal -0.514011 0.857784 0
    outer loop
      vertex -43.3973 -57.9985 2
      vertex -43.1111 -57.827 0
      vertex -43.3973 -57.9985 0
    endloop
  endfacet
  facet normal 0.941531 0.336925 0
    outer loop
      vertex -48.1412 -56.3011 2
      vertex -48.2536 -55.987 0
      vertex -48.2536 -55.987 2
    endloop
  endfacet
  facet normal 0.941531 0.336925 0
    outer loop
      vertex -48.2536 -55.987 0
      vertex -48.1412 -56.3011 2
      vertex -48.1412 -56.3011 0
    endloop
  endfacet
  facet normal -0.941531 0.336925 0
    outer loop
      vertex -41.8588 -56.3011 0
      vertex -41.7464 -55.987 2
      vertex -41.7464 -55.987 0
    endloop
  endfacet
  facet normal -0.941531 0.336925 0
    outer loop
      vertex -41.7464 -55.987 2
      vertex -41.8588 -56.3011 0
      vertex -41.8588 -56.3011 2
    endloop
  endfacet
  facet normal -0.336925 0.941531 0
    outer loop
      vertex -43.6989 -58.1412 0
      vertex -44.013 -58.2536 2
      vertex -43.6989 -58.1412 2
    endloop
  endfacet
  facet normal -0.336925 0.941531 0
    outer loop
      vertex -44.013 -58.2536 2
      vertex -43.6989 -58.1412 0
      vertex -44.013 -58.2536 0
    endloop
  endfacet
  facet normal -0.0491455 -0.998792 0
    outer loop
      vertex -45 -51.6 0
      vertex -44.6667 -51.6164 2
      vertex -45 -51.6 2
    endloop
  endfacet
  facet normal -0.0491455 -0.998792 -0
    outer loop
      vertex -44.6667 -51.6164 2
      vertex -45 -51.6 0
      vertex -44.6667 -51.6164 0
    endloop
  endfacet
  facet normal -0.857784 0.514011 0
    outer loop
      vertex -42.173 -56.8889 0
      vertex -42.0015 -56.6027 2
      vertex -42.0015 -56.6027 0
    endloop
  endfacet
  facet normal -0.857784 0.514011 0
    outer loop
      vertex -42.0015 -56.6027 2
      vertex -42.173 -56.8889 0
      vertex -42.173 -56.8889 2
    endloop
  endfacet
  facet normal 0.803154 0.595772 0
    outer loop
      vertex -47.6282 -57.1569 2
      vertex -47.827 -56.8889 0
      vertex -47.827 -56.8889 2
    endloop
  endfacet
  facet normal 0.803154 0.595772 0
    outer loop
      vertex -47.827 -56.8889 0
      vertex -47.6282 -57.1569 2
      vertex -47.6282 -57.1569 0
    endloop
  endfacet
  facet normal -0.243029 0.970019 0
    outer loop
      vertex -44.013 -58.2536 0
      vertex -44.3367 -58.3347 2
      vertex -44.013 -58.2536 2
    endloop
  endfacet
  facet normal -0.243029 0.970019 0
    outer loop
      vertex -44.3367 -58.3347 2
      vertex -44.013 -58.2536 0
      vertex -44.3367 -58.3347 0
    endloop
  endfacet
  facet normal -0.671329 -0.741159 0
    outer loop
      vertex -42.8431 -52.3718 0
      vertex -42.5958 -52.5958 2
      vertex -42.8431 -52.3718 2
    endloop
  endfacet
  facet normal -0.671329 -0.741159 -0
    outer loop
      vertex -42.5958 -52.5958 2
      vertex -42.8431 -52.3718 0
      vertex -42.5958 -52.5958 0
    endloop
  endfacet
  facet normal -0.741159 -0.671329 0
    outer loop
      vertex -42.3718 -52.8431 0
      vertex -42.5958 -52.5958 2
      vertex -42.5958 -52.5958 0
    endloop
  endfacet
  facet normal -0.741159 -0.671329 0
    outer loop
      vertex -42.5958 -52.5958 2
      vertex -42.3718 -52.8431 0
      vertex -42.3718 -52.8431 2
    endloop
  endfacet
  facet normal -0.595772 -0.803154 0
    outer loop
      vertex -43.1111 -52.173 0
      vertex -42.8431 -52.3718 2
      vertex -43.1111 -52.173 2
    endloop
  endfacet
  facet normal -0.595772 -0.803154 -0
    outer loop
      vertex -42.8431 -52.3718 2
      vertex -43.1111 -52.173 0
      vertex -42.8431 -52.3718 0
    endloop
  endfacet
  facet normal 0.970019 -0.243029 0
    outer loop
      vertex -48.3347 -54.3367 2
      vertex -48.2536 -54.013 0
      vertex -48.2536 -54.013 2
    endloop
  endfacet
  facet normal 0.970019 -0.243029 0
    outer loop
      vertex -48.2536 -54.013 0
      vertex -48.3347 -54.3367 2
      vertex -48.3347 -54.3367 0
    endloop
  endfacet
  facet normal -0.514011 -0.857784 0
    outer loop
      vertex -43.3973 -52.0015 0
      vertex -43.1111 -52.173 2
      vertex -43.3973 -52.0015 2
    endloop
  endfacet
  facet normal -0.514011 -0.857784 -0
    outer loop
      vertex -43.1111 -52.173 2
      vertex -43.3973 -52.0015 0
      vertex -43.1111 -52.173 0
    endloop
  endfacet
  facet normal 0.427687 -0.903927 0
    outer loop
      vertex -46.6027 -52.0015 0
      vertex -46.3011 -51.8588 2
      vertex -46.6027 -52.0015 2
    endloop
  endfacet
  facet normal 0.427687 -0.903927 0
    outer loop
      vertex -46.3011 -51.8588 2
      vertex -46.6027 -52.0015 0
      vertex -46.3011 -51.8588 0
    endloop
  endfacet
  facet normal -0.970019 0.243029 0
    outer loop
      vertex -41.7464 -55.987 0
      vertex -41.6653 -55.6633 2
      vertex -41.6653 -55.6633 0
    endloop
  endfacet
  facet normal -0.970019 0.243029 0
    outer loop
      vertex -41.6653 -55.6633 2
      vertex -41.7464 -55.987 0
      vertex -41.7464 -55.987 2
    endloop
  endfacet
  facet normal -0.336925 -0.941531 0
    outer loop
      vertex -44.013 -51.7464 0
      vertex -43.6989 -51.8588 2
      vertex -44.013 -51.7464 2
    endloop
  endfacet
  facet normal -0.336925 -0.941531 -0
    outer loop
      vertex -43.6989 -51.8588 2
      vertex -44.013 -51.7464 0
      vertex -43.6989 -51.8588 0
    endloop
  endfacet
  facet normal -0.989199 0.146581 0
    outer loop
      vertex -41.6653 -55.6633 0
      vertex -41.6164 -55.3333 2
      vertex -41.6164 -55.3333 0
    endloop
  endfacet
  facet normal -0.989199 0.146581 0
    outer loop
      vertex -41.6164 -55.3333 2
      vertex -41.6653 -55.6633 0
      vertex -41.6653 -55.6633 2
    endloop
  endfacet
  facet normal 0.671329 -0.741159 0
    outer loop
      vertex -47.4042 -52.5958 0
      vertex -47.1569 -52.3718 2
      vertex -47.4042 -52.5958 2
    endloop
  endfacet
  facet normal 0.671329 -0.741159 0
    outer loop
      vertex -47.1569 -52.3718 2
      vertex -47.4042 -52.5958 0
      vertex -47.1569 -52.3718 0
    endloop
  endfacet
  facet normal 0.989199 0.146581 0
    outer loop
      vertex -48.3347 -55.6633 2
      vertex -48.3836 -55.3333 0
      vertex -48.3836 -55.3333 2
    endloop
  endfacet
  facet normal 0.989199 0.146581 0
    outer loop
      vertex -48.3836 -55.3333 0
      vertex -48.3347 -55.6633 2
      vertex -48.3347 -55.6633 0
    endloop
  endfacet
  facet normal -0.857784 -0.514011 0
    outer loop
      vertex -42.0015 -53.3973 0
      vertex -42.173 -53.1111 2
      vertex -42.173 -53.1111 0
    endloop
  endfacet
  facet normal -0.857784 -0.514011 0
    outer loop
      vertex -42.173 -53.1111 2
      vertex -42.0015 -53.3973 0
      vertex -42.0015 -53.3973 2
    endloop
  endfacet
  facet normal 0.941531 -0.336925 0
    outer loop
      vertex -48.2536 -54.013 2
      vertex -48.1412 -53.6989 0
      vertex -48.1412 -53.6989 2
    endloop
  endfacet
  facet normal 0.941531 -0.336925 0
    outer loop
      vertex -48.1412 -53.6989 0
      vertex -48.2536 -54.013 2
      vertex -48.2536 -54.013 0
    endloop
  endfacet
  facet normal 0.0491455 0.998792 -0
    outer loop
      vertex -45 -58.4 0
      vertex -45.3333 -58.3836 2
      vertex -45 -58.4 2
    endloop
  endfacet
  facet normal 0.0491455 0.998792 0
    outer loop
      vertex -45.3333 -58.3836 2
      vertex -45 -58.4 0
      vertex -45.3333 -58.3836 0
    endloop
  endfacet
  facet normal 0.970019 0.243029 0
    outer loop
      vertex -48.2536 -55.987 2
      vertex -48.3347 -55.6633 0
      vertex -48.3347 -55.6633 2
    endloop
  endfacet
  facet normal 0.970019 0.243029 0
    outer loop
      vertex -48.3347 -55.6633 0
      vertex -48.2536 -55.987 2
      vertex -48.2536 -55.987 0
    endloop
  endfacet
  facet normal 0.903927 0.427687 0
    outer loop
      vertex -47.9985 -56.6027 2
      vertex -48.1412 -56.3011 0
      vertex -48.1412 -56.3011 2
    endloop
  endfacet
  facet normal 0.903927 0.427687 0
    outer loop
      vertex -48.1412 -56.3011 0
      vertex -47.9985 -56.6027 2
      vertex -47.9985 -56.6027 0
    endloop
  endfacet
  facet normal 0.857784 0.514011 0
    outer loop
      vertex -47.827 -56.8889 2
      vertex -47.9985 -56.6027 0
      vertex -47.9985 -56.6027 2
    endloop
  endfacet
  facet normal 0.857784 0.514011 0
    outer loop
      vertex -47.9985 -56.6027 0
      vertex -47.827 -56.8889 2
      vertex -47.827 -56.8889 0
    endloop
  endfacet
  facet normal 0.595772 0.803154 -0
    outer loop
      vertex -46.8889 -57.827 0
      vertex -47.1569 -57.6282 2
      vertex -46.8889 -57.827 2
    endloop
  endfacet
  facet normal 0.595772 0.803154 0
    outer loop
      vertex -47.1569 -57.6282 2
      vertex -46.8889 -57.827 0
      vertex -47.1569 -57.6282 0
    endloop
  endfacet
  facet normal 0.741159 -0.671329 0
    outer loop
      vertex -47.6282 -52.8431 2
      vertex -47.4042 -52.5958 0
      vertex -47.4042 -52.5958 2
    endloop
  endfacet
  facet normal 0.741159 -0.671329 0
    outer loop
      vertex -47.4042 -52.5958 0
      vertex -47.6282 -52.8431 2
      vertex -47.6282 -52.8431 0
    endloop
  endfacet
  facet normal -0.595772 0.803154 0
    outer loop
      vertex -42.8431 -57.6282 0
      vertex -43.1111 -57.827 2
      vertex -42.8431 -57.6282 2
    endloop
  endfacet
  facet normal -0.595772 0.803154 0
    outer loop
      vertex -43.1111 -57.827 2
      vertex -42.8431 -57.6282 0
      vertex -43.1111 -57.827 0
    endloop
  endfacet
  facet normal -0.903927 0.427687 0
    outer loop
      vertex -42.0015 -56.6027 0
      vertex -41.8588 -56.3011 2
      vertex -41.8588 -56.3011 0
    endloop
  endfacet
  facet normal -0.903927 0.427687 0
    outer loop
      vertex -41.8588 -56.3011 2
      vertex -42.0015 -56.6027 0
      vertex -42.0015 -56.6027 2
    endloop
  endfacet
  facet normal 0.998792 0.0491455 0
    outer loop
      vertex -48.3836 -55.3333 2
      vertex -48.4 -55 0
      vertex -48.4 -55 2
    endloop
  endfacet
  facet normal 0.998792 0.0491455 0
    outer loop
      vertex -48.4 -55 0
      vertex -48.3836 -55.3333 2
      vertex -48.3836 -55.3333 0
    endloop
  endfacet
  facet normal 0.595772 -0.803154 0
    outer loop
      vertex -47.1569 -52.3718 0
      vertex -46.8889 -52.173 2
      vertex -47.1569 -52.3718 2
    endloop
  endfacet
  facet normal 0.595772 -0.803154 0
    outer loop
      vertex -46.8889 -52.173 2
      vertex -47.1569 -52.3718 0
      vertex -46.8889 -52.173 0
    endloop
  endfacet
  facet normal -0.427687 0.903927 0
    outer loop
      vertex -43.3973 -57.9985 0
      vertex -43.6989 -58.1412 2
      vertex -43.3973 -57.9985 2
    endloop
  endfacet
  facet normal -0.427687 0.903927 0
    outer loop
      vertex -43.6989 -58.1412 2
      vertex -43.3973 -57.9985 0
      vertex -43.6989 -58.1412 0
    endloop
  endfacet
  facet normal -0.671329 0.741159 0
    outer loop
      vertex -42.5958 -57.4042 0
      vertex -42.8431 -57.6282 2
      vertex -42.5958 -57.4042 2
    endloop
  endfacet
  facet normal -0.671329 0.741159 0
    outer loop
      vertex -42.8431 -57.6282 2
      vertex -42.5958 -57.4042 0
      vertex -42.8431 -57.6282 0
    endloop
  endfacet
  facet normal 0.998792 -0.0491455 0
    outer loop
      vertex -48.4 -55 2
      vertex -48.3836 -54.6667 0
      vertex -48.3836 -54.6667 2
    endloop
  endfacet
  facet normal 0.998792 -0.0491455 0
    outer loop
      vertex -48.3836 -54.6667 0
      vertex -48.4 -55 2
      vertex -48.4 -55 0
    endloop
  endfacet
  facet normal 0.671329 0.741159 -0
    outer loop
      vertex -47.1569 -57.6282 0
      vertex -47.4042 -57.4042 2
      vertex -47.1569 -57.6282 2
    endloop
  endfacet
  facet normal 0.671329 0.741159 0
    outer loop
      vertex -47.4042 -57.4042 2
      vertex -47.1569 -57.6282 0
      vertex -47.4042 -57.4042 0
    endloop
  endfacet
  facet normal -0.146581 -0.989199 0
    outer loop
      vertex -44.6667 -51.6164 0
      vertex -44.3367 -51.6653 2
      vertex -44.6667 -51.6164 2
    endloop
  endfacet
  facet normal -0.146581 -0.989199 -0
    outer loop
      vertex -44.3367 -51.6653 2
      vertex -44.6667 -51.6164 0
      vertex -44.3367 -51.6653 0
    endloop
  endfacet
  facet normal 0 1 -0
    outer loop
      vertex -41.6773 -60.755 2
      vertex -48.3227 -60.755 8
      vertex -41.6773 -60.755 8
    endloop
  endfacet
  facet normal 0 1 0
    outer loop
      vertex -48.3227 -60.755 8
      vertex -41.6773 -60.755 2
      vertex -48.3227 -60.755 2
    endloop
  endfacet
  facet normal -0.866029 0.499994 0
    outer loop
      vertex -41.6773 -60.755 2
      vertex -38.3547 -55 8
      vertex -38.3547 -55 2
    endloop
  endfacet
  facet normal -0.866029 0.499994 0
    outer loop
      vertex -38.3547 -55 8
      vertex -41.6773 -60.755 2
      vertex -41.6773 -60.755 8
    endloop
  endfacet
  facet normal 0 -1 0
    outer loop
      vertex -48.3227 -49.245 2
      vertex -41.6773 -49.245 8
      vertex -48.3227 -49.245 8
    endloop
  endfacet
  facet normal 0 -1 -0
    outer loop
      vertex -41.6773 -49.245 8
      vertex -48.3227 -49.245 2
      vertex -41.6773 -49.245 2
    endloop
  endfacet
  facet normal -0.866029 -0.499994 0
    outer loop
      vertex -38.3547 -55 2
      vertex -41.6773 -49.245 8
      vertex -41.6773 -49.245 2
    endloop
  endfacet
  facet normal -0.866029 -0.499994 0
    outer loop
      vertex -41.6773 -49.245 8
      vertex -38.3547 -55 2
      vertex -38.3547 -55 8
    endloop
  endfacet
  facet normal 0.866029 -0.499994 0
    outer loop
      vertex -51.6453 -55 8
      vertex -48.3227 -49.245 2
      vertex -48.3227 -49.245 8
    endloop
  endfacet
  facet normal 0.866029 -0.499994 0
    outer loop
      vertex -48.3227 -49.245 2
      vertex -51.6453 -55 8
      vertex -51.6453 -55 2
    endloop
  endfacet
  facet normal 0.866029 0.499994 0
    outer loop
      vertex -48.3227 -60.755 8
      vertex -51.6453 -55 2
      vertex -51.6453 -55 8
    endloop
  endfacet
  facet normal 0.866029 0.499994 0
    outer loop
      vertex -51.6453 -55 2
      vertex -48.3227 -60.755 8
      vertex -48.3227 -60.755 2
    endloop
  endfacet
  facet normal 0 0 1
    outer loop
      vertex -38.3547 -55 2
      vertex -41.6164 -54.6667 2
      vertex -41.6 -55 2
    endloop
  endfacet
  facet normal 0 0 1
    outer loop
      vertex -38.3547 -55 2
      vertex -41.6653 -54.3367 2
      vertex -41.6164 -54.6667 2
    endloop
  endfacet
  facet normal -0 0 1
    outer loop
      vertex -42.0015 -53.3973 2
      vertex -38.3547 -55 2
      vertex -41.6773 -49.245 2
    endloop
  endfacet
  facet normal 0 0 1
    outer loop
      vertex -38.3547 -55 2
      vertex -41.7464 -54.013 2
      vertex -41.6653 -54.3367 2
    endloop
  endfacet
  facet normal 0 0 1
    outer loop
      vertex -38.3547 -55 2
      vertex -41.8588 -53.6989 2
      vertex -41.7464 -54.013 2
    endloop
  endfacet
  facet normal 0 0 1
    outer loop
      vertex -38.3547 -55 2
      vertex -42.0015 -53.3973 2
      vertex -41.8588 -53.6989 2
    endloop
  endfacet
  facet normal 0 0 1
    outer loop
      vertex -41.6773 -49.245 2
      vertex -42.173 -53.1111 2
      vertex -42.0015 -53.3973 2
    endloop
  endfacet
  facet normal 0 0 1
    outer loop
      vertex -41.6773 -49.245 2
      vertex -42.3718 -52.8431 2
      vertex -42.173 -53.1111 2
    endloop
  endfacet
  facet normal 0 0 1
    outer loop
      vertex -41.6773 -49.245 2
      vertex -42.5958 -52.5958 2
      vertex -42.3718 -52.8431 2
    endloop
  endfacet
  facet normal 0 0 1
    outer loop
      vertex -41.6773 -49.245 2
      vertex -42.8431 -52.3718 2
      vertex -42.5958 -52.5958 2
    endloop
  endfacet
  facet normal 0 0 1
    outer loop
      vertex -41.6773 -49.245 2
      vertex -43.1111 -52.173 2
      vertex -42.8431 -52.3718 2
    endloop
  endfacet
  facet normal 0 0 1
    outer loop
      vertex -41.6773 -49.245 2
      vertex -43.3973 -52.0015 2
      vertex -43.1111 -52.173 2
    endloop
  endfacet
  facet normal 0 0 1
    outer loop
      vertex -41.6773 -49.245 2
      vertex -43.6989 -51.8588 2
      vertex -43.3973 -52.0015 2
    endloop
  endfacet
  facet normal 0 0 1
    outer loop
      vertex -41.6773 -49.245 2
      vertex -44.013 -51.7464 2
      vertex -43.6989 -51.8588 2
    endloop
  endfacet
  facet normal 0 0 1
    outer loop
      vertex -41.6773 -49.245 2
      vertex -44.3367 -51.6653 2
      vertex -44.013 -51.7464 2
    endloop
  endfacet
  facet normal 0 0 1
    outer loop
      vertex -41.6773 -49.245 2
      vertex -44.6667 -51.6164 2
      vertex -44.3367 -51.6653 2
    endloop
  endfacet
  facet normal 0 0 1
    outer loop
      vertex -41.6773 -49.245 2
      vertex -45 -51.6 2
      vertex -44.6667 -51.6164 2
    endloop
  endfacet
  facet normal -0 0 1
    outer loop
      vertex -48.3227 -49.245 2
      vertex -45 -51.6 2
      vertex -41.6773 -49.245 2
    endloop
  endfacet
  facet normal 0 0 1
    outer loop
      vertex -45 -51.6 2
      vertex -48.3227 -49.245 2
      vertex -45.3333 -51.6164 2
    endloop
  endfacet
  facet normal 0 0 1
    outer loop
      vertex -45.3333 -51.6164 2
      vertex -48.3227 -49.245 2
      vertex -45.6633 -51.6653 2
    endloop
  endfacet
  facet normal 0 0 1
    outer loop
      vertex -45.6633 -51.6653 2
      vertex -48.3227 -49.245 2
      vertex -45.987 -51.7464 2
    endloop
  endfacet
  facet normal 0 0 1
    outer loop
      vertex -45.987 -51.7464 2
      vertex -48.3227 -49.245 2
      vertex -46.3011 -51.8588 2
    endloop
  endfacet
  facet normal 0 0 1
    outer loop
      vertex -46.3011 -51.8588 2
      vertex -48.3227 -49.245 2
      vertex -46.6027 -52.0015 2
    endloop
  endfacet
  facet normal 0 0 1
    outer loop
      vertex -48.3227 -49.245 2
      vertex -46.8889 -52.173 2
      vertex -46.6027 -52.0015 2
    endloop
  endfacet
  facet normal 0 0 1
    outer loop
      vertex -48.3227 -49.245 2
      vertex -47.1569 -52.3718 2
      vertex -46.8889 -52.173 2
    endloop
  endfacet
  facet normal 0 0 1
    outer loop
      vertex -48.3227 -49.245 2
      vertex -47.4042 -52.5958 2
      vertex -47.1569 -52.3718 2
    endloop
  endfacet
  facet normal 0 0 1
    outer loop
      vertex -48.3227 -49.245 2
      vertex -47.6282 -52.8431 2
      vertex -47.4042 -52.5958 2
    endloop
  endfacet
  facet normal 0 0 1
    outer loop
      vertex -48.3227 -49.245 2
      vertex -47.827 -53.1111 2
      vertex -47.6282 -52.8431 2
    endloop
  endfacet
  facet normal 0 0 1
    outer loop
      vertex -48.3227 -49.245 2
      vertex -47.9985 -53.3973 2
      vertex -47.827 -53.1111 2
    endloop
  endfacet
  facet normal 0 0 1
    outer loop
      vertex -51.6453 -55 2
      vertex -47.9985 -53.3973 2
      vertex -48.3227 -49.245 2
    endloop
  endfacet
  facet normal 0 0 1
    outer loop
      vertex -47.9985 -53.3973 2
      vertex -51.6453 -55 2
      vertex -48.1412 -53.6989 2
    endloop
  endfacet
  facet normal 0 0 1
    outer loop
      vertex -48.1412 -53.6989 2
      vertex -51.6453 -55 2
      vertex -48.2536 -54.013 2
    endloop
  endfacet
  facet normal 0 0 1
    outer loop
      vertex -48.2536 -54.013 2
      vertex -51.6453 -55 2
      vertex -48.3347 -54.3367 2
    endloop
  endfacet
  facet normal 0 0 1
    outer loop
      vertex -48.3347 -54.3367 2
      vertex -51.6453 -55 2
      vertex -48.3836 -54.6667 2
    endloop
  endfacet
  facet normal 0 0 1
    outer loop
      vertex -48.3836 -54.6667 2
      vertex -51.6453 -55 2
      vertex -48.4 -55 2
    endloop
  endfacet
  facet normal 0 0 1
    outer loop
      vertex -41.6164 -55.3333 2
      vertex -38.3547 -55 2
      vertex -41.6 -55 2
    endloop
  endfacet
  facet normal 0 0 1
    outer loop
      vertex -41.6653 -55.6633 2
      vertex -38.3547 -55 2
      vertex -41.6164 -55.3333 2
    endloop
  endfacet
  facet normal 0 0 1
    outer loop
      vertex -41.7464 -55.987 2
      vertex -38.3547 -55 2
      vertex -41.6653 -55.6633 2
    endloop
  endfacet
  facet normal 0 0 1
    outer loop
      vertex -41.8588 -56.3011 2
      vertex -38.3547 -55 2
      vertex -41.7464 -55.987 2
    endloop
  endfacet
  facet normal 0 0 1
    outer loop
      vertex -42.0015 -56.6027 2
      vertex -38.3547 -55 2
      vertex -41.8588 -56.3011 2
    endloop
  endfacet
  facet normal 0 0 1
    outer loop
      vertex -38.3547 -55 2
      vertex -42.0015 -56.6027 2
      vertex -41.6773 -60.755 2
    endloop
  endfacet
  facet normal -0 0 1
    outer loop
      vertex -42.173 -56.8889 2
      vertex -41.6773 -60.755 2
      vertex -42.0015 -56.6027 2
    endloop
  endfacet
  facet normal -0 0 1
    outer loop
      vertex -42.3718 -57.1569 2
      vertex -41.6773 -60.755 2
      vertex -42.173 -56.8889 2
    endloop
  endfacet
  facet normal -0 0 1
    outer loop
      vertex -42.5958 -57.4042 2
      vertex -41.6773 -60.755 2
      vertex -42.3718 -57.1569 2
    endloop
  endfacet
  facet normal -0 0 1
    outer loop
      vertex -42.8431 -57.6282 2
      vertex -41.6773 -60.755 2
      vertex -42.5958 -57.4042 2
    endloop
  endfacet
  facet normal -0 0 1
    outer loop
      vertex -43.1111 -57.827 2
      vertex -41.6773 -60.755 2
      vertex -42.8431 -57.6282 2
    endloop
  endfacet
  facet normal -0 0 1
    outer loop
      vertex -43.3973 -57.9985 2
      vertex -41.6773 -60.755 2
      vertex -43.1111 -57.827 2
    endloop
  endfacet
  facet normal -0 0 1
    outer loop
      vertex -43.6989 -58.1412 2
      vertex -41.6773 -60.755 2
      vertex -43.3973 -57.9985 2
    endloop
  endfacet
  facet normal -0 0 1
    outer loop
      vertex -44.013 -58.2536 2
      vertex -41.6773 -60.755 2
      vertex -43.6989 -58.1412 2
    endloop
  endfacet
  facet normal -0 0 1
    outer loop
      vertex -44.3367 -58.3347 2
      vertex -41.6773 -60.755 2
      vertex -44.013 -58.2536 2
    endloop
  endfacet
  facet normal -0 0 1
    outer loop
      vertex -44.6667 -58.3836 2
      vertex -41.6773 -60.755 2
      vertex -44.3367 -58.3347 2
    endloop
  endfacet
  facet normal -0 0 1
    outer loop
      vertex -45 -58.4 2
      vertex -41.6773 -60.755 2
      vertex -44.6667 -58.3836 2
    endloop
  endfacet
  facet normal 0 0 1
    outer loop
      vertex -48.3227 -60.755 2
      vertex -45 -58.4 2
      vertex -45.3333 -58.3836 2
    endloop
  endfacet
  facet normal 0 0 1
    outer loop
      vertex -48.3227 -60.755 2
      vertex -45.3333 -58.3836 2
      vertex -45.6633 -58.3347 2
    endloop
  endfacet
  facet normal 0 0 1
    outer loop
      vertex -48.3227 -60.755 2
      vertex -45.6633 -58.3347 2
      vertex -45.987 -58.2536 2
    endloop
  endfacet
  facet normal 0 0 1
    outer loop
      vertex -48.3227 -60.755 2
      vertex -45.987 -58.2536 2
      vertex -46.3011 -58.1412 2
    endloop
  endfacet
  facet normal 0 0 1
    outer loop
      vertex -48.3227 -60.755 2
      vertex -46.3011 -58.1412 2
      vertex -46.6027 -57.9985 2
    endloop
  endfacet
  facet normal 0 0 1
    outer loop
      vertex -45 -58.4 2
      vertex -48.3227 -60.755 2
      vertex -41.6773 -60.755 2
    endloop
  endfacet
  facet normal 0 0 1
    outer loop
      vertex -46.8889 -57.827 2
      vertex -48.3227 -60.755 2
      vertex -46.6027 -57.9985 2
    endloop
  endfacet
  facet normal 0 0 1
    outer loop
      vertex -47.1569 -57.6282 2
      vertex -48.3227 -60.755 2
      vertex -46.8889 -57.827 2
    endloop
  endfacet
  facet normal 0 0 1
    outer loop
      vertex -47.4042 -57.4042 2
      vertex -48.3227 -60.755 2
      vertex -47.1569 -57.6282 2
    endloop
  endfacet
  facet normal 0 0 1
    outer loop
      vertex -47.6282 -57.1569 2
      vertex -48.3227 -60.755 2
      vertex -47.4042 -57.4042 2
    endloop
  endfacet
  facet normal 0 0 1
    outer loop
      vertex -47.827 -56.8889 2
      vertex -48.3227 -60.755 2
      vertex -47.6282 -57.1569 2
    endloop
  endfacet
  facet normal 0 0 1
    outer loop
      vertex -47.9985 -56.6027 2
      vertex -48.3227 -60.755 2
      vertex -47.827 -56.8889 2
    endloop
  endfacet
  facet normal 0 0 1
    outer loop
      vertex -51.6453 -55 2
      vertex -47.9985 -56.6027 2
      vertex -48.1412 -56.3011 2
    endloop
  endfacet
  facet normal 0 0 1
    outer loop
      vertex -51.6453 -55 2
      vertex -48.1412 -56.3011 2
      vertex -48.2536 -55.987 2
    endloop
  endfacet
  facet normal 0 0 1
    outer loop
      vertex -51.6453 -55 2
      vertex -48.2536 -55.987 2
      vertex -48.3347 -55.6633 2
    endloop
  endfacet
  facet normal 0 0 1
    outer loop
      vertex -51.6453 -55 2
      vertex -48.3347 -55.6633 2
      vertex -48.3836 -55.3333 2
    endloop
  endfacet
  facet normal -0 0 1
    outer loop
      vertex -51.6453 -55 2
      vertex -48.3836 -55.3333 2
      vertex -48.4 -55 2
    endloop
  endfacet
  facet normal 0 0 1
    outer loop
      vertex -47.9985 -56.6027 2
      vertex -51.6453 -55 2
      vertex -48.3227 -60.755 2
    endloop
  endfacet
endsolid OpenSCAD_Model
